module_key,module_index,level,owner_rva,callsite_rva,callsite_runtime,target_kind,target_rva,target_runtime,target_owner_rva,target_label,family_id
LEVEL_01,1,Pokitaru,0x0000E4F4,0x0000E528,0x09148228,internal_text,0x0000E35C,0x0914805C,0x0000E35C,0x0000E35C,WF-005
LEVEL_01,1,Pokitaru,0x0000E4F4,0x0000E544,0x09148244,internal_text,0x0000E35C,0x0914805C,0x0000E35C,0x0000E35C,WF-005
LEVEL_01,1,Pokitaru,0x0000E4F4,0x0000E560,0x09148260,internal_text,0x0000E35C,0x0914805C,0x0000E35C,0x0000E35C,WF-005
LEVEL_01,1,Pokitaru,0x0000E768,0x0000E7A4,0x091484A4,internal_text,0x0000E35C,0x0914805C,0x0000E35C,0x0000E35C,WF-013
LEVEL_01,1,Pokitaru,0x0000E768,0x0000E7C8,0x091484C8,internal_text,0x0000E35C,0x0914805C,0x0000E35C,0x0000E35C,WF-013
LEVEL_01,1,Pokitaru,0x0000E768,0x0000E804,0x09148504,internal_text,0x001A5F00,0x092DFC00,0x001A5F00,0x001A5F00,WF-013
LEVEL_01,1,Pokitaru,0x00010B44,0x00010C3C,0x0914A93C,internal_text,0x0000F354,0x09149054,0x0000F354,0x0000F354,WF-015
LEVEL_01,1,Pokitaru,0x00010B44,0x00010C74,0x0914A974,internal_text,0x0000E4F4,0x091481F4,0x0000E4F4,0x0000E4F4,WF-015
LEVEL_01,1,Pokitaru,0x00010B44,0x00010DE0,0x0914AAE0,internal_text,0x0000E35C,0x0914805C,0x0000E35C,0x0000E35C,WF-015
LEVEL_01,1,Pokitaru,0x00010B44,0x00010DF4,0x0914AAF4,internal_text,0x000F49F8,0x0922E6F8,0x000F49F8,0x000F49F8,WF-015
LEVEL_01,1,Pokitaru,0x00028E9C,0x00028F50,0x09162C50,internal_text,0x001B59E4,0x092EF6E4,0x001B59E4,0x001B59E4,WF-014
LEVEL_01,1,Pokitaru,0x00028E9C,0x00028F88,0x09162C88,internal_text,0x0000E35C,0x0914805C,0x0000E35C,0x0000E35C,WF-014
LEVEL_01,1,Pokitaru,0x00028E9C,0x00028FAC,0x09162CAC,internal_text,0x0000E35C,0x0914805C,0x0000E35C,0x0000E35C,WF-014
LEVEL_01,1,Pokitaru,0x00028E9C,0x00028FD0,0x09162CD0,internal_text,0x0000E35C,0x0914805C,0x0000E35C,0x0000E35C,WF-014
LEVEL_01,1,Pokitaru,0x000295B4,0x000295F0,0x091632F0,internal_text,0x0000E35C,0x0914805C,0x0000E35C,0x0000E35C,WF-021
LEVEL_01,1,Pokitaru,0x000295B4,0x00029608,0x09163308,internal_text,0x0002962C,0x0916332C,0x0002962C,0x0002962C,WF-021
LEVEL_01,1,Pokitaru,0x0002BE30,0x0002BEE0,0x09165BE0,internal_text,0x001B59E4,0x092EF6E4,0x001B59E4,0x001B59E4,WF-017
LEVEL_01,1,Pokitaru,0x0002BE30,0x0002BF20,0x09165C20,internal_text,0x0000E35C,0x0914805C,0x0000E35C,0x0000E35C,WF-017
LEVEL_01,1,Pokitaru,0x0002BE30,0x0002BF44,0x09165C44,internal_text,0x0000E35C,0x0914805C,0x0000E35C,0x0000E35C,WF-017
LEVEL_01,1,Pokitaru,0x0002BE30,0x0002BF68,0x09165C68,internal_text,0x0000E35C,0x0914805C,0x0000E35C,0x0000E35C,WF-017
LEVEL_01,1,Pokitaru,0x0002BE30,0x0002BFC8,0x09165CC8,internal_text,0x001A5F00,0x092DFC00,0x001A5F00,0x001A5F00,WF-017
LEVEL_01,1,Pokitaru,0x0002BE30,0x0002BFDC,0x09165CDC,internal_text,0x001A5F00,0x092DFC00,0x001A5F00,0x001A5F00,WF-017
LEVEL_01,1,Pokitaru,0x0002BE30,0x0002C0A0,0x09165DA0,internal_text,0x0002B77C,0x0916547C,0x0002B77C,0x0002B77C,WF-017
LEVEL_01,1,Pokitaru,0x0002BE30,0x0002C140,0x09165E40,internal_text,0x0002B77C,0x0916547C,0x0002B77C,0x0002B77C,WF-017
LEVEL_01,1,Pokitaru,0x0002BE30,0x0002C194,0x09165E94,internal_text,0x0002BACC,0x091657CC,0x0002BACC,0x0002BACC,WF-017
LEVEL_01,1,Pokitaru,0x0002BE30,0x0002C1AC,0x09165EAC,internal_text,0x0000EB68,0x09148868,0x0000EB68,0x0000EB68,WF-017
LEVEL_01,1,Pokitaru,0x0002BE30,0x0002C27C,0x09165F7C,internal_text,0x0002C8FC,0x091665FC,0x0002C8FC,NavUtil_AvoidTriggers,WF-017
LEVEL_01,1,Pokitaru,0x0002BE30,0x0002C290,0x09165F90,internal_text,0x0002BACC,0x091657CC,0x0002BACC,0x0002BACC,WF-017
LEVEL_01,1,Pokitaru,0x0002BE30,0x0002C2A8,0x09165FA8,internal_text,0x0000E768,0x09148468,0x0000E768,0x0000E768,WF-017
LEVEL_01,1,Pokitaru,0x0002BE30,0x0002C2C0,0x09165FC0,internal_text,0x0000EB68,0x09148868,0x0000EB68,0x0000EB68,WF-017
LEVEL_01,1,Pokitaru,0x0004A158,0x0004A280,0x09183F80,internal_text,0x000F4264,0x0922DF64,0x000F4264,0x000F4264,WF-002
LEVEL_01,1,Pokitaru,0x0004A158,0x0004A28C,0x09183F8C,internal_text,0x001A4E74,0x092DEB74,0x001A4E74,0x001A4E74,WF-002
LEVEL_01,1,Pokitaru,0x0004A158,0x0004A3B8,0x091840B8,internal_text,0x0000E35C,0x0914805C,0x0000E35C,0x0000E35C,WF-002
LEVEL_01,1,Pokitaru,0x0004A158,0x0004A3E0,0x091840E0,internal_text,0x0000E3DC,0x091480DC,0x0000E3DC,0x0000E3DC,WF-002
LEVEL_01,1,Pokitaru,0x0004A158,0x0004A3F4,0x091840F4,internal_text,0x000F570C,0x0922F40C,0x000F570C,0x000F570C,WF-002
LEVEL_01,1,Pokitaru,0x0004A158,0x0004A4B4,0x091841B4,internal_text,0x001A4E74,0x092DEB74,0x001A4E74,0x001A4E74,WF-002
LEVEL_01,1,Pokitaru,0x0004A4F0,0x0004A644,0x09184344,internal_text,0x00033010,0x0916CD10,0x00033010,0x00033010,WF-001
LEVEL_01,1,Pokitaru,0x0004A4F0,0x0004A6F0,0x091843F0,internal_text,0x0004A158,0x09183E58,0x0004A158,0x0004A158,WF-001
LEVEL_01,1,Pokitaru,0x0004A4F0,0x0004A700,0x09184400,internal_text,0x00049364,0x09183064,0x00049364,0x00049364,WF-001
LEVEL_01,1,Pokitaru,0x0004A4F0,0x0004A708,0x09184408,internal_text,0x000499B4,0x091836B4,0x000499B4,0x000499B4,WF-001
LEVEL_01,1,Pokitaru,0x0004A4F0,0x0004A710,0x09184410,internal_text,0x000498C4,0x091835C4,0x000498C4,0x000498C4,WF-001
LEVEL_01,1,Pokitaru,0x0004A4F0,0x0004A754,0x09184454,internal_text,0x00033010,0x0916CD10,0x00033010,0x00033010,WF-001
LEVEL_01,1,Pokitaru,0x0004A4F0,0x0004A804,0x09184504,internal_text,0x00049364,0x09183064,0x00049364,0x00049364,WF-001
LEVEL_01,1,Pokitaru,0x0004A4F0,0x0004A80C,0x0918450C,internal_text,0x000499B4,0x091836B4,0x000499B4,0x000499B4,WF-001
LEVEL_01,1,Pokitaru,0x0004A4F0,0x0004A818,0x09184518,internal_text,0x0004A158,0x09183E58,0x0004A158,0x0004A158,WF-001
LEVEL_01,1,Pokitaru,0x0004A4F0,0x0004A828,0x09184528,internal_text,0x00049490,0x09183190,0x00049490,0x00049490,WF-001
LEVEL_01,1,Pokitaru,0x0004A4F0,0x0004A830,0x09184530,internal_text,0x000498C4,0x091835C4,0x000498C4,0x000498C4,WF-001
LEVEL_01,1,Pokitaru,0x0004A4F0,0x0004A8E8,0x091845E8,internal_text,0x00036298,0x0916FF98,0x00036298,0x00036298,WF-001
LEVEL_01,1,Pokitaru,0x0004A4F0,0x0004A914,0x09184614,internal_text,0x0004215C,0x0917BE5C,0x0004215C,0x0004215C,WF-001
LEVEL_01,1,Pokitaru,0x0004A4F0,0x0004A934,0x09184634,internal_text,0x0006A9E0,0x091A46E0,0x0006A9E0,0x0006A9E0,WF-001
LEVEL_01,1,Pokitaru,0x0004A4F0,0x0004A980,0x09184680,internal_text,0x0006AED0,0x091A4BD0,0x0006AED0,0x0006AED0,WF-001
LEVEL_01,1,Pokitaru,0x0004A4F0,0x0004A998,0x09184698,internal_text,0x00076330,0x091B0030,0x00076330,0x00076330,WF-001
LEVEL_01,1,Pokitaru,0x0004A4F0,0x0004A9B0,0x091846B0,internal_text,0x0006AAB8,0x091A47B8,0x0006AAB8,MOBY_SnapMobyAnim,WF-001
LEVEL_01,1,Pokitaru,0x0004A4F0,0x0004AA3C,0x0918473C,internal_text,0x0004A158,0x09183E58,0x0004A158,0x0004A158,WF-001
LEVEL_01,1,Pokitaru,0x0004A4F0,0x0004AA94,0x09184794,internal_text,0x0000E35C,0x0914805C,0x0000E35C,0x0000E35C,WF-001
LEVEL_01,1,Pokitaru,0x0004A4F0,0x0004AAC8,0x091847C8,internal_text,0x0000E35C,0x0914805C,0x0000E35C,0x0000E35C,WF-001
LEVEL_01,1,Pokitaru,0x0004A4F0,0x0004AAD8,0x091847D8,internal_text,0x00049490,0x09183190,0x00049490,0x00049490,WF-001
LEVEL_01,1,Pokitaru,0x0004A4F0,0x0004AAE0,0x091847E0,internal_text,0x000498C4,0x091835C4,0x000498C4,0x000498C4,WF-001
LEVEL_01,1,Pokitaru,0x0004A4F0,0x0004AAEC,0x091847EC,internal_text,0x000362E8,0x0916FFE8,0x000362E8,0x000362E8,WF-001
LEVEL_01,1,Pokitaru,0x0004A4F0,0x0004AB34,0x09184834,internal_text,0x000362E8,0x0916FFE8,0x000362E8,0x000362E8,WF-001
LEVEL_01,1,Pokitaru,0x0004A4F0,0x0004AB64,0x09184864,internal_text,0x00036298,0x0916FF98,0x00036298,0x00036298,WF-001
LEVEL_01,1,Pokitaru,0x0004A4F0,0x0004AB7C,0x0918487C,internal_text,0x00049B50,0x09183850,0x00049B50,0x00049B50,WF-001
LEVEL_01,1,Pokitaru,0x0004A4F0,0x0004AB84,0x09184884,internal_text,0x00049B90,0x09183890,0x00049B90,0x00049B90,WF-001
LEVEL_01,1,Pokitaru,0x0004A4F0,0x0004AB90,0x09184890,internal_text,0x0004A158,0x09183E58,0x0004A158,0x0004A158,WF-001
LEVEL_01,1,Pokitaru,0x0004A4F0,0x0004ABA0,0x091848A0,internal_text,0x00049490,0x09183190,0x00049490,0x00049490,WF-001
LEVEL_01,1,Pokitaru,0x0004A4F0,0x0004ABAC,0x091848AC,internal_text,0x000362E8,0x0916FFE8,0x000362E8,0x000362E8,WF-001
LEVEL_01,1,Pokitaru,0x0004A4F0,0x0004ABD4,0x091848D4,internal_text,0x00049B50,0x09183850,0x00049B50,0x00049B50,WF-001
LEVEL_01,1,Pokitaru,0x0004A4F0,0x0004ABDC,0x091848DC,internal_text,0x00049B90,0x09183890,0x00049B90,0x00049B90,WF-001
LEVEL_01,1,Pokitaru,0x0004A4F0,0x0004ABE8,0x091848E8,internal_text,0x0004A158,0x09183E58,0x0004A158,0x0004A158,WF-001
LEVEL_01,1,Pokitaru,0x0004A4F0,0x0004ABF8,0x091848F8,internal_text,0x00049490,0x09183190,0x00049490,0x00049490,WF-001
LEVEL_01,1,Pokitaru,0x0004A4F0,0x0004AC00,0x09184900,internal_text,0x00049BF0,0x091838F0,0x00049BF0,0x00049BF0,WF-001
LEVEL_01,1,Pokitaru,0x0004A4F0,0x0004AC44,0x09184944,internal_text,0x0000E35C,0x0914805C,0x0000E35C,0x0000E35C,WF-001
LEVEL_01,1,Pokitaru,0x0004A4F0,0x0004AC54,0x09184954,internal_text,0x00049490,0x09183190,0x00049490,0x00049490,WF-001
LEVEL_01,1,Pokitaru,0x0004A4F0,0x0004AC8C,0x0918498C,internal_text,0x000362E8,0x0916FFE8,0x000362E8,0x000362E8,WF-001
LEVEL_01,1,Pokitaru,0x0004A4F0,0x0004ACBC,0x091849BC,internal_text,0x000498C4,0x091835C4,0x000498C4,0x000498C4,WF-001
LEVEL_01,1,Pokitaru,0x0004A4F0,0x0004ACC4,0x091849C4,internal_text,0x0006A9E0,0x091A46E0,0x0006A9E0,0x0006A9E0,WF-001
LEVEL_01,1,Pokitaru,0x0004A4F0,0x0004ACD4,0x091849D4,internal_text,0x00076330,0x091B0030,0x00076330,0x00076330,WF-001
LEVEL_01,1,Pokitaru,0x0004A4F0,0x0004AD6C,0x09184A6C,internal_text,0x00049018,0x09182D18,0x00049018,0x00049018,WF-001
LEVEL_01,1,Pokitaru,0x0004A4F0,0x0004AD78,0x09184A78,internal_text,0x000362E8,0x0916FFE8,0x000362E8,0x000362E8,WF-001
LEVEL_01,1,Pokitaru,0x0004A4F0,0x0004ADA4,0x09184AA4,internal_text,0x00049018,0x09182D18,0x00049018,0x00049018,WF-001
LEVEL_01,1,Pokitaru,0x0004A4F0,0x0004ADC4,0x09184AC4,internal_text,0x0005BC58,0x09195958,0x0005BC58,0x0005BC58,WF-001
LEVEL_01,1,Pokitaru,0x0004A4F0,0x0004ADD8,0x09184AD8,internal_text,0x0005BC58,0x09195958,0x0005BC58,0x0005BC58,WF-001
LEVEL_01,1,Pokitaru,0x0004A4F0,0x0004ADE0,0x09184AE0,internal_text,0x0005BDDC,0x09195ADC,0x0005BDDC,0x0005BDDC,WF-001
LEVEL_01,1,Pokitaru,0x0004A4F0,0x0004ADF8,0x09184AF8,internal_text,0x0005C2B4,0x09195FB4,0x0005C2B4,0x0005C2B4,WF-001
LEVEL_01,1,Pokitaru,0x0004A4F0,0x0004AE48,0x09184B48,internal_text,0x001448D4,0x0927E5D4,0x001448D4,0x001448D4,WF-001
LEVEL_01,1,Pokitaru,0x0004A4F0,0x0004AE64,0x09184B64,internal_text,0x0005BE28,0x09195B28,0x0005BE28,0x0005BE28,WF-001
LEVEL_01,1,Pokitaru,0x0004A4F0,0x0004AE9C,0x09184B9C,internal_text,0x0004A158,0x09183E58,0x0004A158,0x0004A158,WF-001
LEVEL_01,1,Pokitaru,0x0004A4F0,0x0004AEA4,0x09184BA4,internal_text,0x000498C4,0x091835C4,0x000498C4,0x000498C4,WF-001
LEVEL_01,1,Pokitaru,0x0004E008,0x0004E0D8,0x09187DD8,internal_text,0x0004CD08,0x09186A08,0x0004CD08,0x0004CD08,WF-003
LEVEL_01,1,Pokitaru,0x0004E008,0x0004E1AC,0x09187EAC,internal_text,0x0004CED8,0x09186BD8,0x0004CED8,0x0004CED8,WF-003
LEVEL_01,1,Pokitaru,0x0004E008,0x0004E20C,0x09187F0C,internal_text,0x0004CAE8,0x091867E8,0x0004CAE8,0x0004CAE8,WF-003
LEVEL_01,1,Pokitaru,0x0004E008,0x0004E240,0x09187F40,internal_text,0x0004B1E0,0x09184EE0,0x0004B1E0,0x0004B1E0,WF-003
LEVEL_01,1,Pokitaru,0x0004E008,0x0004E268,0x09187F68,internal_text,0x0000E290,0x09147F90,0x0000E290,0x0000E290,WF-003
LEVEL_01,1,Pokitaru,0x0004E008,0x0004E284,0x09187F84,internal_text,0x0000E290,0x09147F90,0x0000E290,0x0000E290,WF-003
LEVEL_01,1,Pokitaru,0x0004E008,0x0004E2A0,0x09187FA0,internal_text,0x0000E290,0x09147F90,0x0000E290,0x0000E290,WF-003
LEVEL_01,1,Pokitaru,0x0004E008,0x0004E2C8,0x09187FC8,internal_text,0x0000E2F4,0x09147FF4,0x0000E2F4,0x0000E2F4,WF-003
LEVEL_01,1,Pokitaru,0x0004E008,0x0004E2E4,0x09187FE4,internal_text,0x0000E2F4,0x09147FF4,0x0000E2F4,0x0000E2F4,WF-003
LEVEL_01,1,Pokitaru,0x0004E008,0x0004E300,0x09188000,internal_text,0x0000E2F4,0x09147FF4,0x0000E2F4,0x0000E2F4,WF-003
LEVEL_01,1,Pokitaru,0x0004E008,0x0004E37C,0x0918807C,internal_text,0x000F667C,0x0923037C,0x000F667C,0x000F667C,WF-003
LEVEL_01,1,Pokitaru,0x0004E008,0x0004E3A4,0x091880A4,internal_text,0x000362E8,0x0916FFE8,0x000362E8,0x000362E8,WF-003
LEVEL_01,1,Pokitaru,0x0004E008,0x0004E404,0x09188104,internal_text,0x00036298,0x0916FF98,0x00036298,0x00036298,WF-003
LEVEL_01,1,Pokitaru,0x0004E008,0x0004E41C,0x0918811C,internal_text,0x0004C17C,0x09185E7C,0x0004C17C,0x0004C17C,WF-003
LEVEL_01,1,Pokitaru,0x0004E008,0x0004E444,0x09188144,internal_text,0x00036364,0x09170064,0x00036364,0x00036364,WF-003
LEVEL_01,1,Pokitaru,0x0004E008,0x0004E464,0x09188164,internal_text,0x0004AECC,0x09184BCC,0x0004AECC,0x0004AECC,WF-003
LEVEL_01,1,Pokitaru,0x0004E008,0x0004E48C,0x0918818C,internal_text,0x00106588,0x09240288,0x00106588,0x00106588,WF-003
LEVEL_01,1,Pokitaru,0x0004E008,0x0004E49C,0x0918819C,internal_text,0x00106590,0x09240290,0x00106590,0x00106590,WF-003
LEVEL_01,1,Pokitaru,0x0004E008,0x0004E518,0x09188218,internal_text,0x00106588,0x09240288,0x00106588,0x00106588,WF-003
LEVEL_01,1,Pokitaru,0x0004E008,0x0004E548,0x09188248,internal_text,0x0006AD50,0x091A4A50,0x0006AD50,MOBY_BlendMobyAnim,WF-003
LEVEL_01,1,Pokitaru,0x0004E008,0x0004E578,0x09188278,internal_text,0x0000E290,0x09147F90,0x0000E290,0x0000E290,WF-003
LEVEL_01,1,Pokitaru,0x0004E008,0x0004E594,0x09188294,internal_text,0x0000E290,0x09147F90,0x0000E290,0x0000E290,WF-003
LEVEL_01,1,Pokitaru,0x0004E008,0x0004E5B0,0x091882B0,internal_text,0x0000E290,0x09147F90,0x0000E290,0x0000E290,WF-003
LEVEL_01,1,Pokitaru,0x0004E008,0x0004E5D8,0x091882D8,internal_text,0x0000E2F4,0x09147FF4,0x0000E2F4,0x0000E2F4,WF-003
LEVEL_01,1,Pokitaru,0x0004E008,0x0004E5F4,0x091882F4,internal_text,0x0000E2F4,0x09147FF4,0x0000E2F4,0x0000E2F4,WF-003
LEVEL_01,1,Pokitaru,0x0004E008,0x0004E610,0x09188310,internal_text,0x0000E2F4,0x09147FF4,0x0000E2F4,0x0000E2F4,WF-003
LEVEL_01,1,Pokitaru,0x0004E008,0x0004E68C,0x0918838C,internal_text,0x000F667C,0x0923037C,0x000F667C,0x000F667C,WF-003
LEVEL_01,1,Pokitaru,0x0004E008,0x0004E6B0,0x091883B0,internal_text,0x001A4E74,0x092DEB74,0x001A4E74,0x001A4E74,WF-003
LEVEL_01,1,Pokitaru,0x0004E008,0x0004E6D4,0x091883D4,internal_text,0x001A4E74,0x092DEB74,0x001A4E74,0x001A4E74,WF-003
LEVEL_01,1,Pokitaru,0x0004E008,0x0004E6F8,0x091883F8,internal_text,0x001A4E74,0x092DEB74,0x001A4E74,0x001A4E74,WF-003
LEVEL_01,1,Pokitaru,0x0004E008,0x0004E780,0x09188480,internal_text,0x00036298,0x0916FF98,0x00036298,0x00036298,WF-003
LEVEL_01,1,Pokitaru,0x0004E008,0x0004E7D8,0x091884D8,internal_text,0x0000E2F4,0x09147FF4,0x0000E2F4,0x0000E2F4,WF-003
LEVEL_01,1,Pokitaru,0x0004E008,0x0004E7F4,0x091884F4,internal_text,0x0000E2F4,0x09147FF4,0x0000E2F4,0x0000E2F4,WF-003
LEVEL_01,1,Pokitaru,0x0004E008,0x0004E810,0x09188510,internal_text,0x0000E2F4,0x09147FF4,0x0000E2F4,0x0000E2F4,WF-003
LEVEL_01,1,Pokitaru,0x0004E008,0x0004E88C,0x0918858C,internal_text,0x000F667C,0x0923037C,0x000F667C,0x000F667C,WF-003
LEVEL_01,1,Pokitaru,0x0004E008,0x0004E8B8,0x091885B8,internal_text,0x00034AE0,0x0916E7E0,0x00034AE0,0x00034AE0,WF-003
LEVEL_01,1,Pokitaru,0x0004E008,0x0004E8C0,0x091885C0,internal_text,0x00034B0C,0x0916E80C,0x00034B0C,0x00034B0C,WF-003
LEVEL_01,1,Pokitaru,0x0004E008,0x0004E8C8,0x091885C8,internal_text,0x0004253C,0x0917C23C,0x0004253C,0x0004253C,WF-003
LEVEL_01,1,Pokitaru,0x0004E008,0x0004E8E4,0x091885E4,internal_text,0x0000E35C,0x0914805C,0x0000E35C,0x0000E35C,WF-003
LEVEL_01,1,Pokitaru,0x0004E008,0x0004E8F4,0x091885F4,internal_text,0x00033C0C,0x0916D90C,0x00033C0C,0x00033C0C,WF-003
LEVEL_01,1,Pokitaru,0x0004E008,0x0004E908,0x09188608,internal_text,0x00041B3C,0x0917B83C,0x00041B3C,0x00041B3C,WF-003
LEVEL_01,1,Pokitaru,0x0004E008,0x0004E99C,0x0918869C,internal_text,0x0016305C,0x0929CD5C,0x0016305C,0x0016305C,WF-003
LEVEL_01,1,Pokitaru,0x0004E008,0x0004EA04,0x09188704,internal_text,0x0004CD08,0x09186A08,0x0004CD08,0x0004CD08,WF-003
LEVEL_01,1,Pokitaru,0x0004E008,0x0004EA38,0x09188738,internal_text,0x0004B1E0,0x09184EE0,0x0004B1E0,0x0004B1E0,WF-003
LEVEL_01,1,Pokitaru,0x0004E008,0x0004EA60,0x09188760,internal_text,0x0000E290,0x09147F90,0x0000E290,0x0000E290,WF-003
LEVEL_01,1,Pokitaru,0x0004E008,0x0004EA7C,0x0918877C,internal_text,0x0000E290,0x09147F90,0x0000E290,0x0000E290,WF-003
LEVEL_01,1,Pokitaru,0x0004E008,0x0004EA98,0x09188798,internal_text,0x0000E290,0x09147F90,0x0000E290,0x0000E290,WF-003
LEVEL_01,1,Pokitaru,0x0004E008,0x0004EAC0,0x091887C0,internal_text,0x0000E2F4,0x09147FF4,0x0000E2F4,0x0000E2F4,WF-003
LEVEL_01,1,Pokitaru,0x0004E008,0x0004EADC,0x091887DC,internal_text,0x0000E2F4,0x09147FF4,0x0000E2F4,0x0000E2F4,WF-003
LEVEL_01,1,Pokitaru,0x0004E008,0x0004EAF8,0x091887F8,internal_text,0x0000E2F4,0x09147FF4,0x0000E2F4,0x0000E2F4,WF-003
LEVEL_01,1,Pokitaru,0x0004E008,0x0004EB74,0x09188874,internal_text,0x000F667C,0x0923037C,0x000F667C,0x000F667C,WF-003
LEVEL_01,1,Pokitaru,0x0004E008,0x0004EBCC,0x091888CC,internal_text,0x000362E8,0x0916FFE8,0x000362E8,0x000362E8,WF-003
LEVEL_01,1,Pokitaru,0x0004E008,0x0004EC50,0x09188950,internal_text,0x00036298,0x0916FF98,0x00036298,0x00036298,WF-003
LEVEL_01,1,Pokitaru,0x0004E008,0x0004EC7C,0x0918897C,internal_text,0x0004CD08,0x09186A08,0x0004CD08,0x0004CD08,WF-003
LEVEL_01,1,Pokitaru,0x0004E008,0x0004ECB0,0x091889B0,internal_text,0x0004B1E0,0x09184EE0,0x0004B1E0,0x0004B1E0,WF-003
LEVEL_01,1,Pokitaru,0x0004E008,0x0004ECD8,0x091889D8,internal_text,0x0000E290,0x09147F90,0x0000E290,0x0000E290,WF-003
LEVEL_01,1,Pokitaru,0x0004E008,0x0004ECF4,0x091889F4,internal_text,0x0000E290,0x09147F90,0x0000E290,0x0000E290,WF-003
LEVEL_01,1,Pokitaru,0x0004E008,0x0004ED10,0x09188A10,internal_text,0x0000E290,0x09147F90,0x0000E290,0x0000E290,WF-003
LEVEL_01,1,Pokitaru,0x0004E008,0x0004ED38,0x09188A38,internal_text,0x0000E2F4,0x09147FF4,0x0000E2F4,0x0000E2F4,WF-003
LEVEL_01,1,Pokitaru,0x0004E008,0x0004ED54,0x09188A54,internal_text,0x0000E2F4,0x09147FF4,0x0000E2F4,0x0000E2F4,WF-003
LEVEL_01,1,Pokitaru,0x0004E008,0x0004ED70,0x09188A70,internal_text,0x0000E2F4,0x09147FF4,0x0000E2F4,0x0000E2F4,WF-003
LEVEL_01,1,Pokitaru,0x0004E008,0x0004EDEC,0x09188AEC,internal_text,0x000F667C,0x0923037C,0x000F667C,0x000F667C,WF-003
LEVEL_01,1,Pokitaru,0x0004E008,0x0004EE10,0x09188B10,internal_text,0x0006A9E0,0x091A46E0,0x0006A9E0,0x0006A9E0,WF-003
LEVEL_01,1,Pokitaru,0x0004E008,0x0004EE34,0x09188B34,internal_text,0x0006AA08,0x091A4708,0x0006AA08,0x0006AA08,WF-003
LEVEL_01,1,Pokitaru,0x0004E008,0x0004EED0,0x09188BD0,internal_text,0x0006AD50,0x091A4A50,0x0006AD50,MOBY_BlendMobyAnim,WF-003
LEVEL_01,1,Pokitaru,0x0004E008,0x0004EED8,0x09188BD8,internal_text,0x001065C0,0x092402C0,0x001065C0,0x001065C0,WF-003
LEVEL_01,1,Pokitaru,0x0004E008,0x0004EF0C,0x09188C0C,internal_text,0x001065B8,0x092402B8,0x001065B8,0x001065B8,WF-003
LEVEL_01,1,Pokitaru,0x0004E008,0x0004EF30,0x09188C30,internal_text,0x00030F80,0x0916AC80,0x00030F80,0x00030F80,WF-003
LEVEL_01,1,Pokitaru,0x0004E008,0x0004EF40,0x09188C40,internal_text,0x00030F80,0x0916AC80,0x00030F80,0x00030F80,WF-003
LEVEL_01,1,Pokitaru,0x0004E008,0x0004EF8C,0x09188C8C,internal_text,0x0004D0C4,0x09186DC4,0x0004D0C4,0x0004D0C4,WF-003
LEVEL_01,1,Pokitaru,0x0004E008,0x0004EFF0,0x09188CF0,internal_text,0x0004DB6C,0x0918786C,0x0004DB6C,ht_grindlock_switches,WF-003
LEVEL_01,1,Pokitaru,0x00056348,0x00056378,0x09190078,internal_text,0x000340B8,0x0916DDB8,0x000340B8,0x000340B8,WF-004
LEVEL_01,1,Pokitaru,0x00056348,0x00056380,0x09190080,internal_text,0x00049514,0x09183214,0x00049514,0x00049514,WF-004
LEVEL_01,1,Pokitaru,0x00056348,0x000563A8,0x091900A8,internal_text,0x0000E35C,0x0914805C,0x0000E35C,0x0000E35C,WF-004
LEVEL_01,1,Pokitaru,0x00056348,0x000563C0,0x091900C0,internal_text,0x000565F4,0x091902F4,0x000565F4,0x000565F4,WF-004
LEVEL_01,1,Pokitaru,0x00056348,0x000563C8,0x091900C8,internal_text,0x00056A04,0x09190704,0x00056A04,0x00056A04,WF-004
LEVEL_01,1,Pokitaru,0x00056348,0x00056404,0x09190104,internal_text,0x00055E68,0x0918FB68,0x00055E68,0x00055E68,WF-004
LEVEL_01,1,Pokitaru,0x00056348,0x00056428,0x09190128,internal_text,0x000A5EC8,0x091DFBC8,0x000A5EC8,0x000A5EC8,WF-004
LEVEL_01,1,Pokitaru,0x0010AFB4,0x0010B01C,0x09244D1C,internal_text,0x0000E35C,0x0914805C,0x0000E35C,0x0000E35C,WF-008
LEVEL_01,1,Pokitaru,0x0010AFB4,0x0010B03C,0x09244D3C,internal_text,0x0000E35C,0x0914805C,0x0000E35C,0x0000E35C,WF-008
LEVEL_01,1,Pokitaru,0x0010AFB4,0x0010B098,0x09244D98,internal_text,0x0010C890,0x09246590,0x0010C890,0x0010C890,WF-008
LEVEL_01,1,Pokitaru,0x0010AFB4,0x0010B0A8,0x09244DA8,internal_text,0x001A5F00,0x092DFC00,0x001A5F00,0x001A5F00,WF-008
LEVEL_01,1,Pokitaru,0x0010AFB4,0x0010B15C,0x09244E5C,internal_text,0x0010DE64,0x09247B64,0x0010DE64,0x0010DE64,WF-008
LEVEL_01,1,Pokitaru,0x0010AFB4,0x0010B174,0x09244E74,internal_text,0x0010A31C,0x0924401C,0x0010A31C,0x0010A31C,WF-008
LEVEL_01,1,Pokitaru,0x0010AFB4,0x0010B1A4,0x09244EA4,internal_text,0x0010C890,0x09246590,0x0010C890,0x0010C890,WF-008
LEVEL_01,1,Pokitaru,0x0010B1D0,0x0010B1F4,0x09244EF4,internal_text,0x0010DE64,0x09247B64,0x0010DE64,0x0010DE64,WF-009
LEVEL_01,1,Pokitaru,0x0010B1D0,0x0010B250,0x09244F50,internal_text,0x0010C890,0x09246590,0x0010C890,0x0010C890,WF-009
LEVEL_01,1,Pokitaru,0x0010B1D0,0x0010B278,0x09244F78,internal_text,0x0010BDFC,0x09245AFC,0x0010BDFC,0x0010BDFC,WF-009
LEVEL_01,1,Pokitaru,0x0010B1D0,0x0010B29C,0x09244F9C,internal_text,0x0000E35C,0x0914805C,0x0000E35C,0x0000E35C,WF-009
LEVEL_01,1,Pokitaru,0x0010B1D0,0x0010B2BC,0x09244FBC,internal_text,0x0000E35C,0x0914805C,0x0000E35C,0x0000E35C,WF-009
LEVEL_01,1,Pokitaru,0x0010B1D0,0x0010B320,0x09245020,internal_text,0x0010C890,0x09246590,0x0010C890,0x0010C890,WF-009
LEVEL_01,1,Pokitaru,0x0010B1D0,0x0010B330,0x09245030,internal_text,0x001A5F00,0x092DFC00,0x001A5F00,0x001A5F00,WF-009
LEVEL_01,1,Pokitaru,0x0010B498,0x0010B4C4,0x092451C4,internal_text,0x0010BDFC,0x09245AFC,0x0010BDFC,0x0010BDFC,WF-007
LEVEL_01,1,Pokitaru,0x0010B498,0x0010B4EC,0x092451EC,internal_text,0x0000E35C,0x0914805C,0x0000E35C,0x0000E35C,WF-007
LEVEL_01,1,Pokitaru,0x0010B498,0x0010B56C,0x0924526C,internal_text,0x0000E35C,0x0914805C,0x0000E35C,0x0000E35C,WF-007
LEVEL_01,1,Pokitaru,0x0010B498,0x0010B594,0x09245294,internal_text,0x0000E35C,0x0914805C,0x0000E35C,0x0000E35C,WF-007
LEVEL_01,1,Pokitaru,0x0010B498,0x0010B5F0,0x092452F0,internal_text,0x001A5F00,0x092DFC00,0x001A5F00,0x001A5F00,WF-007
LEVEL_01,1,Pokitaru,0x0010B498,0x0010B710,0x09245410,internal_text,0x00019F44,0x09153C44,0x00019F44,0x00019F44,WF-007
LEVEL_01,1,Pokitaru,0x0010B498,0x0010B784,0x09245484,internal_text,0x0010C890,0x09246590,0x0010C890,0x0010C890,WF-007
LEVEL_01,1,Pokitaru,0x0010DE64,0x0010DEA0,0x09247BA0,internal_text,0x0010B894,0x09245594,0x0010B894,0x0010B894,WF-010
LEVEL_01,1,Pokitaru,0x0010DE64,0x0010DF78,0x09247C78,internal_text,0x0000E35C,0x0914805C,0x0000E35C,0x0000E35C,WF-010
LEVEL_01,1,Pokitaru,0x0010DE64,0x0010DFF8,0x09247CF8,internal_text,0x00010E78,0x0914AB78,0x00010E78,0x00010E78,WF-010
LEVEL_01,1,Pokitaru,0x0010DE64,0x0010E038,0x09247D38,internal_text,0x0000E35C,0x0914805C,0x0000E35C,0x0000E35C,WF-010
LEVEL_01,1,Pokitaru,0x0010DE64,0x0010E0B0,0x09247DB0,internal_text,0x00010E78,0x0914AB78,0x00010E78,0x00010E78,WF-010
LEVEL_01,1,Pokitaru,0x0010DE64,0x0010E0D8,0x09247DD8,internal_text,0x001AD948,0x092E7648,0x001AD948,0x001AD948,WF-010
LEVEL_01,1,Pokitaru,0x0010DE64,0x0010E110,0x09247E10,internal_text,0x001A4D64,0x092DEA64,0x001A4D64,0x001A4D64,WF-010
LEVEL_01,1,Pokitaru,0x0010DE64,0x0010E11C,0x09247E1C,internal_text,0x001A4E8C,0x092DEB8C,0x001A4E8C,0x001A4E8C,WF-010
LEVEL_01,1,Pokitaru,0x0010DE64,0x0010E148,0x09247E48,internal_text,0x001AD948,0x092E7648,0x001AD948,0x001AD948,WF-010
LEVEL_01,1,Pokitaru,0x0010DE64,0x0010E1E0,0x09247EE0,internal_text,0x00019F44,0x09153C44,0x00019F44,0x00019F44,WF-010
LEVEL_01,1,Pokitaru,0x0010DE64,0x0010E214,0x09247F14,internal_text,0x000198B0,0x091535B0,0x000198B0,0x000198B0,WF-010
LEVEL_01,1,Pokitaru,0x0010DE64,0x0010E2F0,0x09247FF0,internal_text,0x0006D1DC,0x091A6EDC,0x0006D1DC,0x0006D1DC,WF-010
LEVEL_01,1,Pokitaru,0x0010DE64,0x0010E38C,0x0924808C,internal_text,0x0008A9F4,0x091C46F4,0x0008A9F4,0x0008A9F4,WF-010
LEVEL_01,1,Pokitaru,0x00122820,0x0012285C,0x0925C55C,internal_text,0x000148C8,0x0914E5C8,0x000148C8,0x000148C8,WF-051
LEVEL_01,1,Pokitaru,0x00122820,0x001228E8,0x0925C5E8,internal_text,0x001223BC,0x0925C0BC,0x001223BC,0x001223BC,WF-051
LEVEL_01,1,Pokitaru,0x00122820,0x0012292C,0x0925C62C,internal_text,0x001223BC,0x0925C0BC,0x001223BC,0x001223BC,WF-051
LEVEL_01,1,Pokitaru,0x00122820,0x00122A7C,0x0925C77C,internal_text,0x0000E864,0x09148564,0x0000E864,0x0000E864,WF-051
LEVEL_01,1,Pokitaru,0x00122820,0x00122B0C,0x0925C80C,internal_text,0x001226B0,0x0925C3B0,0x001226B0,0x001226B0,WF-051
LEVEL_01,1,Pokitaru,0x00122820,0x00122B44,0x0925C844,internal_text,0x0000E35C,0x0914805C,0x0000E35C,0x0000E35C,WF-051
LEVEL_01,1,Pokitaru,0x00122820,0x00122BFC,0x0925C8FC,internal_text,0x0000E864,0x09148564,0x0000E864,0x0000E864,WF-051
LEVEL_01,1,Pokitaru,0x00122820,0x00122C84,0x0925C984,internal_text,0x000F7C54,0x09231954,0x000F7C54,0x000F7C54,WF-051
LEVEL_01,1,Pokitaru,0x00122820,0x00122D78,0x0925CA78,internal_text,0x0008DB74,0x091C7874,0x0008DB74,0x0008DB74,WF-051
LEVEL_01,1,Pokitaru,0x00122820,0x00122DE4,0x0925CAE4,internal_text,0x001B59EC,0x092EF6EC,0x001B59EC,0x001B59EC,WF-051
LEVEL_01,1,Pokitaru,0x00122820,0x00122DF8,0x0925CAF8,internal_text,0x001B5B20,0x092EF820,0x001B5B20,0x001B5B20,WF-051
LEVEL_01,1,Pokitaru,0x00128C20,0x00128C7C,0x0926297C,internal_text,0x0012869C,0x0926239C,0x0012869C,0x0012869C,WF-031
LEVEL_01,1,Pokitaru,0x00128C20,0x00128CDC,0x092629DC,internal_text,0x0006C51C,0x091A621C,0x0006C51C,0x0006C51C,WF-031
LEVEL_01,1,Pokitaru,0x00128C20,0x00128D34,0x09262A34,internal_text,0x0000E35C,0x0914805C,0x0000E35C,0x0000E35C,WF-031
LEVEL_01,1,Pokitaru,0x00128C20,0x00128DB8,0x09262AB8,internal_text,0x0006C68C,0x091A638C,0x0006C68C,0x0006C68C,WF-031
LEVEL_01,1,Pokitaru,0x00128C20,0x00128DE8,0x09262AE8,internal_text,0x000DDC08,0x09217908,0x000DDC08,0x000DDC08,WF-031
LEVEL_01,1,Pokitaru,0x00128C20,0x00128EA4,0x09262BA4,internal_text,0x0006D1DC,0x091A6EDC,0x0006D1DC,0x0006D1DC,WF-031
LEVEL_01,1,Pokitaru,0x00128C20,0x00128F58,0x09262C58,internal_text,0x0008A9F4,0x091C46F4,0x0008A9F4,0x0008A9F4,WF-031
LEVEL_01,1,Pokitaru,0x00128C20,0x00128F98,0x09262C98,internal_text,0x0012869C,0x0926239C,0x0012869C,0x0012869C,WF-031
LEVEL_01,1,Pokitaru,0x00128C20,0x00128FB4,0x09262CB4,internal_text,0x0006C68C,0x091A638C,0x0006C68C,0x0006C68C,WF-031
LEVEL_01,1,Pokitaru,0x00128C20,0x00128FD4,0x09262CD4,internal_text,0x0007F78C,0x091B948C,0x0007F78C,0x0007F78C,WF-031
LEVEL_01,1,Pokitaru,0x00128C20,0x0012901C,0x09262D1C,internal_text,0x0006C51C,0x091A621C,0x0006C51C,0x0006C51C,WF-031
LEVEL_01,1,Pokitaru,0x00128C20,0x00129064,0x09262D64,internal_text,0x0006C51C,0x091A621C,0x0006C51C,0x0006C51C,WF-031
LEVEL_01,1,Pokitaru,0x00128C20,0x00129080,0x09262D80,internal_text,0x00031434,0x0916B134,0x00031434,0x00031434,WF-031
LEVEL_01,1,Pokitaru,0x00128C20,0x001290B8,0x09262DB8,internal_text,0x0006C68C,0x091A638C,0x0006C68C,0x0006C68C,WF-031
LEVEL_01,1,Pokitaru,0x00128C20,0x00129104,0x09262E04,internal_text,0x0006C51C,0x091A621C,0x0006C51C,0x0006C51C,WF-031
LEVEL_01,1,Pokitaru,0x00128C20,0x00129180,0x09262E80,internal_text,0x0006A3C0,0x091A40C0,0x0006A3C0,MOBY_DestroyMoby,WF-031
LEVEL_01,1,Pokitaru,0x00128C20,0x00129284,0x09262F84,internal_text,0x0006D1DC,0x091A6EDC,0x0006D1DC,0x0006D1DC,WF-031
LEVEL_01,1,Pokitaru,0x00128C20,0x00129338,0x09263038,internal_text,0x0008A9F4,0x091C46F4,0x0008A9F4,0x0008A9F4,WF-031
LEVEL_01,1,Pokitaru,0x0012E950,0x0012E994,0x09268694,internal_text,0x0000E35C,0x0914805C,0x0000E35C,0x0000E35C,WF-047
LEVEL_01,1,Pokitaru,0x0012E9F4,0x0012EA64,0x09268764,internal_text,0x0000E35C,0x0914805C,0x0000E35C,0x0000E35C,WF-033
LEVEL_01,1,Pokitaru,0x0012E9F4,0x0012EA80,0x09268780,internal_text,0x0000E35C,0x0914805C,0x0000E35C,0x0000E35C,WF-033
LEVEL_01,1,Pokitaru,0x0012E9F4,0x0012EA9C,0x0926879C,internal_text,0x0000E35C,0x0914805C,0x0000E35C,0x0000E35C,WF-033
LEVEL_01,1,Pokitaru,0x0012E9F4,0x0012EBB4,0x092688B4,internal_text,0x000F49F8,0x0922E6F8,0x000F49F8,0x000F49F8,WF-033
LEVEL_01,1,Pokitaru,0x0012E9F4,0x0012EC0C,0x0926890C,internal_text,0x0000E35C,0x0914805C,0x0000E35C,0x0000E35C,WF-033
LEVEL_01,1,Pokitaru,0x0012E9F4,0x0012EC30,0x09268930,internal_text,0x0000E35C,0x0914805C,0x0000E35C,0x0000E35C,WF-033
LEVEL_01,1,Pokitaru,0x0012E9F4,0x0012EC4C,0x0926894C,internal_text,0x0000E35C,0x0914805C,0x0000E35C,0x0000E35C,WF-033
LEVEL_01,1,Pokitaru,0x00143FEC,0x00144074,0x0927DD74,internal_text,0x00017340,0x09151040,0x00017340,0x00017340,WF-016
LEVEL_01,1,Pokitaru,0x00143FEC,0x00144100,0x0927DE00,internal_text,0x00071C10,0x091AB910,0x00071C10,0x00071C10,WF-016
LEVEL_01,1,Pokitaru,0x00143FEC,0x001441AC,0x0927DEAC,internal_text,0x00071C10,0x091AB910,0x00071C10,0x00071C10,WF-016
LEVEL_01,1,Pokitaru,0x00143FEC,0x0014422C,0x0927DF2C,internal_text,0x0006C51C,0x091A621C,0x0006C51C,0x0006C51C,WF-016
LEVEL_01,1,Pokitaru,0x00143FEC,0x001442AC,0x0927DFAC,internal_text,0x0006C51C,0x091A621C,0x0006C51C,0x0006C51C,WF-016
LEVEL_01,1,Pokitaru,0x00143FEC,0x001442FC,0x0927DFFC,internal_text,0x0000E35C,0x0914805C,0x0000E35C,0x0000E35C,WF-016
LEVEL_01,1,Pokitaru,0x00143FEC,0x00144454,0x0927E154,internal_text,0x0006D1DC,0x091A6EDC,0x0006D1DC,0x0006D1DC,WF-016
LEVEL_01,1,Pokitaru,0x00143FEC,0x001444E0,0x0927E1E0,internal_text,0x0008AA94,0x091C4794,0x0008AA94,0x0008AA94,WF-016
LEVEL_01,1,Pokitaru,0x00143FEC,0x0014451C,0x0927E21C,internal_text,0x0008A944,0x091C4644,0x0008A944,0x0008A944,WF-016
LEVEL_01,1,Pokitaru,0x00143FEC,0x00144558,0x0927E258,internal_text,0x0008AA94,0x091C4794,0x0008AA94,0x0008AA94,WF-016
LEVEL_01,1,Pokitaru,0x00143FEC,0x001445A0,0x0927E2A0,internal_text,0x0000E35C,0x0914805C,0x0000E35C,0x0000E35C,WF-016
LEVEL_01,1,Pokitaru,0x00143FEC,0x001446F8,0x0927E3F8,internal_text,0x0006D1DC,0x091A6EDC,0x0006D1DC,0x0006D1DC,WF-016
LEVEL_01,1,Pokitaru,0x00143FEC,0x00144784,0x0927E484,internal_text,0x0008AA94,0x091C4794,0x0008AA94,0x0008AA94,WF-016
LEVEL_01,1,Pokitaru,0x00143FEC,0x001447C0,0x0927E4C0,internal_text,0x0008A944,0x091C4644,0x0008A944,0x0008A944,WF-016
LEVEL_01,1,Pokitaru,0x00143FEC,0x001447FC,0x0927E4FC,internal_text,0x0008AA94,0x091C4794,0x0008AA94,0x0008AA94,WF-016
LEVEL_01,1,Pokitaru,0x0014EB68,0x0014EC2C,0x0928892C,internal_text,0x000F5C20,0x0922F920,0x000F5C20,0x000F5C20,WF-036
LEVEL_01,1,Pokitaru,0x0014EB68,0x0014EC58,0x09288958,internal_text,0x000F5540,0x0922F240,0x000F5540,0x000F5540,WF-036
LEVEL_01,1,Pokitaru,0x0014EB68,0x0014EC84,0x09288984,internal_text,0x0005BF54,0x09195C54,0x0005BF54,0x0005BF54,WF-036
LEVEL_01,1,Pokitaru,0x0014EB68,0x0014EC98,0x09288998,internal_text,0x0005BE28,0x09195B28,0x0005BE28,0x0005BE28,WF-036
LEVEL_01,1,Pokitaru,0x0014EB68,0x0014ECB4,0x092889B4,internal_text,0x00000E7C,0x0913AB7C,0x00000E7C,0x00000E7C,WF-036
LEVEL_01,1,Pokitaru,0x0014EB68,0x0014ECC8,0x092889C8,internal_text,0x00002B18,0x0913C818,0x00002B18,0x00002B18,WF-036
LEVEL_01,1,Pokitaru,0x0014EB68,0x0014ECDC,0x092889DC,internal_text,0x00011024,0x0914AD24,0x00011024,0x00011024,WF-036
LEVEL_01,1,Pokitaru,0x0014EB68,0x0014ED70,0x09288A70,internal_text,0x0006C51C,0x091A621C,0x0006C51C,0x0006C51C,WF-036
LEVEL_01,1,Pokitaru,0x0014EB68,0x0014EDD8,0x09288AD8,internal_text,0x0006C51C,0x091A621C,0x0006C51C,0x0006C51C,WF-036
LEVEL_01,1,Pokitaru,0x0014EB68,0x0014EDEC,0x09288AEC,internal_text,0x00071C10,0x091AB910,0x00071C10,0x00071C10,WF-036
LEVEL_01,1,Pokitaru,0x0014EB68,0x0014EE3C,0x09288B3C,internal_text,0x0006C51C,0x091A621C,0x0006C51C,0x0006C51C,WF-036
LEVEL_01,1,Pokitaru,0x0014EB68,0x0014EEF0,0x09288BF0,internal_text,0x0006C68C,0x091A638C,0x0006C68C,0x0006C68C,WF-036
LEVEL_01,1,Pokitaru,0x0014EB68,0x0014EF28,0x09288C28,internal_text,0x0000E35C,0x0914805C,0x0000E35C,0x0000E35C,WF-036
LEVEL_01,1,Pokitaru,0x0014EB68,0x0014F0B8,0x09288DB8,internal_text,0x0000E864,0x09148564,0x0000E864,0x0000E864,WF-036
LEVEL_01,1,Pokitaru,0x0014EB68,0x0014F1DC,0x09288EDC,internal_text,0x0006C68C,0x091A638C,0x0006C68C,0x0006C68C,WF-036
LEVEL_01,1,Pokitaru,0x0014EB68,0x0014F300,0x09289000,internal_text,0x0006C68C,0x091A638C,0x0006C68C,0x0006C68C,WF-036
LEVEL_01,1,Pokitaru,0x0014EB68,0x0014F330,0x09289030,internal_text,0x0000E864,0x09148564,0x0000E864,0x0000E864,WF-036
LEVEL_01,1,Pokitaru,0x0014EB68,0x0014F428,0x09289128,internal_text,0x000F7694,0x09231394,0x000F7694,0x000F7694,WF-036
LEVEL_01,1,Pokitaru,0x0014EB68,0x0014F4B4,0x092891B4,internal_text,0x0006D1DC,0x091A6EDC,0x0006D1DC,0x0006D1DC,WF-036
LEVEL_01,1,Pokitaru,0x0014EB68,0x0014F568,0x09289268,internal_text,0x0008A9F4,0x091C46F4,0x0008A9F4,0x0008A9F4,WF-036
LEVEL_01,1,Pokitaru,0x0014EB68,0x0014F5C4,0x092892C4,internal_text,0x0000E35C,0x0914805C,0x0000E35C,0x0000E35C,WF-036
LEVEL_01,1,Pokitaru,0x0014EB68,0x0014F6AC,0x092893AC,internal_text,0x001A5F00,0x092DFC00,0x001A5F00,0x001A5F00,WF-036
LEVEL_01,1,Pokitaru,0x0014EB68,0x0014F794,0x09289494,internal_text,0x0006D1DC,0x091A6EDC,0x0006D1DC,0x0006D1DC,WF-036
LEVEL_01,1,Pokitaru,0x0014EB68,0x0014F848,0x09289548,internal_text,0x0008A9F4,0x091C46F4,0x0008A9F4,0x0008A9F4,WF-036
LEVEL_01,1,Pokitaru,0x0014EB68,0x0014F88C,0x0928958C,internal_text,0x00071C10,0x091AB910,0x00071C10,0x00071C10,WF-036
LEVEL_01,1,Pokitaru,0x0014EB68,0x0014F8DC,0x092895DC,internal_text,0x0006C51C,0x091A621C,0x0006C51C,0x0006C51C,WF-036
LEVEL_01,1,Pokitaru,0x0014EB68,0x0014F968,0x09289668,internal_text,0x0000E35C,0x0914805C,0x0000E35C,0x0000E35C,WF-036
LEVEL_01,1,Pokitaru,0x0014EB68,0x0014FAEC,0x092897EC,internal_text,0x0000E864,0x09148564,0x0000E864,0x0000E864,WF-036
LEVEL_01,1,Pokitaru,0x0014EB68,0x0014FC20,0x09289920,internal_text,0x0000E864,0x09148564,0x0000E864,0x0000E864,WF-036
LEVEL_01,1,Pokitaru,0x0014EB68,0x0014FC80,0x09289980,internal_text,0x0006C68C,0x091A638C,0x0006C68C,0x0006C68C,WF-036
LEVEL_01,1,Pokitaru,0x0014EB68,0x0014FD54,0x09289A54,internal_text,0x0006D1DC,0x091A6EDC,0x0006D1DC,0x0006D1DC,WF-036
LEVEL_01,1,Pokitaru,0x0014EB68,0x0014FE08,0x09289B08,internal_text,0x0008A9F4,0x091C46F4,0x0008A9F4,0x0008A9F4,WF-036
LEVEL_01,1,Pokitaru,0x0014EB68,0x0014FE54,0x09289B54,internal_text,0x000F5540,0x0922F240,0x000F5540,0x000F5540,WF-036
LEVEL_01,1,Pokitaru,0x0014EB68,0x0014FEC4,0x09289BC4,internal_text,0x000F4C94,0x0922E994,0x000F4C94,0x000F4C94,WF-036
LEVEL_01,1,Pokitaru,0x0015083C,0x001508C8,0x0928A5C8,internal_text,0x0000E35C,0x0914805C,0x0000E35C,0x0000E35C,WF-046
LEVEL_01,1,Pokitaru,0x0015083C,0x001509A8,0x0928A6A8,internal_text,0x0006D1DC,0x091A6EDC,0x0006D1DC,0x0006D1DC,WF-046
LEVEL_01,1,Pokitaru,0x0015083C,0x00150A5C,0x0928A75C,internal_text,0x0008A9F4,0x091C46F4,0x0008A9F4,0x0008A9F4,WF-046
LEVEL_01,1,Pokitaru,0x0015FB68,0x0015FBA8,0x092998A8,internal_text,0x0015EDF4,0x09298AF4,0x0015EDF4,0x0015EDF4,WF-006
LEVEL_01,1,Pokitaru,0x0015FB68,0x0015FBC4,0x092998C4,internal_text,0x0000E35C,0x0914805C,0x0000E35C,0x0000E35C,WF-006
LEVEL_01,1,Pokitaru,0x0015FB68,0x0015FC0C,0x0929990C,internal_text,0x001A5F00,0x092DFC00,0x001A5F00,0x001A5F00,WF-006
LEVEL_01,1,Pokitaru,0x0015FB68,0x0015FC80,0x09299980,internal_text,0x0015F010,0x09298D10,0x0015F010,0x0015F010,WF-006
LEVEL_01,1,Pokitaru,0x0015FB68,0x0015FCE0,0x092999E0,internal_text,0x00019F44,0x09153C44,0x00019F44,0x00019F44,WF-006
LEVEL_01,1,Pokitaru,0x0015FB68,0x0015FD58,0x09299A58,internal_text,0x0015EDF4,0x09298AF4,0x0015EDF4,0x0015EDF4,WF-006
LEVEL_01,1,Pokitaru,0x0015FB68,0x0015FD8C,0x09299A8C,internal_text,0x000F4890,0x0922E590,0x000F4890,0x000F4890,WF-006
LEVEL_01,1,Pokitaru,0x0015FB68,0x0015FD9C,0x09299A9C,internal_text,0x000F84C4,0x092321C4,0x000F84C4,0x000F84C4,WF-006
LEVEL_01,1,Pokitaru,0x0015FB68,0x0015FE18,0x09299B18,internal_text,0x0015F010,0x09298D10,0x0015F010,0x0015F010,WF-006
LEVEL_01,1,Pokitaru,0x0015FB68,0x0015FE78,0x09299B78,internal_text,0x00019F44,0x09153C44,0x00019F44,0x00019F44,WF-006
LEVEL_01,1,Pokitaru,0x0016B830,0x0016B8F4,0x092A55F4,internal_text,0x001A5F00,0x092DFC00,0x001A5F00,0x001A5F00,WF-027
LEVEL_01,1,Pokitaru,0x0016B830,0x0016B93C,0x092A563C,internal_text,0x0000E35C,0x0914805C,0x0000E35C,0x0000E35C,WF-027
LEVEL_01,1,Pokitaru,0x0016B830,0x0016B958,0x092A5658,internal_text,0x0000E35C,0x0914805C,0x0000E35C,0x0000E35C,WF-027
LEVEL_01,1,Pokitaru,0x0016B830,0x0016B994,0x092A5694,internal_text,0x001A5F00,0x092DFC00,0x001A5F00,0x001A5F00,WF-027
LEVEL_01,1,Pokitaru,0x0016B830,0x0016BA1C,0x092A571C,internal_text,0x001A4E8C,0x092DEB8C,0x001A4E8C,0x001A4E8C,WF-027
LEVEL_01,1,Pokitaru,0x0016B830,0x0016BA38,0x092A5738,internal_text,0x001A5F00,0x092DFC00,0x001A5F00,0x001A5F00,WF-027
LEVEL_01,1,Pokitaru,0x0016B830,0x0016BC40,0x092A5940,internal_text,0x0000E35C,0x0914805C,0x0000E35C,0x0000E35C,WF-027
LEVEL_01,1,Pokitaru,0x0016B830,0x0016BC64,0x092A5964,internal_text,0x0000E35C,0x0914805C,0x0000E35C,0x0000E35C,WF-027
LEVEL_01,1,Pokitaru,0x0016B830,0x0016BC98,0x092A5998,internal_text,0x001AD948,0x092E7648,0x001AD948,0x001AD948,WF-027
LEVEL_01,1,Pokitaru,0x0016B830,0x0016BD30,0x092A5A30,internal_text,0x0000E35C,0x0914805C,0x0000E35C,0x0000E35C,WF-027
LEVEL_01,1,Pokitaru,0x0016B830,0x0016BD58,0x092A5A58,internal_text,0x001AD948,0x092E7648,0x001AD948,0x001AD948,WF-027
LEVEL_01,1,Pokitaru,0x0017D49C,0x0017D4C8,0x092B71C8,internal_text,0x00014890,0x0914E590,0x00014890,0x00014890,WF-030
LEVEL_01,1,Pokitaru,0x0017D49C,0x0017D53C,0x092B723C,internal_text,0x0017E598,0x092B8298,0x0017E598,0x0017E598,WF-030
LEVEL_01,1,Pokitaru,0x0017D49C,0x0017D564,0x092B7264,internal_text,0x00029FE8,0x09163CE8,0x00029FE8,0x00029FE8,WF-030
LEVEL_01,1,Pokitaru,0x0017D49C,0x0017D56C,0x092B726C,internal_text,0x0017BF14,0x092B5C14,0x0017BF14,0x0017BF14,WF-030
LEVEL_01,1,Pokitaru,0x0017D49C,0x0017D584,0x092B7284,internal_text,0x0017E598,0x092B8298,0x0017E598,0x0017E598,WF-030
LEVEL_01,1,Pokitaru,0x0017D49C,0x0017D5B0,0x092B72B0,internal_text,0x000EC134,0x09225E34,0x000EC134,0x000EC134,WF-030
LEVEL_01,1,Pokitaru,0x0017D49C,0x0017D5C0,0x092B72C0,internal_text,0x000E27B8,0x0921C4B8,0x000E27B8,0x000E27B8,WF-030
LEVEL_01,1,Pokitaru,0x0017D49C,0x0017D5CC,0x092B72CC,internal_text,0x000EC160,0x09225E60,0x000EC160,0x000EC160,WF-030
LEVEL_01,1,Pokitaru,0x0017D49C,0x0017D5D8,0x092B72D8,internal_text,0x0006A3C0,0x091A40C0,0x0006A3C0,MOBY_DestroyMoby,WF-030
LEVEL_01,1,Pokitaru,0x0017D49C,0x0017D5EC,0x092B72EC,internal_text,0x0017E598,0x092B8298,0x0017E598,0x0017E598,WF-030
LEVEL_01,1,Pokitaru,0x0017D49C,0x0017D6A8,0x092B73A8,internal_text,0x000EC134,0x09225E34,0x000EC134,0x000EC134,WF-030
LEVEL_01,1,Pokitaru,0x0017D49C,0x0017D6B8,0x092B73B8,internal_text,0x000E27B8,0x0921C4B8,0x000E27B8,0x000E27B8,WF-030
LEVEL_01,1,Pokitaru,0x0017D49C,0x0017D6C4,0x092B73C4,internal_text,0x000EC160,0x09225E60,0x000EC160,0x000EC160,WF-030
LEVEL_01,1,Pokitaru,0x0017D49C,0x0017D6D0,0x092B73D0,internal_text,0x0006A3C0,0x091A40C0,0x0006A3C0,MOBY_DestroyMoby,WF-030
LEVEL_01,1,Pokitaru,0x0017D49C,0x0017D824,0x092B7524,internal_text,0x0017BF14,0x092B5C14,0x0017BF14,0x0017BF14,WF-030
LEVEL_01,1,Pokitaru,0x0017D49C,0x0017D83C,0x092B753C,internal_text,0x0017E598,0x092B8298,0x0017E598,0x0017E598,WF-030
LEVEL_01,1,Pokitaru,0x0017D49C,0x0017D850,0x092B7550,internal_text,0x0017E598,0x092B8298,0x0017E598,0x0017E598,WF-030
LEVEL_01,1,Pokitaru,0x0017D49C,0x0017D888,0x092B7588,internal_text,0x00029FE8,0x09163CE8,0x00029FE8,0x00029FE8,WF-030
LEVEL_01,1,Pokitaru,0x0017D49C,0x0017D890,0x092B7590,internal_text,0x0017BF14,0x092B5C14,0x0017BF14,0x0017BF14,WF-030
LEVEL_01,1,Pokitaru,0x0017D49C,0x0017D8A8,0x092B75A8,internal_text,0x0017E598,0x092B8298,0x0017E598,0x0017E598,WF-030
LEVEL_01,1,Pokitaru,0x0017D49C,0x0017D8D4,0x092B75D4,internal_text,0x000EC134,0x09225E34,0x000EC134,0x000EC134,WF-030
LEVEL_01,1,Pokitaru,0x0017D49C,0x0017D8E4,0x092B75E4,internal_text,0x000E27B8,0x0921C4B8,0x000E27B8,0x000E27B8,WF-030
LEVEL_01,1,Pokitaru,0x0017D49C,0x0017D8F0,0x092B75F0,internal_text,0x000EC160,0x09225E60,0x000EC160,0x000EC160,WF-030
LEVEL_01,1,Pokitaru,0x0017D49C,0x0017D8FC,0x092B75FC,internal_text,0x0006A3C0,0x091A40C0,0x0006A3C0,MOBY_DestroyMoby,WF-030
LEVEL_01,1,Pokitaru,0x0017D49C,0x0017D928,0x092B7628,internal_text,0x000EC134,0x09225E34,0x000EC134,0x000EC134,WF-030
LEVEL_01,1,Pokitaru,0x0017D49C,0x0017D938,0x092B7638,internal_text,0x000E27B8,0x0921C4B8,0x000E27B8,0x000E27B8,WF-030
LEVEL_01,1,Pokitaru,0x0017D49C,0x0017D944,0x092B7644,internal_text,0x000EC160,0x09225E60,0x000EC160,0x000EC160,WF-030
LEVEL_01,1,Pokitaru,0x0017D49C,0x0017D950,0x092B7650,internal_text,0x0006A3C0,0x091A40C0,0x0006A3C0,MOBY_DestroyMoby,WF-030
LEVEL_01,1,Pokitaru,0x0017D49C,0x0017D964,0x092B7664,internal_text,0x0017E598,0x092B8298,0x0017E598,0x0017E598,WF-030
LEVEL_01,1,Pokitaru,0x0017D49C,0x0017D978,0x092B7678,internal_text,0x0006AA08,0x091A4708,0x0006AA08,0x0006AA08,WF-030
LEVEL_01,1,Pokitaru,0x0017D49C,0x0017D98C,0x092B768C,internal_text,0x0017E598,0x092B8298,0x0017E598,0x0017E598,WF-030
LEVEL_01,1,Pokitaru,0x0017D49C,0x0017DA20,0x092B7720,internal_text,0x0000EA08,0x09148708,0x0000EA08,0x0000EA08,WF-030
LEVEL_01,1,Pokitaru,0x0017D49C,0x0017DA34,0x092B7734,internal_text,0x0017E598,0x092B8298,0x0017E598,0x0017E598,WF-030
LEVEL_01,1,Pokitaru,0x0017D49C,0x0017DABC,0x092B77BC,internal_text,0x00029874,0x09163574,0x00029874,0x00029874,WF-030
LEVEL_01,1,Pokitaru,0x0017D49C,0x0017DAEC,0x092B77EC,internal_text,0x0006AA08,0x091A4708,0x0006AA08,0x0006AA08,WF-030
LEVEL_01,1,Pokitaru,0x0017D49C,0x0017DB34,0x092B7834,internal_text,0x0017C044,0x092B5D44,0x0017C044,0x0017C044,WF-030
LEVEL_01,1,Pokitaru,0x0017D49C,0x0017DB54,0x092B7854,internal_text,0x00071C10,0x091AB910,0x00071C10,0x00071C10,WF-030
LEVEL_01,1,Pokitaru,0x0017D49C,0x0017DB9C,0x092B789C,internal_text,0x0017E598,0x092B8298,0x0017E598,0x0017E598,WF-030
LEVEL_01,1,Pokitaru,0x0017D49C,0x0017DBB0,0x092B78B0,internal_text,0x0017E598,0x092B8298,0x0017E598,0x0017E598,WF-030
LEVEL_01,1,Pokitaru,0x0017D49C,0x0017DBC4,0x092B78C4,internal_text,0x0017E598,0x092B8298,0x0017E598,0x0017E598,WF-030
LEVEL_01,1,Pokitaru,0x0017D49C,0x0017DC18,0x092B7918,internal_text,0x00029F44,0x09163C44,0x00029F44,0x00029F44,WF-030
LEVEL_01,1,Pokitaru,0x0017D49C,0x0017DC60,0x092B7960,internal_text,0x0017C044,0x092B5D44,0x0017C044,0x0017C044,WF-030
LEVEL_01,1,Pokitaru,0x0017D49C,0x0017DCAC,0x092B79AC,internal_text,0x0000E35C,0x0914805C,0x0000E35C,0x0000E35C,WF-030
LEVEL_01,1,Pokitaru,0x0017D49C,0x0017DDB4,0x092B7AB4,internal_text,0x0000E864,0x09148564,0x0000E864,0x0000E864,WF-030
LEVEL_01,1,Pokitaru,0x0017D49C,0x0017DE7C,0x092B7B7C,internal_text,0x000F67E0,0x092304E0,0x000F67E0,0x000F67E0,WF-030
LEVEL_01,1,Pokitaru,0x0017D49C,0x0017DEA4,0x092B7BA4,internal_text,0x0017C044,0x092B5D44,0x0017C044,0x0017C044,WF-030
LEVEL_01,1,Pokitaru,0x0017D49C,0x0017DF14,0x092B7C14,internal_text,0x00029F44,0x09163C44,0x00029F44,0x00029F44,WF-030
LEVEL_01,1,Pokitaru,0x0017D49C,0x0017DF64,0x092B7C64,internal_text,0x0017F8D0,0x092B95D0,0x0017F8D0,0x0017F8D0,WF-030
LEVEL_01,1,Pokitaru,0x0017D49C,0x0017DF70,0x092B7C70,internal_text,0x0017E598,0x092B8298,0x0017E598,0x0017E598,WF-030
LEVEL_01,1,Pokitaru,0x0017D49C,0x0017DF9C,0x092B7C9C,internal_text,0x0017C208,0x092B5F08,0x0017C208,0x0017C208,WF-030
LEVEL_01,1,Pokitaru,0x0017D49C,0x0017DFB0,0x092B7CB0,internal_text,0x0017E598,0x092B8298,0x0017E598,0x0017E598,WF-030
LEVEL_01,1,Pokitaru,0x0017D49C,0x0017DFDC,0x092B7CDC,internal_text,0x0000E618,0x09148318,0x0000E618,0x0000E618,WF-030
LEVEL_01,1,Pokitaru,0x0017D49C,0x0017DFE8,0x092B7CE8,internal_text,0x0006AA08,0x091A4708,0x0006AA08,0x0006AA08,WF-030
LEVEL_01,1,Pokitaru,0x0017D49C,0x0017DFF8,0x092B7CF8,internal_text,0x0017C044,0x092B5D44,0x0017C044,0x0017C044,WF-030
LEVEL_01,1,Pokitaru,0x0017D49C,0x0017E008,0x092B7D08,internal_text,0x0017C2CC,0x092B5FCC,0x0017C2CC,0x0017C2CC,WF-030
LEVEL_01,1,Pokitaru,0x0017D49C,0x0017E05C,0x092B7D5C,internal_text,0x0002990C,0x0916360C,0x0002990C,0x0002990C,WF-030
LEVEL_01,1,Pokitaru,0x0017D49C,0x0017E070,0x092B7D70,internal_text,0x0017E598,0x092B8298,0x0017E598,0x0017E598,WF-030
LEVEL_01,1,Pokitaru,0x0017D49C,0x0017E09C,0x092B7D9C,internal_text,0x0017C2CC,0x092B5FCC,0x0017C2CC,0x0017C2CC,WF-030
LEVEL_01,1,Pokitaru,0x0017D49C,0x0017E0D0,0x092B7DD0,internal_text,0x00029A84,0x09163784,0x00029A84,0x00029A84,WF-030
LEVEL_01,1,Pokitaru,0x0017D49C,0x0017E0E4,0x092B7DE4,internal_text,0x0017E598,0x092B8298,0x0017E598,0x0017E598,WF-030
LEVEL_01,1,Pokitaru,0x0017D49C,0x0017E110,0x092B7E10,internal_text,0x0006A9E0,0x091A46E0,0x0006A9E0,0x0006A9E0,WF-030
LEVEL_01,1,Pokitaru,0x0017D49C,0x0017E150,0x092B7E50,internal_text,0x0017C400,0x092B6100,0x0017C400,0x0017C400,WF-030
LEVEL_01,1,Pokitaru,0x0017D49C,0x0017E170,0x092B7E70,internal_text,0x0000EE9C,0x09148B9C,0x0000EE9C,0x0000EE9C,WF-030
LEVEL_01,1,Pokitaru,0x0017D49C,0x0017E19C,0x092B7E9C,internal_text,0x00022854,0x0915C554,0x00022854,0x00022854,WF-030
LEVEL_01,1,Pokitaru,0x0017D49C,0x0017E1C8,0x092B7EC8,internal_text,0x00014A74,0x0914E774,0x00014A74,0x00014A74,WF-030
LEVEL_01,1,Pokitaru,0x0017D49C,0x0017E1E4,0x092B7EE4,internal_text,0x0006AA08,0x091A4708,0x0006AA08,0x0006AA08,WF-030
LEVEL_01,1,Pokitaru,0x0017D49C,0x0017E1F8,0x092B7EF8,internal_text,0x0017E598,0x092B8298,0x0017E598,0x0017E598,WF-030
LEVEL_01,1,Pokitaru,0x0017D49C,0x0017E28C,0x092B7F8C,internal_text,0x0017E598,0x092B8298,0x0017E598,0x0017E598,WF-030
LEVEL_01,1,Pokitaru,0x0017D49C,0x0017E2A0,0x092B7FA0,internal_text,0x0017E598,0x092B8298,0x0017E598,0x0017E598,WF-030
LEVEL_01,1,Pokitaru,0x0017D49C,0x0017E2C8,0x092B7FC8,internal_text,0x000292C0,0x09162FC0,0x000292C0,0x000292C0,WF-030
LEVEL_01,1,Pokitaru,0x0017D49C,0x0017E31C,0x092B801C,internal_text,0x0017F944,0x092B9644,0x0017F944,0x0017F944,WF-030
LEVEL_01,1,Pokitaru,0x0017D49C,0x0017E338,0x092B8038,internal_text,0x0006A3C0,0x091A40C0,0x0006A3C0,MOBY_DestroyMoby,WF-030
LEVEL_01,1,Pokitaru,0x0017D49C,0x0017E370,0x092B8070,internal_text,0x0006AA08,0x091A4708,0x0006AA08,0x0006AA08,WF-030
LEVEL_01,1,Pokitaru,0x0017D49C,0x0017E380,0x092B8080,internal_text,0x0006AED0,0x091A4BD0,0x0006AED0,0x0006AED0,WF-030
LEVEL_01,1,Pokitaru,0x0017D49C,0x0017E39C,0x092B809C,internal_text,0x0006AAB8,0x091A47B8,0x0006AAB8,MOBY_SnapMobyAnim,WF-030
LEVEL_01,1,Pokitaru,0x0017D49C,0x0017E3B0,0x092B80B0,internal_text,0x0018FFBC,0x092C9CBC,0x0018FFBC,0x0018FFBC,WF-030
LEVEL_01,1,Pokitaru,0x0017D49C,0x0017E3C4,0x092B80C4,internal_text,0x0017E598,0x092B8298,0x0017E598,0x0017E598,WF-030
LEVEL_01,1,Pokitaru,0x0017D49C,0x0017E414,0x092B8114,internal_text,0x0017E598,0x092B8298,0x0017E598,0x0017E598,WF-030
LEVEL_01,1,Pokitaru,0x0017D49C,0x0017E428,0x092B8128,internal_text,0x0017E598,0x092B8298,0x0017E598,0x0017E598,WF-030
LEVEL_01,1,Pokitaru,0x0017D49C,0x0017E47C,0x092B817C,internal_text,0x000292C0,0x09162FC0,0x000292C0,0x000292C0,WF-030
LEVEL_01,1,Pokitaru,0x0017D49C,0x0017E4D0,0x092B81D0,internal_text,0x0000E768,0x09148468,0x0000E768,0x0000E768,WF-030
LEVEL_01,1,Pokitaru,0x0017D49C,0x0017E510,0x092B8210,internal_text,0x00134F60,0x0926EC60,0x00134F60,0x00134F60,WF-030
LEVEL_01,1,Pokitaru,0x0017D49C,0x0017E51C,0x092B821C,internal_text,0x0017E598,0x092B8298,0x0017E598,0x0017E598,WF-030
LEVEL_01,1,Pokitaru,0x0017D49C,0x0017E554,0x092B8254,internal_text,0x0006AA08,0x091A4708,0x0006AA08,0x0006AA08,WF-030
LEVEL_01,1,Pokitaru,0x0017D49C,0x0017E564,0x092B8264,internal_text,0x0017C2CC,0x092B5FCC,0x0017C2CC,0x0017C2CC,WF-030
LEVEL_01,1,Pokitaru,0x0017D49C,0x0017E570,0x092B8270,internal_text,0x0017E598,0x092B8298,0x0017E598,0x0017E598,WF-030
LEVEL_01,1,Pokitaru,0x00187614,0x00187660,0x092C1360,internal_text,0x00022D74,0x0915CA74,0x00022D74,0x00022D74,WF-019
LEVEL_01,1,Pokitaru,0x00187614,0x00187670,0x092C1370,internal_text,0x001872C8,0x092C0FC8,0x001872C8,0x001872C8,WF-019
LEVEL_01,1,Pokitaru,0x00187614,0x001876A0,0x092C13A0,internal_text,0x00071C10,0x091AB910,0x00071C10,0x00071C10,WF-019
LEVEL_01,1,Pokitaru,0x00187614,0x001876D0,0x092C13D0,internal_text,0x001065D0,0x092402D0,0x001065D0,0x001065D0,WF-019
LEVEL_01,1,Pokitaru,0x00187614,0x001876E0,0x092C13E0,internal_text,0x001874F4,0x092C11F4,0x001874F4,0x001874F4,WF-019
LEVEL_01,1,Pokitaru,0x00187614,0x00187724,0x092C1424,internal_text,0x0000E35C,0x0914805C,0x0000E35C,0x0000E35C,WF-019
LEVEL_01,1,Pokitaru,0x00187614,0x001877C8,0x092C14C8,internal_text,0x0006A3C0,0x091A40C0,0x0006A3C0,MOBY_DestroyMoby,WF-019
LEVEL_01,1,Pokitaru,0x00187614,0x001877D8,0x092C14D8,internal_text,0x00022CCC,0x0915C9CC,0x00022CCC,0x00022CCC,WF-019
LEVEL_01,1,Pokitaru,0x00187614,0x00187878,0x092C1578,internal_text,0x0006D1DC,0x091A6EDC,0x0006D1DC,0x0006D1DC,WF-019
LEVEL_01,1,Pokitaru,0x00187614,0x00187914,0x092C1614,internal_text,0x0008A9F4,0x091C46F4,0x0008A9F4,0x0008A9F4,WF-019
LEVEL_01,1,Pokitaru,0x00187614,0x001879A4,0x092C16A4,internal_text,0x0000E35C,0x0914805C,0x0000E35C,0x0000E35C,WF-019
LEVEL_01,1,Pokitaru,0x00187614,0x001879E8,0x092C16E8,internal_text,0x001874F4,0x092C11F4,0x001874F4,0x001874F4,WF-019
LEVEL_01,1,Pokitaru,0x00187614,0x00187A40,0x092C1740,internal_text,0x00022D40,0x0915CA40,0x00022D40,0x00022D40,WF-019
LEVEL_01,1,Pokitaru,0x00187614,0x00187AD4,0x092C17D4,internal_text,0x0006D1DC,0x091A6EDC,0x0006D1DC,0x0006D1DC,WF-019
LEVEL_01,1,Pokitaru,0x00187614,0x00187B70,0x092C1870,internal_text,0x0008A9F4,0x091C46F4,0x0008A9F4,0x0008A9F4,WF-019
LEVEL_01,1,Pokitaru,0x00187614,0x00187BCC,0x092C18CC,internal_text,0x00071C10,0x091AB910,0x00071C10,0x00071C10,WF-019
LEVEL_01,1,Pokitaru,0x00187614,0x00187BDC,0x092C18DC,internal_text,0x000025E8,0x0913C2E8,0x000025E8,0x000025E8,WF-019
LEVEL_01,1,Pokitaru,0x00187614,0x00187BE8,0x092C18E8,internal_text,0x00071C10,0x091AB910,0x00071C10,0x00071C10,WF-019
LEVEL_01,1,Pokitaru,0x00187614,0x00187C48,0x092C1948,internal_text,0x0006C51C,0x091A621C,0x0006C51C,0x0006C51C,WF-019
LEVEL_01,1,Pokitaru,0x00187614,0x00187C64,0x092C1964,internal_text,0x00022D40,0x0915CA40,0x00022D40,0x00022D40,WF-019
LEVEL_01,1,Pokitaru,0x001901F4,0x001902AC,0x092C9FAC,internal_text,0x0000E35C,0x0914805C,0x0000E35C,0x0000E35C,WF-012
LEVEL_01,1,Pokitaru,0x001901F4,0x001902BC,0x092C9FBC,internal_text,0x000F5000,0x0922ED00,0x000F5000,0x000F5000,WF-012
LEVEL_01,1,Pokitaru,0x001901F4,0x00190334,0x092CA034,internal_text,0x00190494,0x092CA194,0x00190494,0x00190494,WF-012
LEVEL_01,1,Pokitaru,0x001901F4,0x00190360,0x092CA060,internal_text,0x001906DC,0x092CA3DC,0x001906DC,0x001906DC,WF-012
LEVEL_01,1,Pokitaru,0x001901F4,0x00190388,0x092CA088,internal_text,0x00190D6C,0x092CAA6C,0x00190D6C,0x00190D6C,WF-012
LEVEL_01,1,Pokitaru,0x001901F4,0x001903B4,0x092CA0B4,internal_text,0x00191590,0x092CB290,0x00191590,0x00191590,WF-012
LEVEL_01,1,Pokitaru,0x00190948,0x00190998,0x092CA698,internal_text,0x0000E35C,0x0914805C,0x0000E35C,0x0000E35C,WF-011
LEVEL_01,1,Pokitaru,0x00190948,0x001909B4,0x092CA6B4,internal_text,0x0000E35C,0x0914805C,0x0000E35C,0x0000E35C,WF-011
LEVEL_01,1,Pokitaru,0x00190948,0x001909E8,0x092CA6E8,internal_text,0x001A5F00,0x092DFC00,0x001A5F00,0x001A5F00,WF-011
LEVEL_01,1,Pokitaru,0x00190948,0x00190A1C,0x092CA71C,internal_text,0x000F5000,0x0922ED00,0x000F5000,0x000F5000,WF-011
LEVEL_02,2,Ryllus,0x0000E558,0x0000E58C,0x0914828C,internal_text,0x0000E340,0x09148040,0x0000E340,0x0000E340,WF-005
LEVEL_02,2,Ryllus,0x0000E558,0x0000E5A8,0x091482A8,internal_text,0x0000E340,0x09148040,0x0000E340,0x0000E340,WF-005
LEVEL_02,2,Ryllus,0x0000E558,0x0000E5C4,0x091482C4,internal_text,0x0000E340,0x09148040,0x0000E340,0x0000E340,WF-005
LEVEL_02,2,Ryllus,0x0000E7CC,0x0000E808,0x09148508,internal_text,0x0000E340,0x09148040,0x0000E340,0x0000E340,WF-013
LEVEL_02,2,Ryllus,0x0000E7CC,0x0000E82C,0x0914852C,internal_text,0x0000E340,0x09148040,0x0000E340,0x0000E340,WF-013
LEVEL_02,2,Ryllus,0x0000E7CC,0x0000E868,0x09148568,internal_text,0x001BB9E4,0x092F56E4,0x001BB9E4,0x001BB9E4,WF-013
LEVEL_02,2,Ryllus,0x0000E8C8,0x0000E980,0x09148680,internal_text,0x000FA294,0x09233F94,0x000FA294,0x000FA294,WF-020
LEVEL_02,2,Ryllus,0x0000E8C8,0x0000E9A8,0x091486A8,internal_text,0x0000E340,0x09148040,0x0000E340,0x0000E340,WF-020
LEVEL_02,2,Ryllus,0x0000E8C8,0x0000E9C8,0x091486C8,internal_text,0x0000E340,0x09148040,0x0000E340,0x0000E340,WF-020
LEVEL_02,2,Ryllus,0x0000E8C8,0x0000EA04,0x09148704,internal_text,0x001BB9E4,0x092F56E4,0x001BB9E4,0x001BB9E4,WF-020
LEVEL_02,2,Ryllus,0x000110E0,0x000111D8,0x0914AED8,internal_text,0x0000F948,0x09149648,0x0000F948,0x0000F948,WF-015
LEVEL_02,2,Ryllus,0x000110E0,0x00011210,0x0914AF10,internal_text,0x0000E558,0x09148258,0x0000E558,0x0000E558,WF-015
LEVEL_02,2,Ryllus,0x000110E0,0x0001137C,0x0914B07C,internal_text,0x0000E340,0x09148040,0x0000E340,0x0000E340,WF-015
LEVEL_02,2,Ryllus,0x000110E0,0x00011390,0x0914B090,internal_text,0x000FA2E4,0x09233FE4,0x000FA2E4,0x000FA2E4,WF-015
LEVEL_02,2,Ryllus,0x0002923C,0x000292F0,0x09162FF0,internal_text,0x001CB4C8,0x093051C8,0x001CB4C8,0x001CB4C8,WF-014
LEVEL_02,2,Ryllus,0x0002923C,0x00029328,0x09163028,internal_text,0x0000E340,0x09148040,0x0000E340,0x0000E340,WF-014
LEVEL_02,2,Ryllus,0x0002923C,0x0002934C,0x0916304C,internal_text,0x0000E340,0x09148040,0x0000E340,0x0000E340,WF-014
LEVEL_02,2,Ryllus,0x0002923C,0x00029370,0x09163070,internal_text,0x0000E340,0x09148040,0x0000E340,0x0000E340,WF-014
LEVEL_02,2,Ryllus,0x00029850,0x0002988C,0x0916358C,internal_text,0x0000E340,0x09148040,0x0000E340,0x0000E340,WF-021
LEVEL_02,2,Ryllus,0x00029850,0x000298A4,0x091635A4,internal_text,0x000298C8,0x091635C8,0x000298C8,0x000298C8,WF-021
LEVEL_02,2,Ryllus,0x0002C12C,0x0002C1DC,0x09165EDC,internal_text,0x001CB4C8,0x093051C8,0x001CB4C8,0x001CB4C8,WF-017
LEVEL_02,2,Ryllus,0x0002C12C,0x0002C21C,0x09165F1C,internal_text,0x0000E340,0x09148040,0x0000E340,0x0000E340,WF-017
LEVEL_02,2,Ryllus,0x0002C12C,0x0002C240,0x09165F40,internal_text,0x0000E340,0x09148040,0x0000E340,0x0000E340,WF-017
LEVEL_02,2,Ryllus,0x0002C12C,0x0002C264,0x09165F64,internal_text,0x0000E340,0x09148040,0x0000E340,0x0000E340,WF-017
LEVEL_02,2,Ryllus,0x0002C12C,0x0002C2C4,0x09165FC4,internal_text,0x001BB9E4,0x092F56E4,0x001BB9E4,0x001BB9E4,WF-017
LEVEL_02,2,Ryllus,0x0002C12C,0x0002C2D8,0x09165FD8,internal_text,0x001BB9E4,0x092F56E4,0x001BB9E4,0x001BB9E4,WF-017
LEVEL_02,2,Ryllus,0x0002C12C,0x0002C39C,0x0916609C,internal_text,0x0002BB50,0x09165850,0x0002BB50,0x0002BB50,WF-017
LEVEL_02,2,Ryllus,0x0002C12C,0x0002C43C,0x0916613C,internal_text,0x0002BB50,0x09165850,0x0002BB50,0x0002BB50,WF-017
LEVEL_02,2,Ryllus,0x0002C12C,0x0002C490,0x09166190,internal_text,0x0002BEA0,0x09165BA0,0x0002BEA0,0x0002BEA0,WF-017
LEVEL_02,2,Ryllus,0x0002C12C,0x0002C4A8,0x091661A8,internal_text,0x0000F014,0x09148D14,0x0000F014,0x0000F014,WF-017
LEVEL_02,2,Ryllus,0x0002C12C,0x0002C578,0x09166278,internal_text,0x0002E4DC,0x091681DC,0x0002E4DC,NavUtil_AvoidTriggers,WF-017
LEVEL_02,2,Ryllus,0x0002C12C,0x0002C58C,0x0916628C,internal_text,0x0002BEA0,0x09165BA0,0x0002BEA0,0x0002BEA0,WF-017
LEVEL_02,2,Ryllus,0x0002C12C,0x0002C5A4,0x091662A4,internal_text,0x0000E7CC,0x091484CC,0x0000E7CC,0x0000E7CC,WF-017
LEVEL_02,2,Ryllus,0x0002C12C,0x0002C5BC,0x091662BC,internal_text,0x0000F014,0x09148D14,0x0000F014,0x0000F014,WF-017
LEVEL_02,2,Ryllus,0x0002D800,0x0002D850,0x09167550,internal_text,0x0000E340,0x09148040,0x0000E340,0x0000E340,WF-022
LEVEL_02,2,Ryllus,0x0002D800,0x0002D8F0,0x091675F0,internal_text,0x001BB9E4,0x092F56E4,0x001BB9E4,0x001BB9E4,WF-022
LEVEL_02,2,Ryllus,0x0002D800,0x0002D904,0x09167604,internal_text,0x001BB9E4,0x092F56E4,0x001BB9E4,0x001BB9E4,WF-022
LEVEL_02,2,Ryllus,0x0002D800,0x0002D928,0x09167628,internal_text,0x0002D2E4,0x09166FE4,0x0002D2E4,0x0002D2E4,WF-022
LEVEL_02,2,Ryllus,0x0002D800,0x0002D9F0,0x091676F0,internal_text,0x0002DE20,0x09167B20,0x0002DE20,0x0002DE20,WF-022
LEVEL_02,2,Ryllus,0x0002D800,0x0002DA9C,0x0916779C,internal_text,0x0002DE20,0x09167B20,0x0002DE20,0x0002DE20,WF-022
LEVEL_02,2,Ryllus,0x0002D800,0x0002DB78,0x09167878,internal_text,0x0002DE20,0x09167B20,0x0002DE20,0x0002DE20,WF-022
LEVEL_02,2,Ryllus,0x0002D800,0x0002DC4C,0x0916794C,internal_text,0x0002DE20,0x09167B20,0x0002DE20,0x0002DE20,WF-022
LEVEL_02,2,Ryllus,0x0002D800,0x0002DC9C,0x0916799C,internal_text,0x0002D488,0x09167188,0x0002D488,0x0002D488,WF-022
LEVEL_02,2,Ryllus,0x0002D800,0x0002DCBC,0x091679BC,internal_text,0x0000F1C0,0x09148EC0,0x0000F1C0,0x0000F1C0,WF-022
LEVEL_02,2,Ryllus,0x0002D800,0x0002DD18,0x09167A18,internal_text,0x0002D35C,0x0916705C,0x0002D35C,0x0002D35C,WF-022
LEVEL_02,2,Ryllus,0x0002D800,0x0002DD90,0x09167A90,internal_text,0x0002E4DC,0x091681DC,0x0002E4DC,NavUtil_AvoidTriggers,WF-022
LEVEL_02,2,Ryllus,0x0002D800,0x0002DDA8,0x09167AA8,internal_text,0x0000E8C8,0x091485C8,0x0000E8C8,0x0000E8C8,WF-022
LEVEL_02,2,Ryllus,0x0002D800,0x0002DDC8,0x09167AC8,internal_text,0x0000F1C0,0x09148EC0,0x0000F1C0,0x0000F1C0,WF-022
LEVEL_02,2,Ryllus,0x00030648,0x000306B4,0x0916A3B4,internal_text,0x0000E340,0x09148040,0x0000E340,0x0000E340,WF-023
LEVEL_02,2,Ryllus,0x00030648,0x000306C8,0x0916A3C8,internal_text,0x000FA17C,0x09233E7C,0x000FA17C,0x000FA17C,WF-023
LEVEL_02,2,Ryllus,0x00030648,0x000306D8,0x0916A3D8,internal_text,0x000FDE94,0x09237B94,0x000FDE94,0x000FDE94,WF-023
LEVEL_02,2,Ryllus,0x00030648,0x0003084C,0x0916A54C,internal_text,0x0000E340,0x09148040,0x0000E340,0x0000E340,WF-023
LEVEL_02,2,Ryllus,0x00030648,0x00030860,0x0916A560,internal_text,0x000FA17C,0x09233E7C,0x000FA17C,0x000FA17C,WF-023
LEVEL_02,2,Ryllus,0x00030648,0x00030870,0x0916A570,internal_text,0x000FDE94,0x09237B94,0x000FDE94,0x000FDE94,WF-023
LEVEL_02,2,Ryllus,0x0004EA0C,0x0004EB34,0x09188834,internal_text,0x000F9B98,0x09233898,0x000F9B98,0x000F9B98,WF-002
LEVEL_02,2,Ryllus,0x0004EA0C,0x0004EB40,0x09188840,internal_text,0x001BA958,0x092F4658,0x001BA958,0x001BA958,WF-002
LEVEL_02,2,Ryllus,0x0004EA0C,0x0004EC6C,0x0918896C,internal_text,0x0000E340,0x09148040,0x0000E340,0x0000E340,WF-002
LEVEL_02,2,Ryllus,0x0004EA0C,0x0004EC94,0x09188994,internal_text,0x0000E3C0,0x091480C0,0x0000E3C0,0x0000E3C0,WF-002
LEVEL_02,2,Ryllus,0x0004EA0C,0x0004ECA8,0x091889A8,internal_text,0x000FAED4,0x09234BD4,0x000FAED4,0x000FAED4,WF-002
LEVEL_02,2,Ryllus,0x0004EA0C,0x0004ED68,0x09188A68,internal_text,0x001BA958,0x092F4658,0x001BA958,0x001BA958,WF-002
LEVEL_02,2,Ryllus,0x0004EDA4,0x0004EEF8,0x09188BF8,internal_text,0x00037558,0x09171258,0x00037558,0x00037558,WF-001
LEVEL_02,2,Ryllus,0x0004EDA4,0x0004EFA4,0x09188CA4,internal_text,0x0004EA0C,0x0918870C,0x0004EA0C,0x0004EA0C,WF-001
LEVEL_02,2,Ryllus,0x0004EDA4,0x0004EFB4,0x09188CB4,internal_text,0x0004DC18,0x09187918,0x0004DC18,0x0004DC18,WF-001
LEVEL_02,2,Ryllus,0x0004EDA4,0x0004EFBC,0x09188CBC,internal_text,0x0004E268,0x09187F68,0x0004E268,0x0004E268,WF-001
LEVEL_02,2,Ryllus,0x0004EDA4,0x0004EFC4,0x09188CC4,internal_text,0x0004E178,0x09187E78,0x0004E178,0x0004E178,WF-001
LEVEL_02,2,Ryllus,0x0004EDA4,0x0004F008,0x09188D08,internal_text,0x00037558,0x09171258,0x00037558,0x00037558,WF-001
LEVEL_02,2,Ryllus,0x0004EDA4,0x0004F0B8,0x09188DB8,internal_text,0x0004DC18,0x09187918,0x0004DC18,0x0004DC18,WF-001
LEVEL_02,2,Ryllus,0x0004EDA4,0x0004F0C0,0x09188DC0,internal_text,0x0004E268,0x09187F68,0x0004E268,0x0004E268,WF-001
LEVEL_02,2,Ryllus,0x0004EDA4,0x0004F0CC,0x09188DCC,internal_text,0x0004EA0C,0x0918870C,0x0004EA0C,0x0004EA0C,WF-001
LEVEL_02,2,Ryllus,0x0004EDA4,0x0004F0DC,0x09188DDC,internal_text,0x0004DD44,0x09187A44,0x0004DD44,0x0004DD44,WF-001
LEVEL_02,2,Ryllus,0x0004EDA4,0x0004F0E4,0x09188DE4,internal_text,0x0004E178,0x09187E78,0x0004E178,0x0004E178,WF-001
LEVEL_02,2,Ryllus,0x0004EDA4,0x0004F19C,0x09188E9C,internal_text,0x0003A778,0x09174478,0x0003A778,0x0003A778,WF-001
LEVEL_02,2,Ryllus,0x0004EDA4,0x0004F1C8,0x09188EC8,internal_text,0x00046A10,0x09180710,0x00046A10,0x00046A10,WF-001
LEVEL_02,2,Ryllus,0x0004EDA4,0x0004F1E8,0x09188EE8,internal_text,0x000708CC,0x091AA5CC,0x000708CC,0x000708CC,WF-001
LEVEL_02,2,Ryllus,0x0004EDA4,0x0004F234,0x09188F34,internal_text,0x00070DA0,0x091AAAA0,0x00070DA0,0x00070DA0,WF-001
LEVEL_02,2,Ryllus,0x0004EDA4,0x0004F24C,0x09188F4C,internal_text,0x0007C2BC,0x091B5FBC,0x0007C2BC,0x0007C2BC,WF-001
LEVEL_02,2,Ryllus,0x0004EDA4,0x0004F264,0x09188F64,internal_text,0x00070988,0x091AA688,0x00070988,MOBY_SnapMobyAnim,WF-001
LEVEL_02,2,Ryllus,0x0004EDA4,0x0004F2F0,0x09188FF0,internal_text,0x0004EA0C,0x0918870C,0x0004EA0C,0x0004EA0C,WF-001
LEVEL_02,2,Ryllus,0x0004EDA4,0x0004F348,0x09189048,internal_text,0x0000E340,0x09148040,0x0000E340,0x0000E340,WF-001
LEVEL_02,2,Ryllus,0x0004EDA4,0x0004F37C,0x0918907C,internal_text,0x0000E340,0x09148040,0x0000E340,0x0000E340,WF-001
LEVEL_02,2,Ryllus,0x0004EDA4,0x0004F38C,0x0918908C,internal_text,0x0004DD44,0x09187A44,0x0004DD44,0x0004DD44,WF-001
LEVEL_02,2,Ryllus,0x0004EDA4,0x0004F394,0x09189094,internal_text,0x0004E178,0x09187E78,0x0004E178,0x0004E178,WF-001
LEVEL_02,2,Ryllus,0x0004EDA4,0x0004F3A0,0x091890A0,internal_text,0x0003A7C8,0x091744C8,0x0003A7C8,0x0003A7C8,WF-001
LEVEL_02,2,Ryllus,0x0004EDA4,0x0004F3E8,0x091890E8,internal_text,0x0003A7C8,0x091744C8,0x0003A7C8,0x0003A7C8,WF-001
LEVEL_02,2,Ryllus,0x0004EDA4,0x0004F418,0x09189118,internal_text,0x0003A778,0x09174478,0x0003A778,0x0003A778,WF-001
LEVEL_02,2,Ryllus,0x0004EDA4,0x0004F430,0x09189130,internal_text,0x0004E404,0x09188104,0x0004E404,0x0004E404,WF-001
LEVEL_02,2,Ryllus,0x0004EDA4,0x0004F438,0x09189138,internal_text,0x0004E444,0x09188144,0x0004E444,0x0004E444,WF-001
LEVEL_02,2,Ryllus,0x0004EDA4,0x0004F444,0x09189144,internal_text,0x0004EA0C,0x0918870C,0x0004EA0C,0x0004EA0C,WF-001
LEVEL_02,2,Ryllus,0x0004EDA4,0x0004F454,0x09189154,internal_text,0x0004DD44,0x09187A44,0x0004DD44,0x0004DD44,WF-001
LEVEL_02,2,Ryllus,0x0004EDA4,0x0004F460,0x09189160,internal_text,0x0003A7C8,0x091744C8,0x0003A7C8,0x0003A7C8,WF-001
LEVEL_02,2,Ryllus,0x0004EDA4,0x0004F488,0x09189188,internal_text,0x0004E404,0x09188104,0x0004E404,0x0004E404,WF-001
LEVEL_02,2,Ryllus,0x0004EDA4,0x0004F490,0x09189190,internal_text,0x0004E444,0x09188144,0x0004E444,0x0004E444,WF-001
LEVEL_02,2,Ryllus,0x0004EDA4,0x0004F49C,0x0918919C,internal_text,0x0004EA0C,0x0918870C,0x0004EA0C,0x0004EA0C,WF-001
LEVEL_02,2,Ryllus,0x0004EDA4,0x0004F4AC,0x091891AC,internal_text,0x0004DD44,0x09187A44,0x0004DD44,0x0004DD44,WF-001
LEVEL_02,2,Ryllus,0x0004EDA4,0x0004F4B4,0x091891B4,internal_text,0x0004E4A4,0x091881A4,0x0004E4A4,0x0004E4A4,WF-001
LEVEL_02,2,Ryllus,0x0004EDA4,0x0004F4F8,0x091891F8,internal_text,0x0000E340,0x09148040,0x0000E340,0x0000E340,WF-001
LEVEL_02,2,Ryllus,0x0004EDA4,0x0004F508,0x09189208,internal_text,0x0004DD44,0x09187A44,0x0004DD44,0x0004DD44,WF-001
LEVEL_02,2,Ryllus,0x0004EDA4,0x0004F540,0x09189240,internal_text,0x0003A7C8,0x091744C8,0x0003A7C8,0x0003A7C8,WF-001
LEVEL_02,2,Ryllus,0x0004EDA4,0x0004F570,0x09189270,internal_text,0x0004E178,0x09187E78,0x0004E178,0x0004E178,WF-001
LEVEL_02,2,Ryllus,0x0004EDA4,0x0004F578,0x09189278,internal_text,0x000708CC,0x091AA5CC,0x000708CC,0x000708CC,WF-001
LEVEL_02,2,Ryllus,0x0004EDA4,0x0004F588,0x09189288,internal_text,0x0007C2BC,0x091B5FBC,0x0007C2BC,0x0007C2BC,WF-001
LEVEL_02,2,Ryllus,0x0004EDA4,0x0004F620,0x09189320,internal_text,0x0004D8CC,0x091875CC,0x0004D8CC,0x0004D8CC,WF-001
LEVEL_02,2,Ryllus,0x0004EDA4,0x0004F62C,0x0918932C,internal_text,0x0003A7C8,0x091744C8,0x0003A7C8,0x0003A7C8,WF-001
LEVEL_02,2,Ryllus,0x0004EDA4,0x0004F658,0x09189358,internal_text,0x0004D8CC,0x091875CC,0x0004D8CC,0x0004D8CC,WF-001
LEVEL_02,2,Ryllus,0x0004EDA4,0x0004F678,0x09189378,internal_text,0x000606B0,0x0919A3B0,0x000606B0,0x000606B0,WF-001
LEVEL_02,2,Ryllus,0x0004EDA4,0x0004F68C,0x0918938C,internal_text,0x000606B0,0x0919A3B0,0x000606B0,0x000606B0,WF-001
LEVEL_02,2,Ryllus,0x0004EDA4,0x0004F694,0x09189394,internal_text,0x00060834,0x0919A534,0x00060834,0x00060834,WF-001
LEVEL_02,2,Ryllus,0x0004EDA4,0x0004F6AC,0x091893AC,internal_text,0x00060D0C,0x0919AA0C,0x00060D0C,0x00060D0C,WF-001
LEVEL_02,2,Ryllus,0x0004EDA4,0x0004F6FC,0x091893FC,internal_text,0x00158AD8,0x092927D8,0x00158AD8,0x00158AD8,WF-001
LEVEL_02,2,Ryllus,0x0004EDA4,0x0004F718,0x09189418,internal_text,0x00060880,0x0919A580,0x00060880,0x00060880,WF-001
LEVEL_02,2,Ryllus,0x0004EDA4,0x0004F750,0x09189450,internal_text,0x0004EA0C,0x0918870C,0x0004EA0C,0x0004EA0C,WF-001
LEVEL_02,2,Ryllus,0x0004EDA4,0x0004F758,0x09189458,internal_text,0x0004E178,0x09187E78,0x0004E178,0x0004E178,WF-001
LEVEL_02,2,Ryllus,0x000528BC,0x0005298C,0x0918C68C,internal_text,0x000515BC,0x0918B2BC,0x000515BC,0x000515BC,WF-003
LEVEL_02,2,Ryllus,0x000528BC,0x00052A60,0x0918C760,internal_text,0x0005178C,0x0918B48C,0x0005178C,0x0005178C,WF-003
LEVEL_02,2,Ryllus,0x000528BC,0x00052AC0,0x0918C7C0,internal_text,0x0005139C,0x0918B09C,0x0005139C,0x0005139C,WF-003
LEVEL_02,2,Ryllus,0x000528BC,0x00052AF4,0x0918C7F4,internal_text,0x0004FA94,0x09189794,0x0004FA94,0x0004FA94,WF-003
LEVEL_02,2,Ryllus,0x000528BC,0x00052B1C,0x0918C81C,internal_text,0x0000E274,0x09147F74,0x0000E274,0x0000E274,WF-003
LEVEL_02,2,Ryllus,0x000528BC,0x00052B38,0x0918C838,internal_text,0x0000E274,0x09147F74,0x0000E274,0x0000E274,WF-003
LEVEL_02,2,Ryllus,0x000528BC,0x00052B54,0x0918C854,internal_text,0x0000E274,0x09147F74,0x0000E274,0x0000E274,WF-003
LEVEL_02,2,Ryllus,0x000528BC,0x00052B7C,0x0918C87C,internal_text,0x0000E2D8,0x09147FD8,0x0000E2D8,0x0000E2D8,WF-003
LEVEL_02,2,Ryllus,0x000528BC,0x00052B98,0x0918C898,internal_text,0x0000E2D8,0x09147FD8,0x0000E2D8,0x0000E2D8,WF-003
LEVEL_02,2,Ryllus,0x000528BC,0x00052BB4,0x0918C8B4,internal_text,0x0000E2D8,0x09147FD8,0x0000E2D8,0x0000E2D8,WF-003
LEVEL_02,2,Ryllus,0x000528BC,0x00052C30,0x0918C930,internal_text,0x000FBE18,0x09235B18,0x000FBE18,0x000FBE18,WF-003
LEVEL_02,2,Ryllus,0x000528BC,0x00052C58,0x0918C958,internal_text,0x0003A7C8,0x091744C8,0x0003A7C8,0x0003A7C8,WF-003
LEVEL_02,2,Ryllus,0x000528BC,0x00052CB8,0x0918C9B8,internal_text,0x0003A778,0x09174478,0x0003A778,0x0003A778,WF-003
LEVEL_02,2,Ryllus,0x000528BC,0x00052CD0,0x0918C9D0,internal_text,0x00050A30,0x0918A730,0x00050A30,0x00050A30,WF-003
LEVEL_02,2,Ryllus,0x000528BC,0x00052CF8,0x0918C9F8,internal_text,0x0003A844,0x09174544,0x0003A844,0x0003A844,WF-003
LEVEL_02,2,Ryllus,0x000528BC,0x00052D18,0x0918CA18,internal_text,0x0004F780,0x09189480,0x0004F780,0x0004F780,WF-003
LEVEL_02,2,Ryllus,0x000528BC,0x00052D40,0x0918CA40,internal_text,0x0010BF50,0x09245C50,0x0010BF50,0x0010BF50,WF-003
LEVEL_02,2,Ryllus,0x000528BC,0x00052D50,0x0918CA50,internal_text,0x0010BF58,0x09245C58,0x0010BF58,0x0010BF58,WF-003
LEVEL_02,2,Ryllus,0x000528BC,0x00052DCC,0x0918CACC,internal_text,0x0010BF50,0x09245C50,0x0010BF50,0x0010BF50,WF-003
LEVEL_02,2,Ryllus,0x000528BC,0x00052DFC,0x0918CAFC,internal_text,0x00070C20,0x091AA920,0x00070C20,MOBY_BlendMobyAnim,WF-003
LEVEL_02,2,Ryllus,0x000528BC,0x00052E2C,0x0918CB2C,internal_text,0x0000E274,0x09147F74,0x0000E274,0x0000E274,WF-003
LEVEL_02,2,Ryllus,0x000528BC,0x00052E48,0x0918CB48,internal_text,0x0000E274,0x09147F74,0x0000E274,0x0000E274,WF-003
LEVEL_02,2,Ryllus,0x000528BC,0x00052E64,0x0918CB64,internal_text,0x0000E274,0x09147F74,0x0000E274,0x0000E274,WF-003
LEVEL_02,2,Ryllus,0x000528BC,0x00052E8C,0x0918CB8C,internal_text,0x0000E2D8,0x09147FD8,0x0000E2D8,0x0000E2D8,WF-003
LEVEL_02,2,Ryllus,0x000528BC,0x00052EA8,0x0918CBA8,internal_text,0x0000E2D8,0x09147FD8,0x0000E2D8,0x0000E2D8,WF-003
LEVEL_02,2,Ryllus,0x000528BC,0x00052EC4,0x0918CBC4,internal_text,0x0000E2D8,0x09147FD8,0x0000E2D8,0x0000E2D8,WF-003
LEVEL_02,2,Ryllus,0x000528BC,0x00052F40,0x0918CC40,internal_text,0x000FBE18,0x09235B18,0x000FBE18,0x000FBE18,WF-003
LEVEL_02,2,Ryllus,0x000528BC,0x00052F64,0x0918CC64,internal_text,0x001BA958,0x092F4658,0x001BA958,0x001BA958,WF-003
LEVEL_02,2,Ryllus,0x000528BC,0x00052F88,0x0918CC88,internal_text,0x001BA958,0x092F4658,0x001BA958,0x001BA958,WF-003
LEVEL_02,2,Ryllus,0x000528BC,0x00052FAC,0x0918CCAC,internal_text,0x001BA958,0x092F4658,0x001BA958,0x001BA958,WF-003
LEVEL_02,2,Ryllus,0x000528BC,0x00053034,0x0918CD34,internal_text,0x0003A778,0x09174478,0x0003A778,0x0003A778,WF-003
LEVEL_02,2,Ryllus,0x000528BC,0x0005308C,0x0918CD8C,internal_text,0x0000E2D8,0x09147FD8,0x0000E2D8,0x0000E2D8,WF-003
LEVEL_02,2,Ryllus,0x000528BC,0x000530A8,0x0918CDA8,internal_text,0x0000E2D8,0x09147FD8,0x0000E2D8,0x0000E2D8,WF-003
LEVEL_02,2,Ryllus,0x000528BC,0x000530C4,0x0918CDC4,internal_text,0x0000E2D8,0x09147FD8,0x0000E2D8,0x0000E2D8,WF-003
LEVEL_02,2,Ryllus,0x000528BC,0x00053140,0x0918CE40,internal_text,0x000FBE18,0x09235B18,0x000FBE18,0x000FBE18,WF-003
LEVEL_02,2,Ryllus,0x000528BC,0x0005316C,0x0918CE6C,internal_text,0x00039028,0x09172D28,0x00039028,0x00039028,WF-003
LEVEL_02,2,Ryllus,0x000528BC,0x00053174,0x0918CE74,internal_text,0x00039054,0x09172D54,0x00039054,0x00039054,WF-003
LEVEL_02,2,Ryllus,0x000528BC,0x0005317C,0x0918CE7C,internal_text,0x00046DF0,0x09180AF0,0x00046DF0,0x00046DF0,WF-003
LEVEL_02,2,Ryllus,0x000528BC,0x00053198,0x0918CE98,internal_text,0x0000E340,0x09148040,0x0000E340,0x0000E340,WF-003
LEVEL_02,2,Ryllus,0x000528BC,0x000531A8,0x0918CEA8,internal_text,0x00038154,0x09171E54,0x00038154,0x00038154,WF-003
LEVEL_02,2,Ryllus,0x000528BC,0x000531BC,0x0918CEBC,internal_text,0x000463F0,0x091800F0,0x000463F0,0x000463F0,WF-003
LEVEL_02,2,Ryllus,0x000528BC,0x00053250,0x0918CF50,internal_text,0x0017E2B0,0x092B7FB0,0x0017E2B0,0x0017E2B0,WF-003
LEVEL_02,2,Ryllus,0x000528BC,0x000532B8,0x0918CFB8,internal_text,0x000515BC,0x0918B2BC,0x000515BC,0x000515BC,WF-003
LEVEL_02,2,Ryllus,0x000528BC,0x000532EC,0x0918CFEC,internal_text,0x0004FA94,0x09189794,0x0004FA94,0x0004FA94,WF-003
LEVEL_02,2,Ryllus,0x000528BC,0x00053314,0x0918D014,internal_text,0x0000E274,0x09147F74,0x0000E274,0x0000E274,WF-003
LEVEL_02,2,Ryllus,0x000528BC,0x00053330,0x0918D030,internal_text,0x0000E274,0x09147F74,0x0000E274,0x0000E274,WF-003
LEVEL_02,2,Ryllus,0x000528BC,0x0005334C,0x0918D04C,internal_text,0x0000E274,0x09147F74,0x0000E274,0x0000E274,WF-003
LEVEL_02,2,Ryllus,0x000528BC,0x00053374,0x0918D074,internal_text,0x0000E2D8,0x09147FD8,0x0000E2D8,0x0000E2D8,WF-003
LEVEL_02,2,Ryllus,0x000528BC,0x00053390,0x0918D090,internal_text,0x0000E2D8,0x09147FD8,0x0000E2D8,0x0000E2D8,WF-003
LEVEL_02,2,Ryllus,0x000528BC,0x000533AC,0x0918D0AC,internal_text,0x0000E2D8,0x09147FD8,0x0000E2D8,0x0000E2D8,WF-003
LEVEL_02,2,Ryllus,0x000528BC,0x00053428,0x0918D128,internal_text,0x000FBE18,0x09235B18,0x000FBE18,0x000FBE18,WF-003
LEVEL_02,2,Ryllus,0x000528BC,0x00053480,0x0918D180,internal_text,0x0003A7C8,0x091744C8,0x0003A7C8,0x0003A7C8,WF-003
LEVEL_02,2,Ryllus,0x000528BC,0x00053504,0x0918D204,internal_text,0x0003A778,0x09174478,0x0003A778,0x0003A778,WF-003
LEVEL_02,2,Ryllus,0x000528BC,0x00053530,0x0918D230,internal_text,0x000515BC,0x0918B2BC,0x000515BC,0x000515BC,WF-003
LEVEL_02,2,Ryllus,0x000528BC,0x00053564,0x0918D264,internal_text,0x0004FA94,0x09189794,0x0004FA94,0x0004FA94,WF-003
LEVEL_02,2,Ryllus,0x000528BC,0x0005358C,0x0918D28C,internal_text,0x0000E274,0x09147F74,0x0000E274,0x0000E274,WF-003
LEVEL_02,2,Ryllus,0x000528BC,0x000535A8,0x0918D2A8,internal_text,0x0000E274,0x09147F74,0x0000E274,0x0000E274,WF-003
LEVEL_02,2,Ryllus,0x000528BC,0x000535C4,0x0918D2C4,internal_text,0x0000E274,0x09147F74,0x0000E274,0x0000E274,WF-003
LEVEL_02,2,Ryllus,0x000528BC,0x000535EC,0x0918D2EC,internal_text,0x0000E2D8,0x09147FD8,0x0000E2D8,0x0000E2D8,WF-003
LEVEL_02,2,Ryllus,0x000528BC,0x00053608,0x0918D308,internal_text,0x0000E2D8,0x09147FD8,0x0000E2D8,0x0000E2D8,WF-003
LEVEL_02,2,Ryllus,0x000528BC,0x00053624,0x0918D324,internal_text,0x0000E2D8,0x09147FD8,0x0000E2D8,0x0000E2D8,WF-003
LEVEL_02,2,Ryllus,0x000528BC,0x000536A0,0x0918D3A0,internal_text,0x000FBE18,0x09235B18,0x000FBE18,0x000FBE18,WF-003
LEVEL_02,2,Ryllus,0x000528BC,0x000536C4,0x0918D3C4,internal_text,0x000708CC,0x091AA5CC,0x000708CC,0x000708CC,WF-003
LEVEL_02,2,Ryllus,0x000528BC,0x000536E8,0x0918D3E8,internal_text,0x000708F4,0x091AA5F4,0x000708F4,0x000708F4,WF-003
LEVEL_02,2,Ryllus,0x000528BC,0x00053784,0x0918D484,internal_text,0x00070C20,0x091AA920,0x00070C20,MOBY_BlendMobyAnim,WF-003
LEVEL_02,2,Ryllus,0x000528BC,0x0005378C,0x0918D48C,internal_text,0x0010BF88,0x09245C88,0x0010BF88,0x0010BF88,WF-003
LEVEL_02,2,Ryllus,0x000528BC,0x000537C0,0x0918D4C0,internal_text,0x0010BF80,0x09245C80,0x0010BF80,0x0010BF80,WF-003
LEVEL_02,2,Ryllus,0x000528BC,0x000537E4,0x0918D4E4,internal_text,0x00035404,0x0916F104,0x00035404,0x00035404,WF-003
LEVEL_02,2,Ryllus,0x000528BC,0x000537F4,0x0918D4F4,internal_text,0x00035404,0x0916F104,0x00035404,0x00035404,WF-003
LEVEL_02,2,Ryllus,0x000528BC,0x00053840,0x0918D540,internal_text,0x00051978,0x0918B678,0x00051978,0x00051978,WF-003
LEVEL_02,2,Ryllus,0x000528BC,0x000538A4,0x0918D5A4,internal_text,0x00052420,0x0918C120,0x00052420,ht_grindlock_switches,WF-003
LEVEL_02,2,Ryllus,0x0005AD7C,0x0005ADAC,0x09194AAC,internal_text,0x00038600,0x09172300,0x00038600,0x00038600,WF-004
LEVEL_02,2,Ryllus,0x0005AD7C,0x0005ADB4,0x09194AB4,internal_text,0x0004DDC8,0x09187AC8,0x0004DDC8,0x0004DDC8,WF-004
LEVEL_02,2,Ryllus,0x0005AD7C,0x0005ADDC,0x09194ADC,internal_text,0x0000E340,0x09148040,0x0000E340,0x0000E340,WF-004
LEVEL_02,2,Ryllus,0x0005AD7C,0x0005ADF4,0x09194AF4,internal_text,0x0005B028,0x09194D28,0x0005B028,0x0005B028,WF-004
LEVEL_02,2,Ryllus,0x0005AD7C,0x0005ADFC,0x09194AFC,internal_text,0x0005B438,0x09195138,0x0005B438,0x0005B438,WF-004
LEVEL_02,2,Ryllus,0x0005AD7C,0x0005AE38,0x09194B38,internal_text,0x0005A834,0x09194534,0x0005A834,0x0005A834,WF-004
LEVEL_02,2,Ryllus,0x0005AD7C,0x0005AE5C,0x09194B5C,internal_text,0x000ABCF0,0x091E59F0,0x000ABCF0,0x000ABCF0,WF-004
LEVEL_02,2,Ryllus,0x00110924,0x0011098C,0x0924A68C,internal_text,0x0000E340,0x09148040,0x0000E340,0x0000E340,WF-008
LEVEL_02,2,Ryllus,0x00110924,0x001109AC,0x0924A6AC,internal_text,0x0000E340,0x09148040,0x0000E340,0x0000E340,WF-008
LEVEL_02,2,Ryllus,0x00110924,0x00110A08,0x0924A708,internal_text,0x00112200,0x0924BF00,0x00112200,0x00112200,WF-008
LEVEL_02,2,Ryllus,0x00110924,0x00110A18,0x0924A718,internal_text,0x001BB9E4,0x092F56E4,0x001BB9E4,0x001BB9E4,WF-008
LEVEL_02,2,Ryllus,0x00110924,0x00110ACC,0x0924A7CC,internal_text,0x001137D4,0x0924D4D4,0x001137D4,0x001137D4,WF-008
LEVEL_02,2,Ryllus,0x00110924,0x00110AE4,0x0924A7E4,internal_text,0x0010FC8C,0x0924998C,0x0010FC8C,0x0010FC8C,WF-008
LEVEL_02,2,Ryllus,0x00110924,0x00110B14,0x0924A814,internal_text,0x00112200,0x0924BF00,0x00112200,0x00112200,WF-008
LEVEL_02,2,Ryllus,0x00110B40,0x00110B64,0x0924A864,internal_text,0x001137D4,0x0924D4D4,0x001137D4,0x001137D4,WF-009
LEVEL_02,2,Ryllus,0x00110B40,0x00110BC0,0x0924A8C0,internal_text,0x00112200,0x0924BF00,0x00112200,0x00112200,WF-009
LEVEL_02,2,Ryllus,0x00110B40,0x00110BE8,0x0924A8E8,internal_text,0x0011176C,0x0924B46C,0x0011176C,0x0011176C,WF-009
LEVEL_02,2,Ryllus,0x00110B40,0x00110C0C,0x0924A90C,internal_text,0x0000E340,0x09148040,0x0000E340,0x0000E340,WF-009
LEVEL_02,2,Ryllus,0x00110B40,0x00110C2C,0x0924A92C,internal_text,0x0000E340,0x09148040,0x0000E340,0x0000E340,WF-009
LEVEL_02,2,Ryllus,0x00110B40,0x00110C90,0x0924A990,internal_text,0x00112200,0x0924BF00,0x00112200,0x00112200,WF-009
LEVEL_02,2,Ryllus,0x00110B40,0x00110CA0,0x0924A9A0,internal_text,0x001BB9E4,0x092F56E4,0x001BB9E4,0x001BB9E4,WF-009
LEVEL_02,2,Ryllus,0x00110E08,0x00110E34,0x0924AB34,internal_text,0x0011176C,0x0924B46C,0x0011176C,0x0011176C,WF-007
LEVEL_02,2,Ryllus,0x00110E08,0x00110E5C,0x0924AB5C,internal_text,0x0000E340,0x09148040,0x0000E340,0x0000E340,WF-007
LEVEL_02,2,Ryllus,0x00110E08,0x00110EDC,0x0924ABDC,internal_text,0x0000E340,0x09148040,0x0000E340,0x0000E340,WF-007
LEVEL_02,2,Ryllus,0x00110E08,0x00110F04,0x0924AC04,internal_text,0x0000E340,0x09148040,0x0000E340,0x0000E340,WF-007
LEVEL_02,2,Ryllus,0x00110E08,0x00110F60,0x0924AC60,internal_text,0x001BB9E4,0x092F56E4,0x001BB9E4,0x001BB9E4,WF-007
LEVEL_02,2,Ryllus,0x00110E08,0x00111080,0x0924AD80,internal_text,0x0001A348,0x09154048,0x0001A348,0x0001A348,WF-007
LEVEL_02,2,Ryllus,0x00110E08,0x001110F4,0x0924ADF4,internal_text,0x00112200,0x0924BF00,0x00112200,0x00112200,WF-007
LEVEL_02,2,Ryllus,0x001137D4,0x00113810,0x0924D510,internal_text,0x00111204,0x0924AF04,0x00111204,0x00111204,WF-010
LEVEL_02,2,Ryllus,0x001137D4,0x001138E8,0x0924D5E8,internal_text,0x0000E340,0x09148040,0x0000E340,0x0000E340,WF-010
LEVEL_02,2,Ryllus,0x001137D4,0x00113968,0x0924D668,internal_text,0x00011414,0x0914B114,0x00011414,0x00011414,WF-010
LEVEL_02,2,Ryllus,0x001137D4,0x001139A8,0x0924D6A8,internal_text,0x0000E340,0x09148040,0x0000E340,0x0000E340,WF-010
LEVEL_02,2,Ryllus,0x001137D4,0x00113A20,0x0924D720,internal_text,0x00011414,0x0914B114,0x00011414,0x00011414,WF-010
LEVEL_02,2,Ryllus,0x001137D4,0x00113A48,0x0924D748,internal_text,0x001C342C,0x092FD12C,0x001C342C,0x001C342C,WF-010
LEVEL_02,2,Ryllus,0x001137D4,0x00113A80,0x0924D780,internal_text,0x001BA848,0x092F4548,0x001BA848,0x001BA848,WF-010
LEVEL_02,2,Ryllus,0x001137D4,0x00113A8C,0x0924D78C,internal_text,0x001BA970,0x092F4670,0x001BA970,0x001BA970,WF-010
LEVEL_02,2,Ryllus,0x001137D4,0x00113AB8,0x0924D7B8,internal_text,0x001C342C,0x092FD12C,0x001C342C,0x001C342C,WF-010
LEVEL_02,2,Ryllus,0x001137D4,0x00113B50,0x0924D850,internal_text,0x0001A348,0x09154048,0x0001A348,0x0001A348,WF-010
LEVEL_02,2,Ryllus,0x001137D4,0x00113B84,0x0924D884,internal_text,0x00019CB4,0x091539B4,0x00019CB4,0x00019CB4,WF-010
LEVEL_02,2,Ryllus,0x001137D4,0x00113C60,0x0924D960,internal_text,0x000730AC,0x091ACDAC,0x000730AC,0x000730AC,WF-010
LEVEL_02,2,Ryllus,0x001137D4,0x00113CFC,0x0924D9FC,internal_text,0x000906BC,0x091CA3BC,0x000906BC,0x000906BC,WF-010
LEVEL_02,2,Ryllus,0x001292F0,0x00129354,0x09263054,internal_text,0x00127C10,0x09261910,0x00127C10,0x00127C10,WF-032
LEVEL_02,2,Ryllus,0x001292F0,0x0012935C,0x0926305C,internal_text,0x0007B524,0x091B5224,0x0007B524,0x0007B524,WF-032
LEVEL_02,2,Ryllus,0x001292F0,0x001293C0,0x092630C0,internal_text,0x0002FCE8,0x091699E8,0x0002FCE8,0x0002FCE8,WF-032
LEVEL_02,2,Ryllus,0x001292F0,0x001293CC,0x092630CC,internal_text,0x001291BC,0x09262EBC,0x001291BC,0x001291BC,WF-032
LEVEL_02,2,Ryllus,0x001292F0,0x00129420,0x09263120,internal_text,0x0000F800,0x09149500,0x0000F800,0x0000F800,WF-032
LEVEL_02,2,Ryllus,0x001292F0,0x001295BC,0x092632BC,internal_text,0x0000E340,0x09148040,0x0000E340,0x0000E340,WF-032
LEVEL_02,2,Ryllus,0x001292F0,0x001295FC,0x092632FC,internal_text,0x0000E340,0x09148040,0x0000E340,0x0000E340,WF-032
LEVEL_02,2,Ryllus,0x001292F0,0x00129618,0x09263318,internal_text,0x0000E340,0x09148040,0x0000E340,0x0000E340,WF-032
LEVEL_02,2,Ryllus,0x001292F0,0x00129654,0x09263354,internal_text,0x0000E340,0x09148040,0x0000E340,0x0000E340,WF-032
LEVEL_02,2,Ryllus,0x001292F0,0x00129670,0x09263370,internal_text,0x0000E340,0x09148040,0x0000E340,0x0000E340,WF-032
LEVEL_02,2,Ryllus,0x001292F0,0x0012968C,0x0926338C,internal_text,0x0000E340,0x09148040,0x0000E340,0x0000E340,WF-032
LEVEL_02,2,Ryllus,0x001292F0,0x00129808,0x09263508,internal_text,0x000723EC,0x091AC0EC,0x000723EC,0x000723EC,WF-032
LEVEL_02,2,Ryllus,0x001292F0,0x00129824,0x09263524,internal_text,0x0007255C,0x091AC25C,0x0007255C,0x0007255C,WF-032
LEVEL_02,2,Ryllus,0x001292F0,0x00129864,0x09263564,internal_text,0x0000E340,0x09148040,0x0000E340,0x0000E340,WF-032
LEVEL_02,2,Ryllus,0x001292F0,0x001298D4,0x092635D4,internal_text,0x00128EF8,0x09262BF8,0x00128EF8,0x00128EF8,WF-032
LEVEL_02,2,Ryllus,0x001292F0,0x00129948,0x09263648,internal_text,0x0000E340,0x09148040,0x0000E340,0x0000E340,WF-032
LEVEL_02,2,Ryllus,0x001292F0,0x00129964,0x09263664,internal_text,0x0000E340,0x09148040,0x0000E340,0x0000E340,WF-032
LEVEL_02,2,Ryllus,0x001292F0,0x00129980,0x09263680,internal_text,0x0000E340,0x09148040,0x0000E340,0x0000E340,WF-032
LEVEL_02,2,Ryllus,0x001292F0,0x001299F8,0x092636F8,internal_text,0x00127C10,0x09261910,0x00127C10,0x00127C10,WF-032
LEVEL_02,2,Ryllus,0x001292F0,0x00129A0C,0x0926370C,internal_text,0x00127C10,0x09261910,0x00127C10,0x00127C10,WF-032
LEVEL_02,2,Ryllus,0x0012ABC4,0x0012AC5C,0x0926495C,internal_text,0x001BB9E4,0x092F56E4,0x001BB9E4,0x001BB9E4,WF-026
LEVEL_02,2,Ryllus,0x0012ABC4,0x0012AC84,0x09264984,internal_text,0x001BB9E4,0x092F56E4,0x001BB9E4,0x001BB9E4,WF-026
LEVEL_02,2,Ryllus,0x0012ABC4,0x0012ACD0,0x092649D0,internal_text,0x001CB4C8,0x093051C8,0x001CB4C8,0x001CB4C8,WF-026
LEVEL_02,2,Ryllus,0x0012ABC4,0x0012AD20,0x09264A20,internal_text,0x0000E340,0x09148040,0x0000E340,0x0000E340,WF-026
LEVEL_02,2,Ryllus,0x0012ABC4,0x0012AEBC,0x09264BBC,internal_text,0x0012B2C8,0x09264FC8,0x0012B2C8,0x0012B2C8,WF-026
LEVEL_02,2,Ryllus,0x0012ABC4,0x0012AEF8,0x09264BF8,internal_text,0x0012B368,0x09265068,0x0012B368,0x0012B368,WF-026
LEVEL_02,2,Ryllus,0x0012ABC4,0x0012AF00,0x09264C00,internal_text,0x0012B248,0x09264F48,0x0012B248,0x0012B248,WF-026
LEVEL_02,2,Ryllus,0x0012ABC4,0x0012AF48,0x09264C48,internal_text,0x00070C20,0x091AA920,0x00070C20,MOBY_BlendMobyAnim,WF-026
LEVEL_02,2,Ryllus,0x0012ABC4,0x0012AF60,0x09264C60,internal_text,0x000708F4,0x091AA5F4,0x000708F4,0x000708F4,WF-026
LEVEL_02,2,Ryllus,0x0012ABC4,0x0012AF78,0x09264C78,internal_text,0x0012B368,0x09265068,0x0012B368,0x0012B368,WF-026
LEVEL_02,2,Ryllus,0x0012ABC4,0x0012AF80,0x09264C80,internal_text,0x0012B248,0x09264F48,0x0012B248,0x0012B248,WF-026
LEVEL_02,2,Ryllus,0x0012AFAC,0x0012B044,0x09264D44,internal_text,0x001BB9E4,0x092F56E4,0x001BB9E4,0x001BB9E4,WF-025
LEVEL_02,2,Ryllus,0x0012AFAC,0x0012B06C,0x09264D6C,internal_text,0x001BB9E4,0x092F56E4,0x001BB9E4,0x001BB9E4,WF-025
LEVEL_02,2,Ryllus,0x0012AFAC,0x0012B0C0,0x09264DC0,internal_text,0x001BB9E4,0x092F56E4,0x001BB9E4,0x001BB9E4,WF-025
LEVEL_02,2,Ryllus,0x0012AFAC,0x0012B11C,0x09264E1C,internal_text,0x0000E340,0x09148040,0x0000E340,0x0000E340,WF-025
LEVEL_02,2,Ryllus,0x0012AFAC,0x0012B1B0,0x09264EB0,internal_text,0x0012B2C8,0x09264FC8,0x0012B2C8,0x0012B2C8,WF-025
LEVEL_02,2,Ryllus,0x0012AFAC,0x0012B1D4,0x09264ED4,internal_text,0x0012B248,0x09264F48,0x0012B248,0x0012B248,WF-025
LEVEL_02,2,Ryllus,0x0012B824,0x0012B88C,0x0926558C,internal_text,0x0000E340,0x09148040,0x0000E340,0x0000E340,WF-057
LEVEL_02,2,Ryllus,0x0012B824,0x0012B8F4,0x092655F4,internal_text,0x001BB9E4,0x092F56E4,0x001BB9E4,0x001BB9E4,WF-057
LEVEL_02,2,Ryllus,0x0012B824,0x0012B9B4,0x092656B4,internal_text,0x0000F014,0x09148D14,0x0000F014,0x0000F014,WF-057
LEVEL_02,2,Ryllus,0x0012B824,0x0012BA5C,0x0926575C,internal_text,0x0000F014,0x09148D14,0x0000F014,0x0000F014,WF-057
LEVEL_02,2,Ryllus,0x0012B824,0x0012BAC0,0x092657C0,internal_text,0x000FA17C,0x09233E7C,0x000FA17C,0x000FA17C,WF-057
LEVEL_02,2,Ryllus,0x0012B824,0x0012BAD0,0x092657D0,internal_text,0x000FA6A4,0x092343A4,0x000FA6A4,0x000FA6A4,WF-057
LEVEL_02,2,Ryllus,0x0013B798,0x0013B7F4,0x092754F4,internal_text,0x0013B214,0x09274F14,0x0013B214,0x0013B214,WF-031
LEVEL_02,2,Ryllus,0x0013B798,0x0013B854,0x09275554,internal_text,0x000723EC,0x091AC0EC,0x000723EC,0x000723EC,WF-031
LEVEL_02,2,Ryllus,0x0013B798,0x0013B8AC,0x092755AC,internal_text,0x0000E340,0x09148040,0x0000E340,0x0000E340,WF-031
LEVEL_02,2,Ryllus,0x0013B798,0x0013B930,0x09275630,internal_text,0x0007255C,0x091AC25C,0x0007255C,0x0007255C,WF-031
LEVEL_02,2,Ryllus,0x0013B798,0x0013B960,0x09275660,internal_text,0x000E2F00,0x0921CC00,0x000E2F00,0x000E2F00,WF-031
LEVEL_02,2,Ryllus,0x0013B798,0x0013BA1C,0x0927571C,internal_text,0x000730AC,0x091ACDAC,0x000730AC,0x000730AC,WF-031
LEVEL_02,2,Ryllus,0x0013B798,0x0013BAD0,0x092757D0,internal_text,0x000906BC,0x091CA3BC,0x000906BC,0x000906BC,WF-031
LEVEL_02,2,Ryllus,0x0013B798,0x0013BB10,0x09275810,internal_text,0x0013B214,0x09274F14,0x0013B214,0x0013B214,WF-031
LEVEL_02,2,Ryllus,0x0013B798,0x0013BB2C,0x0927582C,internal_text,0x0007255C,0x091AC25C,0x0007255C,0x0007255C,WF-031
LEVEL_02,2,Ryllus,0x0013B798,0x0013BB4C,0x0927584C,internal_text,0x0008549C,0x091BF19C,0x0008549C,0x0008549C,WF-031
LEVEL_02,2,Ryllus,0x0013B798,0x0013BB94,0x09275894,internal_text,0x000723EC,0x091AC0EC,0x000723EC,0x000723EC,WF-031
LEVEL_02,2,Ryllus,0x0013B798,0x0013BBDC,0x092758DC,internal_text,0x000723EC,0x091AC0EC,0x000723EC,0x000723EC,WF-031
LEVEL_02,2,Ryllus,0x0013B798,0x0013BBF8,0x092758F8,internal_text,0x000358DC,0x0916F5DC,0x000358DC,0x000358DC,WF-031
LEVEL_02,2,Ryllus,0x0013B798,0x0013BC30,0x09275930,internal_text,0x0007255C,0x091AC25C,0x0007255C,0x0007255C,WF-031
LEVEL_02,2,Ryllus,0x0013B798,0x0013BC7C,0x0927597C,internal_text,0x000723EC,0x091AC0EC,0x000723EC,0x000723EC,WF-031
LEVEL_02,2,Ryllus,0x0013B798,0x0013BCF8,0x092759F8,internal_text,0x000702AC,0x091A9FAC,0x000702AC,MOBY_DestroyMoby,WF-031
LEVEL_02,2,Ryllus,0x0013B798,0x0013BDFC,0x09275AFC,internal_text,0x000730AC,0x091ACDAC,0x000730AC,0x000730AC,WF-031
LEVEL_02,2,Ryllus,0x0013B798,0x0013BEB0,0x09275BB0,internal_text,0x000906BC,0x091CA3BC,0x000906BC,0x000906BC,WF-031
LEVEL_02,2,Ryllus,0x00141D1C,0x00141D84,0x0927BA84,internal_text,0x0000E340,0x09148040,0x0000E340,0x0000E340,WF-043
LEVEL_02,2,Ryllus,0x00141D1C,0x00141DFC,0x0927BAFC,internal_text,0x000702AC,0x091A9FAC,0x000702AC,MOBY_DestroyMoby,WF-043
LEVEL_02,2,Ryllus,0x00141D1C,0x00141E0C,0x0927BB0C,internal_text,0x0014255C,0x0927C25C,0x0014255C,0x0014255C,WF-043
LEVEL_02,2,Ryllus,0x00141D1C,0x00141EB8,0x0927BBB8,internal_text,0x00142318,0x0927C018,0x00142318,0x00142318,WF-043
LEVEL_02,2,Ryllus,0x00141D1C,0x00141EE0,0x0927BBE0,internal_text,0x000357C4,0x0916F4C4,0x000357C4,0x000357C4,WF-043
LEVEL_02,2,Ryllus,0x00141D1C,0x00141F28,0x0927BC28,internal_text,0x000723EC,0x091AC0EC,0x000723EC,0x000723EC,WF-043
LEVEL_02,2,Ryllus,0x00141D1C,0x00141F30,0x0927BC30,internal_text,0x001424C0,0x0927C1C0,0x001424C0,0x001424C0,WF-043
LEVEL_02,2,Ryllus,0x00141D1C,0x00141F40,0x0927BC40,internal_text,0x00142444,0x0927C144,0x00142444,0x00142444,WF-043
LEVEL_02,2,Ryllus,0x00141D1C,0x00141FBC,0x0927BCBC,internal_text,0x000723EC,0x091AC0EC,0x000723EC,0x000723EC,WF-043
LEVEL_02,2,Ryllus,0x00141D1C,0x00141FC4,0x0927BCC4,internal_text,0x001424C0,0x0927C1C0,0x001424C0,0x001424C0,WF-043
LEVEL_02,2,Ryllus,0x00141D1C,0x00141FE0,0x0927BCE0,internal_text,0x000F1C44,0x0922B944,0x000F1C44,0x000F1C44,WF-043
LEVEL_02,2,Ryllus,0x00141D1C,0x00141FF0,0x0927BCF0,internal_text,0x0001C1B4,0x09155EB4,0x0001C1B4,0x0001C1B4,WF-043
LEVEL_02,2,Ryllus,0x00141D1C,0x0014208C,0x0927BD8C,internal_text,0x000723EC,0x091AC0EC,0x000723EC,0x000723EC,WF-043
LEVEL_02,2,Ryllus,0x00165740,0x001657B4,0x0929F4B4,internal_text,0x0000E340,0x09148040,0x0000E340,0x0000E340,WF-055
LEVEL_02,2,Ryllus,0x00165740,0x00165848,0x0929F548,internal_text,0x000730AC,0x091ACDAC,0x000730AC,0x000730AC,WF-055
LEVEL_02,2,Ryllus,0x00165740,0x001658E4,0x0929F5E4,internal_text,0x000906BC,0x091CA3BC,0x000906BC,0x000906BC,WF-055
LEVEL_02,2,Ryllus,0x00165740,0x00165950,0x0929F650,internal_text,0x00165D4C,0x0929FA4C,0x00165D4C,0x00165D4C,WF-055
LEVEL_02,2,Ryllus,0x00165740,0x00165960,0x0929F660,internal_text,0x00165CE4,0x0929F9E4,0x00165CE4,0x00165CE4,WF-055
LEVEL_02,2,Ryllus,0x00166100,0x0016613C,0x0929FE3C,internal_text,0x0016609C,0x0929FD9C,0x0016609C,0x0016609C,WF-037
LEVEL_02,2,Ryllus,0x00166100,0x00166154,0x0929FE54,internal_text,0x001660C4,0x0929FDC4,0x001660C4,0x001660C4,WF-037
LEVEL_02,2,Ryllus,0x00166100,0x00166170,0x0929FE70,internal_text,0x0016609C,0x0929FD9C,0x0016609C,0x0016609C,WF-037
LEVEL_02,2,Ryllus,0x00166100,0x001661A8,0x0929FEA8,internal_text,0x0000E340,0x09148040,0x0000E340,0x0000E340,WF-037
LEVEL_02,2,Ryllus,0x00166100,0x001662F0,0x0929FFF0,internal_text,0x000730AC,0x091ACDAC,0x000730AC,0x000730AC,WF-037
LEVEL_02,2,Ryllus,0x00166100,0x0016638C,0x092A008C,internal_text,0x000906BC,0x091CA3BC,0x000906BC,0x000906BC,WF-037
LEVEL_02,2,Ryllus,0x00166100,0x00166410,0x092A0110,internal_text,0x0016609C,0x0929FD9C,0x0016609C,0x0016609C,WF-037
LEVEL_02,2,Ryllus,0x00166100,0x00166450,0x092A0150,internal_text,0x0016609C,0x0929FD9C,0x0016609C,0x0016609C,WF-037
LEVEL_02,2,Ryllus,0x00166100,0x0016648C,0x092A018C,internal_text,0x0000E340,0x09148040,0x0000E340,0x0000E340,WF-037
LEVEL_02,2,Ryllus,0x00166100,0x001664F0,0x092A01F0,internal_text,0x001660CC,0x0929FDCC,0x001660CC,0x001660CC,WF-037
LEVEL_02,2,Ryllus,0x00166100,0x001665C4,0x092A02C4,internal_text,0x000730AC,0x091ACDAC,0x000730AC,0x000730AC,WF-037
LEVEL_02,2,Ryllus,0x00166100,0x00166660,0x092A0360,internal_text,0x000906BC,0x091CA3BC,0x000906BC,0x000906BC,WF-037
LEVEL_02,2,Ryllus,0x00166100,0x0016670C,0x092A040C,internal_text,0x0000E340,0x09148040,0x0000E340,0x0000E340,WF-037
LEVEL_02,2,Ryllus,0x00166100,0x00166768,0x092A0468,internal_text,0x00022FD0,0x0915CCD0,0x00022FD0,0x00022FD0,WF-037
LEVEL_02,2,Ryllus,0x00166100,0x00166770,0x092A0470,internal_text,0x001660CC,0x0929FDCC,0x001660CC,0x001660CC,WF-037
LEVEL_02,2,Ryllus,0x00166100,0x00166844,0x092A0544,internal_text,0x000730AC,0x091ACDAC,0x000730AC,0x000730AC,WF-037
LEVEL_02,2,Ryllus,0x00166100,0x001668E0,0x092A05E0,internal_text,0x000906BC,0x091CA3BC,0x000906BC,0x000906BC,WF-037
LEVEL_02,2,Ryllus,0x00166100,0x00166AA0,0x092A07A0,internal_text,0x000730AC,0x091ACDAC,0x000730AC,0x000730AC,WF-037
LEVEL_02,2,Ryllus,0x00166100,0x00166B3C,0x092A083C,internal_text,0x000906BC,0x091CA3BC,0x000906BC,0x000906BC,WF-037
LEVEL_02,2,Ryllus,0x0016F880,0x0016F92C,0x092A962C,internal_text,0x000723EC,0x091AC0EC,0x000723EC,0x000723EC,WF-053
LEVEL_02,2,Ryllus,0x0016F880,0x0016F968,0x092A9668,internal_text,0x0000E340,0x09148040,0x0000E340,0x0000E340,WF-053
LEVEL_02,2,Ryllus,0x0016F880,0x0016FA38,0x092A9738,internal_text,0x00022F04,0x0915CC04,0x00022F04,0x00022F04,WF-053
LEVEL_02,2,Ryllus,0x0016F880,0x0016FA40,0x092A9740,internal_text,0x0007255C,0x091AC25C,0x0007255C,0x0007255C,WF-053
LEVEL_02,2,Ryllus,0x0016F880,0x0016FA4C,0x092A974C,internal_text,0x000702AC,0x091A9FAC,0x000702AC,MOBY_DestroyMoby,WF-053
LEVEL_02,2,Ryllus,0x0016F880,0x0016FAA8,0x092A97A8,internal_text,0x000730AC,0x091ACDAC,0x000730AC,0x000730AC,WF-053
LEVEL_02,2,Ryllus,0x0016F880,0x0016FB5C,0x092A985C,internal_text,0x000906BC,0x091CA3BC,0x000906BC,0x000906BC,WF-053
LEVEL_02,2,Ryllus,0x001754AC,0x001754EC,0x092AF1EC,internal_text,0x00174738,0x092AE438,0x00174738,0x00174738,WF-006
LEVEL_02,2,Ryllus,0x001754AC,0x00175508,0x092AF208,internal_text,0x0000E340,0x09148040,0x0000E340,0x0000E340,WF-006
LEVEL_02,2,Ryllus,0x001754AC,0x00175550,0x092AF250,internal_text,0x001BB9E4,0x092F56E4,0x001BB9E4,0x001BB9E4,WF-006
LEVEL_02,2,Ryllus,0x001754AC,0x001755C4,0x092AF2C4,internal_text,0x00174954,0x092AE654,0x00174954,0x00174954,WF-006
LEVEL_02,2,Ryllus,0x001754AC,0x00175624,0x092AF324,internal_text,0x0001A348,0x09154048,0x0001A348,0x0001A348,WF-006
LEVEL_02,2,Ryllus,0x001754AC,0x0017569C,0x092AF39C,internal_text,0x00174738,0x092AE438,0x00174738,0x00174738,WF-006
LEVEL_02,2,Ryllus,0x001754AC,0x001756D0,0x092AF3D0,internal_text,0x000FA17C,0x09233E7C,0x000FA17C,0x000FA17C,WF-006
LEVEL_02,2,Ryllus,0x001754AC,0x001756E0,0x092AF3E0,internal_text,0x000FDE94,0x09237B94,0x000FDE94,0x000FDE94,WF-006
LEVEL_02,2,Ryllus,0x001754AC,0x0017575C,0x092AF45C,internal_text,0x00174954,0x092AE654,0x00174954,0x00174954,WF-006
LEVEL_02,2,Ryllus,0x001754AC,0x001757BC,0x092AF4BC,internal_text,0x0001A348,0x09154048,0x0001A348,0x0001A348,WF-006
LEVEL_02,2,Ryllus,0x001A60F0,0x001A61A8,0x092DFEA8,internal_text,0x0000E340,0x09148040,0x0000E340,0x0000E340,WF-012
LEVEL_02,2,Ryllus,0x001A60F0,0x001A61B8,0x092DFEB8,internal_text,0x000FA7C8,0x092344C8,0x000FA7C8,0x000FA7C8,WF-012
LEVEL_02,2,Ryllus,0x001A60F0,0x001A6230,0x092DFF30,internal_text,0x001A6390,0x092E0090,0x001A6390,0x001A6390,WF-012
LEVEL_02,2,Ryllus,0x001A60F0,0x001A625C,0x092DFF5C,internal_text,0x001A65D8,0x092E02D8,0x001A65D8,0x001A65D8,WF-012
LEVEL_02,2,Ryllus,0x001A60F0,0x001A6284,0x092DFF84,internal_text,0x001A6C68,0x092E0968,0x001A6C68,0x001A6C68,WF-012
LEVEL_02,2,Ryllus,0x001A60F0,0x001A62B0,0x092DFFB0,internal_text,0x001A748C,0x092E118C,0x001A748C,0x001A748C,WF-012
LEVEL_02,2,Ryllus,0x001A6844,0x001A6894,0x092E0594,internal_text,0x0000E340,0x09148040,0x0000E340,0x0000E340,WF-011
LEVEL_02,2,Ryllus,0x001A6844,0x001A68B0,0x092E05B0,internal_text,0x0000E340,0x09148040,0x0000E340,0x0000E340,WF-011
LEVEL_02,2,Ryllus,0x001A6844,0x001A68E4,0x092E05E4,internal_text,0x001BB9E4,0x092F56E4,0x001BB9E4,0x001BB9E4,WF-011
LEVEL_02,2,Ryllus,0x001A6844,0x001A6918,0x092E0618,internal_text,0x000FA7C8,0x092344C8,0x000FA7C8,0x000FA7C8,WF-011
LEVEL_03,3,Kalidon,0x0000E598,0x0000E5CC,0x091482CC,internal_text,0x0000E380,0x09148080,0x0000E380,0x0000E380,WF-005
LEVEL_03,3,Kalidon,0x0000E598,0x0000E5E8,0x091482E8,internal_text,0x0000E380,0x09148080,0x0000E380,0x0000E380,WF-005
LEVEL_03,3,Kalidon,0x0000E598,0x0000E604,0x09148304,internal_text,0x0000E380,0x09148080,0x0000E380,0x0000E380,WF-005
LEVEL_03,3,Kalidon,0x0000E80C,0x0000E848,0x09148548,internal_text,0x0000E380,0x09148080,0x0000E380,0x0000E380,WF-013
LEVEL_03,3,Kalidon,0x0000E80C,0x0000E86C,0x0914856C,internal_text,0x0000E380,0x09148080,0x0000E380,0x0000E380,WF-013
LEVEL_03,3,Kalidon,0x0000E80C,0x0000E8A8,0x091485A8,internal_text,0x001BA680,0x092F4380,0x001BA680,0x001BA680,WF-013
LEVEL_03,3,Kalidon,0x00010B28,0x00010C20,0x0914A920,internal_text,0x0000F2A8,0x09148FA8,0x0000F2A8,0x0000F2A8,WF-015
LEVEL_03,3,Kalidon,0x00010B28,0x00010C58,0x0914A958,internal_text,0x0000E598,0x09148298,0x0000E598,0x0000E598,WF-015
LEVEL_03,3,Kalidon,0x00010B28,0x00010DC4,0x0914AAC4,internal_text,0x0000E380,0x09148080,0x0000E380,0x0000E380,WF-015
LEVEL_03,3,Kalidon,0x00010B28,0x00010DD8,0x0914AAD8,internal_text,0x000F324C,0x0922CF4C,0x000F324C,0x000F324C,WF-015
LEVEL_03,3,Kalidon,0x00028DCC,0x00028E80,0x09162B80,internal_text,0x001CA164,0x09303E64,0x001CA164,0x001CA164,WF-014
LEVEL_03,3,Kalidon,0x00028DCC,0x00028EB8,0x09162BB8,internal_text,0x0000E380,0x09148080,0x0000E380,0x0000E380,WF-014
LEVEL_03,3,Kalidon,0x00028DCC,0x00028EDC,0x09162BDC,internal_text,0x0000E380,0x09148080,0x0000E380,0x0000E380,WF-014
LEVEL_03,3,Kalidon,0x00028DCC,0x00028F00,0x09162C00,internal_text,0x0000E380,0x09148080,0x0000E380,0x0000E380,WF-014
LEVEL_03,3,Kalidon,0x00048718,0x00048840,0x09182540,internal_text,0x000F2AB8,0x0922C7B8,0x000F2AB8,0x000F2AB8,WF-002
LEVEL_03,3,Kalidon,0x00048718,0x0004884C,0x0918254C,internal_text,0x001B95F4,0x092F32F4,0x001B95F4,0x001B95F4,WF-002
LEVEL_03,3,Kalidon,0x00048718,0x00048978,0x09182678,internal_text,0x0000E380,0x09148080,0x0000E380,0x0000E380,WF-002
LEVEL_03,3,Kalidon,0x00048718,0x000489A0,0x091826A0,internal_text,0x0000E400,0x09148100,0x0000E400,0x0000E400,WF-002
LEVEL_03,3,Kalidon,0x00048718,0x000489B4,0x091826B4,internal_text,0x000F3E3C,0x0922DB3C,0x000F3E3C,0x000F3E3C,WF-002
LEVEL_03,3,Kalidon,0x00048718,0x00048A74,0x09182774,internal_text,0x001B95F4,0x092F32F4,0x001B95F4,0x001B95F4,WF-002
LEVEL_03,3,Kalidon,0x00048AB0,0x00048C04,0x09182904,internal_text,0x00031420,0x0916B120,0x00031420,0x00031420,WF-001
LEVEL_03,3,Kalidon,0x00048AB0,0x00048CB0,0x091829B0,internal_text,0x00048718,0x09182418,0x00048718,0x00048718,WF-001
LEVEL_03,3,Kalidon,0x00048AB0,0x00048CC0,0x091829C0,internal_text,0x00047924,0x09181624,0x00047924,0x00047924,WF-001
LEVEL_03,3,Kalidon,0x00048AB0,0x00048CC8,0x091829C8,internal_text,0x00047F74,0x09181C74,0x00047F74,0x00047F74,WF-001
LEVEL_03,3,Kalidon,0x00048AB0,0x00048CD0,0x091829D0,internal_text,0x00047E84,0x09181B84,0x00047E84,0x00047E84,WF-001
LEVEL_03,3,Kalidon,0x00048AB0,0x00048D14,0x09182A14,internal_text,0x00031420,0x0916B120,0x00031420,0x00031420,WF-001
LEVEL_03,3,Kalidon,0x00048AB0,0x00048DC4,0x09182AC4,internal_text,0x00047924,0x09181624,0x00047924,0x00047924,WF-001
LEVEL_03,3,Kalidon,0x00048AB0,0x00048DCC,0x09182ACC,internal_text,0x00047F74,0x09181C74,0x00047F74,0x00047F74,WF-001
LEVEL_03,3,Kalidon,0x00048AB0,0x00048DD8,0x09182AD8,internal_text,0x00048718,0x09182418,0x00048718,0x00048718,WF-001
LEVEL_03,3,Kalidon,0x00048AB0,0x00048DE8,0x09182AE8,internal_text,0x00047A50,0x09181750,0x00047A50,0x00047A50,WF-001
LEVEL_03,3,Kalidon,0x00048AB0,0x00048DF0,0x09182AF0,internal_text,0x00047E84,0x09181B84,0x00047E84,0x00047E84,WF-001
LEVEL_03,3,Kalidon,0x00048AB0,0x00048EA8,0x09182BA8,internal_text,0x00034640,0x0916E340,0x00034640,0x00034640,WF-001
LEVEL_03,3,Kalidon,0x00048AB0,0x00048ED4,0x09182BD4,internal_text,0x0004071C,0x0917A41C,0x0004071C,0x0004071C,WF-001
LEVEL_03,3,Kalidon,0x00048AB0,0x00048EF4,0x09182BF4,internal_text,0x0006A590,0x091A4290,0x0006A590,0x0006A590,WF-001
LEVEL_03,3,Kalidon,0x00048AB0,0x00048F40,0x09182C40,internal_text,0x0006AA64,0x091A4764,0x0006AA64,0x0006AA64,WF-001
LEVEL_03,3,Kalidon,0x00048AB0,0x00048F58,0x09182C58,internal_text,0x00075FD8,0x091AFCD8,0x00075FD8,0x00075FD8,WF-001
LEVEL_03,3,Kalidon,0x00048AB0,0x00048F70,0x09182C70,internal_text,0x0006A64C,0x091A434C,0x0006A64C,MOBY_SnapMobyAnim,WF-001
LEVEL_03,3,Kalidon,0x00048AB0,0x00048FFC,0x09182CFC,internal_text,0x00048718,0x09182418,0x00048718,0x00048718,WF-001
LEVEL_03,3,Kalidon,0x00048AB0,0x00049054,0x09182D54,internal_text,0x0000E380,0x09148080,0x0000E380,0x0000E380,WF-001
LEVEL_03,3,Kalidon,0x00048AB0,0x00049088,0x09182D88,internal_text,0x0000E380,0x09148080,0x0000E380,0x0000E380,WF-001
LEVEL_03,3,Kalidon,0x00048AB0,0x00049098,0x09182D98,internal_text,0x00047A50,0x09181750,0x00047A50,0x00047A50,WF-001
LEVEL_03,3,Kalidon,0x00048AB0,0x000490A0,0x09182DA0,internal_text,0x00047E84,0x09181B84,0x00047E84,0x00047E84,WF-001
LEVEL_03,3,Kalidon,0x00048AB0,0x000490AC,0x09182DAC,internal_text,0x00034690,0x0916E390,0x00034690,0x00034690,WF-001
LEVEL_03,3,Kalidon,0x00048AB0,0x000490F4,0x09182DF4,internal_text,0x00034690,0x0916E390,0x00034690,0x00034690,WF-001
LEVEL_03,3,Kalidon,0x00048AB0,0x00049124,0x09182E24,internal_text,0x00034640,0x0916E340,0x00034640,0x00034640,WF-001
LEVEL_03,3,Kalidon,0x00048AB0,0x0004913C,0x09182E3C,internal_text,0x00048110,0x09181E10,0x00048110,0x00048110,WF-001
LEVEL_03,3,Kalidon,0x00048AB0,0x00049144,0x09182E44,internal_text,0x00048150,0x09181E50,0x00048150,0x00048150,WF-001
LEVEL_03,3,Kalidon,0x00048AB0,0x00049150,0x09182E50,internal_text,0x00048718,0x09182418,0x00048718,0x00048718,WF-001
LEVEL_03,3,Kalidon,0x00048AB0,0x00049160,0x09182E60,internal_text,0x00047A50,0x09181750,0x00047A50,0x00047A50,WF-001
LEVEL_03,3,Kalidon,0x00048AB0,0x0004916C,0x09182E6C,internal_text,0x00034690,0x0916E390,0x00034690,0x00034690,WF-001
LEVEL_03,3,Kalidon,0x00048AB0,0x00049194,0x09182E94,internal_text,0x00048110,0x09181E10,0x00048110,0x00048110,WF-001
LEVEL_03,3,Kalidon,0x00048AB0,0x0004919C,0x09182E9C,internal_text,0x00048150,0x09181E50,0x00048150,0x00048150,WF-001
LEVEL_03,3,Kalidon,0x00048AB0,0x000491A8,0x09182EA8,internal_text,0x00048718,0x09182418,0x00048718,0x00048718,WF-001
LEVEL_03,3,Kalidon,0x00048AB0,0x000491B8,0x09182EB8,internal_text,0x00047A50,0x09181750,0x00047A50,0x00047A50,WF-001
LEVEL_03,3,Kalidon,0x00048AB0,0x000491C0,0x09182EC0,internal_text,0x000481B0,0x09181EB0,0x000481B0,0x000481B0,WF-001
LEVEL_03,3,Kalidon,0x00048AB0,0x00049204,0x09182F04,internal_text,0x0000E380,0x09148080,0x0000E380,0x0000E380,WF-001
LEVEL_03,3,Kalidon,0x00048AB0,0x00049214,0x09182F14,internal_text,0x00047A50,0x09181750,0x00047A50,0x00047A50,WF-001
LEVEL_03,3,Kalidon,0x00048AB0,0x0004924C,0x09182F4C,internal_text,0x00034690,0x0916E390,0x00034690,0x00034690,WF-001
LEVEL_03,3,Kalidon,0x00048AB0,0x0004927C,0x09182F7C,internal_text,0x00047E84,0x09181B84,0x00047E84,0x00047E84,WF-001
LEVEL_03,3,Kalidon,0x00048AB0,0x00049284,0x09182F84,internal_text,0x0006A590,0x091A4290,0x0006A590,0x0006A590,WF-001
LEVEL_03,3,Kalidon,0x00048AB0,0x00049294,0x09182F94,internal_text,0x00075FD8,0x091AFCD8,0x00075FD8,0x00075FD8,WF-001
LEVEL_03,3,Kalidon,0x00048AB0,0x0004932C,0x0918302C,internal_text,0x000475D8,0x091812D8,0x000475D8,0x000475D8,WF-001
LEVEL_03,3,Kalidon,0x00048AB0,0x00049338,0x09183038,internal_text,0x00034690,0x0916E390,0x00034690,0x00034690,WF-001
LEVEL_03,3,Kalidon,0x00048AB0,0x00049364,0x09183064,internal_text,0x000475D8,0x091812D8,0x000475D8,0x000475D8,WF-001
LEVEL_03,3,Kalidon,0x00048AB0,0x00049384,0x09183084,internal_text,0x0005A75C,0x0919445C,0x0005A75C,0x0005A75C,WF-001
LEVEL_03,3,Kalidon,0x00048AB0,0x00049398,0x09183098,internal_text,0x0005A75C,0x0919445C,0x0005A75C,0x0005A75C,WF-001
LEVEL_03,3,Kalidon,0x00048AB0,0x000493A0,0x091830A0,internal_text,0x0005A8E0,0x091945E0,0x0005A8E0,0x0005A8E0,WF-001
LEVEL_03,3,Kalidon,0x00048AB0,0x000493B8,0x091830B8,internal_text,0x0005ADB8,0x09194AB8,0x0005ADB8,0x0005ADB8,WF-001
LEVEL_03,3,Kalidon,0x00048AB0,0x00049408,0x09183108,internal_text,0x001467C8,0x092804C8,0x001467C8,0x001467C8,WF-001
LEVEL_03,3,Kalidon,0x00048AB0,0x00049424,0x09183124,internal_text,0x0005A92C,0x0919462C,0x0005A92C,0x0005A92C,WF-001
LEVEL_03,3,Kalidon,0x00048AB0,0x0004945C,0x0918315C,internal_text,0x00048718,0x09182418,0x00048718,0x00048718,WF-001
LEVEL_03,3,Kalidon,0x00048AB0,0x00049464,0x09183164,internal_text,0x00047E84,0x09181B84,0x00047E84,0x00047E84,WF-001
LEVEL_03,3,Kalidon,0x0004CA50,0x0004CB20,0x09186820,internal_text,0x0004B2C8,0x09184FC8,0x0004B2C8,0x0004B2C8,WF-003
LEVEL_03,3,Kalidon,0x0004CA50,0x0004CBF4,0x091868F4,internal_text,0x0004B498,0x09185198,0x0004B498,0x0004B498,WF-003
LEVEL_03,3,Kalidon,0x0004CA50,0x0004CC54,0x09186954,internal_text,0x0004B0A8,0x09184DA8,0x0004B0A8,0x0004B0A8,WF-003
LEVEL_03,3,Kalidon,0x0004CA50,0x0004CC88,0x09186988,internal_text,0x000497A0,0x091834A0,0x000497A0,0x000497A0,WF-003
LEVEL_03,3,Kalidon,0x0004CA50,0x0004CCB0,0x091869B0,internal_text,0x0000E2B4,0x09147FB4,0x0000E2B4,0x0000E2B4,WF-003
LEVEL_03,3,Kalidon,0x0004CA50,0x0004CCCC,0x091869CC,internal_text,0x0000E2B4,0x09147FB4,0x0000E2B4,0x0000E2B4,WF-003
LEVEL_03,3,Kalidon,0x0004CA50,0x0004CCE8,0x091869E8,internal_text,0x0000E2B4,0x09147FB4,0x0000E2B4,0x0000E2B4,WF-003
LEVEL_03,3,Kalidon,0x0004CA50,0x0004CD10,0x09186A10,internal_text,0x0000E318,0x09148018,0x0000E318,0x0000E318,WF-003
LEVEL_03,3,Kalidon,0x0004CA50,0x0004CD2C,0x09186A2C,internal_text,0x0000E318,0x09148018,0x0000E318,0x0000E318,WF-003
LEVEL_03,3,Kalidon,0x0004CA50,0x0004CD48,0x09186A48,internal_text,0x0000E318,0x09148018,0x0000E318,0x0000E318,WF-003
LEVEL_03,3,Kalidon,0x0004CA50,0x0004CDC4,0x09186AC4,internal_text,0x000F4D80,0x0922EA80,0x000F4D80,0x000F4D80,WF-003
LEVEL_03,3,Kalidon,0x0004CA50,0x0004CDEC,0x09186AEC,internal_text,0x00034690,0x0916E390,0x00034690,0x00034690,WF-003
LEVEL_03,3,Kalidon,0x0004CA50,0x0004CE4C,0x09186B4C,internal_text,0x00034640,0x0916E340,0x00034640,0x00034640,WF-003
LEVEL_03,3,Kalidon,0x0004CA50,0x0004CE64,0x09186B64,internal_text,0x0004A73C,0x0918443C,0x0004A73C,0x0004A73C,WF-003
LEVEL_03,3,Kalidon,0x0004CA50,0x0004CE8C,0x09186B8C,internal_text,0x0003470C,0x0916E40C,0x0003470C,0x0003470C,WF-003
LEVEL_03,3,Kalidon,0x0004CA50,0x0004CEAC,0x09186BAC,internal_text,0x0004948C,0x0918318C,0x0004948C,0x0004948C,WF-003
LEVEL_03,3,Kalidon,0x0004CA50,0x0004CED4,0x09186BD4,internal_text,0x00141D04,0x0927BA04,0x00141D04,0x00141D04,WF-003
LEVEL_03,3,Kalidon,0x0004CA50,0x0004CEE4,0x09186BE4,internal_text,0x00141D8C,0x0927BA8C,0x00141D8C,0x00141D8C,WF-003
LEVEL_03,3,Kalidon,0x0004CA50,0x0004CF60,0x09186C60,internal_text,0x00141D04,0x0927BA04,0x00141D04,0x00141D04,WF-003
LEVEL_03,3,Kalidon,0x0004CA50,0x0004CF90,0x09186C90,internal_text,0x0006A8E4,0x091A45E4,0x0006A8E4,MOBY_BlendMobyAnim,WF-003
LEVEL_03,3,Kalidon,0x0004CA50,0x0004CFC0,0x09186CC0,internal_text,0x0000E2B4,0x09147FB4,0x0000E2B4,0x0000E2B4,WF-003
LEVEL_03,3,Kalidon,0x0004CA50,0x0004CFDC,0x09186CDC,internal_text,0x0000E2B4,0x09147FB4,0x0000E2B4,0x0000E2B4,WF-003
LEVEL_03,3,Kalidon,0x0004CA50,0x0004CFF8,0x09186CF8,internal_text,0x0000E2B4,0x09147FB4,0x0000E2B4,0x0000E2B4,WF-003
LEVEL_03,3,Kalidon,0x0004CA50,0x0004D020,0x09186D20,internal_text,0x0000E318,0x09148018,0x0000E318,0x0000E318,WF-003
LEVEL_03,3,Kalidon,0x0004CA50,0x0004D03C,0x09186D3C,internal_text,0x0000E318,0x09148018,0x0000E318,0x0000E318,WF-003
LEVEL_03,3,Kalidon,0x0004CA50,0x0004D058,0x09186D58,internal_text,0x0000E318,0x09148018,0x0000E318,0x0000E318,WF-003
LEVEL_03,3,Kalidon,0x0004CA50,0x0004D0D4,0x09186DD4,internal_text,0x000F4D80,0x0922EA80,0x000F4D80,0x000F4D80,WF-003
LEVEL_03,3,Kalidon,0x0004CA50,0x0004D0F8,0x09186DF8,internal_text,0x001B95F4,0x092F32F4,0x001B95F4,0x001B95F4,WF-003
LEVEL_03,3,Kalidon,0x0004CA50,0x0004D11C,0x09186E1C,internal_text,0x001B95F4,0x092F32F4,0x001B95F4,0x001B95F4,WF-003
LEVEL_03,3,Kalidon,0x0004CA50,0x0004D140,0x09186E40,internal_text,0x001B95F4,0x092F32F4,0x001B95F4,0x001B95F4,WF-003
LEVEL_03,3,Kalidon,0x0004CA50,0x0004D1C8,0x09186EC8,internal_text,0x00034640,0x0916E340,0x00034640,0x00034640,WF-003
LEVEL_03,3,Kalidon,0x0004CA50,0x0004D220,0x09186F20,internal_text,0x0000E318,0x09148018,0x0000E318,0x0000E318,WF-003
LEVEL_03,3,Kalidon,0x0004CA50,0x0004D23C,0x09186F3C,internal_text,0x0000E318,0x09148018,0x0000E318,0x0000E318,WF-003
LEVEL_03,3,Kalidon,0x0004CA50,0x0004D258,0x09186F58,internal_text,0x0000E318,0x09148018,0x0000E318,0x0000E318,WF-003
LEVEL_03,3,Kalidon,0x0004CA50,0x0004D2D4,0x09186FD4,internal_text,0x000F4D80,0x0922EA80,0x000F4D80,0x000F4D80,WF-003
LEVEL_03,3,Kalidon,0x0004CA50,0x0004D300,0x09187000,internal_text,0x00032EF0,0x0916CBF0,0x00032EF0,0x00032EF0,WF-003
LEVEL_03,3,Kalidon,0x0004CA50,0x0004D308,0x09187008,internal_text,0x00032F1C,0x0916CC1C,0x00032F1C,0x00032F1C,WF-003
LEVEL_03,3,Kalidon,0x0004CA50,0x0004D310,0x09187010,internal_text,0x00040AFC,0x0917A7FC,0x00040AFC,0x00040AFC,WF-003
LEVEL_03,3,Kalidon,0x0004CA50,0x0004D32C,0x0918702C,internal_text,0x0000E380,0x09148080,0x0000E380,0x0000E380,WF-003
LEVEL_03,3,Kalidon,0x0004CA50,0x0004D33C,0x0918703C,internal_text,0x0003201C,0x0916BD1C,0x0003201C,0x0003201C,WF-003
LEVEL_03,3,Kalidon,0x0004CA50,0x0004D350,0x09187050,internal_text,0x000400FC,0x09179DFC,0x000400FC,0x000400FC,WF-003
LEVEL_03,3,Kalidon,0x0004CA50,0x0004D3E4,0x091870E4,internal_text,0x00176D30,0x092B0A30,0x00176D30,0x00176D30,WF-003
LEVEL_03,3,Kalidon,0x0004CA50,0x0004D44C,0x0918714C,internal_text,0x0004B2C8,0x09184FC8,0x0004B2C8,0x0004B2C8,WF-003
LEVEL_03,3,Kalidon,0x0004CA50,0x0004D480,0x09187180,internal_text,0x000497A0,0x091834A0,0x000497A0,0x000497A0,WF-003
LEVEL_03,3,Kalidon,0x0004CA50,0x0004D4A8,0x091871A8,internal_text,0x0000E2B4,0x09147FB4,0x0000E2B4,0x0000E2B4,WF-003
LEVEL_03,3,Kalidon,0x0004CA50,0x0004D4C4,0x091871C4,internal_text,0x0000E2B4,0x09147FB4,0x0000E2B4,0x0000E2B4,WF-003
LEVEL_03,3,Kalidon,0x0004CA50,0x0004D4E0,0x091871E0,internal_text,0x0000E2B4,0x09147FB4,0x0000E2B4,0x0000E2B4,WF-003
LEVEL_03,3,Kalidon,0x0004CA50,0x0004D508,0x09187208,internal_text,0x0000E318,0x09148018,0x0000E318,0x0000E318,WF-003
LEVEL_03,3,Kalidon,0x0004CA50,0x0004D524,0x09187224,internal_text,0x0000E318,0x09148018,0x0000E318,0x0000E318,WF-003
LEVEL_03,3,Kalidon,0x0004CA50,0x0004D540,0x09187240,internal_text,0x0000E318,0x09148018,0x0000E318,0x0000E318,WF-003
LEVEL_03,3,Kalidon,0x0004CA50,0x0004D5BC,0x091872BC,internal_text,0x000F4D80,0x0922EA80,0x000F4D80,0x000F4D80,WF-003
LEVEL_03,3,Kalidon,0x0004CA50,0x0004D614,0x09187314,internal_text,0x00034690,0x0916E390,0x00034690,0x00034690,WF-003
LEVEL_03,3,Kalidon,0x0004CA50,0x0004D698,0x09187398,internal_text,0x00034640,0x0916E340,0x00034640,0x00034640,WF-003
LEVEL_03,3,Kalidon,0x0004CA50,0x0004D6C4,0x091873C4,internal_text,0x0004B2C8,0x09184FC8,0x0004B2C8,0x0004B2C8,WF-003
LEVEL_03,3,Kalidon,0x0004CA50,0x0004D6F8,0x091873F8,internal_text,0x000497A0,0x091834A0,0x000497A0,0x000497A0,WF-003
LEVEL_03,3,Kalidon,0x0004CA50,0x0004D720,0x09187420,internal_text,0x0000E2B4,0x09147FB4,0x0000E2B4,0x0000E2B4,WF-003
LEVEL_03,3,Kalidon,0x0004CA50,0x0004D73C,0x0918743C,internal_text,0x0000E2B4,0x09147FB4,0x0000E2B4,0x0000E2B4,WF-003
LEVEL_03,3,Kalidon,0x0004CA50,0x0004D758,0x09187458,internal_text,0x0000E2B4,0x09147FB4,0x0000E2B4,0x0000E2B4,WF-003
LEVEL_03,3,Kalidon,0x0004CA50,0x0004D780,0x09187480,internal_text,0x0000E318,0x09148018,0x0000E318,0x0000E318,WF-003
LEVEL_03,3,Kalidon,0x0004CA50,0x0004D79C,0x0918749C,internal_text,0x0000E318,0x09148018,0x0000E318,0x0000E318,WF-003
LEVEL_03,3,Kalidon,0x0004CA50,0x0004D7B8,0x091874B8,internal_text,0x0000E318,0x09148018,0x0000E318,0x0000E318,WF-003
LEVEL_03,3,Kalidon,0x0004CA50,0x0004D834,0x09187534,internal_text,0x000F4D80,0x0922EA80,0x000F4D80,0x000F4D80,WF-003
LEVEL_03,3,Kalidon,0x0004CA50,0x0004D858,0x09187558,internal_text,0x0006A590,0x091A4290,0x0006A590,0x0006A590,WF-003
LEVEL_03,3,Kalidon,0x0004CA50,0x0004D87C,0x0918757C,internal_text,0x0006A5B8,0x091A42B8,0x0006A5B8,0x0006A5B8,WF-003
LEVEL_03,3,Kalidon,0x0004CA50,0x0004D918,0x09187618,internal_text,0x0006A8E4,0x091A45E4,0x0006A8E4,MOBY_BlendMobyAnim,WF-003
LEVEL_03,3,Kalidon,0x0004CA50,0x0004D920,0x09187620,internal_text,0x001431E0,0x0927CEE0,0x001431E0,0x001431E0,WF-003
LEVEL_03,3,Kalidon,0x0004CA50,0x0004D954,0x09187654,internal_text,0x001431A8,0x0927CEA8,0x001431A8,0x001431A8,WF-003
LEVEL_03,3,Kalidon,0x0004CA50,0x0004D978,0x09187678,internal_text,0x0002F328,0x09169028,0x0002F328,0x0002F328,WF-003
LEVEL_03,3,Kalidon,0x0004CA50,0x0004D988,0x09187688,internal_text,0x0002F328,0x09169028,0x0002F328,0x0002F328,WF-003
LEVEL_03,3,Kalidon,0x0004CA50,0x0004D9D4,0x091876D4,internal_text,0x0004B684,0x09185384,0x0004B684,0x0004B684,WF-003
LEVEL_03,3,Kalidon,0x0004CA50,0x0004DA38,0x09187738,internal_text,0x0004C5B4,0x091862B4,0x0004C5B4,ht_grindlock_switches,WF-003
LEVEL_03,3,Kalidon,0x00054E4C,0x00054E7C,0x0918EB7C,internal_text,0x000324C8,0x0916C1C8,0x000324C8,0x000324C8,WF-004
LEVEL_03,3,Kalidon,0x00054E4C,0x00054E84,0x0918EB84,internal_text,0x00047AD4,0x091817D4,0x00047AD4,0x00047AD4,WF-004
LEVEL_03,3,Kalidon,0x00054E4C,0x00054EAC,0x0918EBAC,internal_text,0x0000E380,0x09148080,0x0000E380,0x0000E380,WF-004
LEVEL_03,3,Kalidon,0x00054E4C,0x00054EC4,0x0918EBC4,internal_text,0x000550F8,0x0918EDF8,0x000550F8,0x000550F8,WF-004
LEVEL_03,3,Kalidon,0x00054E4C,0x00054ECC,0x0918EBCC,internal_text,0x00055508,0x0918F208,0x00055508,0x00055508,WF-004
LEVEL_03,3,Kalidon,0x00054E4C,0x00054F08,0x0918EC08,internal_text,0x0005496C,0x0918E66C,0x0005496C,0x0005496C,WF-004
LEVEL_03,3,Kalidon,0x00054E4C,0x00054F2C,0x0918EC2C,internal_text,0x000A5BF0,0x091DF8F0,0x000A5BF0,0x000A5BF0,WF-004
LEVEL_03,3,Kalidon,0x0010993C,0x001099A4,0x092436A4,internal_text,0x0000E380,0x09148080,0x0000E380,0x0000E380,WF-008
LEVEL_03,3,Kalidon,0x0010993C,0x001099C4,0x092436C4,internal_text,0x0000E380,0x09148080,0x0000E380,0x0000E380,WF-008
LEVEL_03,3,Kalidon,0x0010993C,0x00109A20,0x09243720,internal_text,0x0010B218,0x09244F18,0x0010B218,0x0010B218,WF-008
LEVEL_03,3,Kalidon,0x0010993C,0x00109A30,0x09243730,internal_text,0x001BA680,0x092F4380,0x001BA680,0x001BA680,WF-008
LEVEL_03,3,Kalidon,0x0010993C,0x00109AE4,0x092437E4,internal_text,0x0010C7EC,0x092464EC,0x0010C7EC,0x0010C7EC,WF-008
LEVEL_03,3,Kalidon,0x0010993C,0x00109AFC,0x092437FC,internal_text,0x00108CA4,0x092429A4,0x00108CA4,0x00108CA4,WF-008
LEVEL_03,3,Kalidon,0x0010993C,0x00109B2C,0x0924382C,internal_text,0x0010B218,0x09244F18,0x0010B218,0x0010B218,WF-008
LEVEL_03,3,Kalidon,0x00109B58,0x00109B7C,0x0924387C,internal_text,0x0010C7EC,0x092464EC,0x0010C7EC,0x0010C7EC,WF-009
LEVEL_03,3,Kalidon,0x00109B58,0x00109BD8,0x092438D8,internal_text,0x0010B218,0x09244F18,0x0010B218,0x0010B218,WF-009
LEVEL_03,3,Kalidon,0x00109B58,0x00109C00,0x09243900,internal_text,0x0010A784,0x09244484,0x0010A784,0x0010A784,WF-009
LEVEL_03,3,Kalidon,0x00109B58,0x00109C24,0x09243924,internal_text,0x0000E380,0x09148080,0x0000E380,0x0000E380,WF-009
LEVEL_03,3,Kalidon,0x00109B58,0x00109C44,0x09243944,internal_text,0x0000E380,0x09148080,0x0000E380,0x0000E380,WF-009
LEVEL_03,3,Kalidon,0x00109B58,0x00109CA8,0x092439A8,internal_text,0x0010B218,0x09244F18,0x0010B218,0x0010B218,WF-009
LEVEL_03,3,Kalidon,0x00109B58,0x00109CB8,0x092439B8,internal_text,0x001BA680,0x092F4380,0x001BA680,0x001BA680,WF-009
LEVEL_03,3,Kalidon,0x00109E20,0x00109E4C,0x09243B4C,internal_text,0x0010A784,0x09244484,0x0010A784,0x0010A784,WF-007
LEVEL_03,3,Kalidon,0x00109E20,0x00109E74,0x09243B74,internal_text,0x0000E380,0x09148080,0x0000E380,0x0000E380,WF-007
LEVEL_03,3,Kalidon,0x00109E20,0x00109EF4,0x09243BF4,internal_text,0x0000E380,0x09148080,0x0000E380,0x0000E380,WF-007
LEVEL_03,3,Kalidon,0x00109E20,0x00109F1C,0x09243C1C,internal_text,0x0000E380,0x09148080,0x0000E380,0x0000E380,WF-007
LEVEL_03,3,Kalidon,0x00109E20,0x00109F78,0x09243C78,internal_text,0x001BA680,0x092F4380,0x001BA680,0x001BA680,WF-007
LEVEL_03,3,Kalidon,0x00109E20,0x0010A098,0x09243D98,internal_text,0x00019D38,0x09153A38,0x00019D38,0x00019D38,WF-007
LEVEL_03,3,Kalidon,0x00109E20,0x0010A10C,0x09243E0C,internal_text,0x0010B218,0x09244F18,0x0010B218,0x0010B218,WF-007
LEVEL_03,3,Kalidon,0x0010C7EC,0x0010C828,0x09246528,internal_text,0x0010A21C,0x09243F1C,0x0010A21C,0x0010A21C,WF-010
LEVEL_03,3,Kalidon,0x0010C7EC,0x0010C900,0x09246600,internal_text,0x0000E380,0x09148080,0x0000E380,0x0000E380,WF-010
LEVEL_03,3,Kalidon,0x0010C7EC,0x0010C980,0x09246680,internal_text,0x00010E5C,0x0914AB5C,0x00010E5C,0x00010E5C,WF-010
LEVEL_03,3,Kalidon,0x0010C7EC,0x0010C9C0,0x092466C0,internal_text,0x0000E380,0x09148080,0x0000E380,0x0000E380,WF-010
LEVEL_03,3,Kalidon,0x0010C7EC,0x0010CA38,0x09246738,internal_text,0x00010E5C,0x0914AB5C,0x00010E5C,0x00010E5C,WF-010
LEVEL_03,3,Kalidon,0x0010C7EC,0x0010CA60,0x09246760,internal_text,0x001C20C8,0x092FBDC8,0x001C20C8,0x001C20C8,WF-010
LEVEL_03,3,Kalidon,0x0010C7EC,0x0010CA98,0x09246798,internal_text,0x001B94E4,0x092F31E4,0x001B94E4,0x001B94E4,WF-010
LEVEL_03,3,Kalidon,0x0010C7EC,0x0010CAA4,0x092467A4,internal_text,0x001B960C,0x092F330C,0x001B960C,0x001B960C,WF-010
LEVEL_03,3,Kalidon,0x0010C7EC,0x0010CAD0,0x092467D0,internal_text,0x001C20C8,0x092FBDC8,0x001C20C8,0x001C20C8,WF-010
LEVEL_03,3,Kalidon,0x0010C7EC,0x0010CB68,0x09246868,internal_text,0x00019D38,0x09153A38,0x00019D38,0x00019D38,WF-010
LEVEL_03,3,Kalidon,0x0010C7EC,0x0010CB9C,0x0924689C,internal_text,0x000196A4,0x091533A4,0x000196A4,0x000196A4,WF-010
LEVEL_03,3,Kalidon,0x0010C7EC,0x0010CC78,0x09246978,internal_text,0x0006CE00,0x091A6B00,0x0006CE00,0x0006CE00,WF-010
LEVEL_03,3,Kalidon,0x0010C7EC,0x0010CD14,0x09246A14,internal_text,0x0008A530,0x091C4230,0x0008A530,0x0008A530,WF-010
LEVEL_03,3,Kalidon,0x00145EE0,0x00145F68,0x0927FC68,internal_text,0x00017134,0x09150E34,0x00017134,0x00017134,WF-016
LEVEL_03,3,Kalidon,0x00145EE0,0x00145FF4,0x0927FCF4,internal_text,0x000718DC,0x091AB5DC,0x000718DC,0x000718DC,WF-016
LEVEL_03,3,Kalidon,0x00145EE0,0x001460A0,0x0927FDA0,internal_text,0x000718DC,0x091AB5DC,0x000718DC,0x000718DC,WF-016
LEVEL_03,3,Kalidon,0x00145EE0,0x00146120,0x0927FE20,internal_text,0x0006C0B0,0x091A5DB0,0x0006C0B0,0x0006C0B0,WF-016
LEVEL_03,3,Kalidon,0x00145EE0,0x001461A0,0x0927FEA0,internal_text,0x0006C0B0,0x091A5DB0,0x0006C0B0,0x0006C0B0,WF-016
LEVEL_03,3,Kalidon,0x00145EE0,0x001461F0,0x0927FEF0,internal_text,0x0000E380,0x09148080,0x0000E380,0x0000E380,WF-016
LEVEL_03,3,Kalidon,0x00145EE0,0x00146348,0x09280048,internal_text,0x0006CE00,0x091A6B00,0x0006CE00,0x0006CE00,WF-016
LEVEL_03,3,Kalidon,0x00145EE0,0x001463D4,0x092800D4,internal_text,0x0008A5D0,0x091C42D0,0x0008A5D0,0x0008A5D0,WF-016
LEVEL_03,3,Kalidon,0x00145EE0,0x00146410,0x09280110,internal_text,0x0008A480,0x091C4180,0x0008A480,0x0008A480,WF-016
LEVEL_03,3,Kalidon,0x00145EE0,0x0014644C,0x0928014C,internal_text,0x0008A5D0,0x091C42D0,0x0008A5D0,0x0008A5D0,WF-016
LEVEL_03,3,Kalidon,0x00145EE0,0x00146494,0x09280194,internal_text,0x0000E380,0x09148080,0x0000E380,0x0000E380,WF-016
LEVEL_03,3,Kalidon,0x00145EE0,0x001465EC,0x092802EC,internal_text,0x0006CE00,0x091A6B00,0x0006CE00,0x0006CE00,WF-016
LEVEL_03,3,Kalidon,0x00145EE0,0x00146678,0x09280378,internal_text,0x0008A5D0,0x091C42D0,0x0008A5D0,0x0008A5D0,WF-016
LEVEL_03,3,Kalidon,0x00145EE0,0x001466B4,0x092803B4,internal_text,0x0008A480,0x091C4180,0x0008A480,0x0008A480,WF-016
LEVEL_03,3,Kalidon,0x00145EE0,0x001466F0,0x092803F0,internal_text,0x0008A5D0,0x091C42D0,0x0008A5D0,0x0008A5D0,WF-016
LEVEL_03,3,Kalidon,0x00158A18,0x00158AA0,0x092927A0,internal_text,0x0005AA58,0x09194758,0x0005AA58,0x0005AA58,WF-044
LEVEL_03,3,Kalidon,0x00158A18,0x00158AD0,0x092927D0,internal_text,0x0005AA58,0x09194758,0x0005AA58,0x0005AA58,WF-044
LEVEL_03,3,Kalidon,0x00158A18,0x00158B54,0x09292854,internal_text,0x000011AC,0x0913AEAC,0x000011AC,0x000011AC,WF-044
LEVEL_03,3,Kalidon,0x00158A18,0x00158BC4,0x092928C4,internal_text,0x00075240,0x091AEF40,0x00075240,0x00075240,WF-044
LEVEL_03,3,Kalidon,0x00158A18,0x00158E0C,0x09292B0C,internal_text,0x00000D60,0x0913AA60,0x00000D60,0x00000D60,WF-044
LEVEL_03,3,Kalidon,0x00158A18,0x00158E30,0x09292B30,internal_text,0x00000CA4,0x0913A9A4,0x00000CA4,0x00000CA4,WF-044
LEVEL_03,3,Kalidon,0x00158A18,0x00158E94,0x09292B94,internal_text,0x0015E0E0,0x09297DE0,0x0015E0E0,0x0015E0E0,WF-044
LEVEL_03,3,Kalidon,0x00158A18,0x00158EBC,0x09292BBC,internal_text,0x0015362C,0x0928D32C,0x0015362C,0x0015362C,WF-044
LEVEL_03,3,Kalidon,0x00158A18,0x00158F08,0x09292C08,internal_text,0x000718DC,0x091AB5DC,0x000718DC,0x000718DC,WF-044
LEVEL_03,3,Kalidon,0x00158A18,0x00158F24,0x09292C24,internal_text,0x00075240,0x091AEF40,0x00075240,0x00075240,WF-044
LEVEL_03,3,Kalidon,0x00158A18,0x00158F2C,0x09292C2C,internal_text,0x00002618,0x0913C318,0x00002618,0x00002618,WF-044
LEVEL_03,3,Kalidon,0x00158A18,0x00159180,0x09292E80,internal_text,0x00000CA4,0x0913A9A4,0x00000CA4,0x00000CA4,WF-044
LEVEL_03,3,Kalidon,0x00158A18,0x001591A8,0x09292EA8,internal_text,0x000011AC,0x0913AEAC,0x000011AC,0x000011AC,WF-044
LEVEL_03,3,Kalidon,0x00158A18,0x00159204,0x09292F04,internal_text,0x0006C0B0,0x091A5DB0,0x0006C0B0,0x0006C0B0,WF-044
LEVEL_03,3,Kalidon,0x00158A18,0x00159278,0x09292F78,internal_text,0x0006C220,0x091A5F20,0x0006C220,0x0006C220,WF-044
LEVEL_03,3,Kalidon,0x00158A18,0x001592D8,0x09292FD8,internal_text,0x0006C220,0x091A5F20,0x0006C220,0x0006C220,WF-044
LEVEL_03,3,Kalidon,0x00158A18,0x00159304,0x09293004,internal_text,0x00157BB0,0x092918B0,0x00157BB0,0x00157BB0,WF-044
LEVEL_03,3,Kalidon,0x00158A18,0x0015932C,0x0929302C,internal_text,0x00157B54,0x09291854,0x00157B54,0x00157B54,WF-044
LEVEL_03,3,Kalidon,0x00158A18,0x001593A8,0x092930A8,internal_text,0x0006C0B0,0x091A5DB0,0x0006C0B0,0x0006C0B0,WF-044
LEVEL_03,3,Kalidon,0x00158A18,0x00159434,0x09293134,internal_text,0x0006C0B0,0x091A5DB0,0x0006C0B0,0x0006C0B0,WF-044
LEVEL_03,3,Kalidon,0x00158A18,0x0015948C,0x0929318C,internal_text,0x00157C24,0x09291924,0x00157C24,0x00157C24,WF-044
LEVEL_03,3,Kalidon,0x00158A18,0x001594BC,0x092931BC,internal_text,0x0017153C,0x092AB23C,0x0017153C,0x0017153C,WF-044
LEVEL_03,3,Kalidon,0x00158A18,0x001594F0,0x092931F0,internal_text,0x00157C24,0x09291924,0x00157C24,0x00157C24,WF-044
LEVEL_03,3,Kalidon,0x00158A18,0x00159534,0x09293234,internal_text,0x0006C220,0x091A5F20,0x0006C220,0x0006C220,WF-044
LEVEL_03,3,Kalidon,0x00158A18,0x001595C8,0x092932C8,internal_text,0x0006C0B0,0x091A5DB0,0x0006C0B0,0x0006C0B0,WF-044
LEVEL_03,3,Kalidon,0x00158A18,0x001595D4,0x092932D4,internal_text,0x000718DC,0x091AB5DC,0x000718DC,0x000718DC,WF-044
LEVEL_03,3,Kalidon,0x00158A18,0x00159620,0x09293320,internal_text,0x000718DC,0x091AB5DC,0x000718DC,0x000718DC,WF-044
LEVEL_03,3,Kalidon,0x00158A18,0x0015964C,0x0929334C,internal_text,0x00100EE0,0x0923ABE0,0x00100EE0,"LOCDBAS_BADFORMAT, UNDEF_BAD",WF-044
LEVEL_03,3,Kalidon,0x00158A18,0x00159660,0x09293360,internal_text,0x000A48D8,0x091DE5D8,0x000A48D8,0x000A48D8,WF-044
LEVEL_03,3,Kalidon,0x00158A18,0x001596BC,0x092933BC,internal_text,0x001C20C8,0x092FBDC8,0x001C20C8,0x001C20C8,WF-044
LEVEL_03,3,Kalidon,0x00158A18,0x001596F4,0x092933F4,internal_text,0x001B94E4,0x092F31E4,0x001B94E4,0x001B94E4,WF-044
LEVEL_03,3,Kalidon,0x00158A18,0x00159700,0x09293400,internal_text,0x001B960C,0x092F330C,0x001B960C,0x001B960C,WF-044
LEVEL_03,3,Kalidon,0x00158A18,0x00159758,0x09293458,internal_text,0x001C20C8,0x092FBDC8,0x001C20C8,0x001C20C8,WF-044
LEVEL_03,3,Kalidon,0x00158A18,0x00159794,0x09293494,internal_text,0x001C20C8,0x092FBDC8,0x001C20C8,0x001C20C8,WF-044
LEVEL_03,3,Kalidon,0x00158A18,0x00159810,0x09293510,internal_text,0x000C7818,0x09201518,0x000C7818,0x000C7818,WF-044
LEVEL_03,3,Kalidon,0x00158A18,0x00159860,0x09293560,internal_text,0x001C20C8,0x092FBDC8,0x001C20C8,0x001C20C8,WF-044
LEVEL_03,3,Kalidon,0x00158A18,0x00159898,0x09293598,internal_text,0x001B94E4,0x092F31E4,0x001B94E4,0x001B94E4,WF-044
LEVEL_03,3,Kalidon,0x00158A18,0x001598A4,0x092935A4,internal_text,0x001B960C,0x092F330C,0x001B960C,0x001B960C,WF-044
LEVEL_03,3,Kalidon,0x00158A18,0x00159910,0x09293610,internal_text,0x001C20C8,0x092FBDC8,0x001C20C8,0x001C20C8,WF-044
LEVEL_03,3,Kalidon,0x00158A18,0x00159938,0x09293638,internal_text,0x001C20C8,0x092FBDC8,0x001C20C8,0x001C20C8,WF-044
LEVEL_03,3,Kalidon,0x00158A18,0x00159988,0x09293688,internal_text,0x000C6408,0x09200108,0x000C6408,0x000C6408,WF-044
LEVEL_03,3,Kalidon,0x00158A18,0x001599A4,0x092936A4,internal_text,0x000718DC,0x091AB5DC,0x000718DC,0x000718DC,WF-044
LEVEL_03,3,Kalidon,0x00158A18,0x00159A64,0x09293764,internal_text,0x0006C220,0x091A5F20,0x0006C220,0x0006C220,WF-044
LEVEL_03,3,Kalidon,0x00158A18,0x00159A8C,0x0929378C,internal_text,0x00000CA4,0x0913A9A4,0x00000CA4,0x00000CA4,WF-044
LEVEL_03,3,Kalidon,0x00158A18,0x00159B2C,0x0929382C,internal_text,0x0002FB54,0x09169854,0x0002FB54,0x0002FB54,WF-044
LEVEL_03,3,Kalidon,0x00158A18,0x00159B34,0x09293834,internal_text,0x00075240,0x091AEF40,0x00075240,0x00075240,WF-044
LEVEL_03,3,Kalidon,0x00158A18,0x00159B80,0x09293880,internal_text,0x0002FB54,0x09169854,0x0002FB54,0x0002FB54,WF-044
LEVEL_03,3,Kalidon,0x00158A18,0x00159C34,0x09293934,internal_text,0x0002FFF4,0x09169CF4,0x0002FFF4,0x0002FFF4,WF-044
LEVEL_03,3,Kalidon,0x00158A18,0x00159C94,0x09293994,internal_text,0x0007FF3C,0x091B9C3C,0x0007FF3C,0x0007FF3C,WF-044
LEVEL_03,3,Kalidon,0x00158A18,0x00159CA8,0x092939A8,internal_text,0x0006C220,0x091A5F20,0x0006C220,0x0006C220,WF-044
LEVEL_03,3,Kalidon,0x00158A18,0x00159CE4,0x092939E4,internal_text,0x000C5D1C,0x091FFA1C,0x000C5D1C,0x000C5D1C,WF-044
LEVEL_03,3,Kalidon,0x00158A18,0x00159D08,0x09293A08,internal_text,0x00061068,0x0919AD68,0x00061068,0x00061068,WF-044
LEVEL_03,3,Kalidon,0x00158A18,0x00159D5C,0x09293A5C,internal_text,0x00184174,0x092BDE74,0x00184174,ShrapnelGeneric_Spawn,WF-044
LEVEL_03,3,Kalidon,0x00158A18,0x00159D78,0x09293A78,internal_text,0x00184174,0x092BDE74,0x00184174,ShrapnelGeneric_Spawn,WF-044
LEVEL_03,3,Kalidon,0x00158A18,0x00159D90,0x09293A90,internal_text,0x00184174,0x092BDE74,0x00184174,ShrapnelGeneric_Spawn,WF-044
LEVEL_03,3,Kalidon,0x00158A18,0x00159DA8,0x09293AA8,internal_text,0x00184174,0x092BDE74,0x00184174,ShrapnelGeneric_Spawn,WF-044
LEVEL_03,3,Kalidon,0x00158A18,0x00159DE4,0x09293AE4,internal_text,0x0015B834,0x09295534,0x0015B834,Lvl3PlatformShrapnel_Spawn,WF-044
LEVEL_03,3,Kalidon,0x00158A18,0x00159EBC,0x09293BBC,internal_text,0x001C20C8,0x092FBDC8,0x001C20C8,0x001C20C8,WF-044
LEVEL_03,3,Kalidon,0x00158A18,0x00159EF4,0x09293BF4,internal_text,0x001B94E4,0x092F31E4,0x001B94E4,0x001B94E4,WF-044
LEVEL_03,3,Kalidon,0x00158A18,0x00159F00,0x09293C00,internal_text,0x001B960C,0x092F330C,0x001B960C,0x001B960C,WF-044
LEVEL_03,3,Kalidon,0x00158A18,0x00159F14,0x09293C14,internal_text,0x001C20C8,0x092FBDC8,0x001C20C8,0x001C20C8,WF-044
LEVEL_03,3,Kalidon,0x00158A18,0x00159F80,0x09293C80,internal_text,0x00061068,0x0919AD68,0x00061068,0x00061068,WF-044
LEVEL_03,3,Kalidon,0x00158A18,0x00159FD0,0x09293CD0,internal_text,0x00061068,0x0919AD68,0x00061068,0x00061068,WF-044
LEVEL_03,3,Kalidon,0x00158A18,0x00159FDC,0x09293CDC,internal_text,0x001C20C8,0x092FBDC8,0x001C20C8,0x001C20C8,WF-044
LEVEL_03,3,Kalidon,0x00158A18,0x0015A00C,0x09293D0C,internal_text,0x001C20C8,0x092FBDC8,0x001C20C8,0x001C20C8,WF-044
LEVEL_03,3,Kalidon,0x00158A18,0x0015A044,0x09293D44,internal_text,0x001B94E4,0x092F31E4,0x001B94E4,0x001B94E4,WF-044
LEVEL_03,3,Kalidon,0x00158A18,0x0015A050,0x09293D50,internal_text,0x001B960C,0x092F330C,0x001B960C,0x001B960C,WF-044
LEVEL_03,3,Kalidon,0x00158A18,0x0015A060,0x09293D60,internal_text,0x001C20C8,0x092FBDC8,0x001C20C8,0x001C20C8,WF-044
LEVEL_03,3,Kalidon,0x00158A18,0x0015A0A4,0x09293DA4,internal_text,0x001C20C8,0x092FBDC8,0x001C20C8,0x001C20C8,WF-044
LEVEL_03,3,Kalidon,0x00158A18,0x0015A0BC,0x09293DBC,internal_text,0x001C20C8,0x092FBDC8,0x001C20C8,0x001C20C8,WF-044
LEVEL_03,3,Kalidon,0x00158A18,0x0015A10C,0x09293E0C,internal_text,0x000C5838,0x091FF538,0x000C5838,0x000C5838,WF-044
LEVEL_03,3,Kalidon,0x00158A18,0x0015A154,0x09293E54,internal_text,0x00000CA4,0x0913A9A4,0x00000CA4,0x00000CA4,WF-044
LEVEL_03,3,Kalidon,0x00158A18,0x0015A15C,0x09293E5C,internal_text,0x00075240,0x091AEF40,0x00075240,0x00075240,WF-044
LEVEL_03,3,Kalidon,0x00158A18,0x0015A170,0x09293E70,internal_text,0x00033DBC,0x0916DABC,0x00033DBC,0x00033DBC,WF-044
LEVEL_03,3,Kalidon,0x00158A18,0x0015A1A8,0x09293EA8,internal_text,0x000718DC,0x091AB5DC,0x000718DC,0x000718DC,WF-044
LEVEL_03,3,Kalidon,0x00158A18,0x0015A1B8,0x09293EB8,internal_text,0x00100EE0,0x0923ABE0,0x00100EE0,"LOCDBAS_BADFORMAT, UNDEF_BAD",WF-044
LEVEL_03,3,Kalidon,0x00158A18,0x0015A1CC,0x09293ECC,internal_text,0x000A48D8,0x091DE5D8,0x000A48D8,0x000A48D8,WF-044
LEVEL_03,3,Kalidon,0x00158A18,0x0015A1D4,0x09293ED4,internal_text,0x00075358,0x091AF058,0x00075358,0x00075358,WF-044
LEVEL_03,3,Kalidon,0x00158A18,0x0015A220,0x09293F20,internal_text,0x00000CA4,0x0913A9A4,0x00000CA4,0x00000CA4,WF-044
LEVEL_03,3,Kalidon,0x00158A18,0x0015A2A8,0x09293FA8,internal_text,0x0007FF3C,0x091B9C3C,0x0007FF3C,0x0007FF3C,WF-044
LEVEL_03,3,Kalidon,0x00158A18,0x0015A2B0,0x09293FB0,internal_text,0x00075240,0x091AEF40,0x00075240,0x00075240,WF-044
LEVEL_03,3,Kalidon,0x00158A18,0x0015A2B8,0x09293FB8,internal_text,0x0002FB54,0x09169854,0x0002FB54,0x0002FB54,WF-044
LEVEL_03,3,Kalidon,0x00158A18,0x0015A304,0x09294004,internal_text,0x0002FB54,0x09169854,0x0002FB54,0x0002FB54,WF-044
LEVEL_03,3,Kalidon,0x00158A18,0x0015A39C,0x0929409C,internal_text,0x001536A4,0x0928D3A4,0x001536A4,0x001536A4,WF-044
LEVEL_03,3,Kalidon,0x00158A18,0x0015A5EC,0x092942EC,internal_text,0x00002A24,0x0913C724,0x00002A24,0x00002A24,WF-044
LEVEL_03,3,Kalidon,0x00158A18,0x0015A5F4,0x092942F4,internal_text,0x00075240,0x091AEF40,0x00075240,0x00075240,WF-044
LEVEL_03,3,Kalidon,0x00158A18,0x0015A608,0x09294308,internal_text,0x00000CA4,0x0913A9A4,0x00000CA4,0x00000CA4,WF-044
LEVEL_03,3,Kalidon,0x00158A18,0x0015A6A8,0x092943A8,internal_text,0x0015E158,0x09297E58,0x0015E158,0x0015E158,WF-044
LEVEL_03,3,Kalidon,0x00158A18,0x0015A6C8,0x092943C8,internal_text,0x00021A68,0x0915B768,0x00021A68,0x00021A68,WF-044
LEVEL_03,3,Kalidon,0x00158A18,0x0015A6DC,0x092943DC,internal_text,0x00012A14,0x0914C714,0x00012A14,mt_continue_point,WF-044
LEVEL_03,3,Kalidon,0x00158A18,0x0015A868,0x09294568,internal_text,0x00002AD0,0x0913C7D0,0x00002AD0,0x00002AD0,WF-044
LEVEL_03,3,Kalidon,0x00158A18,0x0015A878,0x09294578,internal_text,0x00002B18,0x0913C818,0x00002B18,0x00002B18,WF-044
LEVEL_03,3,Kalidon,0x00158A18,0x0015A888,0x09294588,internal_text,0x00002B38,0x0913C838,0x00002B38,0x00002B38,WF-044
LEVEL_03,3,Kalidon,0x00158A18,0x0015A898,0x09294598,internal_text,0x00002AF4,0x0913C7F4,0x00002AF4,0x00002AF4,WF-044
LEVEL_03,3,Kalidon,0x00158A18,0x0015A930,0x09294630,internal_text,0x0015E158,0x09297E58,0x0015E158,0x0015E158,WF-044
LEVEL_03,3,Kalidon,0x00158A18,0x0015A950,0x09294650,internal_text,0x00021A68,0x0915B768,0x00021A68,0x00021A68,WF-044
LEVEL_03,3,Kalidon,0x00158A18,0x0015A968,0x09294668,internal_text,0x00012A14,0x0914C714,0x00012A14,mt_continue_point,WF-044
LEVEL_03,3,Kalidon,0x00158A18,0x0015AAEC,0x092947EC,internal_text,0x0000E380,0x09148080,0x0000E380,0x0000E380,WF-044
LEVEL_03,3,Kalidon,0x00158A18,0x0015ABC8,0x092948C8,internal_text,0x001535AC,0x0928D2AC,0x001535AC,0x001535AC,WF-044
LEVEL_03,3,Kalidon,0x00158A18,0x0015AD64,0x09294A64,internal_text,0x00002618,0x0913C318,0x00002618,0x00002618,WF-044
LEVEL_03,3,Kalidon,0x00158A18,0x0015AE08,0x09294B08,internal_text,0x0008A7A4,0x091C44A4,0x0008A7A4,0x0008A7A4,WF-044
LEVEL_03,3,Kalidon,0x00158A18,0x0015AF48,0x09294C48,internal_text,0x000E5CD4,0x0921F9D4,0x000E5CD4,0x000E5CD4,WF-044
LEVEL_03,3,Kalidon,0x00158A18,0x0015AF98,0x09294C98,internal_text,0x000718DC,0x091AB5DC,0x000718DC,0x000718DC,WF-044
LEVEL_03,3,Kalidon,0x00158A18,0x0015B014,0x09294D14,internal_text,0x00002570,0x0913C270,0x00002570,0x00002570,WF-044
LEVEL_03,3,Kalidon,0x00158A18,0x0015B0D4,0x09294DD4,internal_text,0x00002624,0x0913C324,0x00002624,0x00002624,WF-044
LEVEL_03,3,Kalidon,0x00158A18,0x0015B12C,0x09294E2C,internal_text,0x001BA160,0x092F3E60,0x001BA160,0x001BA160,WF-044
LEVEL_03,3,Kalidon,0x00158A18,0x0015B148,0x09294E48,internal_text,0x001BA4E8,0x092F41E8,0x001BA4E8,0x001BA4E8,WF-044
LEVEL_03,3,Kalidon,0x00158A18,0x0015B1C8,0x09294EC8,internal_text,0x0000289C,0x0913C59C,0x0000289C,0x0000289C,WF-044
LEVEL_03,3,Kalidon,0x00158A18,0x0015B1DC,0x09294EDC,internal_text,0x000028F4,0x0913C5F4,0x000028F4,0x000028F4,WF-044
LEVEL_03,3,Kalidon,0x00158A18,0x0015B1F8,0x09294EF8,internal_text,0x000029B4,0x0913C6B4,0x000029B4,0x000029B4,WF-044
LEVEL_03,3,Kalidon,0x00158A18,0x0015B200,0x09294F00,internal_text,0x00002C54,0x0913C954,0x00002C54,0x00002C54,WF-044
LEVEL_03,3,Kalidon,0x00158A18,0x0015B2D0,0x09294FD0,internal_text,0x0006CE00,0x091A6B00,0x0006CE00,0x0006CE00,WF-044
LEVEL_03,3,Kalidon,0x00158A18,0x0015B384,0x09295084,internal_text,0x0008A530,0x091C4230,0x0008A530,0x0008A530,WF-044
LEVEL_03,3,Kalidon,0x00158A18,0x0015B3BC,0x092950BC,internal_text,0x00158028,0x09291D28,0x00158028,0x00158028,WF-044
LEVEL_03,3,Kalidon,0x0016AE04,0x0016AF14,0x092A4C14,internal_text,0x0000E80C,0x0914850C,0x0000E80C,0x0000E80C,WF-058
LEVEL_03,3,Kalidon,0x0016AE04,0x0016AFA4,0x092A4CA4,internal_text,0x0000E2B4,0x09147FB4,0x0000E2B4,0x0000E2B4,WF-058
LEVEL_03,3,Kalidon,0x0016AE04,0x0016B088,0x092A4D88,internal_text,0x0016C32C,0x092A602C,0x0016C32C,0x0016C32C,WF-058
LEVEL_03,3,Kalidon,0x0016AE04,0x0016B0B0,0x092A4DB0,internal_text,0x0016C32C,0x092A602C,0x0016C32C,0x0016C32C,WF-058
LEVEL_03,3,Kalidon,0x0016AE04,0x0016B12C,0x092A4E2C,internal_text,0x0016C32C,0x092A602C,0x0016C32C,0x0016C32C,WF-058
LEVEL_03,3,Kalidon,0x0016AE04,0x0016B13C,0x092A4E3C,internal_text,0x001BA680,0x092F4380,0x001BA680,0x001BA680,WF-058
LEVEL_03,3,Kalidon,0x0016AE04,0x0016B164,0x092A4E64,internal_text,0x0001475C,0x0914E45C,0x0001475C,0x0001475C,WF-058
LEVEL_03,3,Kalidon,0x0016AE04,0x0016B1B0,0x092A4EB0,internal_text,0x0000E80C,0x0914850C,0x0000E80C,0x0000E80C,WF-058
LEVEL_03,3,Kalidon,0x0016AE04,0x0016B240,0x092A4F40,internal_text,0x0000E2B4,0x09147FB4,0x0000E2B4,0x0000E2B4,WF-058
LEVEL_03,3,Kalidon,0x0016AE04,0x0016B2C0,0x092A4FC0,internal_text,0x0016C32C,0x092A602C,0x0016C32C,0x0016C32C,WF-058
LEVEL_03,3,Kalidon,0x0016AE04,0x0016B310,0x092A5010,internal_text,0x001BA680,0x092F4380,0x001BA680,0x001BA680,WF-058
LEVEL_03,3,Kalidon,0x0016AE04,0x0016B378,0x092A5078,internal_text,0x0000E80C,0x0914850C,0x0000E80C,0x0000E80C,WF-058
LEVEL_03,3,Kalidon,0x0016AE04,0x0016B4B4,0x092A51B4,internal_text,0x0016C32C,0x092A602C,0x0016C32C,0x0016C32C,WF-058
LEVEL_03,3,Kalidon,0x0016AE04,0x0016B4E8,0x092A51E8,internal_text,0x0000E2B4,0x09147FB4,0x0000E2B4,0x0000E2B4,WF-058
LEVEL_03,3,Kalidon,0x0016AE04,0x0016B6AC,0x092A53AC,internal_text,0x0016A1E0,0x092A3EE0,0x0016A1E0,0x0016A1E0,WF-058
LEVEL_03,3,Kalidon,0x0016AE04,0x0016B70C,0x092A540C,internal_text,0x000F30E4,0x0922CDE4,0x000F30E4,0x000F30E4,WF-058
LEVEL_03,3,Kalidon,0x0016AE04,0x0016B74C,0x092A544C,internal_text,0x000F6C78,0x09230978,0x000F6C78,0x000F6C78,WF-058
LEVEL_03,3,Kalidon,0x0016AE04,0x0016B7B0,0x092A54B0,internal_text,0x000718DC,0x091AB5DC,0x000718DC,0x000718DC,WF-058
LEVEL_03,3,Kalidon,0x0016AE04,0x0016B7C4,0x092A54C4,internal_text,0x0016C32C,0x092A602C,0x0016C32C,0x0016C32C,WF-058
LEVEL_03,3,Kalidon,0x0016AE04,0x0016B898,0x092A5598,internal_text,0x0000E80C,0x0914850C,0x0000E80C,0x0000E80C,WF-058
LEVEL_03,3,Kalidon,0x0016AE04,0x0016B928,0x092A5628,internal_text,0x0000E2B4,0x09147FB4,0x0000E2B4,0x0000E2B4,WF-058
LEVEL_03,3,Kalidon,0x0016AE04,0x0016B9E4,0x092A56E4,internal_text,0x0016C32C,0x092A602C,0x0016C32C,0x0016C32C,WF-058
LEVEL_03,3,Kalidon,0x0016AE04,0x0016BA30,0x092A5730,internal_text,0x0016C32C,0x092A602C,0x0016C32C,0x0016C32C,WF-058
LEVEL_03,3,Kalidon,0x0016AE04,0x0016BA44,0x092A5744,internal_text,0x0001475C,0x0914E45C,0x0001475C,0x0001475C,WF-058
LEVEL_03,3,Kalidon,0x0016AE04,0x0016BC68,0x092A5968,internal_text,0x0001475C,0x0914E45C,0x0001475C,0x0001475C,WF-058
LEVEL_03,3,Kalidon,0x0016AE04,0x0016BCCC,0x092A59CC,internal_text,0x0016C32C,0x092A602C,0x0016C32C,0x0016C32C,WF-058
LEVEL_03,3,Kalidon,0x0016AE04,0x0016BCD8,0x092A59D8,internal_text,0x0006A590,0x091A4290,0x0006A590,0x0006A590,WF-058
LEVEL_03,3,Kalidon,0x0016AE04,0x0016BD38,0x092A5A38,internal_text,0x000689EC,0x091A26EC,0x000689EC,0x000689EC,WF-058
LEVEL_03,3,Kalidon,0x0016AE04,0x0016BD50,0x092A5A50,internal_text,0x001C20C8,0x092FBDC8,0x001C20C8,0x001C20C8,WF-058
LEVEL_03,3,Kalidon,0x0016AE04,0x0016BD78,0x092A5A78,internal_text,0x001C20C8,0x092FBDC8,0x001C20C8,0x001C20C8,WF-058
LEVEL_03,3,Kalidon,0x0016AE04,0x0016BDA8,0x092A5AA8,internal_text,0x001CA2A0,0x09303FA0,0x001CA2A0,0x001CA2A0,WF-058
LEVEL_03,3,Kalidon,0x0016AE04,0x0016BDF4,0x092A5AF4,internal_text,0x0001475C,0x0914E45C,0x0001475C,0x0001475C,WF-058
LEVEL_03,3,Kalidon,0x0016AE04,0x0016BE88,0x092A5B88,internal_text,0x000F39F4,0x0922D6F4,0x000F39F4,0x000F39F4,WF-058
LEVEL_03,3,Kalidon,0x0016AE04,0x0016C0D8,0x092A5DD8,internal_text,0x00069E44,0x091A3B44,0x00069E44,0x00069E44,WF-058
LEVEL_03,3,Kalidon,0x0016AE04,0x0016C0F0,0x092A5DF0,internal_text,0x0012D2D8,0x09266FD8,0x0012D2D8,0x0012D2D8,WF-058
LEVEL_03,3,Kalidon,0x0016AE04,0x0016C130,0x092A5E30,internal_text,0x000F39F4,0x0922D6F4,0x000F39F4,0x000F39F4,WF-058
LEVEL_03,3,Kalidon,0x0016AE04,0x0016C1D8,0x092A5ED8,internal_text,0x00069E44,0x091A3B44,0x00069E44,0x00069E44,WF-058
LEVEL_03,3,Kalidon,0x0016AE04,0x0016C1F0,0x092A5EF0,internal_text,0x0012D2D8,0x09266FD8,0x0012D2D8,0x0012D2D8,WF-058
LEVEL_03,3,Kalidon,0x0016AE04,0x0016C214,0x092A5F14,internal_text,0x0006A5B8,0x091A42B8,0x0006A5B8,0x0006A5B8,WF-058
LEVEL_03,3,Kalidon,0x0016AE04,0x0016C23C,0x092A5F3C,internal_text,0x0016C32C,0x092A602C,0x0016C32C,0x0016C32C,WF-058
LEVEL_03,3,Kalidon,0x0016AE04,0x0016C274,0x092A5F74,internal_text,0x0006A8E4,0x091A45E4,0x0006A8E4,MOBY_BlendMobyAnim,WF-058
LEVEL_03,3,Kalidon,0x0016AE04,0x0016C2D4,0x092A5FD4,internal_text,0x0000E380,0x09148080,0x0000E380,0x0000E380,WF-058
LEVEL_03,3,Kalidon,0x00173808,0x00173848,0x092AD548,internal_text,0x00172A94,0x092AC794,0x00172A94,0x00172A94,WF-006
LEVEL_03,3,Kalidon,0x00173808,0x00173864,0x092AD564,internal_text,0x0000E380,0x09148080,0x0000E380,0x0000E380,WF-006
LEVEL_03,3,Kalidon,0x00173808,0x001738AC,0x092AD5AC,internal_text,0x001BA680,0x092F4380,0x001BA680,0x001BA680,WF-006
LEVEL_03,3,Kalidon,0x00173808,0x00173920,0x092AD620,internal_text,0x00172CB0,0x092AC9B0,0x00172CB0,0x00172CB0,WF-006
LEVEL_03,3,Kalidon,0x00173808,0x00173980,0x092AD680,internal_text,0x00019D38,0x09153A38,0x00019D38,0x00019D38,WF-006
LEVEL_03,3,Kalidon,0x00173808,0x001739F8,0x092AD6F8,internal_text,0x00172A94,0x092AC794,0x00172A94,0x00172A94,WF-006
LEVEL_03,3,Kalidon,0x00173808,0x00173A2C,0x092AD72C,internal_text,0x000F30E4,0x0922CDE4,0x000F30E4,0x000F30E4,WF-006
LEVEL_03,3,Kalidon,0x00173808,0x00173A3C,0x092AD73C,internal_text,0x000F6C78,0x09230978,0x000F6C78,0x000F6C78,WF-006
LEVEL_03,3,Kalidon,0x00173808,0x00173AB8,0x092AD7B8,internal_text,0x00172CB0,0x092AC9B0,0x00172CB0,0x00172CB0,WF-006
LEVEL_03,3,Kalidon,0x00173808,0x00173B18,0x092AD818,internal_text,0x00019D38,0x09153A38,0x00019D38,0x00019D38,WF-006
LEVEL_03,3,Kalidon,0x00185B3C,0x00185E60,0x092BFB60,internal_text,0x0000E380,0x09148080,0x0000E380,0x0000E380,WF-024
LEVEL_03,3,Kalidon,0x00185B3C,0x00185E84,0x092BFB84,internal_text,0x001BA680,0x092F4380,0x001BA680,0x001BA680,WF-024
LEVEL_03,3,Kalidon,0x00185B3C,0x00185E94,0x092BFB94,internal_text,0x00185AB0,0x092BF7B0,0x00185AB0,0x00185AB0,WF-024
LEVEL_03,3,Kalidon,0x001A19D0,0x001A1A88,0x092DB788,internal_text,0x0000E380,0x09148080,0x0000E380,0x0000E380,WF-012
LEVEL_03,3,Kalidon,0x001A19D0,0x001A1A98,0x092DB798,internal_text,0x000F3730,0x0922D430,0x000F3730,0x000F3730,WF-012
LEVEL_03,3,Kalidon,0x001A19D0,0x001A1B10,0x092DB810,internal_text,0x001A1C70,0x092DB970,0x001A1C70,0x001A1C70,WF-012
LEVEL_03,3,Kalidon,0x001A19D0,0x001A1B3C,0x092DB83C,internal_text,0x001A1EB8,0x092DBBB8,0x001A1EB8,0x001A1EB8,WF-012
LEVEL_03,3,Kalidon,0x001A19D0,0x001A1B64,0x092DB864,internal_text,0x001A2548,0x092DC248,0x001A2548,0x001A2548,WF-012
LEVEL_03,3,Kalidon,0x001A19D0,0x001A1B90,0x092DB890,internal_text,0x001A2D6C,0x092DCA6C,0x001A2D6C,0x001A2D6C,WF-012
LEVEL_03,3,Kalidon,0x001A2124,0x001A2174,0x092DBE74,internal_text,0x0000E380,0x09148080,0x0000E380,0x0000E380,WF-011
LEVEL_03,3,Kalidon,0x001A2124,0x001A2190,0x092DBE90,internal_text,0x0000E380,0x09148080,0x0000E380,0x0000E380,WF-011
LEVEL_03,3,Kalidon,0x001A2124,0x001A21C4,0x092DBEC4,internal_text,0x001BA680,0x092F4380,0x001BA680,0x001BA680,WF-011
LEVEL_03,3,Kalidon,0x001A2124,0x001A21F8,0x092DBEF8,internal_text,0x000F3730,0x0922D430,0x000F3730,0x000F3730,WF-011
LEVEL_04,4,Metalis,0x0000E2EC,0x0000E320,0x09148020,internal_text,0x0000E154,0x09147E54,0x0000E154,0x0000E154,WF-005
LEVEL_04,4,Metalis,0x0000E2EC,0x0000E33C,0x0914803C,internal_text,0x0000E154,0x09147E54,0x0000E154,0x0000E154,WF-005
LEVEL_04,4,Metalis,0x0000E2EC,0x0000E358,0x09148058,internal_text,0x0000E154,0x09147E54,0x0000E154,0x0000E154,WF-005
LEVEL_04,4,Metalis,0x0000E560,0x0000E59C,0x0914829C,internal_text,0x0000E154,0x09147E54,0x0000E154,0x0000E154,WF-013
LEVEL_04,4,Metalis,0x0000E560,0x0000E5C0,0x091482C0,internal_text,0x0000E154,0x09147E54,0x0000E154,0x0000E154,WF-013
LEVEL_04,4,Metalis,0x0000E560,0x0000E5FC,0x091482FC,internal_text,0x001B9C84,0x092F3984,0x001B9C84,0x001B9C84,WF-013
LEVEL_04,4,Metalis,0x00010984,0x00010A7C,0x0914A77C,internal_text,0x0000F294,0x09148F94,0x0000F294,0x0000F294,WF-015
LEVEL_04,4,Metalis,0x00010984,0x00010AB4,0x0914A7B4,internal_text,0x0000E2EC,0x09147FEC,0x0000E2EC,0x0000E2EC,WF-015
LEVEL_04,4,Metalis,0x00010984,0x00010C20,0x0914A920,internal_text,0x0000E154,0x09147E54,0x0000E154,0x0000E154,WF-015
LEVEL_04,4,Metalis,0x00010984,0x00010C34,0x0914A934,internal_text,0x000FBCA0,0x092359A0,0x000FBCA0,0x000FBCA0,WF-015
LEVEL_04,4,Metalis,0x00028A10,0x00028AC4,0x091627C4,internal_text,0x001C92FC,0x09302FFC,0x001C92FC,0x001C92FC,WF-014
LEVEL_04,4,Metalis,0x00028A10,0x00028AFC,0x091627FC,internal_text,0x0000E154,0x09147E54,0x0000E154,0x0000E154,WF-014
LEVEL_04,4,Metalis,0x00028A10,0x00028B20,0x09162820,internal_text,0x0000E154,0x09147E54,0x0000E154,0x0000E154,WF-014
LEVEL_04,4,Metalis,0x00028A10,0x00028B44,0x09162844,internal_text,0x0000E154,0x09147E54,0x0000E154,0x0000E154,WF-014
LEVEL_04,4,Metalis,0x0002B91C,0x0002B94C,0x0916564C,internal_text,0x0000E154,0x09147E54,0x0000E154,0x0000E154,WF-029
LEVEL_04,4,Metalis,0x0002B91C,0x0002B968,0x09165668,internal_text,0x000FBB60,0x09235860,0x000FBB60,0x000FBB60,WF-029
LEVEL_04,4,Metalis,0x0002B91C,0x0002B978,0x09165678,internal_text,0x000FFAD8,0x092397D8,0x000FFAD8,0x000FFAD8,WF-029
LEVEL_04,4,Metalis,0x0002DA40,0x0002DAAC,0x091677AC,internal_text,0x0000E154,0x09147E54,0x0000E154,0x0000E154,WF-023
LEVEL_04,4,Metalis,0x0002DA40,0x0002DAC0,0x091677C0,internal_text,0x000FBB38,0x09235838,0x000FBB38,0x000FBB38,WF-023
LEVEL_04,4,Metalis,0x0002DA40,0x0002DAD0,0x091677D0,internal_text,0x000FFAD8,0x092397D8,0x000FFAD8,0x000FFAD8,WF-023
LEVEL_04,4,Metalis,0x0002DA40,0x0002DC44,0x09167944,internal_text,0x0000E154,0x09147E54,0x0000E154,0x0000E154,WF-023
LEVEL_04,4,Metalis,0x0002DA40,0x0002DC58,0x09167958,internal_text,0x000FBB38,0x09235838,0x000FBB38,0x000FBB38,WF-023
LEVEL_04,4,Metalis,0x0002DA40,0x0002DC68,0x09167968,internal_text,0x000FFAD8,0x092397D8,0x000FFAD8,0x000FFAD8,WF-023
LEVEL_04,4,Metalis,0x0004B750,0x0004B878,0x09185578,internal_text,0x000FB50C,0x0923520C,0x000FB50C,0x000FB50C,WF-002
LEVEL_04,4,Metalis,0x0004B750,0x0004B884,0x09185584,internal_text,0x001B8DB4,0x092F2AB4,0x001B8DB4,0x001B8DB4,WF-002
LEVEL_04,4,Metalis,0x0004B750,0x0004B9B0,0x091856B0,internal_text,0x0000E154,0x09147E54,0x0000E154,0x0000E154,WF-002
LEVEL_04,4,Metalis,0x0004B750,0x0004B9D8,0x091856D8,internal_text,0x0000E1D4,0x09147ED4,0x0000E1D4,0x0000E1D4,WF-002
LEVEL_04,4,Metalis,0x0004B750,0x0004B9EC,0x091856EC,internal_text,0x000FCAD8,0x092367D8,0x000FCAD8,0x000FCAD8,WF-002
LEVEL_04,4,Metalis,0x0004B750,0x0004BAAC,0x091857AC,internal_text,0x001B8DB4,0x092F2AB4,0x001B8DB4,0x001B8DB4,WF-002
LEVEL_04,4,Metalis,0x0004BAE8,0x0004BC3C,0x0918593C,internal_text,0x0003429C,0x0916DF9C,0x0003429C,0x0003429C,WF-001
LEVEL_04,4,Metalis,0x0004BAE8,0x0004BCE8,0x091859E8,internal_text,0x0004B750,0x09185450,0x0004B750,0x0004B750,WF-001
LEVEL_04,4,Metalis,0x0004BAE8,0x0004BCF8,0x091859F8,internal_text,0x0004A95C,0x0918465C,0x0004A95C,0x0004A95C,WF-001
LEVEL_04,4,Metalis,0x0004BAE8,0x0004BD00,0x09185A00,internal_text,0x0004AFAC,0x09184CAC,0x0004AFAC,0x0004AFAC,WF-001
LEVEL_04,4,Metalis,0x0004BAE8,0x0004BD08,0x09185A08,internal_text,0x0004AEBC,0x09184BBC,0x0004AEBC,0x0004AEBC,WF-001
LEVEL_04,4,Metalis,0x0004BAE8,0x0004BD4C,0x09185A4C,internal_text,0x0003429C,0x0916DF9C,0x0003429C,0x0003429C,WF-001
LEVEL_04,4,Metalis,0x0004BAE8,0x0004BDFC,0x09185AFC,internal_text,0x0004A95C,0x0918465C,0x0004A95C,0x0004A95C,WF-001
LEVEL_04,4,Metalis,0x0004BAE8,0x0004BE04,0x09185B04,internal_text,0x0004AFAC,0x09184CAC,0x0004AFAC,0x0004AFAC,WF-001
LEVEL_04,4,Metalis,0x0004BAE8,0x0004BE10,0x09185B10,internal_text,0x0004B750,0x09185450,0x0004B750,0x0004B750,WF-001
LEVEL_04,4,Metalis,0x0004BAE8,0x0004BE20,0x09185B20,internal_text,0x0004AA88,0x09184788,0x0004AA88,0x0004AA88,WF-001
LEVEL_04,4,Metalis,0x0004BAE8,0x0004BE28,0x09185B28,internal_text,0x0004AEBC,0x09184BBC,0x0004AEBC,0x0004AEBC,WF-001
LEVEL_04,4,Metalis,0x0004BAE8,0x0004BEE0,0x09185BE0,internal_text,0x000374BC,0x091711BC,0x000374BC,0x000374BC,WF-001
LEVEL_04,4,Metalis,0x0004BAE8,0x0004BF0C,0x09185C0C,internal_text,0x00043754,0x0917D454,0x00043754,0x00043754,WF-001
LEVEL_04,4,Metalis,0x0004BAE8,0x0004BF2C,0x09185C2C,internal_text,0x0006D828,0x091A7528,0x0006D828,0x0006D828,WF-001
LEVEL_04,4,Metalis,0x0004BAE8,0x0004BF78,0x09185C78,internal_text,0x0006DCFC,0x091A79FC,0x0006DCFC,0x0006DCFC,WF-001
LEVEL_04,4,Metalis,0x0004BAE8,0x0004BF90,0x09185C90,internal_text,0x000790D4,0x091B2DD4,0x000790D4,0x000790D4,WF-001
LEVEL_04,4,Metalis,0x0004BAE8,0x0004BFA8,0x09185CA8,internal_text,0x0006D8E4,0x091A75E4,0x0006D8E4,MOBY_SnapMobyAnim,WF-001
LEVEL_04,4,Metalis,0x0004BAE8,0x0004C034,0x09185D34,internal_text,0x0004B750,0x09185450,0x0004B750,0x0004B750,WF-001
LEVEL_04,4,Metalis,0x0004BAE8,0x0004C08C,0x09185D8C,internal_text,0x0000E154,0x09147E54,0x0000E154,0x0000E154,WF-001
LEVEL_04,4,Metalis,0x0004BAE8,0x0004C0C0,0x09185DC0,internal_text,0x0000E154,0x09147E54,0x0000E154,0x0000E154,WF-001
LEVEL_04,4,Metalis,0x0004BAE8,0x0004C0D0,0x09185DD0,internal_text,0x0004AA88,0x09184788,0x0004AA88,0x0004AA88,WF-001
LEVEL_04,4,Metalis,0x0004BAE8,0x0004C0D8,0x09185DD8,internal_text,0x0004AEBC,0x09184BBC,0x0004AEBC,0x0004AEBC,WF-001
LEVEL_04,4,Metalis,0x0004BAE8,0x0004C0E4,0x09185DE4,internal_text,0x0003750C,0x0917120C,0x0003750C,0x0003750C,WF-001
LEVEL_04,4,Metalis,0x0004BAE8,0x0004C12C,0x09185E2C,internal_text,0x0003750C,0x0917120C,0x0003750C,0x0003750C,WF-001
LEVEL_04,4,Metalis,0x0004BAE8,0x0004C15C,0x09185E5C,internal_text,0x000374BC,0x091711BC,0x000374BC,0x000374BC,WF-001
LEVEL_04,4,Metalis,0x0004BAE8,0x0004C174,0x09185E74,internal_text,0x0004B148,0x09184E48,0x0004B148,0x0004B148,WF-001
LEVEL_04,4,Metalis,0x0004BAE8,0x0004C17C,0x09185E7C,internal_text,0x0004B188,0x09184E88,0x0004B188,0x0004B188,WF-001
LEVEL_04,4,Metalis,0x0004BAE8,0x0004C188,0x09185E88,internal_text,0x0004B750,0x09185450,0x0004B750,0x0004B750,WF-001
LEVEL_04,4,Metalis,0x0004BAE8,0x0004C198,0x09185E98,internal_text,0x0004AA88,0x09184788,0x0004AA88,0x0004AA88,WF-001
LEVEL_04,4,Metalis,0x0004BAE8,0x0004C1A4,0x09185EA4,internal_text,0x0003750C,0x0917120C,0x0003750C,0x0003750C,WF-001
LEVEL_04,4,Metalis,0x0004BAE8,0x0004C1CC,0x09185ECC,internal_text,0x0004B148,0x09184E48,0x0004B148,0x0004B148,WF-001
LEVEL_04,4,Metalis,0x0004BAE8,0x0004C1D4,0x09185ED4,internal_text,0x0004B188,0x09184E88,0x0004B188,0x0004B188,WF-001
LEVEL_04,4,Metalis,0x0004BAE8,0x0004C1E0,0x09185EE0,internal_text,0x0004B750,0x09185450,0x0004B750,0x0004B750,WF-001
LEVEL_04,4,Metalis,0x0004BAE8,0x0004C1F0,0x09185EF0,internal_text,0x0004AA88,0x09184788,0x0004AA88,0x0004AA88,WF-001
LEVEL_04,4,Metalis,0x0004BAE8,0x0004C1F8,0x09185EF8,internal_text,0x0004B1E8,0x09184EE8,0x0004B1E8,0x0004B1E8,WF-001
LEVEL_04,4,Metalis,0x0004BAE8,0x0004C23C,0x09185F3C,internal_text,0x0000E154,0x09147E54,0x0000E154,0x0000E154,WF-001
LEVEL_04,4,Metalis,0x0004BAE8,0x0004C24C,0x09185F4C,internal_text,0x0004AA88,0x09184788,0x0004AA88,0x0004AA88,WF-001
LEVEL_04,4,Metalis,0x0004BAE8,0x0004C284,0x09185F84,internal_text,0x0003750C,0x0917120C,0x0003750C,0x0003750C,WF-001
LEVEL_04,4,Metalis,0x0004BAE8,0x0004C2B4,0x09185FB4,internal_text,0x0004AEBC,0x09184BBC,0x0004AEBC,0x0004AEBC,WF-001
LEVEL_04,4,Metalis,0x0004BAE8,0x0004C2BC,0x09185FBC,internal_text,0x0006D828,0x091A7528,0x0006D828,0x0006D828,WF-001
LEVEL_04,4,Metalis,0x0004BAE8,0x0004C2CC,0x09185FCC,internal_text,0x000790D4,0x091B2DD4,0x000790D4,0x000790D4,WF-001
LEVEL_04,4,Metalis,0x0004BAE8,0x0004C364,0x09186064,internal_text,0x0004A610,0x09184310,0x0004A610,0x0004A610,WF-001
LEVEL_04,4,Metalis,0x0004BAE8,0x0004C370,0x09186070,internal_text,0x0003750C,0x0917120C,0x0003750C,0x0003750C,WF-001
LEVEL_04,4,Metalis,0x0004BAE8,0x0004C39C,0x0918609C,internal_text,0x0004A610,0x09184310,0x0004A610,0x0004A610,WF-001
LEVEL_04,4,Metalis,0x0004BAE8,0x0004C3BC,0x091860BC,internal_text,0x0005D31C,0x0919701C,0x0005D31C,0x0005D31C,WF-001
LEVEL_04,4,Metalis,0x0004BAE8,0x0004C3D0,0x091860D0,internal_text,0x0005D31C,0x0919701C,0x0005D31C,0x0005D31C,WF-001
LEVEL_04,4,Metalis,0x0004BAE8,0x0004C3D8,0x091860D8,internal_text,0x0005D4A0,0x091971A0,0x0005D4A0,0x0005D4A0,WF-001
LEVEL_04,4,Metalis,0x0004BAE8,0x0004C3F0,0x091860F0,internal_text,0x0005D978,0x09197678,0x0005D978,0x0005D978,WF-001
LEVEL_04,4,Metalis,0x0004BAE8,0x0004C440,0x09186140,internal_text,0x0014C640,0x09286340,0x0014C640,0x0014C640,WF-001
LEVEL_04,4,Metalis,0x0004BAE8,0x0004C45C,0x0918615C,internal_text,0x0005D4EC,0x091971EC,0x0005D4EC,0x0005D4EC,WF-001
LEVEL_04,4,Metalis,0x0004BAE8,0x0004C494,0x09186194,internal_text,0x0004B750,0x09185450,0x0004B750,0x0004B750,WF-001
LEVEL_04,4,Metalis,0x0004BAE8,0x0004C49C,0x0918619C,internal_text,0x0004AEBC,0x09184BBC,0x0004AEBC,0x0004AEBC,WF-001
LEVEL_04,4,Metalis,0x0004F600,0x0004F6D0,0x091893D0,internal_text,0x0004E300,0x09188000,0x0004E300,0x0004E300,WF-003
LEVEL_04,4,Metalis,0x0004F600,0x0004F7A4,0x091894A4,internal_text,0x0004E4D0,0x091881D0,0x0004E4D0,0x0004E4D0,WF-003
LEVEL_04,4,Metalis,0x0004F600,0x0004F804,0x09189504,internal_text,0x0004E0E0,0x09187DE0,0x0004E0E0,0x0004E0E0,WF-003
LEVEL_04,4,Metalis,0x0004F600,0x0004F838,0x09189538,internal_text,0x0004C7D8,0x091864D8,0x0004C7D8,0x0004C7D8,WF-003
LEVEL_04,4,Metalis,0x0004F600,0x0004F860,0x09189560,internal_text,0x0000E088,0x09147D88,0x0000E088,0x0000E088,WF-003
LEVEL_04,4,Metalis,0x0004F600,0x0004F87C,0x0918957C,internal_text,0x0000E088,0x09147D88,0x0000E088,0x0000E088,WF-003
LEVEL_04,4,Metalis,0x0004F600,0x0004F898,0x09189598,internal_text,0x0000E088,0x09147D88,0x0000E088,0x0000E088,WF-003
LEVEL_04,4,Metalis,0x0004F600,0x0004F8C0,0x091895C0,internal_text,0x0000E0EC,0x09147DEC,0x0000E0EC,0x0000E0EC,WF-003
LEVEL_04,4,Metalis,0x0004F600,0x0004F8DC,0x091895DC,internal_text,0x0000E0EC,0x09147DEC,0x0000E0EC,0x0000E0EC,WF-003
LEVEL_04,4,Metalis,0x0004F600,0x0004F8F8,0x091895F8,internal_text,0x0000E0EC,0x09147DEC,0x0000E0EC,0x0000E0EC,WF-003
LEVEL_04,4,Metalis,0x0004F600,0x0004F974,0x09189674,internal_text,0x000FDAD8,0x092377D8,0x000FDAD8,0x000FDAD8,WF-003
LEVEL_04,4,Metalis,0x0004F600,0x0004F99C,0x0918969C,internal_text,0x0003750C,0x0917120C,0x0003750C,0x0003750C,WF-003
LEVEL_04,4,Metalis,0x0004F600,0x0004F9FC,0x091896FC,internal_text,0x000374BC,0x091711BC,0x000374BC,0x000374BC,WF-003
LEVEL_04,4,Metalis,0x0004F600,0x0004FA14,0x09189714,internal_text,0x0004D774,0x09187474,0x0004D774,0x0004D774,WF-003
LEVEL_04,4,Metalis,0x0004F600,0x0004FA3C,0x0918973C,internal_text,0x00037588,0x09171288,0x00037588,0x00037588,WF-003
LEVEL_04,4,Metalis,0x0004F600,0x0004FA5C,0x0918975C,internal_text,0x0004C4C4,0x091861C4,0x0004C4C4,0x0004C4C4,WF-003
LEVEL_04,4,Metalis,0x0004F600,0x0004FA84,0x09189784,internal_text,0x0010DCF8,0x092479F8,0x0010DCF8,0x0010DCF8,WF-003
LEVEL_04,4,Metalis,0x0004F600,0x0004FA94,0x09189794,internal_text,0x0010DD00,0x09247A00,0x0010DD00,0x0010DD00,WF-003
LEVEL_04,4,Metalis,0x0004F600,0x0004FB10,0x09189810,internal_text,0x0010DCF8,0x092479F8,0x0010DCF8,0x0010DCF8,WF-003
LEVEL_04,4,Metalis,0x0004F600,0x0004FB40,0x09189840,internal_text,0x0006DB7C,0x091A787C,0x0006DB7C,MOBY_BlendMobyAnim,WF-003
LEVEL_04,4,Metalis,0x0004F600,0x0004FB70,0x09189870,internal_text,0x0000E088,0x09147D88,0x0000E088,0x0000E088,WF-003
LEVEL_04,4,Metalis,0x0004F600,0x0004FB8C,0x0918988C,internal_text,0x0000E088,0x09147D88,0x0000E088,0x0000E088,WF-003
LEVEL_04,4,Metalis,0x0004F600,0x0004FBA8,0x091898A8,internal_text,0x0000E088,0x09147D88,0x0000E088,0x0000E088,WF-003
LEVEL_04,4,Metalis,0x0004F600,0x0004FBD0,0x091898D0,internal_text,0x0000E0EC,0x09147DEC,0x0000E0EC,0x0000E0EC,WF-003
LEVEL_04,4,Metalis,0x0004F600,0x0004FBEC,0x091898EC,internal_text,0x0000E0EC,0x09147DEC,0x0000E0EC,0x0000E0EC,WF-003
LEVEL_04,4,Metalis,0x0004F600,0x0004FC08,0x09189908,internal_text,0x0000E0EC,0x09147DEC,0x0000E0EC,0x0000E0EC,WF-003
LEVEL_04,4,Metalis,0x0004F600,0x0004FC84,0x09189984,internal_text,0x000FDAD8,0x092377D8,0x000FDAD8,0x000FDAD8,WF-003
LEVEL_04,4,Metalis,0x0004F600,0x0004FCA8,0x091899A8,internal_text,0x001B8DB4,0x092F2AB4,0x001B8DB4,0x001B8DB4,WF-003
LEVEL_04,4,Metalis,0x0004F600,0x0004FCCC,0x091899CC,internal_text,0x001B8DB4,0x092F2AB4,0x001B8DB4,0x001B8DB4,WF-003
LEVEL_04,4,Metalis,0x0004F600,0x0004FCF0,0x091899F0,internal_text,0x001B8DB4,0x092F2AB4,0x001B8DB4,0x001B8DB4,WF-003
LEVEL_04,4,Metalis,0x0004F600,0x0004FD78,0x09189A78,internal_text,0x000374BC,0x091711BC,0x000374BC,0x000374BC,WF-003
LEVEL_04,4,Metalis,0x0004F600,0x0004FDD0,0x09189AD0,internal_text,0x0000E0EC,0x09147DEC,0x0000E0EC,0x0000E0EC,WF-003
LEVEL_04,4,Metalis,0x0004F600,0x0004FDEC,0x09189AEC,internal_text,0x0000E0EC,0x09147DEC,0x0000E0EC,0x0000E0EC,WF-003
LEVEL_04,4,Metalis,0x0004F600,0x0004FE08,0x09189B08,internal_text,0x0000E0EC,0x09147DEC,0x0000E0EC,0x0000E0EC,WF-003
LEVEL_04,4,Metalis,0x0004F600,0x0004FE84,0x09189B84,internal_text,0x000FDAD8,0x092377D8,0x000FDAD8,0x000FDAD8,WF-003
LEVEL_04,4,Metalis,0x0004F600,0x0004FEB0,0x09189BB0,internal_text,0x00035D6C,0x0916FA6C,0x00035D6C,0x00035D6C,WF-003
LEVEL_04,4,Metalis,0x0004F600,0x0004FEB8,0x09189BB8,internal_text,0x00035D98,0x0916FA98,0x00035D98,0x00035D98,WF-003
LEVEL_04,4,Metalis,0x0004F600,0x0004FEC0,0x09189BC0,internal_text,0x00043B34,0x0917D834,0x00043B34,0x00043B34,WF-003
LEVEL_04,4,Metalis,0x0004F600,0x0004FEDC,0x09189BDC,internal_text,0x0000E154,0x09147E54,0x0000E154,0x0000E154,WF-003
LEVEL_04,4,Metalis,0x0004F600,0x0004FEEC,0x09189BEC,internal_text,0x00034E98,0x0916EB98,0x00034E98,0x00034E98,WF-003
LEVEL_04,4,Metalis,0x0004F600,0x0004FF00,0x09189C00,internal_text,0x00043134,0x0917CE34,0x00043134,0x00043134,WF-003
LEVEL_04,4,Metalis,0x0004F600,0x0004FF94,0x09189C94,internal_text,0x0016B978,0x092A5678,0x0016B978,0x0016B978,WF-003
LEVEL_04,4,Metalis,0x0004F600,0x0004FFFC,0x09189CFC,internal_text,0x0004E300,0x09188000,0x0004E300,0x0004E300,WF-003
LEVEL_04,4,Metalis,0x0004F600,0x00050030,0x09189D30,internal_text,0x0004C7D8,0x091864D8,0x0004C7D8,0x0004C7D8,WF-003
LEVEL_04,4,Metalis,0x0004F600,0x00050058,0x09189D58,internal_text,0x0000E088,0x09147D88,0x0000E088,0x0000E088,WF-003
LEVEL_04,4,Metalis,0x0004F600,0x00050074,0x09189D74,internal_text,0x0000E088,0x09147D88,0x0000E088,0x0000E088,WF-003
LEVEL_04,4,Metalis,0x0004F600,0x00050090,0x09189D90,internal_text,0x0000E088,0x09147D88,0x0000E088,0x0000E088,WF-003
LEVEL_04,4,Metalis,0x0004F600,0x000500B8,0x09189DB8,internal_text,0x0000E0EC,0x09147DEC,0x0000E0EC,0x0000E0EC,WF-003
LEVEL_04,4,Metalis,0x0004F600,0x000500D4,0x09189DD4,internal_text,0x0000E0EC,0x09147DEC,0x0000E0EC,0x0000E0EC,WF-003
LEVEL_04,4,Metalis,0x0004F600,0x000500F0,0x09189DF0,internal_text,0x0000E0EC,0x09147DEC,0x0000E0EC,0x0000E0EC,WF-003
LEVEL_04,4,Metalis,0x0004F600,0x0005016C,0x09189E6C,internal_text,0x000FDAD8,0x092377D8,0x000FDAD8,0x000FDAD8,WF-003
LEVEL_04,4,Metalis,0x0004F600,0x000501C4,0x09189EC4,internal_text,0x0003750C,0x0917120C,0x0003750C,0x0003750C,WF-003
LEVEL_04,4,Metalis,0x0004F600,0x00050248,0x09189F48,internal_text,0x000374BC,0x091711BC,0x000374BC,0x000374BC,WF-003
LEVEL_04,4,Metalis,0x0004F600,0x00050274,0x09189F74,internal_text,0x0004E300,0x09188000,0x0004E300,0x0004E300,WF-003
LEVEL_04,4,Metalis,0x0004F600,0x000502A8,0x09189FA8,internal_text,0x0004C7D8,0x091864D8,0x0004C7D8,0x0004C7D8,WF-003
LEVEL_04,4,Metalis,0x0004F600,0x000502D0,0x09189FD0,internal_text,0x0000E088,0x09147D88,0x0000E088,0x0000E088,WF-003
LEVEL_04,4,Metalis,0x0004F600,0x000502EC,0x09189FEC,internal_text,0x0000E088,0x09147D88,0x0000E088,0x0000E088,WF-003
LEVEL_04,4,Metalis,0x0004F600,0x00050308,0x0918A008,internal_text,0x0000E088,0x09147D88,0x0000E088,0x0000E088,WF-003
LEVEL_04,4,Metalis,0x0004F600,0x00050330,0x0918A030,internal_text,0x0000E0EC,0x09147DEC,0x0000E0EC,0x0000E0EC,WF-003
LEVEL_04,4,Metalis,0x0004F600,0x0005034C,0x0918A04C,internal_text,0x0000E0EC,0x09147DEC,0x0000E0EC,0x0000E0EC,WF-003
LEVEL_04,4,Metalis,0x0004F600,0x00050368,0x0918A068,internal_text,0x0000E0EC,0x09147DEC,0x0000E0EC,0x0000E0EC,WF-003
LEVEL_04,4,Metalis,0x0004F600,0x000503E4,0x0918A0E4,internal_text,0x000FDAD8,0x092377D8,0x000FDAD8,0x000FDAD8,WF-003
LEVEL_04,4,Metalis,0x0004F600,0x00050408,0x0918A108,internal_text,0x0006D828,0x091A7528,0x0006D828,0x0006D828,WF-003
LEVEL_04,4,Metalis,0x0004F600,0x0005042C,0x0918A12C,internal_text,0x0006D850,0x091A7550,0x0006D850,0x0006D850,WF-003
LEVEL_04,4,Metalis,0x0004F600,0x000504C8,0x0918A1C8,internal_text,0x0006DB7C,0x091A787C,0x0006DB7C,MOBY_BlendMobyAnim,WF-003
LEVEL_04,4,Metalis,0x0004F600,0x000504D0,0x0918A1D0,internal_text,0x0010DD30,0x09247A30,0x0010DD30,0x0010DD30,WF-003
LEVEL_04,4,Metalis,0x0004F600,0x00050504,0x0918A204,internal_text,0x0010DD28,0x09247A28,0x0010DD28,0x0010DD28,WF-003
LEVEL_04,4,Metalis,0x0004F600,0x00050528,0x0918A228,internal_text,0x00032288,0x0916BF88,0x00032288,0x00032288,WF-003
LEVEL_04,4,Metalis,0x0004F600,0x00050538,0x0918A238,internal_text,0x00032288,0x0916BF88,0x00032288,0x00032288,WF-003
LEVEL_04,4,Metalis,0x0004F600,0x00050584,0x0918A284,internal_text,0x0004E6BC,0x091883BC,0x0004E6BC,0x0004E6BC,WF-003
LEVEL_04,4,Metalis,0x0004F600,0x000505E8,0x0918A2E8,internal_text,0x0004F164,0x09188E64,0x0004F164,ht_grindlock_switches,WF-003
LEVEL_04,4,Metalis,0x00057A0C,0x00057A3C,0x0919173C,internal_text,0x00035344,0x0916F044,0x00035344,0x00035344,WF-004
LEVEL_04,4,Metalis,0x00057A0C,0x00057A44,0x09191744,internal_text,0x0004AB0C,0x0918480C,0x0004AB0C,0x0004AB0C,WF-004
LEVEL_04,4,Metalis,0x00057A0C,0x00057A6C,0x0919176C,internal_text,0x0000E154,0x09147E54,0x0000E154,0x0000E154,WF-004
LEVEL_04,4,Metalis,0x00057A0C,0x00057A84,0x09191784,internal_text,0x00057CB8,0x091919B8,0x00057CB8,0x00057CB8,WF-004
LEVEL_04,4,Metalis,0x00057A0C,0x00057A8C,0x0919178C,internal_text,0x000580C8,0x09191DC8,0x000580C8,0x000580C8,WF-004
LEVEL_04,4,Metalis,0x00057A0C,0x00057AC8,0x091917C8,internal_text,0x0005752C,0x0919122C,0x0005752C,0x0005752C,WF-004
LEVEL_04,4,Metalis,0x00057A0C,0x00057AEC,0x091917EC,internal_text,0x000A9CB4,0x091E39B4,0x000A9CB4,0x000A9CB4,WF-004
LEVEL_04,4,Metalis,0x000A5D40,0x000A5D64,0x091DFA64,internal_text,0x000A5D30,0x091DFA30,0x000A5D30,0x000A5D30,WF-028
LEVEL_04,4,Metalis,0x000A5D40,0x000A5DD0,0x091DFAD0,internal_text,0x0000E154,0x09147E54,0x0000E154,0x0000E154,WF-028
LEVEL_04,4,Metalis,0x000A5D40,0x000A5DF4,0x091DFAF4,internal_text,0x0000E154,0x09147E54,0x0000E154,0x0000E154,WF-028
LEVEL_04,4,Metalis,0x001126E4,0x0011274C,0x0924C44C,internal_text,0x0000E154,0x09147E54,0x0000E154,0x0000E154,WF-008
LEVEL_04,4,Metalis,0x001126E4,0x0011276C,0x0924C46C,internal_text,0x0000E154,0x09147E54,0x0000E154,0x0000E154,WF-008
LEVEL_04,4,Metalis,0x001126E4,0x001127C8,0x0924C4C8,internal_text,0x00113FC0,0x0924DCC0,0x00113FC0,0x00113FC0,WF-008
LEVEL_04,4,Metalis,0x001126E4,0x001127D8,0x0924C4D8,internal_text,0x001B9C84,0x092F3984,0x001B9C84,0x001B9C84,WF-008
LEVEL_04,4,Metalis,0x001126E4,0x0011288C,0x0924C58C,internal_text,0x00115594,0x0924F294,0x00115594,0x00115594,WF-008
LEVEL_04,4,Metalis,0x001126E4,0x001128A4,0x0924C5A4,internal_text,0x00111A4C,0x0924B74C,0x00111A4C,0x00111A4C,WF-008
LEVEL_04,4,Metalis,0x001126E4,0x001128D4,0x0924C5D4,internal_text,0x00113FC0,0x0924DCC0,0x00113FC0,0x00113FC0,WF-008
LEVEL_04,4,Metalis,0x00112900,0x00112924,0x0924C624,internal_text,0x00115594,0x0924F294,0x00115594,0x00115594,WF-009
LEVEL_04,4,Metalis,0x00112900,0x00112980,0x0924C680,internal_text,0x00113FC0,0x0924DCC0,0x00113FC0,0x00113FC0,WF-009
LEVEL_04,4,Metalis,0x00112900,0x001129A8,0x0924C6A8,internal_text,0x0011352C,0x0924D22C,0x0011352C,0x0011352C,WF-009
LEVEL_04,4,Metalis,0x00112900,0x001129CC,0x0924C6CC,internal_text,0x0000E154,0x09147E54,0x0000E154,0x0000E154,WF-009
LEVEL_04,4,Metalis,0x00112900,0x001129EC,0x0924C6EC,internal_text,0x0000E154,0x09147E54,0x0000E154,0x0000E154,WF-009
LEVEL_04,4,Metalis,0x00112900,0x00112A50,0x0924C750,internal_text,0x00113FC0,0x0924DCC0,0x00113FC0,0x00113FC0,WF-009
LEVEL_04,4,Metalis,0x00112900,0x00112A60,0x0924C760,internal_text,0x001B9C84,0x092F3984,0x001B9C84,0x001B9C84,WF-009
LEVEL_04,4,Metalis,0x00112BC8,0x00112BF4,0x0924C8F4,internal_text,0x0011352C,0x0924D22C,0x0011352C,0x0011352C,WF-007
LEVEL_04,4,Metalis,0x00112BC8,0x00112C1C,0x0924C91C,internal_text,0x0000E154,0x09147E54,0x0000E154,0x0000E154,WF-007
LEVEL_04,4,Metalis,0x00112BC8,0x00112C9C,0x0924C99C,internal_text,0x0000E154,0x09147E54,0x0000E154,0x0000E154,WF-007
LEVEL_04,4,Metalis,0x00112BC8,0x00112CC4,0x0924C9C4,internal_text,0x0000E154,0x09147E54,0x0000E154,0x0000E154,WF-007
LEVEL_04,4,Metalis,0x00112BC8,0x00112D20,0x0924CA20,internal_text,0x001B9C84,0x092F3984,0x001B9C84,0x001B9C84,WF-007
LEVEL_04,4,Metalis,0x00112BC8,0x00112E40,0x0924CB40,internal_text,0x00019BB4,0x091538B4,0x00019BB4,0x00019BB4,WF-007
LEVEL_04,4,Metalis,0x00112BC8,0x00112EB4,0x0924CBB4,internal_text,0x00113FC0,0x0924DCC0,0x00113FC0,0x00113FC0,WF-007
LEVEL_04,4,Metalis,0x00115594,0x001155D0,0x0924F2D0,internal_text,0x00112FC4,0x0924CCC4,0x00112FC4,0x00112FC4,WF-010
LEVEL_04,4,Metalis,0x00115594,0x001156A8,0x0924F3A8,internal_text,0x0000E154,0x09147E54,0x0000E154,0x0000E154,WF-010
LEVEL_04,4,Metalis,0x00115594,0x00115728,0x0924F428,internal_text,0x00010CB8,0x0914A9B8,0x00010CB8,0x00010CB8,WF-010
LEVEL_04,4,Metalis,0x00115594,0x00115768,0x0924F468,internal_text,0x0000E154,0x09147E54,0x0000E154,0x0000E154,WF-010
LEVEL_04,4,Metalis,0x00115594,0x001157E0,0x0924F4E0,internal_text,0x00010CB8,0x0914A9B8,0x00010CB8,0x00010CB8,WF-010
LEVEL_04,4,Metalis,0x00115594,0x00115808,0x0924F508,internal_text,0x001C1260,0x092FAF60,0x001C1260,0x001C1260,WF-010
LEVEL_04,4,Metalis,0x00115594,0x00115840,0x0924F540,internal_text,0x001B8CA4,0x092F29A4,0x001B8CA4,0x001B8CA4,WF-010
LEVEL_04,4,Metalis,0x00115594,0x0011584C,0x0924F54C,internal_text,0x001B8DCC,0x092F2ACC,0x001B8DCC,0x001B8DCC,WF-010
LEVEL_04,4,Metalis,0x00115594,0x00115878,0x0924F578,internal_text,0x001C1260,0x092FAF60,0x001C1260,0x001C1260,WF-010
LEVEL_04,4,Metalis,0x00115594,0x00115910,0x0924F610,internal_text,0x00019BB4,0x091538B4,0x00019BB4,0x00019BB4,WF-010
LEVEL_04,4,Metalis,0x00115594,0x00115944,0x0924F644,internal_text,0x00019520,0x09153220,0x00019520,0x00019520,WF-010
LEVEL_04,4,Metalis,0x00115594,0x00115A20,0x0924F720,internal_text,0x00070008,0x091A9D08,0x00070008,0x00070008,WF-010
LEVEL_04,4,Metalis,0x00115594,0x00115ABC,0x0924F7BC,internal_text,0x0008D5F4,0x091C72F4,0x0008D5F4,0x0008D5F4,WF-010
LEVEL_04,4,Metalis,0x001294D4,0x0012956C,0x0926326C,internal_text,0x001B9C84,0x092F3984,0x001B9C84,0x001B9C84,WF-026
LEVEL_04,4,Metalis,0x001294D4,0x00129594,0x09263294,internal_text,0x001B9C84,0x092F3984,0x001B9C84,0x001B9C84,WF-026
LEVEL_04,4,Metalis,0x001294D4,0x001295E0,0x092632E0,internal_text,0x001C92FC,0x09302FFC,0x001C92FC,0x001C92FC,WF-026
LEVEL_04,4,Metalis,0x001294D4,0x00129630,0x09263330,internal_text,0x0000E154,0x09147E54,0x0000E154,0x0000E154,WF-026
LEVEL_04,4,Metalis,0x001294D4,0x001297CC,0x092634CC,internal_text,0x00129BD8,0x092638D8,0x00129BD8,0x00129BD8,WF-026
LEVEL_04,4,Metalis,0x001294D4,0x00129808,0x09263508,internal_text,0x00129C78,0x09263978,0x00129C78,0x00129C78,WF-026
LEVEL_04,4,Metalis,0x001294D4,0x00129810,0x09263510,internal_text,0x00129B58,0x09263858,0x00129B58,0x00129B58,WF-026
LEVEL_04,4,Metalis,0x001294D4,0x00129858,0x09263558,internal_text,0x0006DB7C,0x091A787C,0x0006DB7C,MOBY_BlendMobyAnim,WF-026
LEVEL_04,4,Metalis,0x001294D4,0x00129870,0x09263570,internal_text,0x0006D850,0x091A7550,0x0006D850,0x0006D850,WF-026
LEVEL_04,4,Metalis,0x001294D4,0x00129888,0x09263588,internal_text,0x00129C78,0x09263978,0x00129C78,0x00129C78,WF-026
LEVEL_04,4,Metalis,0x001294D4,0x00129890,0x09263590,internal_text,0x00129B58,0x09263858,0x00129B58,0x00129B58,WF-026
LEVEL_04,4,Metalis,0x001298BC,0x00129954,0x09263654,internal_text,0x001B9C84,0x092F3984,0x001B9C84,0x001B9C84,WF-025
LEVEL_04,4,Metalis,0x001298BC,0x0012997C,0x0926367C,internal_text,0x001B9C84,0x092F3984,0x001B9C84,0x001B9C84,WF-025
LEVEL_04,4,Metalis,0x001298BC,0x001299D0,0x092636D0,internal_text,0x001B9C84,0x092F3984,0x001B9C84,0x001B9C84,WF-025
LEVEL_04,4,Metalis,0x001298BC,0x00129A2C,0x0926372C,internal_text,0x0000E154,0x09147E54,0x0000E154,0x0000E154,WF-025
LEVEL_04,4,Metalis,0x001298BC,0x00129AC0,0x092637C0,internal_text,0x00129BD8,0x092638D8,0x00129BD8,0x00129BD8,WF-025
LEVEL_04,4,Metalis,0x001298BC,0x00129AE4,0x092637E4,internal_text,0x00129B58,0x09263858,0x00129B58,0x00129B58,WF-025
LEVEL_04,4,Metalis,0x0016871C,0x0016875C,0x092A245C,internal_text,0x001679A8,0x092A16A8,0x001679A8,0x001679A8,WF-006
LEVEL_04,4,Metalis,0x0016871C,0x00168778,0x092A2478,internal_text,0x0000E154,0x09147E54,0x0000E154,0x0000E154,WF-006
LEVEL_04,4,Metalis,0x0016871C,0x001687C0,0x092A24C0,internal_text,0x001B9C84,0x092F3984,0x001B9C84,0x001B9C84,WF-006
LEVEL_04,4,Metalis,0x0016871C,0x00168834,0x092A2534,internal_text,0x00167BC4,0x092A18C4,0x00167BC4,0x00167BC4,WF-006
LEVEL_04,4,Metalis,0x0016871C,0x00168894,0x092A2594,internal_text,0x00019BB4,0x091538B4,0x00019BB4,0x00019BB4,WF-006
LEVEL_04,4,Metalis,0x0016871C,0x0016890C,0x092A260C,internal_text,0x001679A8,0x092A16A8,0x001679A8,0x001679A8,WF-006
LEVEL_04,4,Metalis,0x0016871C,0x00168940,0x092A2640,internal_text,0x000FBB38,0x09235838,0x000FBB38,0x000FBB38,WF-006
LEVEL_04,4,Metalis,0x0016871C,0x00168950,0x092A2650,internal_text,0x000FFAD8,0x092397D8,0x000FFAD8,0x000FFAD8,WF-006
LEVEL_04,4,Metalis,0x0016871C,0x001689CC,0x092A26CC,internal_text,0x00167BC4,0x092A18C4,0x00167BC4,0x00167BC4,WF-006
LEVEL_04,4,Metalis,0x0016871C,0x00168A2C,0x092A272C,internal_text,0x00019BB4,0x091538B4,0x00019BB4,0x00019BB4,WF-006
LEVEL_04,4,Metalis,0x0018BFE8,0x0018C014,0x092C5D14,internal_text,0x00014560,0x0914E260,0x00014560,0x00014560,WF-030
LEVEL_04,4,Metalis,0x0018BFE8,0x0018C088,0x092C5D88,internal_text,0x0018D0E4,0x092C6DE4,0x0018D0E4,0x0018D0E4,WF-030
LEVEL_04,4,Metalis,0x0018BFE8,0x0018C0B0,0x092C5DB0,internal_text,0x00029988,0x09163688,0x00029988,0x00029988,WF-030
LEVEL_04,4,Metalis,0x0018BFE8,0x0018C0B8,0x092C5DB8,internal_text,0x0018AA60,0x092C4760,0x0018AA60,0x0018AA60,WF-030
LEVEL_04,4,Metalis,0x0018BFE8,0x0018C0D0,0x092C5DD0,internal_text,0x0018D0E4,0x092C6DE4,0x0018D0E4,0x0018D0E4,WF-030
LEVEL_04,4,Metalis,0x0018BFE8,0x0018C0FC,0x092C5DFC,internal_text,0x000F2C2C,0x0922C92C,0x000F2C2C,0x000F2C2C,WF-030
LEVEL_04,4,Metalis,0x0018BFE8,0x0018C10C,0x092C5E0C,internal_text,0x000E92B0,0x09222FB0,0x000E92B0,0x000E92B0,WF-030
LEVEL_04,4,Metalis,0x0018BFE8,0x0018C118,0x092C5E18,internal_text,0x000F2C58,0x0922C958,0x000F2C58,0x000F2C58,WF-030
LEVEL_04,4,Metalis,0x0018BFE8,0x0018C124,0x092C5E24,internal_text,0x0006D208,0x091A6F08,0x0006D208,MOBY_DestroyMoby,WF-030
LEVEL_04,4,Metalis,0x0018BFE8,0x0018C138,0x092C5E38,internal_text,0x0018D0E4,0x092C6DE4,0x0018D0E4,0x0018D0E4,WF-030
LEVEL_04,4,Metalis,0x0018BFE8,0x0018C1F4,0x092C5EF4,internal_text,0x000F2C2C,0x0922C92C,0x000F2C2C,0x000F2C2C,WF-030
LEVEL_04,4,Metalis,0x0018BFE8,0x0018C204,0x092C5F04,internal_text,0x000E92B0,0x09222FB0,0x000E92B0,0x000E92B0,WF-030
LEVEL_04,4,Metalis,0x0018BFE8,0x0018C210,0x092C5F10,internal_text,0x000F2C58,0x0922C958,0x000F2C58,0x000F2C58,WF-030
LEVEL_04,4,Metalis,0x0018BFE8,0x0018C21C,0x092C5F1C,internal_text,0x0006D208,0x091A6F08,0x0006D208,MOBY_DestroyMoby,WF-030
LEVEL_04,4,Metalis,0x0018BFE8,0x0018C370,0x092C6070,internal_text,0x0018AA60,0x092C4760,0x0018AA60,0x0018AA60,WF-030
LEVEL_04,4,Metalis,0x0018BFE8,0x0018C388,0x092C6088,internal_text,0x0018D0E4,0x092C6DE4,0x0018D0E4,0x0018D0E4,WF-030
LEVEL_04,4,Metalis,0x0018BFE8,0x0018C39C,0x092C609C,internal_text,0x0018D0E4,0x092C6DE4,0x0018D0E4,0x0018D0E4,WF-030
LEVEL_04,4,Metalis,0x0018BFE8,0x0018C3D4,0x092C60D4,internal_text,0x00029988,0x09163688,0x00029988,0x00029988,WF-030
LEVEL_04,4,Metalis,0x0018BFE8,0x0018C3DC,0x092C60DC,internal_text,0x0018AA60,0x092C4760,0x0018AA60,0x0018AA60,WF-030
LEVEL_04,4,Metalis,0x0018BFE8,0x0018C3F4,0x092C60F4,internal_text,0x0018D0E4,0x092C6DE4,0x0018D0E4,0x0018D0E4,WF-030
LEVEL_04,4,Metalis,0x0018BFE8,0x0018C420,0x092C6120,internal_text,0x000F2C2C,0x0922C92C,0x000F2C2C,0x000F2C2C,WF-030
LEVEL_04,4,Metalis,0x0018BFE8,0x0018C430,0x092C6130,internal_text,0x000E92B0,0x09222FB0,0x000E92B0,0x000E92B0,WF-030
LEVEL_04,4,Metalis,0x0018BFE8,0x0018C43C,0x092C613C,internal_text,0x000F2C58,0x0922C958,0x000F2C58,0x000F2C58,WF-030
LEVEL_04,4,Metalis,0x0018BFE8,0x0018C448,0x092C6148,internal_text,0x0006D208,0x091A6F08,0x0006D208,MOBY_DestroyMoby,WF-030
LEVEL_04,4,Metalis,0x0018BFE8,0x0018C474,0x092C6174,internal_text,0x000F2C2C,0x0922C92C,0x000F2C2C,0x000F2C2C,WF-030
LEVEL_04,4,Metalis,0x0018BFE8,0x0018C484,0x092C6184,internal_text,0x000E92B0,0x09222FB0,0x000E92B0,0x000E92B0,WF-030
LEVEL_04,4,Metalis,0x0018BFE8,0x0018C490,0x092C6190,internal_text,0x000F2C58,0x0922C958,0x000F2C58,0x000F2C58,WF-030
LEVEL_04,4,Metalis,0x0018BFE8,0x0018C49C,0x092C619C,internal_text,0x0006D208,0x091A6F08,0x0006D208,MOBY_DestroyMoby,WF-030
LEVEL_04,4,Metalis,0x0018BFE8,0x0018C4B0,0x092C61B0,internal_text,0x0018D0E4,0x092C6DE4,0x0018D0E4,0x0018D0E4,WF-030
LEVEL_04,4,Metalis,0x0018BFE8,0x0018C4C4,0x092C61C4,internal_text,0x0006D850,0x091A7550,0x0006D850,0x0006D850,WF-030
LEVEL_04,4,Metalis,0x0018BFE8,0x0018C4D8,0x092C61D8,internal_text,0x0018D0E4,0x092C6DE4,0x0018D0E4,0x0018D0E4,WF-030
LEVEL_04,4,Metalis,0x0018BFE8,0x0018C56C,0x092C626C,internal_text,0x0000E800,0x09148500,0x0000E800,0x0000E800,WF-030
LEVEL_04,4,Metalis,0x0018BFE8,0x0018C580,0x092C6280,internal_text,0x0018D0E4,0x092C6DE4,0x0018D0E4,0x0018D0E4,WF-030
LEVEL_04,4,Metalis,0x0018BFE8,0x0018C608,0x092C6308,internal_text,0x00029214,0x09162F14,0x00029214,0x00029214,WF-030
LEVEL_04,4,Metalis,0x0018BFE8,0x0018C638,0x092C6338,internal_text,0x0006D850,0x091A7550,0x0006D850,0x0006D850,WF-030
LEVEL_04,4,Metalis,0x0018BFE8,0x0018C680,0x092C6380,internal_text,0x0018AB90,0x092C4890,0x0018AB90,0x0018AB90,WF-030
LEVEL_04,4,Metalis,0x0018BFE8,0x0018C6A0,0x092C63A0,internal_text,0x00074B94,0x091AE894,0x00074B94,0x00074B94,WF-030
LEVEL_04,4,Metalis,0x0018BFE8,0x0018C6E8,0x092C63E8,internal_text,0x0018D0E4,0x092C6DE4,0x0018D0E4,0x0018D0E4,WF-030
LEVEL_04,4,Metalis,0x0018BFE8,0x0018C6FC,0x092C63FC,internal_text,0x0018D0E4,0x092C6DE4,0x0018D0E4,0x0018D0E4,WF-030
LEVEL_04,4,Metalis,0x0018BFE8,0x0018C710,0x092C6410,internal_text,0x0018D0E4,0x092C6DE4,0x0018D0E4,0x0018D0E4,WF-030
LEVEL_04,4,Metalis,0x0018BFE8,0x0018C764,0x092C6464,internal_text,0x000298E4,0x091635E4,0x000298E4,0x000298E4,WF-030
LEVEL_04,4,Metalis,0x0018BFE8,0x0018C7AC,0x092C64AC,internal_text,0x0018AB90,0x092C4890,0x0018AB90,0x0018AB90,WF-030
LEVEL_04,4,Metalis,0x0018BFE8,0x0018C7F8,0x092C64F8,internal_text,0x0000E154,0x09147E54,0x0000E154,0x0000E154,WF-030
LEVEL_04,4,Metalis,0x0018BFE8,0x0018C900,0x092C6600,internal_text,0x0000E65C,0x0914835C,0x0000E65C,0x0000E65C,WF-030
LEVEL_04,4,Metalis,0x0018BFE8,0x0018C9C8,0x092C66C8,internal_text,0x000FDC3C,0x0923793C,0x000FDC3C,0x000FDC3C,WF-030
LEVEL_04,4,Metalis,0x0018BFE8,0x0018C9F0,0x092C66F0,internal_text,0x0018AB90,0x092C4890,0x0018AB90,0x0018AB90,WF-030
LEVEL_04,4,Metalis,0x0018BFE8,0x0018CA60,0x092C6760,internal_text,0x000298E4,0x091635E4,0x000298E4,0x000298E4,WF-030
LEVEL_04,4,Metalis,0x0018BFE8,0x0018CAB0,0x092C67B0,internal_text,0x0018E41C,0x092C811C,0x0018E41C,0x0018E41C,WF-030
LEVEL_04,4,Metalis,0x0018BFE8,0x0018CABC,0x092C67BC,internal_text,0x0018D0E4,0x092C6DE4,0x0018D0E4,0x0018D0E4,WF-030
LEVEL_04,4,Metalis,0x0018BFE8,0x0018CAE8,0x092C67E8,internal_text,0x0018AD54,0x092C4A54,0x0018AD54,0x0018AD54,WF-030
LEVEL_04,4,Metalis,0x0018BFE8,0x0018CAFC,0x092C67FC,internal_text,0x0018D0E4,0x092C6DE4,0x0018D0E4,0x0018D0E4,WF-030
LEVEL_04,4,Metalis,0x0018BFE8,0x0018CB28,0x092C6828,internal_text,0x0000E410,0x09148110,0x0000E410,0x0000E410,WF-030
LEVEL_04,4,Metalis,0x0018BFE8,0x0018CB34,0x092C6834,internal_text,0x0006D850,0x091A7550,0x0006D850,0x0006D850,WF-030
LEVEL_04,4,Metalis,0x0018BFE8,0x0018CB44,0x092C6844,internal_text,0x0018AB90,0x092C4890,0x0018AB90,0x0018AB90,WF-030
LEVEL_04,4,Metalis,0x0018BFE8,0x0018CB54,0x092C6854,internal_text,0x0018AE18,0x092C4B18,0x0018AE18,0x0018AE18,WF-030
LEVEL_04,4,Metalis,0x0018BFE8,0x0018CBA8,0x092C68A8,internal_text,0x000292AC,0x09162FAC,0x000292AC,0x000292AC,WF-030
LEVEL_04,4,Metalis,0x0018BFE8,0x0018CBBC,0x092C68BC,internal_text,0x0018D0E4,0x092C6DE4,0x0018D0E4,0x0018D0E4,WF-030
LEVEL_04,4,Metalis,0x0018BFE8,0x0018CBE8,0x092C68E8,internal_text,0x0018AE18,0x092C4B18,0x0018AE18,0x0018AE18,WF-030
LEVEL_04,4,Metalis,0x0018BFE8,0x0018CC1C,0x092C691C,internal_text,0x00029424,0x09163124,0x00029424,0x00029424,WF-030
LEVEL_04,4,Metalis,0x0018BFE8,0x0018CC30,0x092C6930,internal_text,0x0018D0E4,0x092C6DE4,0x0018D0E4,0x0018D0E4,WF-030
LEVEL_04,4,Metalis,0x0018BFE8,0x0018CC5C,0x092C695C,internal_text,0x0006D828,0x091A7528,0x0006D828,0x0006D828,WF-030
LEVEL_04,4,Metalis,0x0018BFE8,0x0018CC9C,0x092C699C,internal_text,0x0018AF4C,0x092C4C4C,0x0018AF4C,0x0018AF4C,WF-030
LEVEL_04,4,Metalis,0x0018BFE8,0x0018CCBC,0x092C69BC,internal_text,0x0000EC94,0x09148994,0x0000EC94,0x0000EC94,WF-030
LEVEL_04,4,Metalis,0x0018BFE8,0x0018CCE8,0x092C69E8,internal_text,0x00022430,0x0915C130,0x00022430,0x00022430,WF-030
LEVEL_04,4,Metalis,0x0018BFE8,0x0018CD14,0x092C6A14,internal_text,0x000146E4,0x0914E3E4,0x000146E4,0x000146E4,WF-030
LEVEL_04,4,Metalis,0x0018BFE8,0x0018CD30,0x092C6A30,internal_text,0x0006D850,0x091A7550,0x0006D850,0x0006D850,WF-030
LEVEL_04,4,Metalis,0x0018BFE8,0x0018CD44,0x092C6A44,internal_text,0x0018D0E4,0x092C6DE4,0x0018D0E4,0x0018D0E4,WF-030
LEVEL_04,4,Metalis,0x0018BFE8,0x0018CDD8,0x092C6AD8,internal_text,0x0018D0E4,0x092C6DE4,0x0018D0E4,0x0018D0E4,WF-030
LEVEL_04,4,Metalis,0x0018BFE8,0x0018CDEC,0x092C6AEC,internal_text,0x0018D0E4,0x092C6DE4,0x0018D0E4,0x0018D0E4,WF-030
LEVEL_04,4,Metalis,0x0018BFE8,0x0018CE14,0x092C6B14,internal_text,0x00028E34,0x09162B34,0x00028E34,0x00028E34,WF-030
LEVEL_04,4,Metalis,0x0018BFE8,0x0018CE68,0x092C6B68,internal_text,0x0018E490,0x092C8190,0x0018E490,0x0018E490,WF-030
LEVEL_04,4,Metalis,0x0018BFE8,0x0018CE84,0x092C6B84,internal_text,0x0006D208,0x091A6F08,0x0006D208,MOBY_DestroyMoby,WF-030
LEVEL_04,4,Metalis,0x0018BFE8,0x0018CEBC,0x092C6BBC,internal_text,0x0006D850,0x091A7550,0x0006D850,0x0006D850,WF-030
LEVEL_04,4,Metalis,0x0018BFE8,0x0018CECC,0x092C6BCC,internal_text,0x0006DCFC,0x091A79FC,0x0006DCFC,0x0006DCFC,WF-030
LEVEL_04,4,Metalis,0x0018BFE8,0x0018CEE8,0x092C6BE8,internal_text,0x0006D8E4,0x091A75E4,0x0006D8E4,MOBY_SnapMobyAnim,WF-030
LEVEL_04,4,Metalis,0x0018BFE8,0x0018CEFC,0x092C6BFC,internal_text,0x001A09BC,0x092DA6BC,0x001A09BC,0x001A09BC,WF-030
LEVEL_04,4,Metalis,0x0018BFE8,0x0018CF10,0x092C6C10,internal_text,0x0018D0E4,0x092C6DE4,0x0018D0E4,0x0018D0E4,WF-030
LEVEL_04,4,Metalis,0x0018BFE8,0x0018CF60,0x092C6C60,internal_text,0x0018D0E4,0x092C6DE4,0x0018D0E4,0x0018D0E4,WF-030
LEVEL_04,4,Metalis,0x0018BFE8,0x0018CF74,0x092C6C74,internal_text,0x0018D0E4,0x092C6DE4,0x0018D0E4,0x0018D0E4,WF-030
LEVEL_04,4,Metalis,0x0018BFE8,0x0018CFC8,0x092C6CC8,internal_text,0x00028E34,0x09162B34,0x00028E34,0x00028E34,WF-030
LEVEL_04,4,Metalis,0x0018BFE8,0x0018D01C,0x092C6D1C,internal_text,0x0000E560,0x09148260,0x0000E560,0x0000E560,WF-030
LEVEL_04,4,Metalis,0x0018BFE8,0x0018D05C,0x092C6D5C,internal_text,0x0013C05C,0x09275D5C,0x0013C05C,0x0013C05C,WF-030
LEVEL_04,4,Metalis,0x0018BFE8,0x0018D068,0x092C6D68,internal_text,0x0018D0E4,0x092C6DE4,0x0018D0E4,0x0018D0E4,WF-030
LEVEL_04,4,Metalis,0x0018BFE8,0x0018D0A0,0x092C6DA0,internal_text,0x0006D850,0x091A7550,0x0006D850,0x0006D850,WF-030
LEVEL_04,4,Metalis,0x0018BFE8,0x0018D0B0,0x092C6DB0,internal_text,0x0018AE18,0x092C4B18,0x0018AE18,0x0018AE18,WF-030
LEVEL_04,4,Metalis,0x0018BFE8,0x0018D0BC,0x092C6DBC,internal_text,0x0018D0E4,0x092C6DE4,0x0018D0E4,0x0018D0E4,WF-030
LEVEL_04,4,Metalis,0x001A0BF4,0x001A0CAC,0x092DA9AC,internal_text,0x0000E154,0x09147E54,0x0000E154,0x0000E154,WF-012
LEVEL_04,4,Metalis,0x001A0BF4,0x001A0CBC,0x092DA9BC,internal_text,0x000FC3CC,0x092360CC,0x000FC3CC,0x000FC3CC,WF-012
LEVEL_04,4,Metalis,0x001A0BF4,0x001A0D34,0x092DAA34,internal_text,0x001A0E94,0x092DAB94,0x001A0E94,0x001A0E94,WF-012
LEVEL_04,4,Metalis,0x001A0BF4,0x001A0D60,0x092DAA60,internal_text,0x001A10DC,0x092DADDC,0x001A10DC,0x001A10DC,WF-012
LEVEL_04,4,Metalis,0x001A0BF4,0x001A0D88,0x092DAA88,internal_text,0x001A176C,0x092DB46C,0x001A176C,0x001A176C,WF-012
LEVEL_04,4,Metalis,0x001A0BF4,0x001A0DB4,0x092DAAB4,internal_text,0x001A1F90,0x092DBC90,0x001A1F90,0x001A1F90,WF-012
LEVEL_04,4,Metalis,0x001A1348,0x001A1398,0x092DB098,internal_text,0x0000E154,0x09147E54,0x0000E154,0x0000E154,WF-011
LEVEL_04,4,Metalis,0x001A1348,0x001A13B4,0x092DB0B4,internal_text,0x0000E154,0x09147E54,0x0000E154,0x0000E154,WF-011
LEVEL_04,4,Metalis,0x001A1348,0x001A13E8,0x092DB0E8,internal_text,0x001B9C84,0x092F3984,0x001B9C84,0x001B9C84,WF-011
LEVEL_04,4,Metalis,0x001A1348,0x001A141C,0x092DB11C,internal_text,0x000FC3CC,0x092360CC,0x000FC3CC,0x000FC3CC,WF-011
LEVEL_05,5,Dreamtime,0x0000E4F4,0x0000E528,0x09148228,internal_text,0x0000E35C,0x0914805C,0x0000E35C,0x0000E35C,WF-005
LEVEL_05,5,Dreamtime,0x0000E4F4,0x0000E544,0x09148244,internal_text,0x0000E35C,0x0914805C,0x0000E35C,0x0000E35C,WF-005
LEVEL_05,5,Dreamtime,0x0000E4F4,0x0000E560,0x09148260,internal_text,0x0000E35C,0x0914805C,0x0000E35C,0x0000E35C,WF-005
LEVEL_05,5,Dreamtime,0x0000E584,0x0000E5B8,0x091482B8,internal_text,0x0000E35C,0x0914805C,0x0000E35C,0x0000E35C,WF-018
LEVEL_05,5,Dreamtime,0x0000E584,0x0000E5D4,0x091482D4,internal_text,0x0000E35C,0x0914805C,0x0000E35C,0x0000E35C,WF-018
LEVEL_05,5,Dreamtime,0x0000E7DC,0x0000E818,0x09148518,internal_text,0x0000E35C,0x0914805C,0x0000E35C,0x0000E35C,WF-013
LEVEL_05,5,Dreamtime,0x0000E7DC,0x0000E83C,0x0914853C,internal_text,0x0000E35C,0x0914805C,0x0000E35C,0x0000E35C,WF-013
LEVEL_05,5,Dreamtime,0x0000E7DC,0x0000E878,0x09148578,internal_text,0x001954B4,0x092CF1B4,0x001954B4,0x001954B4,WF-013
LEVEL_05,5,Dreamtime,0x0000E8D8,0x0000E990,0x09148690,internal_text,0x000F1184,0x0922AE84,0x000F1184,0x000F1184,WF-020
LEVEL_05,5,Dreamtime,0x0000E8D8,0x0000E9B8,0x091486B8,internal_text,0x0000E35C,0x0914805C,0x0000E35C,0x0000E35C,WF-020
LEVEL_05,5,Dreamtime,0x0000E8D8,0x0000E9D8,0x091486D8,internal_text,0x0000E35C,0x0914805C,0x0000E35C,0x0000E35C,WF-020
LEVEL_05,5,Dreamtime,0x0000E8D8,0x0000EA14,0x09148714,internal_text,0x001954B4,0x092CF1B4,0x001954B4,0x001954B4,WF-020
LEVEL_05,5,Dreamtime,0x00028870,0x00028920,0x09162620,internal_text,0x001A4B2C,0x092DE82C,0x001A4B2C,0x001A4B2C,WF-017
LEVEL_05,5,Dreamtime,0x00028870,0x00028960,0x09162660,internal_text,0x0000E35C,0x0914805C,0x0000E35C,0x0000E35C,WF-017
LEVEL_05,5,Dreamtime,0x00028870,0x00028984,0x09162684,internal_text,0x0000E35C,0x0914805C,0x0000E35C,0x0000E35C,WF-017
LEVEL_05,5,Dreamtime,0x00028870,0x000289A8,0x091626A8,internal_text,0x0000E35C,0x0914805C,0x0000E35C,0x0000E35C,WF-017
LEVEL_05,5,Dreamtime,0x00028870,0x00028A08,0x09162708,internal_text,0x001954B4,0x092CF1B4,0x001954B4,0x001954B4,WF-017
LEVEL_05,5,Dreamtime,0x00028870,0x00028A1C,0x0916271C,internal_text,0x001954B4,0x092CF1B4,0x001954B4,0x001954B4,WF-017
LEVEL_05,5,Dreamtime,0x00028870,0x00028AE0,0x091627E0,internal_text,0x00028294,0x09161F94,0x00028294,0x00028294,WF-017
LEVEL_05,5,Dreamtime,0x00028870,0x00028B80,0x09162880,internal_text,0x00028294,0x09161F94,0x00028294,0x00028294,WF-017
LEVEL_05,5,Dreamtime,0x00028870,0x00028BD4,0x091628D4,internal_text,0x000285E4,0x091622E4,0x000285E4,0x000285E4,WF-017
LEVEL_05,5,Dreamtime,0x00028870,0x00028BEC,0x091628EC,internal_text,0x0000EF28,0x09148C28,0x0000EF28,0x0000EF28,WF-017
LEVEL_05,5,Dreamtime,0x00028870,0x00028CBC,0x091629BC,internal_text,0x0002A608,0x09164308,0x0002A608,NavUtil_AvoidTriggers,WF-017
LEVEL_05,5,Dreamtime,0x00028870,0x00028CD0,0x091629D0,internal_text,0x000285E4,0x091622E4,0x000285E4,0x000285E4,WF-017
LEVEL_05,5,Dreamtime,0x00028870,0x00028CE8,0x091629E8,internal_text,0x0000E7DC,0x091484DC,0x0000E7DC,0x0000E7DC,WF-017
LEVEL_05,5,Dreamtime,0x00028870,0x00028D00,0x09162A00,internal_text,0x0000EF28,0x09148C28,0x0000EF28,0x0000EF28,WF-017
LEVEL_05,5,Dreamtime,0x0002992C,0x0002997C,0x0916367C,internal_text,0x0000E35C,0x0914805C,0x0000E35C,0x0000E35C,WF-022
LEVEL_05,5,Dreamtime,0x0002992C,0x00029A1C,0x0916371C,internal_text,0x001954B4,0x092CF1B4,0x001954B4,0x001954B4,WF-022
LEVEL_05,5,Dreamtime,0x0002992C,0x00029A30,0x09163730,internal_text,0x001954B4,0x092CF1B4,0x001954B4,0x001954B4,WF-022
LEVEL_05,5,Dreamtime,0x0002992C,0x00029A54,0x09163754,internal_text,0x00029410,0x09163110,0x00029410,0x00029410,WF-022
LEVEL_05,5,Dreamtime,0x0002992C,0x00029B1C,0x0916381C,internal_text,0x00029F4C,0x09163C4C,0x00029F4C,0x00029F4C,WF-022
LEVEL_05,5,Dreamtime,0x0002992C,0x00029BC8,0x091638C8,internal_text,0x00029F4C,0x09163C4C,0x00029F4C,0x00029F4C,WF-022
LEVEL_05,5,Dreamtime,0x0002992C,0x00029CA4,0x091639A4,internal_text,0x00029F4C,0x09163C4C,0x00029F4C,0x00029F4C,WF-022
LEVEL_05,5,Dreamtime,0x0002992C,0x00029D78,0x09163A78,internal_text,0x00029F4C,0x09163C4C,0x00029F4C,0x00029F4C,WF-022
LEVEL_05,5,Dreamtime,0x0002992C,0x00029DC8,0x09163AC8,internal_text,0x000295B4,0x091632B4,0x000295B4,0x000295B4,WF-022
LEVEL_05,5,Dreamtime,0x0002992C,0x00029DE8,0x09163AE8,internal_text,0x0000F0D4,0x09148DD4,0x0000F0D4,0x0000F0D4,WF-022
LEVEL_05,5,Dreamtime,0x0002992C,0x00029E44,0x09163B44,internal_text,0x00029488,0x09163188,0x00029488,0x00029488,WF-022
LEVEL_05,5,Dreamtime,0x0002992C,0x00029EBC,0x09163BBC,internal_text,0x0002A608,0x09164308,0x0002A608,NavUtil_AvoidTriggers,WF-022
LEVEL_05,5,Dreamtime,0x0002992C,0x00029ED4,0x09163BD4,internal_text,0x0000E8D8,0x091485D8,0x0000E8D8,0x0000E8D8,WF-022
LEVEL_05,5,Dreamtime,0x0002992C,0x00029EF4,0x09163BF4,internal_text,0x0000F0D4,0x09148DD4,0x0000F0D4,0x0000F0D4,WF-022
LEVEL_05,5,Dreamtime,0x00047CD8,0x00047E00,0x09181B00,internal_text,0x000F0A80,0x0922A780,0x000F0A80,0x000F0A80,WF-002
LEVEL_05,5,Dreamtime,0x00047CD8,0x00047E0C,0x09181B0C,internal_text,0x001945E4,0x092CE2E4,0x001945E4,0x001945E4,WF-002
LEVEL_05,5,Dreamtime,0x00047CD8,0x00047F38,0x09181C38,internal_text,0x0000E35C,0x0914805C,0x0000E35C,0x0000E35C,WF-002
LEVEL_05,5,Dreamtime,0x00047CD8,0x00047F60,0x09181C60,internal_text,0x0000E3DC,0x091480DC,0x0000E3DC,0x0000E3DC,WF-002
LEVEL_05,5,Dreamtime,0x00047CD8,0x00047F74,0x09181C74,internal_text,0x000F1EE8,0x0922BBE8,0x000F1EE8,0x000F1EE8,WF-002
LEVEL_05,5,Dreamtime,0x00047CD8,0x00048034,0x09181D34,internal_text,0x001945E4,0x092CE2E4,0x001945E4,0x001945E4,WF-002
LEVEL_05,5,Dreamtime,0x00048070,0x000481C4,0x09181EC4,internal_text,0x00030BCC,0x0916A8CC,0x00030BCC,0x00030BCC,WF-001
LEVEL_05,5,Dreamtime,0x00048070,0x00048270,0x09181F70,internal_text,0x00047CD8,0x091819D8,0x00047CD8,0x00047CD8,WF-001
LEVEL_05,5,Dreamtime,0x00048070,0x00048280,0x09181F80,internal_text,0x00046EE4,0x09180BE4,0x00046EE4,0x00046EE4,WF-001
LEVEL_05,5,Dreamtime,0x00048070,0x00048288,0x09181F88,internal_text,0x00047534,0x09181234,0x00047534,0x00047534,WF-001
LEVEL_05,5,Dreamtime,0x00048070,0x00048290,0x09181F90,internal_text,0x00047444,0x09181144,0x00047444,0x00047444,WF-001
LEVEL_05,5,Dreamtime,0x00048070,0x000482D4,0x09181FD4,internal_text,0x00030BCC,0x0916A8CC,0x00030BCC,0x00030BCC,WF-001
LEVEL_05,5,Dreamtime,0x00048070,0x00048384,0x09182084,internal_text,0x00046EE4,0x09180BE4,0x00046EE4,0x00046EE4,WF-001
LEVEL_05,5,Dreamtime,0x00048070,0x0004838C,0x0918208C,internal_text,0x00047534,0x09181234,0x00047534,0x00047534,WF-001
LEVEL_05,5,Dreamtime,0x00048070,0x00048398,0x09182098,internal_text,0x00047CD8,0x091819D8,0x00047CD8,0x00047CD8,WF-001
LEVEL_05,5,Dreamtime,0x00048070,0x000483A8,0x091820A8,internal_text,0x00047010,0x09180D10,0x00047010,0x00047010,WF-001
LEVEL_05,5,Dreamtime,0x00048070,0x000483B0,0x091820B0,internal_text,0x00047444,0x09181144,0x00047444,0x00047444,WF-001
LEVEL_05,5,Dreamtime,0x00048070,0x00048468,0x09182168,internal_text,0x00033E84,0x0916DB84,0x00033E84,0x00033E84,WF-001
LEVEL_05,5,Dreamtime,0x00048070,0x00048494,0x09182194,internal_text,0x0003FCDC,0x091799DC,0x0003FCDC,0x0003FCDC,WF-001
LEVEL_05,5,Dreamtime,0x00048070,0x000484B4,0x091821B4,internal_text,0x00068980,0x091A2680,0x00068980,0x00068980,WF-001
LEVEL_05,5,Dreamtime,0x00048070,0x00048500,0x09182200,internal_text,0x00068E54,0x091A2B54,0x00068E54,0x00068E54,WF-001
LEVEL_05,5,Dreamtime,0x00048070,0x00048518,0x09182218,internal_text,0x00074DC8,0x091AEAC8,0x00074DC8,0x00074DC8,WF-001
LEVEL_05,5,Dreamtime,0x00048070,0x00048530,0x09182230,internal_text,0x00068A3C,0x091A273C,0x00068A3C,MOBY_SnapMobyAnim,WF-001
LEVEL_05,5,Dreamtime,0x00048070,0x000485BC,0x091822BC,internal_text,0x00047CD8,0x091819D8,0x00047CD8,0x00047CD8,WF-001
LEVEL_05,5,Dreamtime,0x00048070,0x00048614,0x09182314,internal_text,0x0000E35C,0x0914805C,0x0000E35C,0x0000E35C,WF-001
LEVEL_05,5,Dreamtime,0x00048070,0x00048648,0x09182348,internal_text,0x0000E35C,0x0914805C,0x0000E35C,0x0000E35C,WF-001
LEVEL_05,5,Dreamtime,0x00048070,0x00048658,0x09182358,internal_text,0x00047010,0x09180D10,0x00047010,0x00047010,WF-001
LEVEL_05,5,Dreamtime,0x00048070,0x00048660,0x09182360,internal_text,0x00047444,0x09181144,0x00047444,0x00047444,WF-001
LEVEL_05,5,Dreamtime,0x00048070,0x0004866C,0x0918236C,internal_text,0x00033ED4,0x0916DBD4,0x00033ED4,0x00033ED4,WF-001
LEVEL_05,5,Dreamtime,0x00048070,0x000486B4,0x091823B4,internal_text,0x00033ED4,0x0916DBD4,0x00033ED4,0x00033ED4,WF-001
LEVEL_05,5,Dreamtime,0x00048070,0x000486E4,0x091823E4,internal_text,0x00033E84,0x0916DB84,0x00033E84,0x00033E84,WF-001
LEVEL_05,5,Dreamtime,0x00048070,0x000486FC,0x091823FC,internal_text,0x000476D0,0x091813D0,0x000476D0,0x000476D0,WF-001
LEVEL_05,5,Dreamtime,0x00048070,0x00048704,0x09182404,internal_text,0x00047710,0x09181410,0x00047710,0x00047710,WF-001
LEVEL_05,5,Dreamtime,0x00048070,0x00048710,0x09182410,internal_text,0x00047CD8,0x091819D8,0x00047CD8,0x00047CD8,WF-001
LEVEL_05,5,Dreamtime,0x00048070,0x00048720,0x09182420,internal_text,0x00047010,0x09180D10,0x00047010,0x00047010,WF-001
LEVEL_05,5,Dreamtime,0x00048070,0x0004872C,0x0918242C,internal_text,0x00033ED4,0x0916DBD4,0x00033ED4,0x00033ED4,WF-001
LEVEL_05,5,Dreamtime,0x00048070,0x00048754,0x09182454,internal_text,0x000476D0,0x091813D0,0x000476D0,0x000476D0,WF-001
LEVEL_05,5,Dreamtime,0x00048070,0x0004875C,0x0918245C,internal_text,0x00047710,0x09181410,0x00047710,0x00047710,WF-001
LEVEL_05,5,Dreamtime,0x00048070,0x00048768,0x09182468,internal_text,0x00047CD8,0x091819D8,0x00047CD8,0x00047CD8,WF-001
LEVEL_05,5,Dreamtime,0x00048070,0x00048778,0x09182478,internal_text,0x00047010,0x09180D10,0x00047010,0x00047010,WF-001
LEVEL_05,5,Dreamtime,0x00048070,0x00048780,0x09182480,internal_text,0x00047770,0x09181470,0x00047770,0x00047770,WF-001
LEVEL_05,5,Dreamtime,0x00048070,0x000487C4,0x091824C4,internal_text,0x0000E35C,0x0914805C,0x0000E35C,0x0000E35C,WF-001
LEVEL_05,5,Dreamtime,0x00048070,0x000487D4,0x091824D4,internal_text,0x00047010,0x09180D10,0x00047010,0x00047010,WF-001
LEVEL_05,5,Dreamtime,0x00048070,0x0004880C,0x0918250C,internal_text,0x00033ED4,0x0916DBD4,0x00033ED4,0x00033ED4,WF-001
LEVEL_05,5,Dreamtime,0x00048070,0x0004883C,0x0918253C,internal_text,0x00047444,0x09181144,0x00047444,0x00047444,WF-001
LEVEL_05,5,Dreamtime,0x00048070,0x00048844,0x09182544,internal_text,0x00068980,0x091A2680,0x00068980,0x00068980,WF-001
LEVEL_05,5,Dreamtime,0x00048070,0x00048854,0x09182554,internal_text,0x00074DC8,0x091AEAC8,0x00074DC8,0x00074DC8,WF-001
LEVEL_05,5,Dreamtime,0x00048070,0x000488EC,0x091825EC,internal_text,0x00046B98,0x09180898,0x00046B98,0x00046B98,WF-001
LEVEL_05,5,Dreamtime,0x00048070,0x000488F8,0x091825F8,internal_text,0x00033ED4,0x0916DBD4,0x00033ED4,0x00033ED4,WF-001
LEVEL_05,5,Dreamtime,0x00048070,0x00048924,0x09182624,internal_text,0x00046B98,0x09180898,0x00046B98,0x00046B98,WF-001
LEVEL_05,5,Dreamtime,0x00048070,0x00048944,0x09182644,internal_text,0x00059888,0x09193588,0x00059888,0x00059888,WF-001
LEVEL_05,5,Dreamtime,0x00048070,0x00048958,0x09182658,internal_text,0x00059888,0x09193588,0x00059888,0x00059888,WF-001
LEVEL_05,5,Dreamtime,0x00048070,0x00048960,0x09182660,internal_text,0x00059A0C,0x0919370C,0x00059A0C,0x00059A0C,WF-001
LEVEL_05,5,Dreamtime,0x00048070,0x00048978,0x09182678,internal_text,0x00059EE4,0x09193BE4,0x00059EE4,0x00059EE4,WF-001
LEVEL_05,5,Dreamtime,0x00048070,0x000489C8,0x091826C8,internal_text,0x001384E4,0x092721E4,0x001384E4,0x001384E4,WF-001
LEVEL_05,5,Dreamtime,0x00048070,0x000489E4,0x091826E4,internal_text,0x00059A58,0x09193758,0x00059A58,0x00059A58,WF-001
LEVEL_05,5,Dreamtime,0x00048070,0x00048A1C,0x0918271C,internal_text,0x00047CD8,0x091819D8,0x00047CD8,0x00047CD8,WF-001
LEVEL_05,5,Dreamtime,0x00048070,0x00048A24,0x09182724,internal_text,0x00047444,0x09181144,0x00047444,0x00047444,WF-001
LEVEL_05,5,Dreamtime,0x0004BB88,0x0004BC58,0x09185958,internal_text,0x0004A888,0x09184588,0x0004A888,0x0004A888,WF-003
LEVEL_05,5,Dreamtime,0x0004BB88,0x0004BD2C,0x09185A2C,internal_text,0x0004AA58,0x09184758,0x0004AA58,0x0004AA58,WF-003
LEVEL_05,5,Dreamtime,0x0004BB88,0x0004BD8C,0x09185A8C,internal_text,0x0004A668,0x09184368,0x0004A668,0x0004A668,WF-003
LEVEL_05,5,Dreamtime,0x0004BB88,0x0004BDC0,0x09185AC0,internal_text,0x00048D60,0x09182A60,0x00048D60,0x00048D60,WF-003
LEVEL_05,5,Dreamtime,0x0004BB88,0x0004BDE8,0x09185AE8,internal_text,0x0000E290,0x09147F90,0x0000E290,0x0000E290,WF-003
LEVEL_05,5,Dreamtime,0x0004BB88,0x0004BE04,0x09185B04,internal_text,0x0000E290,0x09147F90,0x0000E290,0x0000E290,WF-003
LEVEL_05,5,Dreamtime,0x0004BB88,0x0004BE20,0x09185B20,internal_text,0x0000E290,0x09147F90,0x0000E290,0x0000E290,WF-003
LEVEL_05,5,Dreamtime,0x0004BB88,0x0004BE48,0x09185B48,internal_text,0x0000E2F4,0x09147FF4,0x0000E2F4,0x0000E2F4,WF-003
LEVEL_05,5,Dreamtime,0x0004BB88,0x0004BE64,0x09185B64,internal_text,0x0000E2F4,0x09147FF4,0x0000E2F4,0x0000E2F4,WF-003
LEVEL_05,5,Dreamtime,0x0004BB88,0x0004BE80,0x09185B80,internal_text,0x0000E2F4,0x09147FF4,0x0000E2F4,0x0000E2F4,WF-003
LEVEL_05,5,Dreamtime,0x0004BB88,0x0004BEFC,0x09185BFC,internal_text,0x000F2D9C,0x0922CA9C,0x000F2D9C,0x000F2D9C,WF-003
LEVEL_05,5,Dreamtime,0x0004BB88,0x0004BF24,0x09185C24,internal_text,0x00033ED4,0x0916DBD4,0x00033ED4,0x00033ED4,WF-003
LEVEL_05,5,Dreamtime,0x0004BB88,0x0004BF84,0x09185C84,internal_text,0x00033E84,0x0916DB84,0x00033E84,0x00033E84,WF-003
LEVEL_05,5,Dreamtime,0x0004BB88,0x0004BF9C,0x09185C9C,internal_text,0x00049CFC,0x091839FC,0x00049CFC,0x00049CFC,WF-003
LEVEL_05,5,Dreamtime,0x0004BB88,0x0004BFC4,0x09185CC4,internal_text,0x00033F50,0x0916DC50,0x00033F50,0x00033F50,WF-003
LEVEL_05,5,Dreamtime,0x0004BB88,0x0004BFE4,0x09185CE4,internal_text,0x00048A4C,0x0918274C,0x00048A4C,0x00048A4C,WF-003
LEVEL_05,5,Dreamtime,0x0004BB88,0x0004C00C,0x09185D0C,internal_text,0x00102A80,0x0923C780,0x00102A80,0x00102A80,WF-003
LEVEL_05,5,Dreamtime,0x0004BB88,0x0004C01C,0x09185D1C,internal_text,0x00102A88,0x0923C788,0x00102A88,0x00102A88,WF-003
LEVEL_05,5,Dreamtime,0x0004BB88,0x0004C098,0x09185D98,internal_text,0x00102A80,0x0923C780,0x00102A80,0x00102A80,WF-003
LEVEL_05,5,Dreamtime,0x0004BB88,0x0004C0C8,0x09185DC8,internal_text,0x00068CD4,0x091A29D4,0x00068CD4,MOBY_BlendMobyAnim,WF-003
LEVEL_05,5,Dreamtime,0x0004BB88,0x0004C0F8,0x09185DF8,internal_text,0x0000E290,0x09147F90,0x0000E290,0x0000E290,WF-003
LEVEL_05,5,Dreamtime,0x0004BB88,0x0004C114,0x09185E14,internal_text,0x0000E290,0x09147F90,0x0000E290,0x0000E290,WF-003
LEVEL_05,5,Dreamtime,0x0004BB88,0x0004C130,0x09185E30,internal_text,0x0000E290,0x09147F90,0x0000E290,0x0000E290,WF-003
LEVEL_05,5,Dreamtime,0x0004BB88,0x0004C158,0x09185E58,internal_text,0x0000E2F4,0x09147FF4,0x0000E2F4,0x0000E2F4,WF-003
LEVEL_05,5,Dreamtime,0x0004BB88,0x0004C174,0x09185E74,internal_text,0x0000E2F4,0x09147FF4,0x0000E2F4,0x0000E2F4,WF-003
LEVEL_05,5,Dreamtime,0x0004BB88,0x0004C190,0x09185E90,internal_text,0x0000E2F4,0x09147FF4,0x0000E2F4,0x0000E2F4,WF-003
LEVEL_05,5,Dreamtime,0x0004BB88,0x0004C20C,0x09185F0C,internal_text,0x000F2D9C,0x0922CA9C,0x000F2D9C,0x000F2D9C,WF-003
LEVEL_05,5,Dreamtime,0x0004BB88,0x0004C230,0x09185F30,internal_text,0x001945E4,0x092CE2E4,0x001945E4,0x001945E4,WF-003
LEVEL_05,5,Dreamtime,0x0004BB88,0x0004C254,0x09185F54,internal_text,0x001945E4,0x092CE2E4,0x001945E4,0x001945E4,WF-003
LEVEL_05,5,Dreamtime,0x0004BB88,0x0004C278,0x09185F78,internal_text,0x001945E4,0x092CE2E4,0x001945E4,0x001945E4,WF-003
LEVEL_05,5,Dreamtime,0x0004BB88,0x0004C300,0x09186000,internal_text,0x00033E84,0x0916DB84,0x00033E84,0x00033E84,WF-003
LEVEL_05,5,Dreamtime,0x0004BB88,0x0004C358,0x09186058,internal_text,0x0000E2F4,0x09147FF4,0x0000E2F4,0x0000E2F4,WF-003
LEVEL_05,5,Dreamtime,0x0004BB88,0x0004C374,0x09186074,internal_text,0x0000E2F4,0x09147FF4,0x0000E2F4,0x0000E2F4,WF-003
LEVEL_05,5,Dreamtime,0x0004BB88,0x0004C390,0x09186090,internal_text,0x0000E2F4,0x09147FF4,0x0000E2F4,0x0000E2F4,WF-003
LEVEL_05,5,Dreamtime,0x0004BB88,0x0004C40C,0x0918610C,internal_text,0x000F2D9C,0x0922CA9C,0x000F2D9C,0x000F2D9C,WF-003
LEVEL_05,5,Dreamtime,0x0004BB88,0x0004C438,0x09186138,internal_text,0x0003269C,0x0916C39C,0x0003269C,0x0003269C,WF-003
LEVEL_05,5,Dreamtime,0x0004BB88,0x0004C440,0x09186140,internal_text,0x000326C8,0x0916C3C8,0x000326C8,0x000326C8,WF-003
LEVEL_05,5,Dreamtime,0x0004BB88,0x0004C448,0x09186148,internal_text,0x000400BC,0x09179DBC,0x000400BC,0x000400BC,WF-003
LEVEL_05,5,Dreamtime,0x0004BB88,0x0004C464,0x09186164,internal_text,0x0000E35C,0x0914805C,0x0000E35C,0x0000E35C,WF-003
LEVEL_05,5,Dreamtime,0x0004BB88,0x0004C474,0x09186174,internal_text,0x000317C8,0x0916B4C8,0x000317C8,0x000317C8,WF-003
LEVEL_05,5,Dreamtime,0x0004BB88,0x0004C488,0x09186188,internal_text,0x0003F6BC,0x091793BC,0x0003F6BC,0x0003F6BC,WF-003
LEVEL_05,5,Dreamtime,0x0004BB88,0x0004C51C,0x0918621C,internal_text,0x001616EC,0x0929B3EC,0x001616EC,0x001616EC,WF-003
LEVEL_05,5,Dreamtime,0x0004BB88,0x0004C584,0x09186284,internal_text,0x0004A888,0x09184588,0x0004A888,0x0004A888,WF-003
LEVEL_05,5,Dreamtime,0x0004BB88,0x0004C5B8,0x091862B8,internal_text,0x00048D60,0x09182A60,0x00048D60,0x00048D60,WF-003
LEVEL_05,5,Dreamtime,0x0004BB88,0x0004C5E0,0x091862E0,internal_text,0x0000E290,0x09147F90,0x0000E290,0x0000E290,WF-003
LEVEL_05,5,Dreamtime,0x0004BB88,0x0004C5FC,0x091862FC,internal_text,0x0000E290,0x09147F90,0x0000E290,0x0000E290,WF-003
LEVEL_05,5,Dreamtime,0x0004BB88,0x0004C618,0x09186318,internal_text,0x0000E290,0x09147F90,0x0000E290,0x0000E290,WF-003
LEVEL_05,5,Dreamtime,0x0004BB88,0x0004C640,0x09186340,internal_text,0x0000E2F4,0x09147FF4,0x0000E2F4,0x0000E2F4,WF-003
LEVEL_05,5,Dreamtime,0x0004BB88,0x0004C65C,0x0918635C,internal_text,0x0000E2F4,0x09147FF4,0x0000E2F4,0x0000E2F4,WF-003
LEVEL_05,5,Dreamtime,0x0004BB88,0x0004C678,0x09186378,internal_text,0x0000E2F4,0x09147FF4,0x0000E2F4,0x0000E2F4,WF-003
LEVEL_05,5,Dreamtime,0x0004BB88,0x0004C6F4,0x091863F4,internal_text,0x000F2D9C,0x0922CA9C,0x000F2D9C,0x000F2D9C,WF-003
LEVEL_05,5,Dreamtime,0x0004BB88,0x0004C74C,0x0918644C,internal_text,0x00033ED4,0x0916DBD4,0x00033ED4,0x00033ED4,WF-003
LEVEL_05,5,Dreamtime,0x0004BB88,0x0004C7D0,0x091864D0,internal_text,0x00033E84,0x0916DB84,0x00033E84,0x00033E84,WF-003
LEVEL_05,5,Dreamtime,0x0004BB88,0x0004C7FC,0x091864FC,internal_text,0x0004A888,0x09184588,0x0004A888,0x0004A888,WF-003
LEVEL_05,5,Dreamtime,0x0004BB88,0x0004C830,0x09186530,internal_text,0x00048D60,0x09182A60,0x00048D60,0x00048D60,WF-003
LEVEL_05,5,Dreamtime,0x0004BB88,0x0004C858,0x09186558,internal_text,0x0000E290,0x09147F90,0x0000E290,0x0000E290,WF-003
LEVEL_05,5,Dreamtime,0x0004BB88,0x0004C874,0x09186574,internal_text,0x0000E290,0x09147F90,0x0000E290,0x0000E290,WF-003
LEVEL_05,5,Dreamtime,0x0004BB88,0x0004C890,0x09186590,internal_text,0x0000E290,0x09147F90,0x0000E290,0x0000E290,WF-003
LEVEL_05,5,Dreamtime,0x0004BB88,0x0004C8B8,0x091865B8,internal_text,0x0000E2F4,0x09147FF4,0x0000E2F4,0x0000E2F4,WF-003
LEVEL_05,5,Dreamtime,0x0004BB88,0x0004C8D4,0x091865D4,internal_text,0x0000E2F4,0x09147FF4,0x0000E2F4,0x0000E2F4,WF-003
LEVEL_05,5,Dreamtime,0x0004BB88,0x0004C8F0,0x091865F0,internal_text,0x0000E2F4,0x09147FF4,0x0000E2F4,0x0000E2F4,WF-003
LEVEL_05,5,Dreamtime,0x0004BB88,0x0004C96C,0x0918666C,internal_text,0x000F2D9C,0x0922CA9C,0x000F2D9C,0x000F2D9C,WF-003
LEVEL_05,5,Dreamtime,0x0004BB88,0x0004C990,0x09186690,internal_text,0x00068980,0x091A2680,0x00068980,0x00068980,WF-003
LEVEL_05,5,Dreamtime,0x0004BB88,0x0004C9B4,0x091866B4,internal_text,0x000689A8,0x091A26A8,0x000689A8,0x000689A8,WF-003
LEVEL_05,5,Dreamtime,0x0004BB88,0x0004CA50,0x09186750,internal_text,0x00068CD4,0x091A29D4,0x00068CD4,MOBY_BlendMobyAnim,WF-003
LEVEL_05,5,Dreamtime,0x0004BB88,0x0004CA58,0x09186758,internal_text,0x00102AB8,0x0923C7B8,0x00102AB8,0x00102AB8,WF-003
LEVEL_05,5,Dreamtime,0x0004BB88,0x0004CA8C,0x0918678C,internal_text,0x00102AB0,0x0923C7B0,0x00102AB0,0x00102AB0,WF-003
LEVEL_05,5,Dreamtime,0x0004BB88,0x0004CAB0,0x091867B0,internal_text,0x0002EC8C,0x0916898C,0x0002EC8C,0x0002EC8C,WF-003
LEVEL_05,5,Dreamtime,0x0004BB88,0x0004CAC0,0x091867C0,internal_text,0x0002EC8C,0x0916898C,0x0002EC8C,0x0002EC8C,WF-003
LEVEL_05,5,Dreamtime,0x0004BB88,0x0004CB0C,0x0918680C,internal_text,0x0004AC44,0x09184944,0x0004AC44,0x0004AC44,WF-003
LEVEL_05,5,Dreamtime,0x0004BB88,0x0004CB70,0x09186870,internal_text,0x0004B6EC,0x091853EC,0x0004B6EC,ht_grindlock_switches,WF-003
LEVEL_05,5,Dreamtime,0x00053F78,0x00053FA8,0x0918DCA8,internal_text,0x00031C74,0x0916B974,0x00031C74,0x00031C74,WF-004
LEVEL_05,5,Dreamtime,0x00053F78,0x00053FB0,0x0918DCB0,internal_text,0x00047094,0x09180D94,0x00047094,0x00047094,WF-004
LEVEL_05,5,Dreamtime,0x00053F78,0x00053FD8,0x0918DCD8,internal_text,0x0000E35C,0x0914805C,0x0000E35C,0x0000E35C,WF-004
LEVEL_05,5,Dreamtime,0x00053F78,0x00053FF0,0x0918DCF0,internal_text,0x00054224,0x0918DF24,0x00054224,0x00054224,WF-004
LEVEL_05,5,Dreamtime,0x00053F78,0x00053FF8,0x0918DCF8,internal_text,0x00054634,0x0918E334,0x00054634,0x00054634,WF-004
LEVEL_05,5,Dreamtime,0x00053F78,0x00054034,0x0918DD34,internal_text,0x00053A98,0x0918D798,0x00053A98,0x00053A98,WF-004
LEVEL_05,5,Dreamtime,0x00053F78,0x00054058,0x0918DD58,internal_text,0x000A4B58,0x091DE858,0x000A4B58,0x000A4B58,WF-004
LEVEL_05,5,Dreamtime,0x0010747C,0x001074E4,0x092411E4,internal_text,0x0000E35C,0x0914805C,0x0000E35C,0x0000E35C,WF-008
LEVEL_05,5,Dreamtime,0x0010747C,0x00107504,0x09241204,internal_text,0x0000E35C,0x0914805C,0x0000E35C,0x0000E35C,WF-008
LEVEL_05,5,Dreamtime,0x0010747C,0x00107560,0x09241260,internal_text,0x00108D58,0x09242A58,0x00108D58,0x00108D58,WF-008
LEVEL_05,5,Dreamtime,0x0010747C,0x00107570,0x09241270,internal_text,0x001954B4,0x092CF1B4,0x001954B4,0x001954B4,WF-008
LEVEL_05,5,Dreamtime,0x0010747C,0x00107624,0x09241324,internal_text,0x0010A32C,0x0924402C,0x0010A32C,0x0010A32C,WF-008
LEVEL_05,5,Dreamtime,0x0010747C,0x0010763C,0x0924133C,internal_text,0x001067E4,0x092404E4,0x001067E4,0x001067E4,WF-008
LEVEL_05,5,Dreamtime,0x0010747C,0x0010766C,0x0924136C,internal_text,0x00108D58,0x09242A58,0x00108D58,0x00108D58,WF-008
LEVEL_05,5,Dreamtime,0x00107698,0x001076BC,0x092413BC,internal_text,0x0010A32C,0x0924402C,0x0010A32C,0x0010A32C,WF-009
LEVEL_05,5,Dreamtime,0x00107698,0x00107718,0x09241418,internal_text,0x00108D58,0x09242A58,0x00108D58,0x00108D58,WF-009
LEVEL_05,5,Dreamtime,0x00107698,0x00107740,0x09241440,internal_text,0x001082C4,0x09241FC4,0x001082C4,0x001082C4,WF-009
LEVEL_05,5,Dreamtime,0x00107698,0x00107764,0x09241464,internal_text,0x0000E35C,0x0914805C,0x0000E35C,0x0000E35C,WF-009
LEVEL_05,5,Dreamtime,0x00107698,0x00107784,0x09241484,internal_text,0x0000E35C,0x0914805C,0x0000E35C,0x0000E35C,WF-009
LEVEL_05,5,Dreamtime,0x00107698,0x001077E8,0x092414E8,internal_text,0x00108D58,0x09242A58,0x00108D58,0x00108D58,WF-009
LEVEL_05,5,Dreamtime,0x00107698,0x001077F8,0x092414F8,internal_text,0x001954B4,0x092CF1B4,0x001954B4,0x001954B4,WF-009
LEVEL_05,5,Dreamtime,0x00107960,0x0010798C,0x0924168C,internal_text,0x001082C4,0x09241FC4,0x001082C4,0x001082C4,WF-007
LEVEL_05,5,Dreamtime,0x00107960,0x001079B4,0x092416B4,internal_text,0x0000E35C,0x0914805C,0x0000E35C,0x0000E35C,WF-007
LEVEL_05,5,Dreamtime,0x00107960,0x00107A34,0x09241734,internal_text,0x0000E35C,0x0914805C,0x0000E35C,0x0000E35C,WF-007
LEVEL_05,5,Dreamtime,0x00107960,0x00107A5C,0x0924175C,internal_text,0x0000E35C,0x0914805C,0x0000E35C,0x0000E35C,WF-007
LEVEL_05,5,Dreamtime,0x00107960,0x00107AB8,0x092417B8,internal_text,0x001954B4,0x092CF1B4,0x001954B4,0x001954B4,WF-007
LEVEL_05,5,Dreamtime,0x00107960,0x00107BD8,0x092418D8,internal_text,0x00019260,0x09152F60,0x00019260,0x00019260,WF-007
LEVEL_05,5,Dreamtime,0x00107960,0x00107C4C,0x0924194C,internal_text,0x00108D58,0x09242A58,0x00108D58,0x00108D58,WF-007
LEVEL_05,5,Dreamtime,0x0010A32C,0x0010A368,0x09244068,internal_text,0x00107D5C,0x09241A5C,0x00107D5C,0x00107D5C,WF-010
LEVEL_05,5,Dreamtime,0x0010A32C,0x0010A440,0x09244140,internal_text,0x0000E35C,0x0914805C,0x0000E35C,0x0000E35C,WF-010
LEVEL_05,5,Dreamtime,0x0010A32C,0x0010A4C0,0x092441C0,internal_text,0x00010A14,0x0914A714,0x00010A14,0x00010A14,WF-010
LEVEL_05,5,Dreamtime,0x0010A32C,0x0010A500,0x09244200,internal_text,0x0000E35C,0x0914805C,0x0000E35C,0x0000E35C,WF-010
LEVEL_05,5,Dreamtime,0x0010A32C,0x0010A578,0x09244278,internal_text,0x00010A14,0x0914A714,0x00010A14,0x00010A14,WF-010
LEVEL_05,5,Dreamtime,0x0010A32C,0x0010A5A0,0x092442A0,internal_text,0x0019CA90,0x092D6790,0x0019CA90,0x0019CA90,WF-010
LEVEL_05,5,Dreamtime,0x0010A32C,0x0010A5D8,0x092442D8,internal_text,0x001944D4,0x092CE1D4,0x001944D4,0x001944D4,WF-010
LEVEL_05,5,Dreamtime,0x0010A32C,0x0010A5E4,0x092442E4,internal_text,0x001945FC,0x092CE2FC,0x001945FC,0x001945FC,WF-010
LEVEL_05,5,Dreamtime,0x0010A32C,0x0010A610,0x09244310,internal_text,0x0019CA90,0x092D6790,0x0019CA90,0x0019CA90,WF-010
LEVEL_05,5,Dreamtime,0x0010A32C,0x0010A6A8,0x092443A8,internal_text,0x00019260,0x09152F60,0x00019260,0x00019260,WF-010
LEVEL_05,5,Dreamtime,0x0010A32C,0x0010A6DC,0x092443DC,internal_text,0x00018BCC,0x091528CC,0x00018BCC,0x00018BCC,WF-010
LEVEL_05,5,Dreamtime,0x0010A32C,0x0010A7B8,0x092444B8,internal_text,0x0006B350,0x091A5050,0x0006B350,0x0006B350,WF-010
LEVEL_05,5,Dreamtime,0x0010A32C,0x0010A854,0x09244554,internal_text,0x00089210,0x091C2F10,0x00089210,0x00089210,WF-010
LEVEL_05,5,Dreamtime,0x001338A4,0x001338F0,0x0926D5F0,internal_text,0x0000E35C,0x0914805C,0x0000E35C,0x0000E35C,WF-050
LEVEL_05,5,Dreamtime,0x001338A4,0x001338FC,0x0926D5FC,internal_text,0x00133E7C,0x0926DB7C,0x00133E7C,0x00133E7C,WF-050
LEVEL_05,5,Dreamtime,0x001338A4,0x00133944,0x0926D644,internal_text,0x001954B4,0x092CF1B4,0x001954B4,0x001954B4,WF-050
LEVEL_05,5,Dreamtime,0x001338A4,0x001339F0,0x0926D6F0,internal_text,0x00177FFC,0x092B1CFC,0x00177FFC,0x00177FFC,WF-050
LEVEL_05,5,Dreamtime,0x001338A4,0x00133A00,0x0926D700,internal_text,0x00133C44,0x0926D944,0x00133C44,0x00133C44,WF-050
LEVEL_05,5,Dreamtime,0x001338A4,0x00133AA0,0x0926D7A0,internal_text,0x0006B350,0x091A5050,0x0006B350,0x0006B350,WF-050
LEVEL_05,5,Dreamtime,0x001338A4,0x00133B3C,0x0926D83C,internal_text,0x00089210,0x091C2F10,0x00089210,0x00089210,WF-050
LEVEL_05,5,Dreamtime,0x00143354,0x00143390,0x0927D090,internal_text,0x0000E35C,0x0914805C,0x0000E35C,0x0000E35C,WF-048
LEVEL_05,5,Dreamtime,0x00143354,0x001433A8,0x0927D0A8,internal_text,0x000F106C,0x0922AD6C,0x000F106C,0x000F106C,WF-048
LEVEL_05,5,Dreamtime,0x00143354,0x001433B8,0x0927D0B8,internal_text,0x000F49BC,0x0922E6BC,0x000F49BC,0x000F49BC,WF-048
LEVEL_05,5,Dreamtime,0x00143354,0x00143440,0x0927D140,internal_text,0x00068360,0x091A2060,0x00068360,MOBY_DestroyMoby,WF-048
LEVEL_05,5,Dreamtime,0x00143354,0x0014356C,0x0927D26C,internal_text,0x00068360,0x091A2060,0x00068360,MOBY_DestroyMoby,WF-048
LEVEL_05,5,Dreamtime,0x00143D14,0x00143DA0,0x0927DAA0,internal_text,0x00013E48,0x0914DB48,0x00013E48,0x00013E48,WF-056
LEVEL_05,5,Dreamtime,0x00143D14,0x00143DAC,0x0927DAAC,internal_text,0x000706CC,0x091AA3CC,0x000706CC,0x000706CC,WF-056
LEVEL_05,5,Dreamtime,0x00143D14,0x00143DBC,0x0927DABC,internal_text,0x00143B58,0x0927D858,0x00143B58,0x00143B58,WF-056
LEVEL_05,5,Dreamtime,0x00143D14,0x00143E4C,0x0927DB4C,internal_text,0x000706CC,0x091AA3CC,0x000706CC,0x000706CC,WF-056
LEVEL_05,5,Dreamtime,0x00143D14,0x00143EA0,0x0927DBA0,internal_text,0x000F2340,0x0922C040,0x000F2340,0x000F2340,WF-056
LEVEL_05,5,Dreamtime,0x00143D14,0x00143ECC,0x0927DBCC,internal_text,0x000F1D1C,0x0922BA1C,0x000F1D1C,0x000F1D1C,WF-056
LEVEL_05,5,Dreamtime,0x00143D14,0x00143EF4,0x0927DBF4,internal_text,0x0000E35C,0x0914805C,0x0000E35C,0x0000E35C,WF-056
LEVEL_05,5,Dreamtime,0x00143D14,0x00143F0C,0x0927DC0C,internal_text,0x0000E6F0,0x091483F0,0x0000E6F0,0x0000E6F0,WF-056
LEVEL_05,5,Dreamtime,0x00143D14,0x00143F20,0x0927DC20,internal_text,0x00013E48,0x0914DB48,0x00013E48,0x00013E48,WF-056
LEVEL_05,5,Dreamtime,0x00143D14,0x00143F8C,0x0927DC8C,internal_text,0x00143C58,0x0927D958,0x00143C58,0x00143C58,WF-056
LEVEL_05,5,Dreamtime,0x00143D14,0x00143FBC,0x0927DCBC,internal_text,0x0000F80C,0x0914950C,0x0000F80C,0x0000F80C,WF-056
LEVEL_05,5,Dreamtime,0x00143D14,0x00144114,0x0927DE14,internal_text,0x00143C58,0x0927D958,0x00143C58,0x00143C58,WF-056
LEVEL_05,5,Dreamtime,0x00143D14,0x00144124,0x0927DE24,internal_text,0x00013E48,0x0914DB48,0x00013E48,0x00013E48,WF-056
LEVEL_05,5,Dreamtime,0x00143D14,0x00144130,0x0927DE30,internal_text,0x000706CC,0x091AA3CC,0x000706CC,0x000706CC,WF-056
LEVEL_05,5,Dreamtime,0x00143D14,0x00144140,0x0927DE40,internal_text,0x00143C58,0x0927D958,0x00143C58,0x00143C58,WF-056
LEVEL_05,5,Dreamtime,0x00143D14,0x00144170,0x0927DE70,internal_text,0x00000E7C,0x0913AB7C,0x00000E7C,0x00000E7C,WF-056
LEVEL_05,5,Dreamtime,0x00143D14,0x00144184,0x0927DE84,internal_text,0x00002B18,0x0913C818,0x00002B18,0x00002B18,WF-056
LEVEL_05,5,Dreamtime,0x00143D14,0x00144200,0x0927DF00,internal_text,0x000F1D1C,0x0922BA1C,0x000F1D1C,0x000F1D1C,WF-056
LEVEL_05,5,Dreamtime,0x00143D14,0x0014426C,0x0927DF6C,internal_text,0x000F1470,0x0922B170,0x000F1470,0x000F1470,WF-056
LEVEL_05,5,Dreamtime,0x00143D14,0x001442F8,0x0927DFF8,internal_text,0x0006B350,0x091A5050,0x0006B350,0x0006B350,WF-056
LEVEL_05,5,Dreamtime,0x00143D14,0x001443AC,0x0927E0AC,internal_text,0x00089210,0x091C2F10,0x00089210,0x00089210,WF-056
LEVEL_05,5,Dreamtime,0x00143D14,0x0014440C,0x0927E10C,internal_text,0x00064D64,0x0919EA64,0x00064D64,0x00064D64,WF-056
LEVEL_05,5,Dreamtime,0x00143D14,0x00144428,0x0927E128,internal_text,0x00000E7C,0x0913AB7C,0x00000E7C,0x00000E7C,WF-056
LEVEL_05,5,Dreamtime,0x00143D14,0x0014443C,0x0927E13C,internal_text,0x00002B18,0x0913C818,0x00002B18,0x00002B18,WF-056
LEVEL_05,5,Dreamtime,0x00143D14,0x001444D0,0x0927E1D0,internal_text,0x00064D64,0x0919EA64,0x00064D64,0x00064D64,WF-056
LEVEL_05,5,Dreamtime,0x00143D14,0x0014450C,0x0927E20C,internal_text,0x00068360,0x091A2060,0x00068360,MOBY_DestroyMoby,WF-056
LEVEL_05,5,Dreamtime,0x00143D14,0x00144520,0x0927E220,internal_text,0x00068360,0x091A2060,0x00068360,MOBY_DestroyMoby,WF-056
LEVEL_05,5,Dreamtime,0x0015BB4C,0x0015BB8C,0x0929588C,internal_text,0x0015ADD8,0x09294AD8,0x0015ADD8,0x0015ADD8,WF-006
LEVEL_05,5,Dreamtime,0x0015BB4C,0x0015BBA8,0x092958A8,internal_text,0x0000E35C,0x0914805C,0x0000E35C,0x0000E35C,WF-006
LEVEL_05,5,Dreamtime,0x0015BB4C,0x0015BBF0,0x092958F0,internal_text,0x001954B4,0x092CF1B4,0x001954B4,0x001954B4,WF-006
LEVEL_05,5,Dreamtime,0x0015BB4C,0x0015BC64,0x09295964,internal_text,0x0015AFF4,0x09294CF4,0x0015AFF4,0x0015AFF4,WF-006
LEVEL_05,5,Dreamtime,0x0015BB4C,0x0015BCC4,0x092959C4,internal_text,0x00019260,0x09152F60,0x00019260,0x00019260,WF-006
LEVEL_05,5,Dreamtime,0x0015BB4C,0x0015BD3C,0x09295A3C,internal_text,0x0015ADD8,0x09294AD8,0x0015ADD8,0x0015ADD8,WF-006
LEVEL_05,5,Dreamtime,0x0015BB4C,0x0015BD70,0x09295A70,internal_text,0x000F106C,0x0922AD6C,0x000F106C,0x000F106C,WF-006
LEVEL_05,5,Dreamtime,0x0015BB4C,0x0015BD80,0x09295A80,internal_text,0x000F49BC,0x0922E6BC,0x000F49BC,0x000F49BC,WF-006
LEVEL_05,5,Dreamtime,0x0015BB4C,0x0015BDFC,0x09295AFC,internal_text,0x0015AFF4,0x09294CF4,0x0015AFF4,0x0015AFF4,WF-006
LEVEL_05,5,Dreamtime,0x0015BB4C,0x0015BE5C,0x09295B5C,internal_text,0x00019260,0x09152F60,0x00019260,0x00019260,WF-006
LEVEL_05,5,Dreamtime,0x0016669C,0x00166760,0x092A0460,internal_text,0x001954B4,0x092CF1B4,0x001954B4,0x001954B4,WF-027
LEVEL_05,5,Dreamtime,0x0016669C,0x001667A8,0x092A04A8,internal_text,0x0000E35C,0x0914805C,0x0000E35C,0x0000E35C,WF-027
LEVEL_05,5,Dreamtime,0x0016669C,0x001667C4,0x092A04C4,internal_text,0x0000E35C,0x0914805C,0x0000E35C,0x0000E35C,WF-027
LEVEL_05,5,Dreamtime,0x0016669C,0x00166800,0x092A0500,internal_text,0x001954B4,0x092CF1B4,0x001954B4,0x001954B4,WF-027
LEVEL_05,5,Dreamtime,0x0016669C,0x00166888,0x092A0588,internal_text,0x001945FC,0x092CE2FC,0x001945FC,0x001945FC,WF-027
LEVEL_05,5,Dreamtime,0x0016669C,0x001668A4,0x092A05A4,internal_text,0x001954B4,0x092CF1B4,0x001954B4,0x001954B4,WF-027
LEVEL_05,5,Dreamtime,0x0016669C,0x00166AAC,0x092A07AC,internal_text,0x0000E35C,0x0914805C,0x0000E35C,0x0000E35C,WF-027
LEVEL_05,5,Dreamtime,0x0016669C,0x00166AD0,0x092A07D0,internal_text,0x0000E35C,0x0914805C,0x0000E35C,0x0000E35C,WF-027
LEVEL_05,5,Dreamtime,0x0016669C,0x00166B04,0x092A0804,internal_text,0x0019CA90,0x092D6790,0x0019CA90,0x0019CA90,WF-027
LEVEL_05,5,Dreamtime,0x0016669C,0x00166B9C,0x092A089C,internal_text,0x0000E35C,0x0914805C,0x0000E35C,0x0000E35C,WF-027
LEVEL_05,5,Dreamtime,0x0016669C,0x00166BC4,0x092A08C4,internal_text,0x0019CA90,0x092D6790,0x0019CA90,0x0019CA90,WF-027
LEVEL_05,5,Dreamtime,0x0017F84C,0x0017F904,0x092B9604,internal_text,0x0000E35C,0x0914805C,0x0000E35C,0x0000E35C,WF-012
LEVEL_05,5,Dreamtime,0x0017F84C,0x0017F914,0x092B9614,internal_text,0x000F17DC,0x0922B4DC,0x000F17DC,0x000F17DC,WF-012
LEVEL_05,5,Dreamtime,0x0017F84C,0x0017F98C,0x092B968C,internal_text,0x0017FAEC,0x092B97EC,0x0017FAEC,0x0017FAEC,WF-012
LEVEL_05,5,Dreamtime,0x0017F84C,0x0017F9B8,0x092B96B8,internal_text,0x0017FD34,0x092B9A34,0x0017FD34,0x0017FD34,WF-012
LEVEL_05,5,Dreamtime,0x0017F84C,0x0017F9E0,0x092B96E0,internal_text,0x001803C4,0x092BA0C4,0x001803C4,0x001803C4,WF-012
LEVEL_05,5,Dreamtime,0x0017F84C,0x0017FA0C,0x092B970C,internal_text,0x00180BE8,0x092BA8E8,0x00180BE8,0x00180BE8,WF-012
LEVEL_05,5,Dreamtime,0x0017FFA0,0x0017FFF0,0x092B9CF0,internal_text,0x0000E35C,0x0914805C,0x0000E35C,0x0000E35C,WF-011
LEVEL_05,5,Dreamtime,0x0017FFA0,0x0018000C,0x092B9D0C,internal_text,0x0000E35C,0x0914805C,0x0000E35C,0x0000E35C,WF-011
LEVEL_05,5,Dreamtime,0x0017FFA0,0x00180040,0x092B9D40,internal_text,0x001954B4,0x092CF1B4,0x001954B4,0x001954B4,WF-011
LEVEL_05,5,Dreamtime,0x0017FFA0,0x00180074,0x092B9D74,internal_text,0x000F17DC,0x0922B4DC,0x000F17DC,0x000F17DC,WF-011
LEVEL_06,6,Medical Outpost Omega,0x0000E35C,0x0000E390,0x09148090,internal_text,0x0000E1C4,0x09147EC4,0x0000E1C4,0x0000E1C4,WF-005
LEVEL_06,6,Medical Outpost Omega,0x0000E35C,0x0000E3AC,0x091480AC,internal_text,0x0000E1C4,0x09147EC4,0x0000E1C4,0x0000E1C4,WF-005
LEVEL_06,6,Medical Outpost Omega,0x0000E35C,0x0000E3C8,0x091480C8,internal_text,0x0000E1C4,0x09147EC4,0x0000E1C4,0x0000E1C4,WF-005
LEVEL_06,6,Medical Outpost Omega,0x0000E5D0,0x0000E60C,0x0914830C,internal_text,0x0000E1C4,0x09147EC4,0x0000E1C4,0x0000E1C4,WF-013
LEVEL_06,6,Medical Outpost Omega,0x0000E5D0,0x0000E630,0x09148330,internal_text,0x0000E1C4,0x09147EC4,0x0000E1C4,0x0000E1C4,WF-013
LEVEL_06,6,Medical Outpost Omega,0x0000E5D0,0x0000E66C,0x0914836C,internal_text,0x0019718C,0x092D0E8C,0x0019718C,0x0019718C,WF-013
LEVEL_06,6,Medical Outpost Omega,0x00027688,0x0002773C,0x0916143C,internal_text,0x001A6804,0x092E0504,0x001A6804,0x001A6804,WF-014
LEVEL_06,6,Medical Outpost Omega,0x00027688,0x00027774,0x09161474,internal_text,0x0000E1C4,0x09147EC4,0x0000E1C4,0x0000E1C4,WF-014
LEVEL_06,6,Medical Outpost Omega,0x00027688,0x00027798,0x09161498,internal_text,0x0000E1C4,0x09147EC4,0x0000E1C4,0x0000E1C4,WF-014
LEVEL_06,6,Medical Outpost Omega,0x00027688,0x000277BC,0x091614BC,internal_text,0x0000E1C4,0x09147EC4,0x0000E1C4,0x0000E1C4,WF-014
LEVEL_06,6,Medical Outpost Omega,0x00046E34,0x00046F5C,0x09180C5C,internal_text,0x000EBF40,0x09225C40,0x000EBF40,0x000EBF40,WF-002
LEVEL_06,6,Medical Outpost Omega,0x00046E34,0x00046F68,0x09180C68,internal_text,0x001962BC,0x092CFFBC,0x001962BC,0x001962BC,WF-002
LEVEL_06,6,Medical Outpost Omega,0x00046E34,0x00047094,0x09180D94,internal_text,0x0000E1C4,0x09147EC4,0x0000E1C4,0x0000E1C4,WF-002
LEVEL_06,6,Medical Outpost Omega,0x00046E34,0x000470BC,0x09180DBC,internal_text,0x0000E244,0x09147F44,0x0000E244,0x0000E244,WF-002
LEVEL_06,6,Medical Outpost Omega,0x00046E34,0x000470D0,0x09180DD0,internal_text,0x000ED2C4,0x09226FC4,0x000ED2C4,0x000ED2C4,WF-002
LEVEL_06,6,Medical Outpost Omega,0x00046E34,0x00047190,0x09180E90,internal_text,0x001962BC,0x092CFFBC,0x001962BC,0x001962BC,WF-002
LEVEL_06,6,Medical Outpost Omega,0x000471CC,0x00047320,0x09181020,internal_text,0x0002FB78,0x09169878,0x0002FB78,0x0002FB78,WF-001
LEVEL_06,6,Medical Outpost Omega,0x000471CC,0x000473CC,0x091810CC,internal_text,0x00046E34,0x09180B34,0x00046E34,0x00046E34,WF-001
LEVEL_06,6,Medical Outpost Omega,0x000471CC,0x000473DC,0x091810DC,internal_text,0x00046040,0x0917FD40,0x00046040,0x00046040,WF-001
LEVEL_06,6,Medical Outpost Omega,0x000471CC,0x000473E4,0x091810E4,internal_text,0x00046690,0x09180390,0x00046690,0x00046690,WF-001
LEVEL_06,6,Medical Outpost Omega,0x000471CC,0x000473EC,0x091810EC,internal_text,0x000465A0,0x091802A0,0x000465A0,0x000465A0,WF-001
LEVEL_06,6,Medical Outpost Omega,0x000471CC,0x00047430,0x09181130,internal_text,0x0002FB78,0x09169878,0x0002FB78,0x0002FB78,WF-001
LEVEL_06,6,Medical Outpost Omega,0x000471CC,0x000474E0,0x091811E0,internal_text,0x00046040,0x0917FD40,0x00046040,0x00046040,WF-001
LEVEL_06,6,Medical Outpost Omega,0x000471CC,0x000474E8,0x091811E8,internal_text,0x00046690,0x09180390,0x00046690,0x00046690,WF-001
LEVEL_06,6,Medical Outpost Omega,0x000471CC,0x000474F4,0x091811F4,internal_text,0x00046E34,0x09180B34,0x00046E34,0x00046E34,WF-001
LEVEL_06,6,Medical Outpost Omega,0x000471CC,0x00047504,0x09181204,internal_text,0x0004616C,0x0917FE6C,0x0004616C,0x0004616C,WF-001
LEVEL_06,6,Medical Outpost Omega,0x000471CC,0x0004750C,0x0918120C,internal_text,0x000465A0,0x091802A0,0x000465A0,0x000465A0,WF-001
LEVEL_06,6,Medical Outpost Omega,0x000471CC,0x000475C4,0x091812C4,internal_text,0x00032DC8,0x0916CAC8,0x00032DC8,0x00032DC8,WF-001
LEVEL_06,6,Medical Outpost Omega,0x000471CC,0x000475F0,0x091812F0,internal_text,0x0003EE38,0x09178B38,0x0003EE38,0x0003EE38,WF-001
LEVEL_06,6,Medical Outpost Omega,0x000471CC,0x00047610,0x09181310,internal_text,0x00065930,0x0919F630,0x00065930,0x00065930,WF-001
LEVEL_06,6,Medical Outpost Omega,0x000471CC,0x0004765C,0x0918135C,internal_text,0x00065E04,0x0919FB04,0x00065E04,0x00065E04,WF-001
LEVEL_06,6,Medical Outpost Omega,0x000471CC,0x00047674,0x09181374,internal_text,0x00070650,0x091AA350,0x00070650,0x00070650,WF-001
LEVEL_06,6,Medical Outpost Omega,0x000471CC,0x0004768C,0x0918138C,internal_text,0x000659EC,0x0919F6EC,0x000659EC,MOBY_SnapMobyAnim,WF-001
LEVEL_06,6,Medical Outpost Omega,0x000471CC,0x00047718,0x09181418,internal_text,0x00046E34,0x09180B34,0x00046E34,0x00046E34,WF-001
LEVEL_06,6,Medical Outpost Omega,0x000471CC,0x00047770,0x09181470,internal_text,0x0000E1C4,0x09147EC4,0x0000E1C4,0x0000E1C4,WF-001
LEVEL_06,6,Medical Outpost Omega,0x000471CC,0x000477A4,0x091814A4,internal_text,0x0000E1C4,0x09147EC4,0x0000E1C4,0x0000E1C4,WF-001
LEVEL_06,6,Medical Outpost Omega,0x000471CC,0x000477B4,0x091814B4,internal_text,0x0004616C,0x0917FE6C,0x0004616C,0x0004616C,WF-001
LEVEL_06,6,Medical Outpost Omega,0x000471CC,0x000477BC,0x091814BC,internal_text,0x000465A0,0x091802A0,0x000465A0,0x000465A0,WF-001
LEVEL_06,6,Medical Outpost Omega,0x000471CC,0x000477C8,0x091814C8,internal_text,0x00032E18,0x0916CB18,0x00032E18,0x00032E18,WF-001
LEVEL_06,6,Medical Outpost Omega,0x000471CC,0x00047810,0x09181510,internal_text,0x00032E18,0x0916CB18,0x00032E18,0x00032E18,WF-001
LEVEL_06,6,Medical Outpost Omega,0x000471CC,0x00047840,0x09181540,internal_text,0x00032DC8,0x0916CAC8,0x00032DC8,0x00032DC8,WF-001
LEVEL_06,6,Medical Outpost Omega,0x000471CC,0x00047858,0x09181558,internal_text,0x0004682C,0x0918052C,0x0004682C,0x0004682C,WF-001
LEVEL_06,6,Medical Outpost Omega,0x000471CC,0x00047860,0x09181560,internal_text,0x0004686C,0x0918056C,0x0004686C,0x0004686C,WF-001
LEVEL_06,6,Medical Outpost Omega,0x000471CC,0x0004786C,0x0918156C,internal_text,0x00046E34,0x09180B34,0x00046E34,0x00046E34,WF-001
LEVEL_06,6,Medical Outpost Omega,0x000471CC,0x0004787C,0x0918157C,internal_text,0x0004616C,0x0917FE6C,0x0004616C,0x0004616C,WF-001
LEVEL_06,6,Medical Outpost Omega,0x000471CC,0x00047888,0x09181588,internal_text,0x00032E18,0x0916CB18,0x00032E18,0x00032E18,WF-001
LEVEL_06,6,Medical Outpost Omega,0x000471CC,0x000478B0,0x091815B0,internal_text,0x0004682C,0x0918052C,0x0004682C,0x0004682C,WF-001
LEVEL_06,6,Medical Outpost Omega,0x000471CC,0x000478B8,0x091815B8,internal_text,0x0004686C,0x0918056C,0x0004686C,0x0004686C,WF-001
LEVEL_06,6,Medical Outpost Omega,0x000471CC,0x000478C4,0x091815C4,internal_text,0x00046E34,0x09180B34,0x00046E34,0x00046E34,WF-001
LEVEL_06,6,Medical Outpost Omega,0x000471CC,0x000478D4,0x091815D4,internal_text,0x0004616C,0x0917FE6C,0x0004616C,0x0004616C,WF-001
LEVEL_06,6,Medical Outpost Omega,0x000471CC,0x000478DC,0x091815DC,internal_text,0x000468CC,0x091805CC,0x000468CC,0x000468CC,WF-001
LEVEL_06,6,Medical Outpost Omega,0x000471CC,0x00047920,0x09181620,internal_text,0x0000E1C4,0x09147EC4,0x0000E1C4,0x0000E1C4,WF-001
LEVEL_06,6,Medical Outpost Omega,0x000471CC,0x00047930,0x09181630,internal_text,0x0004616C,0x0917FE6C,0x0004616C,0x0004616C,WF-001
LEVEL_06,6,Medical Outpost Omega,0x000471CC,0x00047968,0x09181668,internal_text,0x00032E18,0x0916CB18,0x00032E18,0x00032E18,WF-001
LEVEL_06,6,Medical Outpost Omega,0x000471CC,0x00047998,0x09181698,internal_text,0x000465A0,0x091802A0,0x000465A0,0x000465A0,WF-001
LEVEL_06,6,Medical Outpost Omega,0x000471CC,0x000479A0,0x091816A0,internal_text,0x00065930,0x0919F630,0x00065930,0x00065930,WF-001
LEVEL_06,6,Medical Outpost Omega,0x000471CC,0x000479B0,0x091816B0,internal_text,0x00070650,0x091AA350,0x00070650,0x00070650,WF-001
LEVEL_06,6,Medical Outpost Omega,0x000471CC,0x00047A48,0x09181748,internal_text,0x00045CF4,0x0917F9F4,0x00045CF4,0x00045CF4,WF-001
LEVEL_06,6,Medical Outpost Omega,0x000471CC,0x00047A54,0x09181754,internal_text,0x00032E18,0x0916CB18,0x00032E18,0x00032E18,WF-001
LEVEL_06,6,Medical Outpost Omega,0x000471CC,0x00047A80,0x09181780,internal_text,0x00045CF4,0x0917F9F4,0x00045CF4,0x00045CF4,WF-001
LEVEL_06,6,Medical Outpost Omega,0x000471CC,0x00047AA0,0x091817A0,internal_text,0x00058E6C,0x09192B6C,0x00058E6C,0x00058E6C,WF-001
LEVEL_06,6,Medical Outpost Omega,0x000471CC,0x00047AB4,0x091817B4,internal_text,0x00058E6C,0x09192B6C,0x00058E6C,0x00058E6C,WF-001
LEVEL_06,6,Medical Outpost Omega,0x000471CC,0x00047ABC,0x091817BC,internal_text,0x00058FF0,0x09192CF0,0x00058FF0,0x00058FF0,WF-001
LEVEL_06,6,Medical Outpost Omega,0x000471CC,0x00047AD4,0x091817D4,internal_text,0x000594C8,0x091931C8,0x000594C8,0x000594C8,WF-001
LEVEL_06,6,Medical Outpost Omega,0x000471CC,0x00047B24,0x09181824,internal_text,0x00139DA4,0x09273AA4,0x00139DA4,0x00139DA4,WF-001
LEVEL_06,6,Medical Outpost Omega,0x000471CC,0x00047B40,0x09181840,internal_text,0x0005903C,0x09192D3C,0x0005903C,0x0005903C,WF-001
LEVEL_06,6,Medical Outpost Omega,0x000471CC,0x00047B78,0x09181878,internal_text,0x00046E34,0x09180B34,0x00046E34,0x00046E34,WF-001
LEVEL_06,6,Medical Outpost Omega,0x000471CC,0x00047B80,0x09181880,internal_text,0x000465A0,0x091802A0,0x000465A0,0x000465A0,WF-001
LEVEL_06,6,Medical Outpost Omega,0x0004B16C,0x0004B23C,0x09184F3C,internal_text,0x000499E4,0x091836E4,0x000499E4,0x000499E4,WF-003
LEVEL_06,6,Medical Outpost Omega,0x0004B16C,0x0004B310,0x09185010,internal_text,0x00049BB4,0x091838B4,0x00049BB4,0x00049BB4,WF-003
LEVEL_06,6,Medical Outpost Omega,0x0004B16C,0x0004B370,0x09185070,internal_text,0x000497C4,0x091834C4,0x000497C4,0x000497C4,WF-003
LEVEL_06,6,Medical Outpost Omega,0x0004B16C,0x0004B3A4,0x091850A4,internal_text,0x00047EBC,0x09181BBC,0x00047EBC,0x00047EBC,WF-003
LEVEL_06,6,Medical Outpost Omega,0x0004B16C,0x0004B3CC,0x091850CC,internal_text,0x0000E0F8,0x09147DF8,0x0000E0F8,0x0000E0F8,WF-003
LEVEL_06,6,Medical Outpost Omega,0x0004B16C,0x0004B3E8,0x091850E8,internal_text,0x0000E0F8,0x09147DF8,0x0000E0F8,0x0000E0F8,WF-003
LEVEL_06,6,Medical Outpost Omega,0x0004B16C,0x0004B404,0x09185104,internal_text,0x0000E0F8,0x09147DF8,0x0000E0F8,0x0000E0F8,WF-003
LEVEL_06,6,Medical Outpost Omega,0x0004B16C,0x0004B42C,0x0918512C,internal_text,0x0000E15C,0x09147E5C,0x0000E15C,0x0000E15C,WF-003
LEVEL_06,6,Medical Outpost Omega,0x0004B16C,0x0004B448,0x09185148,internal_text,0x0000E15C,0x09147E5C,0x0000E15C,0x0000E15C,WF-003
LEVEL_06,6,Medical Outpost Omega,0x0004B16C,0x0004B464,0x09185164,internal_text,0x0000E15C,0x09147E5C,0x0000E15C,0x0000E15C,WF-003
LEVEL_06,6,Medical Outpost Omega,0x0004B16C,0x0004B4E0,0x091851E0,internal_text,0x000EE178,0x09227E78,0x000EE178,0x000EE178,WF-003
LEVEL_06,6,Medical Outpost Omega,0x0004B16C,0x0004B508,0x09185208,internal_text,0x00032E18,0x0916CB18,0x00032E18,0x00032E18,WF-003
LEVEL_06,6,Medical Outpost Omega,0x0004B16C,0x0004B568,0x09185268,internal_text,0x00032DC8,0x0916CAC8,0x00032DC8,0x00032DC8,WF-003
LEVEL_06,6,Medical Outpost Omega,0x0004B16C,0x0004B580,0x09185280,internal_text,0x00048E58,0x09182B58,0x00048E58,0x00048E58,WF-003
LEVEL_06,6,Medical Outpost Omega,0x0004B16C,0x0004B5A8,0x091852A8,internal_text,0x00032E94,0x0916CB94,0x00032E94,0x00032E94,WF-003
LEVEL_06,6,Medical Outpost Omega,0x0004B16C,0x0004B5C8,0x091852C8,internal_text,0x00047BA8,0x091818A8,0x00047BA8,0x00047BA8,WF-003
LEVEL_06,6,Medical Outpost Omega,0x0004B16C,0x0004B5F0,0x091852F0,internal_text,0x00132648,0x0926C348,0x00132648,0x00132648,WF-003
LEVEL_06,6,Medical Outpost Omega,0x0004B16C,0x0004B600,0x09185300,internal_text,0x001326D0,0x0926C3D0,0x001326D0,0x001326D0,WF-003
LEVEL_06,6,Medical Outpost Omega,0x0004B16C,0x0004B67C,0x0918537C,internal_text,0x00132648,0x0926C348,0x00132648,0x00132648,WF-003
LEVEL_06,6,Medical Outpost Omega,0x0004B16C,0x0004B6AC,0x091853AC,internal_text,0x00065C84,0x0919F984,0x00065C84,MOBY_BlendMobyAnim,WF-003
LEVEL_06,6,Medical Outpost Omega,0x0004B16C,0x0004B6DC,0x091853DC,internal_text,0x0000E0F8,0x09147DF8,0x0000E0F8,0x0000E0F8,WF-003
LEVEL_06,6,Medical Outpost Omega,0x0004B16C,0x0004B6F8,0x091853F8,internal_text,0x0000E0F8,0x09147DF8,0x0000E0F8,0x0000E0F8,WF-003
LEVEL_06,6,Medical Outpost Omega,0x0004B16C,0x0004B714,0x09185414,internal_text,0x0000E0F8,0x09147DF8,0x0000E0F8,0x0000E0F8,WF-003
LEVEL_06,6,Medical Outpost Omega,0x0004B16C,0x0004B73C,0x0918543C,internal_text,0x0000E15C,0x09147E5C,0x0000E15C,0x0000E15C,WF-003
LEVEL_06,6,Medical Outpost Omega,0x0004B16C,0x0004B758,0x09185458,internal_text,0x0000E15C,0x09147E5C,0x0000E15C,0x0000E15C,WF-003
LEVEL_06,6,Medical Outpost Omega,0x0004B16C,0x0004B774,0x09185474,internal_text,0x0000E15C,0x09147E5C,0x0000E15C,0x0000E15C,WF-003
LEVEL_06,6,Medical Outpost Omega,0x0004B16C,0x0004B7F0,0x091854F0,internal_text,0x000EE178,0x09227E78,0x000EE178,0x000EE178,WF-003
LEVEL_06,6,Medical Outpost Omega,0x0004B16C,0x0004B814,0x09185514,internal_text,0x001962BC,0x092CFFBC,0x001962BC,0x001962BC,WF-003
LEVEL_06,6,Medical Outpost Omega,0x0004B16C,0x0004B838,0x09185538,internal_text,0x001962BC,0x092CFFBC,0x001962BC,0x001962BC,WF-003
LEVEL_06,6,Medical Outpost Omega,0x0004B16C,0x0004B85C,0x0918555C,internal_text,0x001962BC,0x092CFFBC,0x001962BC,0x001962BC,WF-003
LEVEL_06,6,Medical Outpost Omega,0x0004B16C,0x0004B8E4,0x091855E4,internal_text,0x00032DC8,0x0916CAC8,0x00032DC8,0x00032DC8,WF-003
LEVEL_06,6,Medical Outpost Omega,0x0004B16C,0x0004B93C,0x0918563C,internal_text,0x0000E15C,0x09147E5C,0x0000E15C,0x0000E15C,WF-003
LEVEL_06,6,Medical Outpost Omega,0x0004B16C,0x0004B958,0x09185658,internal_text,0x0000E15C,0x09147E5C,0x0000E15C,0x0000E15C,WF-003
LEVEL_06,6,Medical Outpost Omega,0x0004B16C,0x0004B974,0x09185674,internal_text,0x0000E15C,0x09147E5C,0x0000E15C,0x0000E15C,WF-003
LEVEL_06,6,Medical Outpost Omega,0x0004B16C,0x0004B9F0,0x091856F0,internal_text,0x000EE178,0x09227E78,0x000EE178,0x000EE178,WF-003
LEVEL_06,6,Medical Outpost Omega,0x0004B16C,0x0004BA1C,0x0918571C,internal_text,0x00031648,0x0916B348,0x00031648,0x00031648,WF-003
LEVEL_06,6,Medical Outpost Omega,0x0004B16C,0x0004BA24,0x09185724,internal_text,0x00031674,0x0916B374,0x00031674,0x00031674,WF-003
LEVEL_06,6,Medical Outpost Omega,0x0004B16C,0x0004BA2C,0x0918572C,internal_text,0x0003F218,0x09178F18,0x0003F218,0x0003F218,WF-003
LEVEL_06,6,Medical Outpost Omega,0x0004B16C,0x0004BA48,0x09185748,internal_text,0x0000E1C4,0x09147EC4,0x0000E1C4,0x0000E1C4,WF-003
LEVEL_06,6,Medical Outpost Omega,0x0004B16C,0x0004BA58,0x09185758,internal_text,0x00030774,0x0916A474,0x00030774,0x00030774,WF-003
LEVEL_06,6,Medical Outpost Omega,0x0004B16C,0x0004BA6C,0x0918576C,internal_text,0x0003E818,0x09178518,0x0003E818,0x0003E818,WF-003
LEVEL_06,6,Medical Outpost Omega,0x0004B16C,0x0004BB00,0x09185800,internal_text,0x0015B978,0x09295678,0x0015B978,0x0015B978,WF-003
LEVEL_06,6,Medical Outpost Omega,0x0004B16C,0x0004BB68,0x09185868,internal_text,0x000499E4,0x091836E4,0x000499E4,0x000499E4,WF-003
LEVEL_06,6,Medical Outpost Omega,0x0004B16C,0x0004BB9C,0x0918589C,internal_text,0x00047EBC,0x09181BBC,0x00047EBC,0x00047EBC,WF-003
LEVEL_06,6,Medical Outpost Omega,0x0004B16C,0x0004BBC4,0x091858C4,internal_text,0x0000E0F8,0x09147DF8,0x0000E0F8,0x0000E0F8,WF-003
LEVEL_06,6,Medical Outpost Omega,0x0004B16C,0x0004BBE0,0x091858E0,internal_text,0x0000E0F8,0x09147DF8,0x0000E0F8,0x0000E0F8,WF-003
LEVEL_06,6,Medical Outpost Omega,0x0004B16C,0x0004BBFC,0x091858FC,internal_text,0x0000E0F8,0x09147DF8,0x0000E0F8,0x0000E0F8,WF-003
LEVEL_06,6,Medical Outpost Omega,0x0004B16C,0x0004BC24,0x09185924,internal_text,0x0000E15C,0x09147E5C,0x0000E15C,0x0000E15C,WF-003
LEVEL_06,6,Medical Outpost Omega,0x0004B16C,0x0004BC40,0x09185940,internal_text,0x0000E15C,0x09147E5C,0x0000E15C,0x0000E15C,WF-003
LEVEL_06,6,Medical Outpost Omega,0x0004B16C,0x0004BC5C,0x0918595C,internal_text,0x0000E15C,0x09147E5C,0x0000E15C,0x0000E15C,WF-003
LEVEL_06,6,Medical Outpost Omega,0x0004B16C,0x0004BCD8,0x091859D8,internal_text,0x000EE178,0x09227E78,0x000EE178,0x000EE178,WF-003
LEVEL_06,6,Medical Outpost Omega,0x0004B16C,0x0004BD30,0x09185A30,internal_text,0x00032E18,0x0916CB18,0x00032E18,0x00032E18,WF-003
LEVEL_06,6,Medical Outpost Omega,0x0004B16C,0x0004BDB4,0x09185AB4,internal_text,0x00032DC8,0x0916CAC8,0x00032DC8,0x00032DC8,WF-003
LEVEL_06,6,Medical Outpost Omega,0x0004B16C,0x0004BDE0,0x09185AE0,internal_text,0x000499E4,0x091836E4,0x000499E4,0x000499E4,WF-003
LEVEL_06,6,Medical Outpost Omega,0x0004B16C,0x0004BE14,0x09185B14,internal_text,0x00047EBC,0x09181BBC,0x00047EBC,0x00047EBC,WF-003
LEVEL_06,6,Medical Outpost Omega,0x0004B16C,0x0004BE3C,0x09185B3C,internal_text,0x0000E0F8,0x09147DF8,0x0000E0F8,0x0000E0F8,WF-003
LEVEL_06,6,Medical Outpost Omega,0x0004B16C,0x0004BE58,0x09185B58,internal_text,0x0000E0F8,0x09147DF8,0x0000E0F8,0x0000E0F8,WF-003
LEVEL_06,6,Medical Outpost Omega,0x0004B16C,0x0004BE74,0x09185B74,internal_text,0x0000E0F8,0x09147DF8,0x0000E0F8,0x0000E0F8,WF-003
LEVEL_06,6,Medical Outpost Omega,0x0004B16C,0x0004BE9C,0x09185B9C,internal_text,0x0000E15C,0x09147E5C,0x0000E15C,0x0000E15C,WF-003
LEVEL_06,6,Medical Outpost Omega,0x0004B16C,0x0004BEB8,0x09185BB8,internal_text,0x0000E15C,0x09147E5C,0x0000E15C,0x0000E15C,WF-003
LEVEL_06,6,Medical Outpost Omega,0x0004B16C,0x0004BED4,0x09185BD4,internal_text,0x0000E15C,0x09147E5C,0x0000E15C,0x0000E15C,WF-003
LEVEL_06,6,Medical Outpost Omega,0x0004B16C,0x0004BF50,0x09185C50,internal_text,0x000EE178,0x09227E78,0x000EE178,0x000EE178,WF-003
LEVEL_06,6,Medical Outpost Omega,0x0004B16C,0x0004BF74,0x09185C74,internal_text,0x00065930,0x0919F630,0x00065930,0x00065930,WF-003
LEVEL_06,6,Medical Outpost Omega,0x0004B16C,0x0004BF98,0x09185C98,internal_text,0x00065958,0x0919F658,0x00065958,0x00065958,WF-003
LEVEL_06,6,Medical Outpost Omega,0x0004B16C,0x0004C034,0x09185D34,internal_text,0x00065C84,0x0919F984,0x00065C84,MOBY_BlendMobyAnim,WF-003
LEVEL_06,6,Medical Outpost Omega,0x0004B16C,0x0004C03C,0x09185D3C,internal_text,0x00133B24,0x0926D824,0x00133B24,0x00133B24,WF-003
LEVEL_06,6,Medical Outpost Omega,0x0004B16C,0x0004C070,0x09185D70,internal_text,0x00133AEC,0x0926D7EC,0x00133AEC,0x00133AEC,WF-003
LEVEL_06,6,Medical Outpost Omega,0x0004B16C,0x0004C094,0x09185D94,internal_text,0x0002DBF4,0x091678F4,0x0002DBF4,0x0002DBF4,WF-003
LEVEL_06,6,Medical Outpost Omega,0x0004B16C,0x0004C0A4,0x09185DA4,internal_text,0x0002DBF4,0x091678F4,0x0002DBF4,0x0002DBF4,WF-003
LEVEL_06,6,Medical Outpost Omega,0x0004B16C,0x0004C0F0,0x09185DF0,internal_text,0x00049DA0,0x09183AA0,0x00049DA0,0x00049DA0,WF-003
LEVEL_06,6,Medical Outpost Omega,0x0004B16C,0x0004C154,0x09185E54,internal_text,0x0004ACD0,0x091849D0,0x0004ACD0,ht_grindlock_switches,WF-003
LEVEL_06,6,Medical Outpost Omega,0x0005355C,0x0005358C,0x0918D28C,internal_text,0x00030C20,0x0916A920,0x00030C20,0x00030C20,WF-004
LEVEL_06,6,Medical Outpost Omega,0x0005355C,0x00053594,0x0918D294,internal_text,0x000461F0,0x0917FEF0,0x000461F0,0x000461F0,WF-004
LEVEL_06,6,Medical Outpost Omega,0x0005355C,0x000535BC,0x0918D2BC,internal_text,0x0000E1C4,0x09147EC4,0x0000E1C4,0x0000E1C4,WF-004
LEVEL_06,6,Medical Outpost Omega,0x0005355C,0x000535D4,0x0918D2D4,internal_text,0x00053808,0x0918D508,0x00053808,0x00053808,WF-004
LEVEL_06,6,Medical Outpost Omega,0x0005355C,0x000535DC,0x0918D2DC,internal_text,0x00053C18,0x0918D918,0x00053C18,0x00053C18,WF-004
LEVEL_06,6,Medical Outpost Omega,0x0005355C,0x00053618,0x0918D318,internal_text,0x0005307C,0x0918CD7C,0x0005307C,0x0005307C,WF-004
LEVEL_06,6,Medical Outpost Omega,0x0005355C,0x0005363C,0x0918D33C,internal_text,0x000A0CD4,0x091DA9D4,0x000A0CD4,0x000A0CD4,WF-004
LEVEL_06,6,Medical Outpost Omega,0x00102CF8,0x00102D60,0x0923CA60,internal_text,0x0000E1C4,0x09147EC4,0x0000E1C4,0x0000E1C4,WF-008
LEVEL_06,6,Medical Outpost Omega,0x00102CF8,0x00102D80,0x0923CA80,internal_text,0x0000E1C4,0x09147EC4,0x0000E1C4,0x0000E1C4,WF-008
LEVEL_06,6,Medical Outpost Omega,0x00102CF8,0x00102DDC,0x0923CADC,internal_text,0x001045D4,0x0923E2D4,0x001045D4,0x001045D4,WF-008
LEVEL_06,6,Medical Outpost Omega,0x00102CF8,0x00102DEC,0x0923CAEC,internal_text,0x0019718C,0x092D0E8C,0x0019718C,0x0019718C,WF-008
LEVEL_06,6,Medical Outpost Omega,0x00102CF8,0x00102EA0,0x0923CBA0,internal_text,0x00105BA8,0x0923F8A8,0x00105BA8,0x00105BA8,WF-008
LEVEL_06,6,Medical Outpost Omega,0x00102CF8,0x00102EB8,0x0923CBB8,internal_text,0x00102060,0x0923BD60,0x00102060,0x00102060,WF-008
LEVEL_06,6,Medical Outpost Omega,0x00102CF8,0x00102EE8,0x0923CBE8,internal_text,0x001045D4,0x0923E2D4,0x001045D4,0x001045D4,WF-008
LEVEL_06,6,Medical Outpost Omega,0x00102F14,0x00102F38,0x0923CC38,internal_text,0x00105BA8,0x0923F8A8,0x00105BA8,0x00105BA8,WF-009
LEVEL_06,6,Medical Outpost Omega,0x00102F14,0x00102F94,0x0923CC94,internal_text,0x001045D4,0x0923E2D4,0x001045D4,0x001045D4,WF-009
LEVEL_06,6,Medical Outpost Omega,0x00102F14,0x00102FBC,0x0923CCBC,internal_text,0x00103B40,0x0923D840,0x00103B40,0x00103B40,WF-009
LEVEL_06,6,Medical Outpost Omega,0x00102F14,0x00102FE0,0x0923CCE0,internal_text,0x0000E1C4,0x09147EC4,0x0000E1C4,0x0000E1C4,WF-009
LEVEL_06,6,Medical Outpost Omega,0x00102F14,0x00103000,0x0923CD00,internal_text,0x0000E1C4,0x09147EC4,0x0000E1C4,0x0000E1C4,WF-009
LEVEL_06,6,Medical Outpost Omega,0x00102F14,0x00103064,0x0923CD64,internal_text,0x001045D4,0x0923E2D4,0x001045D4,0x001045D4,WF-009
LEVEL_06,6,Medical Outpost Omega,0x00102F14,0x00103074,0x0923CD74,internal_text,0x0019718C,0x092D0E8C,0x0019718C,0x0019718C,WF-009
LEVEL_06,6,Medical Outpost Omega,0x001031DC,0x00103208,0x0923CF08,internal_text,0x00103B40,0x0923D840,0x00103B40,0x00103B40,WF-007
LEVEL_06,6,Medical Outpost Omega,0x001031DC,0x00103230,0x0923CF30,internal_text,0x0000E1C4,0x09147EC4,0x0000E1C4,0x0000E1C4,WF-007
LEVEL_06,6,Medical Outpost Omega,0x001031DC,0x001032B0,0x0923CFB0,internal_text,0x0000E1C4,0x09147EC4,0x0000E1C4,0x0000E1C4,WF-007
LEVEL_06,6,Medical Outpost Omega,0x001031DC,0x001032D8,0x0923CFD8,internal_text,0x0000E1C4,0x09147EC4,0x0000E1C4,0x0000E1C4,WF-007
LEVEL_06,6,Medical Outpost Omega,0x001031DC,0x00103334,0x0923D034,internal_text,0x0019718C,0x092D0E8C,0x0019718C,0x0019718C,WF-007
LEVEL_06,6,Medical Outpost Omega,0x001031DC,0x00103454,0x0923D154,internal_text,0x00018BF4,0x091528F4,0x00018BF4,0x00018BF4,WF-007
LEVEL_06,6,Medical Outpost Omega,0x001031DC,0x001034C8,0x0923D1C8,internal_text,0x001045D4,0x0923E2D4,0x001045D4,0x001045D4,WF-007
LEVEL_06,6,Medical Outpost Omega,0x00105BA8,0x00105BE4,0x0923F8E4,internal_text,0x001035D8,0x0923D2D8,0x001035D8,0x001035D8,WF-010
LEVEL_06,6,Medical Outpost Omega,0x00105BA8,0x00105CBC,0x0923F9BC,internal_text,0x0000E1C4,0x09147EC4,0x0000E1C4,0x0000E1C4,WF-010
LEVEL_06,6,Medical Outpost Omega,0x00105BA8,0x00105D3C,0x0923FA3C,internal_text,0x00010254,0x09149F54,0x00010254,0x00010254,WF-010
LEVEL_06,6,Medical Outpost Omega,0x00105BA8,0x00105D7C,0x0923FA7C,internal_text,0x0000E1C4,0x09147EC4,0x0000E1C4,0x0000E1C4,WF-010
LEVEL_06,6,Medical Outpost Omega,0x00105BA8,0x00105DF4,0x0923FAF4,internal_text,0x00010254,0x09149F54,0x00010254,0x00010254,WF-010
LEVEL_06,6,Medical Outpost Omega,0x00105BA8,0x00105E1C,0x0923FB1C,internal_text,0x0019E768,0x092D8468,0x0019E768,0x0019E768,WF-010
LEVEL_06,6,Medical Outpost Omega,0x00105BA8,0x00105E54,0x0923FB54,internal_text,0x001961AC,0x092CFEAC,0x001961AC,0x001961AC,WF-010
LEVEL_06,6,Medical Outpost Omega,0x00105BA8,0x00105E60,0x0923FB60,internal_text,0x001962D4,0x092CFFD4,0x001962D4,0x001962D4,WF-010
LEVEL_06,6,Medical Outpost Omega,0x00105BA8,0x00105E8C,0x0923FB8C,internal_text,0x0019E768,0x092D8468,0x0019E768,0x0019E768,WF-010
LEVEL_06,6,Medical Outpost Omega,0x00105BA8,0x00105F24,0x0923FC24,internal_text,0x00018BF4,0x091528F4,0x00018BF4,0x00018BF4,WF-010
LEVEL_06,6,Medical Outpost Omega,0x00105BA8,0x00105F58,0x0923FC58,internal_text,0x00018560,0x09152260,0x00018560,0x00018560,WF-010
LEVEL_06,6,Medical Outpost Omega,0x00105BA8,0x00106034,0x0923FD34,internal_text,0x00067F8C,0x091A1C8C,0x00067F8C,0x00067F8C,WF-010
LEVEL_06,6,Medical Outpost Omega,0x00105BA8,0x001060D0,0x0923FDD0,internal_text,0x00084BA8,0x091BE8A8,0x00084BA8,0x00084BA8,WF-010
LEVEL_06,6,Medical Outpost Omega,0x001394BC,0x00139544,0x09273244,internal_text,0x00015FF0,0x0914FCF0,0x00015FF0,0x00015FF0,WF-016
LEVEL_06,6,Medical Outpost Omega,0x001394BC,0x001395D0,0x092732D0,internal_text,0x0006C198,0x091A5E98,0x0006C198,0x0006C198,WF-016
LEVEL_06,6,Medical Outpost Omega,0x001394BC,0x0013967C,0x0927337C,internal_text,0x0006C198,0x091A5E98,0x0006C198,0x0006C198,WF-016
LEVEL_06,6,Medical Outpost Omega,0x001394BC,0x001396FC,0x092733FC,internal_text,0x00067450,0x091A1150,0x00067450,0x00067450,WF-016
LEVEL_06,6,Medical Outpost Omega,0x001394BC,0x0013977C,0x0927347C,internal_text,0x00067450,0x091A1150,0x00067450,0x00067450,WF-016
LEVEL_06,6,Medical Outpost Omega,0x001394BC,0x001397CC,0x092734CC,internal_text,0x0000E1C4,0x09147EC4,0x0000E1C4,0x0000E1C4,WF-016
LEVEL_06,6,Medical Outpost Omega,0x001394BC,0x00139924,0x09273624,internal_text,0x00067F8C,0x091A1C8C,0x00067F8C,0x00067F8C,WF-016
LEVEL_06,6,Medical Outpost Omega,0x001394BC,0x001399B0,0x092736B0,internal_text,0x00084C48,0x091BE948,0x00084C48,0x00084C48,WF-016
LEVEL_06,6,Medical Outpost Omega,0x001394BC,0x001399EC,0x092736EC,internal_text,0x00084AF8,0x091BE7F8,0x00084AF8,0x00084AF8,WF-016
LEVEL_06,6,Medical Outpost Omega,0x001394BC,0x00139A28,0x09273728,internal_text,0x00084C48,0x091BE948,0x00084C48,0x00084C48,WF-016
LEVEL_06,6,Medical Outpost Omega,0x001394BC,0x00139A70,0x09273770,internal_text,0x0000E1C4,0x09147EC4,0x0000E1C4,0x0000E1C4,WF-016
LEVEL_06,6,Medical Outpost Omega,0x001394BC,0x00139BC8,0x092738C8,internal_text,0x00067F8C,0x091A1C8C,0x00067F8C,0x00067F8C,WF-016
LEVEL_06,6,Medical Outpost Omega,0x001394BC,0x00139C54,0x09273954,internal_text,0x00084C48,0x091BE948,0x00084C48,0x00084C48,WF-016
LEVEL_06,6,Medical Outpost Omega,0x001394BC,0x00139C90,0x09273990,internal_text,0x00084AF8,0x091BE7F8,0x00084AF8,0x00084AF8,WF-016
LEVEL_06,6,Medical Outpost Omega,0x001394BC,0x00139CCC,0x092739CC,internal_text,0x00084C48,0x091BE948,0x00084C48,0x00084C48,WF-016
LEVEL_06,6,Medical Outpost Omega,0x00148788,0x00148818,0x09282518,internal_text,0x0019718C,0x092D0E8C,0x0019718C,0x0019718C,WF-034
LEVEL_06,6,Medical Outpost Omega,0x00148788,0x00148844,0x09282544,internal_text,0x001963E8,0x092D00E8,0x001963E8,0x001963E8,WF-034
LEVEL_06,6,Medical Outpost Omega,0x00148788,0x00148858,0x09282558,internal_text,0x000EBDE4,0x09225AE4,0x000EBDE4,0x000EBDE4,WF-034
LEVEL_06,6,Medical Outpost Omega,0x00148788,0x001488BC,0x092825BC,internal_text,0x0000E1C4,0x09147EC4,0x0000E1C4,0x0000E1C4,WF-034
LEVEL_06,6,Medical Outpost Omega,0x00148788,0x001488D8,0x092825D8,internal_text,0x0000E1C4,0x09147EC4,0x0000E1C4,0x0000E1C4,WF-034
LEVEL_06,6,Medical Outpost Omega,0x00148788,0x001488F4,0x092825F4,internal_text,0x0000E1C4,0x09147EC4,0x0000E1C4,0x0000E1C4,WF-034
LEVEL_06,6,Medical Outpost Omega,0x00148788,0x00148910,0x09282610,internal_text,0x0000E1C4,0x09147EC4,0x0000E1C4,0x0000E1C4,WF-034
LEVEL_06,6,Medical Outpost Omega,0x00158268,0x001582A8,0x09291FA8,internal_text,0x001574F4,0x092911F4,0x001574F4,0x001574F4,WF-006
LEVEL_06,6,Medical Outpost Omega,0x00158268,0x001582C4,0x09291FC4,internal_text,0x0000E1C4,0x09147EC4,0x0000E1C4,0x0000E1C4,WF-006
LEVEL_06,6,Medical Outpost Omega,0x00158268,0x0015830C,0x0929200C,internal_text,0x0019718C,0x092D0E8C,0x0019718C,0x0019718C,WF-006
LEVEL_06,6,Medical Outpost Omega,0x00158268,0x00158380,0x09292080,internal_text,0x00157710,0x09291410,0x00157710,0x00157710,WF-006
LEVEL_06,6,Medical Outpost Omega,0x00158268,0x001583E0,0x092920E0,internal_text,0x00018BF4,0x091528F4,0x00018BF4,0x00018BF4,WF-006
LEVEL_06,6,Medical Outpost Omega,0x00158268,0x00158458,0x09292158,internal_text,0x001574F4,0x092911F4,0x001574F4,0x001574F4,WF-006
LEVEL_06,6,Medical Outpost Omega,0x00158268,0x0015848C,0x0929218C,internal_text,0x000EC56C,0x0922626C,0x000EC56C,0x000EC56C,WF-006
LEVEL_06,6,Medical Outpost Omega,0x00158268,0x0015849C,0x0929219C,internal_text,0x000EFFC0,0x09229CC0,0x000EFFC0,0x000EFFC0,WF-006
LEVEL_06,6,Medical Outpost Omega,0x00158268,0x00158518,0x09292218,internal_text,0x00157710,0x09291410,0x00157710,0x00157710,WF-006
LEVEL_06,6,Medical Outpost Omega,0x00158268,0x00158578,0x09292278,internal_text,0x00018BF4,0x091528F4,0x00018BF4,0x00018BF4,WF-006
LEVEL_06,6,Medical Outpost Omega,0x0017F788,0x0017F840,0x092B9540,internal_text,0x0000E1C4,0x09147EC4,0x0000E1C4,0x0000E1C4,WF-012
LEVEL_06,6,Medical Outpost Omega,0x0017F788,0x0017F850,0x092B9550,internal_text,0x000ECBB8,0x092268B8,0x000ECBB8,0x000ECBB8,WF-012
LEVEL_06,6,Medical Outpost Omega,0x0017F788,0x0017F8C8,0x092B95C8,internal_text,0x0017FA28,0x092B9728,0x0017FA28,0x0017FA28,WF-012
LEVEL_06,6,Medical Outpost Omega,0x0017F788,0x0017F8F4,0x092B95F4,internal_text,0x0017FC70,0x092B9970,0x0017FC70,0x0017FC70,WF-012
LEVEL_06,6,Medical Outpost Omega,0x0017F788,0x0017F91C,0x092B961C,internal_text,0x00180300,0x092BA000,0x00180300,0x00180300,WF-012
LEVEL_06,6,Medical Outpost Omega,0x0017F788,0x0017F948,0x092B9648,internal_text,0x00180B24,0x092BA824,0x00180B24,0x00180B24,WF-012
LEVEL_06,6,Medical Outpost Omega,0x0017FEDC,0x0017FF2C,0x092B9C2C,internal_text,0x0000E1C4,0x09147EC4,0x0000E1C4,0x0000E1C4,WF-011
LEVEL_06,6,Medical Outpost Omega,0x0017FEDC,0x0017FF48,0x092B9C48,internal_text,0x0000E1C4,0x09147EC4,0x0000E1C4,0x0000E1C4,WF-011
LEVEL_06,6,Medical Outpost Omega,0x0017FEDC,0x0017FF7C,0x092B9C7C,internal_text,0x0019718C,0x092D0E8C,0x0019718C,0x0019718C,WF-011
LEVEL_06,6,Medical Outpost Omega,0x0017FEDC,0x0017FFB0,0x092B9CB0,internal_text,0x000ECBB8,0x092268B8,0x000ECBB8,0x000ECBB8,WF-011
LEVEL_07,7,Challax,0x0000E4F4,0x0000E528,0x09148228,internal_text,0x0000E35C,0x0914805C,0x0000E35C,0x0000E35C,WF-005
LEVEL_07,7,Challax,0x0000E4F4,0x0000E544,0x09148244,internal_text,0x0000E35C,0x0914805C,0x0000E35C,0x0000E35C,WF-005
LEVEL_07,7,Challax,0x0000E4F4,0x0000E560,0x09148260,internal_text,0x0000E35C,0x0914805C,0x0000E35C,0x0000E35C,WF-005
LEVEL_07,7,Challax,0x0000E584,0x0000E5B8,0x091482B8,internal_text,0x0000E35C,0x0914805C,0x0000E35C,0x0000E35C,WF-018
LEVEL_07,7,Challax,0x0000E584,0x0000E5D4,0x091482D4,internal_text,0x0000E35C,0x0914805C,0x0000E35C,0x0000E35C,WF-018
LEVEL_07,7,Challax,0x0000E7DC,0x0000E818,0x09148518,internal_text,0x0000E35C,0x0914805C,0x0000E35C,0x0000E35C,WF-013
LEVEL_07,7,Challax,0x0000E7DC,0x0000E83C,0x0914853C,internal_text,0x0000E35C,0x0914805C,0x0000E35C,0x0000E35C,WF-013
LEVEL_07,7,Challax,0x0000E7DC,0x0000E878,0x09148578,internal_text,0x001B65AC,0x092F02AC,0x001B65AC,0x001B65AC,WF-013
LEVEL_07,7,Challax,0x0000E8D8,0x0000E990,0x09148690,internal_text,0x000F6EE0,0x09230BE0,0x000F6EE0,0x000F6EE0,WF-020
LEVEL_07,7,Challax,0x0000E8D8,0x0000E9B8,0x091486B8,internal_text,0x0000E35C,0x0914805C,0x0000E35C,0x0000E35C,WF-020
LEVEL_07,7,Challax,0x0000E8D8,0x0000E9D8,0x091486D8,internal_text,0x0000E35C,0x0914805C,0x0000E35C,0x0000E35C,WF-020
LEVEL_07,7,Challax,0x0000E8D8,0x0000EA14,0x09148714,internal_text,0x001B65AC,0x092F02AC,0x001B65AC,0x001B65AC,WF-020
LEVEL_07,7,Challax,0x00010D1C,0x00010E14,0x0914AB14,internal_text,0x0000F49C,0x0914919C,0x0000F49C,0x0000F49C,WF-015
LEVEL_07,7,Challax,0x00010D1C,0x00010E4C,0x0914AB4C,internal_text,0x0000E4F4,0x091481F4,0x0000E4F4,0x0000E4F4,WF-015
LEVEL_07,7,Challax,0x00010D1C,0x00010FB8,0x0914ACB8,internal_text,0x0000E35C,0x0914805C,0x0000E35C,0x0000E35C,WF-015
LEVEL_07,7,Challax,0x00010D1C,0x00010FCC,0x0914ACCC,internal_text,0x000F6F30,0x09230C30,0x000F6F30,0x000F6F30,WF-015
LEVEL_07,7,Challax,0x00028BE8,0x00028C9C,0x0916299C,internal_text,0x001C5C24,0x092FF924,0x001C5C24,0x001C5C24,WF-014
LEVEL_07,7,Challax,0x00028BE8,0x00028CD4,0x091629D4,internal_text,0x0000E35C,0x0914805C,0x0000E35C,0x0000E35C,WF-014
LEVEL_07,7,Challax,0x00028BE8,0x00028CF8,0x091629F8,internal_text,0x0000E35C,0x0914805C,0x0000E35C,0x0000E35C,WF-014
LEVEL_07,7,Challax,0x00028BE8,0x00028D1C,0x09162A1C,internal_text,0x0000E35C,0x0914805C,0x0000E35C,0x0000E35C,WF-014
LEVEL_07,7,Challax,0x0002AC48,0x0002ACF8,0x091649F8,internal_text,0x001C5C24,0x092FF924,0x001C5C24,0x001C5C24,WF-017
LEVEL_07,7,Challax,0x0002AC48,0x0002AD38,0x09164A38,internal_text,0x0000E35C,0x0914805C,0x0000E35C,0x0000E35C,WF-017
LEVEL_07,7,Challax,0x0002AC48,0x0002AD5C,0x09164A5C,internal_text,0x0000E35C,0x0914805C,0x0000E35C,0x0000E35C,WF-017
LEVEL_07,7,Challax,0x0002AC48,0x0002AD80,0x09164A80,internal_text,0x0000E35C,0x0914805C,0x0000E35C,0x0000E35C,WF-017
LEVEL_07,7,Challax,0x0002AC48,0x0002ADE0,0x09164AE0,internal_text,0x001B65AC,0x092F02AC,0x001B65AC,0x001B65AC,WF-017
LEVEL_07,7,Challax,0x0002AC48,0x0002ADF4,0x09164AF4,internal_text,0x001B65AC,0x092F02AC,0x001B65AC,0x001B65AC,WF-017
LEVEL_07,7,Challax,0x0002AC48,0x0002AEB8,0x09164BB8,internal_text,0x0002A66C,0x0916436C,0x0002A66C,0x0002A66C,WF-017
LEVEL_07,7,Challax,0x0002AC48,0x0002AF58,0x09164C58,internal_text,0x0002A66C,0x0916436C,0x0002A66C,0x0002A66C,WF-017
LEVEL_07,7,Challax,0x0002AC48,0x0002AFAC,0x09164CAC,internal_text,0x0002A9BC,0x091646BC,0x0002A9BC,0x0002A9BC,WF-017
LEVEL_07,7,Challax,0x0002AC48,0x0002AFC4,0x09164CC4,internal_text,0x0000F024,0x09148D24,0x0000F024,0x0000F024,WF-017
LEVEL_07,7,Challax,0x0002AC48,0x0002B094,0x09164D94,internal_text,0x0002C9E0,0x091666E0,0x0002C9E0,NavUtil_AvoidTriggers,WF-017
LEVEL_07,7,Challax,0x0002AC48,0x0002B0A8,0x09164DA8,internal_text,0x0002A9BC,0x091646BC,0x0002A9BC,0x0002A9BC,WF-017
LEVEL_07,7,Challax,0x0002AC48,0x0002B0C0,0x09164DC0,internal_text,0x0000E7DC,0x091484DC,0x0000E7DC,0x0000E7DC,WF-017
LEVEL_07,7,Challax,0x0002AC48,0x0002B0D8,0x09164DD8,internal_text,0x0000F024,0x09148D24,0x0000F024,0x0000F024,WF-017
LEVEL_07,7,Challax,0x0002BD04,0x0002BD54,0x09165A54,internal_text,0x0000E35C,0x0914805C,0x0000E35C,0x0000E35C,WF-022
LEVEL_07,7,Challax,0x0002BD04,0x0002BDF4,0x09165AF4,internal_text,0x001B65AC,0x092F02AC,0x001B65AC,0x001B65AC,WF-022
LEVEL_07,7,Challax,0x0002BD04,0x0002BE08,0x09165B08,internal_text,0x001B65AC,0x092F02AC,0x001B65AC,0x001B65AC,WF-022
LEVEL_07,7,Challax,0x0002BD04,0x0002BE2C,0x09165B2C,internal_text,0x0002B7E8,0x091654E8,0x0002B7E8,0x0002B7E8,WF-022
LEVEL_07,7,Challax,0x0002BD04,0x0002BEF4,0x09165BF4,internal_text,0x0002C324,0x09166024,0x0002C324,0x0002C324,WF-022
LEVEL_07,7,Challax,0x0002BD04,0x0002BFA0,0x09165CA0,internal_text,0x0002C324,0x09166024,0x0002C324,0x0002C324,WF-022
LEVEL_07,7,Challax,0x0002BD04,0x0002C07C,0x09165D7C,internal_text,0x0002C324,0x09166024,0x0002C324,0x0002C324,WF-022
LEVEL_07,7,Challax,0x0002BD04,0x0002C150,0x09165E50,internal_text,0x0002C324,0x09166024,0x0002C324,0x0002C324,WF-022
LEVEL_07,7,Challax,0x0002BD04,0x0002C1A0,0x09165EA0,internal_text,0x0002B98C,0x0916568C,0x0002B98C,0x0002B98C,WF-022
LEVEL_07,7,Challax,0x0002BD04,0x0002C1C0,0x09165EC0,internal_text,0x0000F1D0,0x09148ED0,0x0000F1D0,0x0000F1D0,WF-022
LEVEL_07,7,Challax,0x0002BD04,0x0002C21C,0x09165F1C,internal_text,0x0002B860,0x09165560,0x0002B860,0x0002B860,WF-022
LEVEL_07,7,Challax,0x0002BD04,0x0002C294,0x09165F94,internal_text,0x0002C9E0,0x091666E0,0x0002C9E0,NavUtil_AvoidTriggers,WF-022
LEVEL_07,7,Challax,0x0002BD04,0x0002C2AC,0x09165FAC,internal_text,0x0000E8D8,0x091485D8,0x0000E8D8,0x0000E8D8,WF-022
LEVEL_07,7,Challax,0x0002BD04,0x0002C2CC,0x09165FCC,internal_text,0x0000F1D0,0x09148ED0,0x0000F1D0,0x0000F1D0,WF-022
LEVEL_07,7,Challax,0x0004A4F8,0x0004A620,0x09184320,internal_text,0x000F67DC,0x092304DC,0x000F67DC,0x000F67DC,WF-002
LEVEL_07,7,Challax,0x0004A4F8,0x0004A62C,0x0918432C,internal_text,0x001B56DC,0x092EF3DC,0x001B56DC,0x001B56DC,WF-002
LEVEL_07,7,Challax,0x0004A4F8,0x0004A758,0x09184458,internal_text,0x0000E35C,0x0914805C,0x0000E35C,0x0000E35C,WF-002
LEVEL_07,7,Challax,0x0004A4F8,0x0004A780,0x09184480,internal_text,0x0000E3DC,0x091480DC,0x0000E3DC,0x0000E3DC,WF-002
LEVEL_07,7,Challax,0x0004A4F8,0x0004A794,0x09184494,internal_text,0x000F7B20,0x09231820,0x000F7B20,0x000F7B20,WF-002
LEVEL_07,7,Challax,0x0004A4F8,0x0004A854,0x09184554,internal_text,0x001B56DC,0x092EF3DC,0x001B56DC,0x001B56DC,WF-002
LEVEL_07,7,Challax,0x0004A890,0x0004A9E4,0x091846E4,internal_text,0x00033198,0x0916CE98,0x00033198,0x00033198,WF-001
LEVEL_07,7,Challax,0x0004A890,0x0004AA90,0x09184790,internal_text,0x0004A4F8,0x091841F8,0x0004A4F8,0x0004A4F8,WF-001
LEVEL_07,7,Challax,0x0004A890,0x0004AAA0,0x091847A0,internal_text,0x00049704,0x09183404,0x00049704,0x00049704,WF-001
LEVEL_07,7,Challax,0x0004A890,0x0004AAA8,0x091847A8,internal_text,0x00049D54,0x09183A54,0x00049D54,0x00049D54,WF-001
LEVEL_07,7,Challax,0x0004A890,0x0004AAB0,0x091847B0,internal_text,0x00049C64,0x09183964,0x00049C64,0x00049C64,WF-001
LEVEL_07,7,Challax,0x0004A890,0x0004AAF4,0x091847F4,internal_text,0x00033198,0x0916CE98,0x00033198,0x00033198,WF-001
LEVEL_07,7,Challax,0x0004A890,0x0004ABA4,0x091848A4,internal_text,0x00049704,0x09183404,0x00049704,0x00049704,WF-001
LEVEL_07,7,Challax,0x0004A890,0x0004ABAC,0x091848AC,internal_text,0x00049D54,0x09183A54,0x00049D54,0x00049D54,WF-001
LEVEL_07,7,Challax,0x0004A890,0x0004ABB8,0x091848B8,internal_text,0x0004A4F8,0x091841F8,0x0004A4F8,0x0004A4F8,WF-001
LEVEL_07,7,Challax,0x0004A890,0x0004ABC8,0x091848C8,internal_text,0x00049830,0x09183530,0x00049830,0x00049830,WF-001
LEVEL_07,7,Challax,0x0004A890,0x0004ABD0,0x091848D0,internal_text,0x00049C64,0x09183964,0x00049C64,0x00049C64,WF-001
LEVEL_07,7,Challax,0x0004A890,0x0004AC88,0x09184988,internal_text,0x00036420,0x09170120,0x00036420,0x00036420,WF-001
LEVEL_07,7,Challax,0x0004A890,0x0004ACB4,0x091849B4,internal_text,0x000424FC,0x0917C1FC,0x000424FC,0x000424FC,WF-001
LEVEL_07,7,Challax,0x0004A890,0x0004ACD4,0x091849D4,internal_text,0x0006C3D8,0x091A60D8,0x0006C3D8,0x0006C3D8,WF-001
LEVEL_07,7,Challax,0x0004A890,0x0004AD20,0x09184A20,internal_text,0x0006C8AC,0x091A65AC,0x0006C8AC,0x0006C8AC,WF-001
LEVEL_07,7,Challax,0x0004A890,0x0004AD38,0x09184A38,internal_text,0x00077CEC,0x091B19EC,0x00077CEC,0x00077CEC,WF-001
LEVEL_07,7,Challax,0x0004A890,0x0004AD50,0x09184A50,internal_text,0x0006C494,0x091A6194,0x0006C494,MOBY_SnapMobyAnim,WF-001
LEVEL_07,7,Challax,0x0004A890,0x0004ADDC,0x09184ADC,internal_text,0x0004A4F8,0x091841F8,0x0004A4F8,0x0004A4F8,WF-001
LEVEL_07,7,Challax,0x0004A890,0x0004AE34,0x09184B34,internal_text,0x0000E35C,0x0914805C,0x0000E35C,0x0000E35C,WF-001
LEVEL_07,7,Challax,0x0004A890,0x0004AE68,0x09184B68,internal_text,0x0000E35C,0x0914805C,0x0000E35C,0x0000E35C,WF-001
LEVEL_07,7,Challax,0x0004A890,0x0004AE78,0x09184B78,internal_text,0x00049830,0x09183530,0x00049830,0x00049830,WF-001
LEVEL_07,7,Challax,0x0004A890,0x0004AE80,0x09184B80,internal_text,0x00049C64,0x09183964,0x00049C64,0x00049C64,WF-001
LEVEL_07,7,Challax,0x0004A890,0x0004AE8C,0x09184B8C,internal_text,0x00036470,0x09170170,0x00036470,0x00036470,WF-001
LEVEL_07,7,Challax,0x0004A890,0x0004AED4,0x09184BD4,internal_text,0x00036470,0x09170170,0x00036470,0x00036470,WF-001
LEVEL_07,7,Challax,0x0004A890,0x0004AF04,0x09184C04,internal_text,0x00036420,0x09170120,0x00036420,0x00036420,WF-001
LEVEL_07,7,Challax,0x0004A890,0x0004AF1C,0x09184C1C,internal_text,0x00049EF0,0x09183BF0,0x00049EF0,0x00049EF0,WF-001
LEVEL_07,7,Challax,0x0004A890,0x0004AF24,0x09184C24,internal_text,0x00049F30,0x09183C30,0x00049F30,0x00049F30,WF-001
LEVEL_07,7,Challax,0x0004A890,0x0004AF30,0x09184C30,internal_text,0x0004A4F8,0x091841F8,0x0004A4F8,0x0004A4F8,WF-001
LEVEL_07,7,Challax,0x0004A890,0x0004AF40,0x09184C40,internal_text,0x00049830,0x09183530,0x00049830,0x00049830,WF-001
LEVEL_07,7,Challax,0x0004A890,0x0004AF4C,0x09184C4C,internal_text,0x00036470,0x09170170,0x00036470,0x00036470,WF-001
LEVEL_07,7,Challax,0x0004A890,0x0004AF74,0x09184C74,internal_text,0x00049EF0,0x09183BF0,0x00049EF0,0x00049EF0,WF-001
LEVEL_07,7,Challax,0x0004A890,0x0004AF7C,0x09184C7C,internal_text,0x00049F30,0x09183C30,0x00049F30,0x00049F30,WF-001
LEVEL_07,7,Challax,0x0004A890,0x0004AF88,0x09184C88,internal_text,0x0004A4F8,0x091841F8,0x0004A4F8,0x0004A4F8,WF-001
LEVEL_07,7,Challax,0x0004A890,0x0004AF98,0x09184C98,internal_text,0x00049830,0x09183530,0x00049830,0x00049830,WF-001
LEVEL_07,7,Challax,0x0004A890,0x0004AFA0,0x09184CA0,internal_text,0x00049F90,0x09183C90,0x00049F90,0x00049F90,WF-001
LEVEL_07,7,Challax,0x0004A890,0x0004AFE4,0x09184CE4,internal_text,0x0000E35C,0x0914805C,0x0000E35C,0x0000E35C,WF-001
LEVEL_07,7,Challax,0x0004A890,0x0004AFF4,0x09184CF4,internal_text,0x00049830,0x09183530,0x00049830,0x00049830,WF-001
LEVEL_07,7,Challax,0x0004A890,0x0004B02C,0x09184D2C,internal_text,0x00036470,0x09170170,0x00036470,0x00036470,WF-001
LEVEL_07,7,Challax,0x0004A890,0x0004B05C,0x09184D5C,internal_text,0x00049C64,0x09183964,0x00049C64,0x00049C64,WF-001
LEVEL_07,7,Challax,0x0004A890,0x0004B064,0x09184D64,internal_text,0x0006C3D8,0x091A60D8,0x0006C3D8,0x0006C3D8,WF-001
LEVEL_07,7,Challax,0x0004A890,0x0004B074,0x09184D74,internal_text,0x00077CEC,0x091B19EC,0x00077CEC,0x00077CEC,WF-001
LEVEL_07,7,Challax,0x0004A890,0x0004B10C,0x09184E0C,internal_text,0x000493B8,0x091830B8,0x000493B8,0x000493B8,WF-001
LEVEL_07,7,Challax,0x0004A890,0x0004B118,0x09184E18,internal_text,0x00036470,0x09170170,0x00036470,0x00036470,WF-001
LEVEL_07,7,Challax,0x0004A890,0x0004B144,0x09184E44,internal_text,0x000493B8,0x091830B8,0x000493B8,0x000493B8,WF-001
LEVEL_07,7,Challax,0x0004A890,0x0004B164,0x09184E64,internal_text,0x0005C54C,0x0919624C,0x0005C54C,0x0005C54C,WF-001
LEVEL_07,7,Challax,0x0004A890,0x0004B178,0x09184E78,internal_text,0x0005C54C,0x0919624C,0x0005C54C,0x0005C54C,WF-001
LEVEL_07,7,Challax,0x0004A890,0x0004B180,0x09184E80,internal_text,0x0005C6D0,0x091963D0,0x0005C6D0,0x0005C6D0,WF-001
LEVEL_07,7,Challax,0x0004A890,0x0004B198,0x09184E98,internal_text,0x0005CBA8,0x091968A8,0x0005CBA8,0x0005CBA8,WF-001
LEVEL_07,7,Challax,0x0004A890,0x0004B1E8,0x09184EE8,internal_text,0x0014FCB0,0x092899B0,0x0014FCB0,0x0014FCB0,WF-001
LEVEL_07,7,Challax,0x0004A890,0x0004B204,0x09184F04,internal_text,0x0005C71C,0x0919641C,0x0005C71C,0x0005C71C,WF-001
LEVEL_07,7,Challax,0x0004A890,0x0004B23C,0x09184F3C,internal_text,0x0004A4F8,0x091841F8,0x0004A4F8,0x0004A4F8,WF-001
LEVEL_07,7,Challax,0x0004A890,0x0004B244,0x09184F44,internal_text,0x00049C64,0x09183964,0x00049C64,0x00049C64,WF-001
LEVEL_07,7,Challax,0x0004E830,0x0004E900,0x09188600,internal_text,0x0004D0A8,0x09186DA8,0x0004D0A8,0x0004D0A8,WF-003
LEVEL_07,7,Challax,0x0004E830,0x0004E9D4,0x091886D4,internal_text,0x0004D278,0x09186F78,0x0004D278,0x0004D278,WF-003
LEVEL_07,7,Challax,0x0004E830,0x0004EA34,0x09188734,internal_text,0x0004CE88,0x09186B88,0x0004CE88,0x0004CE88,WF-003
LEVEL_07,7,Challax,0x0004E830,0x0004EA68,0x09188768,internal_text,0x0004B580,0x09185280,0x0004B580,0x0004B580,WF-003
LEVEL_07,7,Challax,0x0004E830,0x0004EA90,0x09188790,internal_text,0x0000E290,0x09147F90,0x0000E290,0x0000E290,WF-003
LEVEL_07,7,Challax,0x0004E830,0x0004EAAC,0x091887AC,internal_text,0x0000E290,0x09147F90,0x0000E290,0x0000E290,WF-003
LEVEL_07,7,Challax,0x0004E830,0x0004EAC8,0x091887C8,internal_text,0x0000E290,0x09147F90,0x0000E290,0x0000E290,WF-003
LEVEL_07,7,Challax,0x0004E830,0x0004EAF0,0x091887F0,internal_text,0x0000E2F4,0x09147FF4,0x0000E2F4,0x0000E2F4,WF-003
LEVEL_07,7,Challax,0x0004E830,0x0004EB0C,0x0918880C,internal_text,0x0000E2F4,0x09147FF4,0x0000E2F4,0x0000E2F4,WF-003
LEVEL_07,7,Challax,0x0004E830,0x0004EB28,0x09188828,internal_text,0x0000E2F4,0x09147FF4,0x0000E2F4,0x0000E2F4,WF-003
LEVEL_07,7,Challax,0x0004E830,0x0004EBA4,0x091888A4,internal_text,0x000F8A64,0x09232764,0x000F8A64,0x000F8A64,WF-003
LEVEL_07,7,Challax,0x0004E830,0x0004EBCC,0x091888CC,internal_text,0x00036470,0x09170170,0x00036470,0x00036470,WF-003
LEVEL_07,7,Challax,0x0004E830,0x0004EC2C,0x0918892C,internal_text,0x00036420,0x09170120,0x00036420,0x00036420,WF-003
LEVEL_07,7,Challax,0x0004E830,0x0004EC44,0x09188944,internal_text,0x0004C51C,0x0918621C,0x0004C51C,0x0004C51C,WF-003
LEVEL_07,7,Challax,0x0004E830,0x0004EC6C,0x0918896C,internal_text,0x000364EC,0x091701EC,0x000364EC,0x000364EC,WF-003
LEVEL_07,7,Challax,0x0004E830,0x0004EC8C,0x0918898C,internal_text,0x0004B26C,0x09184F6C,0x0004B26C,0x0004B26C,WF-003
LEVEL_07,7,Challax,0x0004E830,0x0004ECB4,0x091889B4,internal_text,0x0014BE54,0x09285B54,0x0014BE54,0x0014BE54,WF-003
LEVEL_07,7,Challax,0x0004E830,0x0004ECC4,0x091889C4,internal_text,0x0014BEDC,0x09285BDC,0x0014BEDC,0x0014BEDC,WF-003
LEVEL_07,7,Challax,0x0004E830,0x0004ED40,0x09188A40,internal_text,0x0014BE54,0x09285B54,0x0014BE54,0x0014BE54,WF-003
LEVEL_07,7,Challax,0x0004E830,0x0004ED70,0x09188A70,internal_text,0x0006C72C,0x091A642C,0x0006C72C,MOBY_BlendMobyAnim,WF-003
LEVEL_07,7,Challax,0x0004E830,0x0004EDA0,0x09188AA0,internal_text,0x0000E290,0x09147F90,0x0000E290,0x0000E290,WF-003
LEVEL_07,7,Challax,0x0004E830,0x0004EDBC,0x09188ABC,internal_text,0x0000E290,0x09147F90,0x0000E290,0x0000E290,WF-003
LEVEL_07,7,Challax,0x0004E830,0x0004EDD8,0x09188AD8,internal_text,0x0000E290,0x09147F90,0x0000E290,0x0000E290,WF-003
LEVEL_07,7,Challax,0x0004E830,0x0004EE00,0x09188B00,internal_text,0x0000E2F4,0x09147FF4,0x0000E2F4,0x0000E2F4,WF-003
LEVEL_07,7,Challax,0x0004E830,0x0004EE1C,0x09188B1C,internal_text,0x0000E2F4,0x09147FF4,0x0000E2F4,0x0000E2F4,WF-003
LEVEL_07,7,Challax,0x0004E830,0x0004EE38,0x09188B38,internal_text,0x0000E2F4,0x09147FF4,0x0000E2F4,0x0000E2F4,WF-003
LEVEL_07,7,Challax,0x0004E830,0x0004EEB4,0x09188BB4,internal_text,0x000F8A64,0x09232764,0x000F8A64,0x000F8A64,WF-003
LEVEL_07,7,Challax,0x0004E830,0x0004EED8,0x09188BD8,internal_text,0x001B56DC,0x092EF3DC,0x001B56DC,0x001B56DC,WF-003
LEVEL_07,7,Challax,0x0004E830,0x0004EEFC,0x09188BFC,internal_text,0x001B56DC,0x092EF3DC,0x001B56DC,0x001B56DC,WF-003
LEVEL_07,7,Challax,0x0004E830,0x0004EF20,0x09188C20,internal_text,0x001B56DC,0x092EF3DC,0x001B56DC,0x001B56DC,WF-003
LEVEL_07,7,Challax,0x0004E830,0x0004EFA8,0x09188CA8,internal_text,0x00036420,0x09170120,0x00036420,0x00036420,WF-003
LEVEL_07,7,Challax,0x0004E830,0x0004F000,0x09188D00,internal_text,0x0000E2F4,0x09147FF4,0x0000E2F4,0x0000E2F4,WF-003
LEVEL_07,7,Challax,0x0004E830,0x0004F01C,0x09188D1C,internal_text,0x0000E2F4,0x09147FF4,0x0000E2F4,0x0000E2F4,WF-003
LEVEL_07,7,Challax,0x0004E830,0x0004F038,0x09188D38,internal_text,0x0000E2F4,0x09147FF4,0x0000E2F4,0x0000E2F4,WF-003
LEVEL_07,7,Challax,0x0004E830,0x0004F0B4,0x09188DB4,internal_text,0x000F8A64,0x09232764,0x000F8A64,0x000F8A64,WF-003
LEVEL_07,7,Challax,0x0004E830,0x0004F0E0,0x09188DE0,internal_text,0x00034C68,0x0916E968,0x00034C68,0x00034C68,WF-003
LEVEL_07,7,Challax,0x0004E830,0x0004F0E8,0x09188DE8,internal_text,0x00034C94,0x0916E994,0x00034C94,0x00034C94,WF-003
LEVEL_07,7,Challax,0x0004E830,0x0004F0F0,0x09188DF0,internal_text,0x000428DC,0x0917C5DC,0x000428DC,0x000428DC,WF-003
LEVEL_07,7,Challax,0x0004E830,0x0004F10C,0x09188E0C,internal_text,0x0000E35C,0x0914805C,0x0000E35C,0x0000E35C,WF-003
LEVEL_07,7,Challax,0x0004E830,0x0004F11C,0x09188E1C,internal_text,0x00033D94,0x0916DA94,0x00033D94,0x00033D94,WF-003
LEVEL_07,7,Challax,0x0004E830,0x0004F130,0x09188E30,internal_text,0x00041EDC,0x0917BBDC,0x00041EDC,0x00041EDC,WF-003
LEVEL_07,7,Challax,0x0004E830,0x0004F1C4,0x09188EC4,internal_text,0x001743A8,0x092AE0A8,0x001743A8,0x001743A8,WF-003
LEVEL_07,7,Challax,0x0004E830,0x0004F22C,0x09188F2C,internal_text,0x0004D0A8,0x09186DA8,0x0004D0A8,0x0004D0A8,WF-003
LEVEL_07,7,Challax,0x0004E830,0x0004F260,0x09188F60,internal_text,0x0004B580,0x09185280,0x0004B580,0x0004B580,WF-003
LEVEL_07,7,Challax,0x0004E830,0x0004F288,0x09188F88,internal_text,0x0000E290,0x09147F90,0x0000E290,0x0000E290,WF-003
LEVEL_07,7,Challax,0x0004E830,0x0004F2A4,0x09188FA4,internal_text,0x0000E290,0x09147F90,0x0000E290,0x0000E290,WF-003
LEVEL_07,7,Challax,0x0004E830,0x0004F2C0,0x09188FC0,internal_text,0x0000E290,0x09147F90,0x0000E290,0x0000E290,WF-003
LEVEL_07,7,Challax,0x0004E830,0x0004F2E8,0x09188FE8,internal_text,0x0000E2F4,0x09147FF4,0x0000E2F4,0x0000E2F4,WF-003
LEVEL_07,7,Challax,0x0004E830,0x0004F304,0x09189004,internal_text,0x0000E2F4,0x09147FF4,0x0000E2F4,0x0000E2F4,WF-003
LEVEL_07,7,Challax,0x0004E830,0x0004F320,0x09189020,internal_text,0x0000E2F4,0x09147FF4,0x0000E2F4,0x0000E2F4,WF-003
LEVEL_07,7,Challax,0x0004E830,0x0004F39C,0x0918909C,internal_text,0x000F8A64,0x09232764,0x000F8A64,0x000F8A64,WF-003
LEVEL_07,7,Challax,0x0004E830,0x0004F3F4,0x091890F4,internal_text,0x00036470,0x09170170,0x00036470,0x00036470,WF-003
LEVEL_07,7,Challax,0x0004E830,0x0004F478,0x09189178,internal_text,0x00036420,0x09170120,0x00036420,0x00036420,WF-003
LEVEL_07,7,Challax,0x0004E830,0x0004F4A4,0x091891A4,internal_text,0x0004D0A8,0x09186DA8,0x0004D0A8,0x0004D0A8,WF-003
LEVEL_07,7,Challax,0x0004E830,0x0004F4D8,0x091891D8,internal_text,0x0004B580,0x09185280,0x0004B580,0x0004B580,WF-003
LEVEL_07,7,Challax,0x0004E830,0x0004F500,0x09189200,internal_text,0x0000E290,0x09147F90,0x0000E290,0x0000E290,WF-003
LEVEL_07,7,Challax,0x0004E830,0x0004F51C,0x0918921C,internal_text,0x0000E290,0x09147F90,0x0000E290,0x0000E290,WF-003
LEVEL_07,7,Challax,0x0004E830,0x0004F538,0x09189238,internal_text,0x0000E290,0x09147F90,0x0000E290,0x0000E290,WF-003
LEVEL_07,7,Challax,0x0004E830,0x0004F560,0x09189260,internal_text,0x0000E2F4,0x09147FF4,0x0000E2F4,0x0000E2F4,WF-003
LEVEL_07,7,Challax,0x0004E830,0x0004F57C,0x0918927C,internal_text,0x0000E2F4,0x09147FF4,0x0000E2F4,0x0000E2F4,WF-003
LEVEL_07,7,Challax,0x0004E830,0x0004F598,0x09189298,internal_text,0x0000E2F4,0x09147FF4,0x0000E2F4,0x0000E2F4,WF-003
LEVEL_07,7,Challax,0x0004E830,0x0004F614,0x09189314,internal_text,0x000F8A64,0x09232764,0x000F8A64,0x000F8A64,WF-003
LEVEL_07,7,Challax,0x0004E830,0x0004F638,0x09189338,internal_text,0x0006C3D8,0x091A60D8,0x0006C3D8,0x0006C3D8,WF-003
LEVEL_07,7,Challax,0x0004E830,0x0004F65C,0x0918935C,internal_text,0x0006C400,0x091A6100,0x0006C400,0x0006C400,WF-003
LEVEL_07,7,Challax,0x0004E830,0x0004F6F8,0x091893F8,internal_text,0x0006C72C,0x091A642C,0x0006C72C,MOBY_BlendMobyAnim,WF-003
LEVEL_07,7,Challax,0x0004E830,0x0004F700,0x09189400,internal_text,0x0014D330,0x09287030,0x0014D330,0x0014D330,WF-003
LEVEL_07,7,Challax,0x0004E830,0x0004F734,0x09189434,internal_text,0x0014D2F8,0x09286FF8,0x0014D2F8,0x0014D2F8,WF-003
LEVEL_07,7,Challax,0x0004E830,0x0004F758,0x09189458,internal_text,0x0003107C,0x0916AD7C,0x0003107C,0x0003107C,WF-003
LEVEL_07,7,Challax,0x0004E830,0x0004F768,0x09189468,internal_text,0x0003107C,0x0916AD7C,0x0003107C,0x0003107C,WF-003
LEVEL_07,7,Challax,0x0004E830,0x0004F7B4,0x091894B4,internal_text,0x0004D464,0x09187164,0x0004D464,0x0004D464,WF-003
LEVEL_07,7,Challax,0x0004E830,0x0004F818,0x09189518,internal_text,0x0004E394,0x09188094,0x0004E394,ht_grindlock_switches,WF-003
LEVEL_07,7,Challax,0x00056C3C,0x00056C6C,0x0919096C,internal_text,0x00034240,0x0916DF40,0x00034240,0x00034240,WF-004
LEVEL_07,7,Challax,0x00056C3C,0x00056C74,0x09190974,internal_text,0x000498B4,0x091835B4,0x000498B4,0x000498B4,WF-004
LEVEL_07,7,Challax,0x00056C3C,0x00056C9C,0x0919099C,internal_text,0x0000E35C,0x0914805C,0x0000E35C,0x0000E35C,WF-004
LEVEL_07,7,Challax,0x00056C3C,0x00056CB4,0x091909B4,internal_text,0x00056EE8,0x09190BE8,0x00056EE8,0x00056EE8,WF-004
LEVEL_07,7,Challax,0x00056C3C,0x00056CBC,0x091909BC,internal_text,0x000572F8,0x09190FF8,0x000572F8,0x000572F8,WF-004
LEVEL_07,7,Challax,0x00056C3C,0x00056CF8,0x091909F8,internal_text,0x0005675C,0x0919045C,0x0005675C,0x0005675C,WF-004
LEVEL_07,7,Challax,0x00056C3C,0x00056D1C,0x09190A1C,internal_text,0x000A7920,0x091E1620,0x000A7920,0x000A7920,WF-004
LEVEL_07,7,Challax,0x0010D248,0x0010D2B0,0x09246FB0,internal_text,0x0000E35C,0x0914805C,0x0000E35C,0x0000E35C,WF-008
LEVEL_07,7,Challax,0x0010D248,0x0010D2D0,0x09246FD0,internal_text,0x0000E35C,0x0914805C,0x0000E35C,0x0000E35C,WF-008
LEVEL_07,7,Challax,0x0010D248,0x0010D32C,0x0924702C,internal_text,0x0010EB24,0x09248824,0x0010EB24,0x0010EB24,WF-008
LEVEL_07,7,Challax,0x0010D248,0x0010D33C,0x0924703C,internal_text,0x001B65AC,0x092F02AC,0x001B65AC,0x001B65AC,WF-008
LEVEL_07,7,Challax,0x0010D248,0x0010D3F0,0x092470F0,internal_text,0x001100F8,0x09249DF8,0x001100F8,0x001100F8,WF-008
LEVEL_07,7,Challax,0x0010D248,0x0010D408,0x09247108,internal_text,0x0010C5B0,0x092462B0,0x0010C5B0,0x0010C5B0,WF-008
LEVEL_07,7,Challax,0x0010D248,0x0010D438,0x09247138,internal_text,0x0010EB24,0x09248824,0x0010EB24,0x0010EB24,WF-008
LEVEL_07,7,Challax,0x0010D464,0x0010D488,0x09247188,internal_text,0x001100F8,0x09249DF8,0x001100F8,0x001100F8,WF-009
LEVEL_07,7,Challax,0x0010D464,0x0010D4E4,0x092471E4,internal_text,0x0010EB24,0x09248824,0x0010EB24,0x0010EB24,WF-009
LEVEL_07,7,Challax,0x0010D464,0x0010D50C,0x0924720C,internal_text,0x0010E090,0x09247D90,0x0010E090,0x0010E090,WF-009
LEVEL_07,7,Challax,0x0010D464,0x0010D530,0x09247230,internal_text,0x0000E35C,0x0914805C,0x0000E35C,0x0000E35C,WF-009
LEVEL_07,7,Challax,0x0010D464,0x0010D550,0x09247250,internal_text,0x0000E35C,0x0914805C,0x0000E35C,0x0000E35C,WF-009
LEVEL_07,7,Challax,0x0010D464,0x0010D5B4,0x092472B4,internal_text,0x0010EB24,0x09248824,0x0010EB24,0x0010EB24,WF-009
LEVEL_07,7,Challax,0x0010D464,0x0010D5C4,0x092472C4,internal_text,0x001B65AC,0x092F02AC,0x001B65AC,0x001B65AC,WF-009
LEVEL_07,7,Challax,0x0010D72C,0x0010D758,0x09247458,internal_text,0x0010E090,0x09247D90,0x0010E090,0x0010E090,WF-007
LEVEL_07,7,Challax,0x0010D72C,0x0010D780,0x09247480,internal_text,0x0000E35C,0x0914805C,0x0000E35C,0x0000E35C,WF-007
LEVEL_07,7,Challax,0x0010D72C,0x0010D800,0x09247500,internal_text,0x0000E35C,0x0914805C,0x0000E35C,0x0000E35C,WF-007
LEVEL_07,7,Challax,0x0010D72C,0x0010D828,0x09247528,internal_text,0x0000E35C,0x0914805C,0x0000E35C,0x0000E35C,WF-007
LEVEL_07,7,Challax,0x0010D72C,0x0010D884,0x09247584,internal_text,0x001B65AC,0x092F02AC,0x001B65AC,0x001B65AC,WF-007
LEVEL_07,7,Challax,0x0010D72C,0x0010D9A4,0x092476A4,internal_text,0x0001A044,0x09153D44,0x0001A044,0x0001A044,WF-007
LEVEL_07,7,Challax,0x0010D72C,0x0010DA18,0x09247718,internal_text,0x0010EB24,0x09248824,0x0010EB24,0x0010EB24,WF-007
LEVEL_07,7,Challax,0x001100F8,0x00110134,0x09249E34,internal_text,0x0010DB28,0x09247828,0x0010DB28,0x0010DB28,WF-010
LEVEL_07,7,Challax,0x001100F8,0x0011020C,0x09249F0C,internal_text,0x0000E35C,0x0914805C,0x0000E35C,0x0000E35C,WF-010
LEVEL_07,7,Challax,0x001100F8,0x0011028C,0x09249F8C,internal_text,0x00011050,0x0914AD50,0x00011050,0x00011050,WF-010
LEVEL_07,7,Challax,0x001100F8,0x001102CC,0x09249FCC,internal_text,0x0000E35C,0x0914805C,0x0000E35C,0x0000E35C,WF-010
LEVEL_07,7,Challax,0x001100F8,0x00110344,0x0924A044,internal_text,0x00011050,0x0914AD50,0x00011050,0x00011050,WF-010
LEVEL_07,7,Challax,0x001100F8,0x0011036C,0x0924A06C,internal_text,0x001BDB88,0x092F7888,0x001BDB88,0x001BDB88,WF-010
LEVEL_07,7,Challax,0x001100F8,0x001103A4,0x0924A0A4,internal_text,0x001B55CC,0x092EF2CC,0x001B55CC,0x001B55CC,WF-010
LEVEL_07,7,Challax,0x001100F8,0x001103B0,0x0924A0B0,internal_text,0x001B56F4,0x092EF3F4,0x001B56F4,0x001B56F4,WF-010
LEVEL_07,7,Challax,0x001100F8,0x001103DC,0x0924A0DC,internal_text,0x001BDB88,0x092F7888,0x001BDB88,0x001BDB88,WF-010
LEVEL_07,7,Challax,0x001100F8,0x00110474,0x0924A174,internal_text,0x0001A044,0x09153D44,0x0001A044,0x0001A044,WF-010
LEVEL_07,7,Challax,0x001100F8,0x001104A8,0x0924A1A8,internal_text,0x000199B0,0x091536B0,0x000199B0,0x000199B0,WF-010
LEVEL_07,7,Challax,0x001100F8,0x00110584,0x0924A284,internal_text,0x0006EC74,0x091A8974,0x0006EC74,0x0006EC74,WF-010
LEVEL_07,7,Challax,0x001100F8,0x00110620,0x0924A320,internal_text,0x0008C26C,0x091C5F6C,0x0008C26C,0x0008C26C,WF-010
LEVEL_07,7,Challax,0x001302C0,0x0013038C,0x0926A08C,internal_text,0x0000E35C,0x0914805C,0x0000E35C,0x0000E35C,WF-045
LEVEL_07,7,Challax,0x001302C0,0x00130394,0x0926A094,internal_text,0x001C5C24,0x092FF924,0x001C5C24,0x001C5C24,WF-045
LEVEL_07,7,Challax,0x001302C0,0x00130764,0x0926A464,internal_text,0x0006EC74,0x091A8974,0x0006EC74,0x0006EC74,WF-045
LEVEL_07,7,Challax,0x001302C0,0x00130800,0x0926A500,internal_text,0x0008C26C,0x091C5F6C,0x0008C26C,0x0008C26C,WF-045
LEVEL_07,7,Challax,0x001302C0,0x00130864,0x0926A564,internal_text,0x0012E2C4,0x09267FC4,0x0012E2C4,0x0012E2C4,WF-045
LEVEL_07,7,Challax,0x001302C0,0x0013089C,0x0926A59C,internal_text,0x0012E3DC,0x092680DC,0x0012E3DC,0x0012E3DC,WF-045
LEVEL_07,7,Challax,0x001302C0,0x001308A4,0x0926A5A4,internal_text,0x0012DF78,0x09267C78,0x0012DF78,0x0012DF78,WF-045
LEVEL_07,7,Challax,0x001302C0,0x0013090C,0x0926A60C,internal_text,0x0012E918,0x09268618,0x0012E918,0x0012E918,WF-045
LEVEL_07,7,Challax,0x001302C0,0x00130954,0x0926A654,internal_text,0x0012D750,0x09267450,0x0012D750,0x0012D750,WF-045
LEVEL_07,7,Challax,0x001302C0,0x00130998,0x0926A698,internal_text,0x0012D750,0x09267450,0x0012D750,0x0012D750,WF-045
LEVEL_07,7,Challax,0x001302C0,0x001309AC,0x0926A6AC,internal_text,0x0012E2F8,0x09267FF8,0x0012E2F8,0x0012E2F8,WF-045
LEVEL_07,7,Challax,0x001302C0,0x001309C0,0x0926A6C0,internal_text,0x0012E48C,0x0926818C,0x0012E48C,0x0012E48C,WF-045
LEVEL_07,7,Challax,0x001302C0,0x001309DC,0x0926A6DC,internal_text,0x0012E4D8,0x092681D8,0x0012E4D8,0x0012E4D8,WF-045
LEVEL_07,7,Challax,0x001302C0,0x001309FC,0x0926A6FC,internal_text,0x0012E3DC,0x092680DC,0x0012E3DC,0x0012E3DC,WF-045
LEVEL_07,7,Challax,0x001302C0,0x00130A38,0x0926A738,internal_text,0x0012E2C4,0x09267FC4,0x0012E2C4,0x0012E2C4,WF-045
LEVEL_07,7,Challax,0x001302C0,0x00130A70,0x0926A770,internal_text,0x0012DF78,0x09267C78,0x0012DF78,0x0012DF78,WF-045
LEVEL_07,7,Challax,0x001302C0,0x00130AB0,0x0926A7B0,internal_text,0x0012D750,0x09267450,0x0012D750,0x0012D750,WF-045
LEVEL_07,7,Challax,0x001302C0,0x00130AC8,0x0926A7C8,internal_text,0x0012E918,0x09268618,0x0012E918,0x0012E918,WF-045
LEVEL_07,7,Challax,0x00130B1C,0x00130BD4,0x0926A8D4,internal_text,0x0000E35C,0x0914805C,0x0000E35C,0x0000E35C,WF-042
LEVEL_07,7,Challax,0x00130B1C,0x00130BDC,0x0926A8DC,internal_text,0x001C5C24,0x092FF924,0x001C5C24,0x001C5C24,WF-042
LEVEL_07,7,Challax,0x00130B1C,0x00130FB0,0x0926ACB0,internal_text,0x0006EC74,0x091A8974,0x0006EC74,0x0006EC74,WF-042
LEVEL_07,7,Challax,0x00130B1C,0x0013104C,0x0926AD4C,internal_text,0x0008C26C,0x091C5F6C,0x0008C26C,0x0008C26C,WF-042
LEVEL_07,7,Challax,0x00130B1C,0x0013109C,0x0926AD9C,internal_text,0x0012E2F8,0x09267FF8,0x0012E2F8,0x0012E2F8,WF-042
LEVEL_07,7,Challax,0x00130B1C,0x001310B0,0x0926ADB0,internal_text,0x0012E48C,0x0926818C,0x0012E48C,0x0012E48C,WF-042
LEVEL_07,7,Challax,0x00130B1C,0x001310CC,0x0926ADCC,internal_text,0x0012E4D8,0x092681D8,0x0012E4D8,0x0012E4D8,WF-042
LEVEL_07,7,Challax,0x00130B1C,0x001310E4,0x0926ADE4,internal_text,0x0012E3DC,0x092680DC,0x0012E3DC,0x0012E3DC,WF-042
LEVEL_07,7,Challax,0x00130B1C,0x00131124,0x0926AE24,internal_text,0x0012E2C4,0x09267FC4,0x0012E2C4,0x0012E2C4,WF-042
LEVEL_07,7,Challax,0x00130B1C,0x00131158,0x0926AE58,internal_text,0x0012E3DC,0x092680DC,0x0012E3DC,0x0012E3DC,WF-042
LEVEL_07,7,Challax,0x00130B1C,0x00131160,0x0926AE60,internal_text,0x0012DF78,0x09267C78,0x0012DF78,0x0012DF78,WF-042
LEVEL_07,7,Challax,0x00130B1C,0x001311A0,0x0926AEA0,internal_text,0x0012E918,0x09268618,0x0012E918,0x0012E918,WF-042
LEVEL_07,7,Challax,0x001311E8,0x00131234,0x0926AF34,internal_text,0x000A4274,0x091DDF74,0x000A4274,0x000A4274,WF-039
LEVEL_07,7,Challax,0x001311E8,0x0013130C,0x0926B00C,internal_text,0x0000E4F4,0x091481F4,0x0000E4F4,0x0000E4F4,WF-039
LEVEL_07,7,Challax,0x001311E8,0x00131444,0x0926B144,internal_text,0x0000E35C,0x0914805C,0x0000E35C,0x0000E35C,WF-039
LEVEL_07,7,Challax,0x001311E8,0x00131984,0x0926B684,internal_text,0x00014B54,0x0914E854,0x00014B54,0x00014B54,WF-039
LEVEL_07,7,Challax,0x001311E8,0x001319E8,0x0926B6E8,internal_text,0x0012E530,0x09268230,0x0012E530,0x0012E530,WF-039
LEVEL_07,7,Challax,0x001311E8,0x001319F4,0x0926B6F4,internal_text,0x0012E2C4,0x09267FC4,0x0012E2C4,0x0012E2C4,WF-039
LEVEL_07,7,Challax,0x001311E8,0x00131A14,0x0926B714,internal_text,0x00014A58,0x0914E758,0x00014A58,0x00014A58,WF-039
LEVEL_07,7,Challax,0x001311E8,0x00131A50,0x0926B750,internal_text,0x0000E35C,0x0914805C,0x0000E35C,0x0000E35C,WF-039
LEVEL_07,7,Challax,0x001311E8,0x00131A64,0x0926B764,internal_text,0x0012E530,0x09268230,0x0012E530,0x0012E530,WF-039
LEVEL_07,7,Challax,0x001311E8,0x00131A6C,0x0926B76C,internal_text,0x0012DF78,0x09267C78,0x0012DF78,0x0012DF78,WF-039
LEVEL_07,7,Challax,0x001311E8,0x00131A74,0x0926B774,internal_text,0x00133E2C,0x0926DB2C,0x00133E2C,0x00133E2C,WF-039
LEVEL_07,7,Challax,0x001311E8,0x00131A7C,0x0926B77C,internal_text,0x0012EE94,0x09268B94,0x0012EE94,0x0012EE94,WF-039
LEVEL_07,7,Challax,0x001311E8,0x00131A88,0x0926B788,internal_text,0x0012E6A4,0x092683A4,0x0012E6A4,0x0012E6A4,WF-039
LEVEL_07,7,Challax,0x001311E8,0x00131AAC,0x0926B7AC,internal_text,0x0012E6A4,0x092683A4,0x0012E6A4,0x0012E6A4,WF-039
LEVEL_07,7,Challax,0x001311E8,0x00131B44,0x0926B844,internal_text,0x00014A58,0x0914E758,0x00014A58,0x00014A58,WF-039
LEVEL_07,7,Challax,0x001311E8,0x00131BB0,0x0926B8B0,internal_text,0x0012E6A4,0x092683A4,0x0012E6A4,0x0012E6A4,WF-039
LEVEL_07,7,Challax,0x001311E8,0x00131BB8,0x0926B8B8,internal_text,0x0012DC30,0x09267930,0x0012DC30,0x0012DC30,WF-039
LEVEL_07,7,Challax,0x001311E8,0x00131C34,0x0926B934,internal_text,0x0012E2C4,0x09267FC4,0x0012E2C4,0x0012E2C4,WF-039
LEVEL_07,7,Challax,0x001311E8,0x00131C68,0x0926B968,internal_text,0x0012E6A4,0x092683A4,0x0012E6A4,0x0012E6A4,WF-039
LEVEL_07,7,Challax,0x001311E8,0x00131CA8,0x0926B9A8,internal_text,0x0012DF78,0x09267C78,0x0012DF78,0x0012DF78,WF-039
LEVEL_07,7,Challax,0x001311E8,0x00131CB0,0x0926B9B0,internal_text,0x00133E2C,0x0926DB2C,0x00133E2C,0x00133E2C,WF-039
LEVEL_07,7,Challax,0x001311E8,0x00131CF4,0x0926B9F4,internal_text,0x0012E6A4,0x092683A4,0x0012E6A4,0x0012E6A4,WF-039
LEVEL_07,7,Challax,0x001311E8,0x00131D2C,0x0926BA2C,internal_text,0x0012E670,0x09268370,0x0012E670,0x0012E670,WF-039
LEVEL_07,7,Challax,0x001311E8,0x00131D7C,0x0926BA7C,internal_text,0x0012EE94,0x09268B94,0x0012EE94,0x0012EE94,WF-039
LEVEL_07,7,Challax,0x001311E8,0x00131D8C,0x0926BA8C,internal_text,0x0012DF78,0x09267C78,0x0012DF78,0x0012DF78,WF-039
LEVEL_07,7,Challax,0x001311E8,0x00131D94,0x0926BA94,internal_text,0x00133E2C,0x0926DB2C,0x00133E2C,0x00133E2C,WF-039
LEVEL_07,7,Challax,0x001311E8,0x00131DCC,0x0926BACC,internal_text,0x000221A0,0x0915BEA0,0x000221A0,0x000221A0,WF-039
LEVEL_07,7,Challax,0x001311E8,0x00131E24,0x0926BB24,internal_text,0x00066A10,0x091A0710,0x00066A10,0x00066A10,WF-039
LEVEL_07,7,Challax,0x001311E8,0x00131E4C,0x0926BB4C,internal_text,0x000221A0,0x0915BEA0,0x000221A0,0x000221A0,WF-039
LEVEL_07,7,Challax,0x001311E8,0x00131EC4,0x0926BBC4,internal_text,0x0006BDB8,0x091A5AB8,0x0006BDB8,MOBY_DestroyMoby,WF-039
LEVEL_07,7,Challax,0x001311E8,0x00131FE4,0x0926BCE4,internal_text,0x0006BDB8,0x091A5AB8,0x0006BDB8,MOBY_DestroyMoby,WF-039
LEVEL_07,7,Challax,0x001311E8,0x0013204C,0x0926BD4C,internal_text,0x0006EC74,0x091A8974,0x0006EC74,0x0006EC74,WF-039
LEVEL_07,7,Challax,0x001311E8,0x00132100,0x0926BE00,internal_text,0x0008C26C,0x091C5F6C,0x0008C26C,0x0008C26C,WF-039
LEVEL_07,7,Challax,0x0014F3C8,0x0014F450,0x09289150,internal_text,0x00017440,0x09151140,0x00017440,0x00017440,WF-016
LEVEL_07,7,Challax,0x0014F3C8,0x0014F4DC,0x092891DC,internal_text,0x000735F0,0x091AD2F0,0x000735F0,0x000735F0,WF-016
LEVEL_07,7,Challax,0x0014F3C8,0x0014F588,0x09289288,internal_text,0x000735F0,0x091AD2F0,0x000735F0,0x000735F0,WF-016
LEVEL_07,7,Challax,0x0014F3C8,0x0014F608,0x09289308,internal_text,0x0006DEF8,0x091A7BF8,0x0006DEF8,0x0006DEF8,WF-016
LEVEL_07,7,Challax,0x0014F3C8,0x0014F688,0x09289388,internal_text,0x0006DEF8,0x091A7BF8,0x0006DEF8,0x0006DEF8,WF-016
LEVEL_07,7,Challax,0x0014F3C8,0x0014F6D8,0x092893D8,internal_text,0x0000E35C,0x0914805C,0x0000E35C,0x0000E35C,WF-016
LEVEL_07,7,Challax,0x0014F3C8,0x0014F830,0x09289530,internal_text,0x0006EC74,0x091A8974,0x0006EC74,0x0006EC74,WF-016
LEVEL_07,7,Challax,0x0014F3C8,0x0014F8BC,0x092895BC,internal_text,0x0008C30C,0x091C600C,0x0008C30C,0x0008C30C,WF-016
LEVEL_07,7,Challax,0x0014F3C8,0x0014F8F8,0x092895F8,internal_text,0x0008C1BC,0x091C5EBC,0x0008C1BC,0x0008C1BC,WF-016
LEVEL_07,7,Challax,0x0014F3C8,0x0014F934,0x09289634,internal_text,0x0008C30C,0x091C600C,0x0008C30C,0x0008C30C,WF-016
LEVEL_07,7,Challax,0x0014F3C8,0x0014F97C,0x0928967C,internal_text,0x0000E35C,0x0914805C,0x0000E35C,0x0000E35C,WF-016
LEVEL_07,7,Challax,0x0014F3C8,0x0014FAD4,0x092897D4,internal_text,0x0006EC74,0x091A8974,0x0006EC74,0x0006EC74,WF-016
LEVEL_07,7,Challax,0x0014F3C8,0x0014FB60,0x09289860,internal_text,0x0008C30C,0x091C600C,0x0008C30C,0x0008C30C,WF-016
LEVEL_07,7,Challax,0x0014F3C8,0x0014FB9C,0x0928989C,internal_text,0x0008C1BC,0x091C5EBC,0x0008C1BC,0x0008C1BC,WF-016
LEVEL_07,7,Challax,0x0014F3C8,0x0014FBD8,0x092898D8,internal_text,0x0008C30C,0x091C600C,0x0008C30C,0x0008C30C,WF-016
LEVEL_07,7,Challax,0x0015DAE8,0x0015DBD0,0x092978D0,internal_text,0x0006EC74,0x091A8974,0x0006EC74,0x0006EC74,WF-052
LEVEL_07,7,Challax,0x0015DAE8,0x0015DC84,0x09297984,internal_text,0x0008C26C,0x091C5F6C,0x0008C26C,0x0008C26C,WF-052
LEVEL_07,7,Challax,0x0015DAE8,0x0015DD78,0x09297A78,internal_text,0x0008C4E0,0x091C61E0,0x0008C4E0,0x0008C4E0,WF-052
LEVEL_07,7,Challax,0x0015DAE8,0x0015DE84,0x09297B84,internal_text,0x000E98C4,0x092235C4,0x000E98C4,0x000E98C4,WF-052
LEVEL_07,7,Challax,0x0015DAE8,0x0015DED8,0x09297BD8,internal_text,0x0015DA60,0x09297760,0x0015DA60,0x0015DA60,WF-052
LEVEL_07,7,Challax,0x0015DAE8,0x0015DEFC,0x09297BFC,internal_text,0x0015DA60,0x09297760,0x0015DA60,0x0015DA60,WF-052
LEVEL_07,7,Challax,0x0015DAE8,0x0015DF50,0x09297C50,internal_text,0x0006DEF8,0x091A7BF8,0x0006DEF8,0x0006DEF8,WF-052
LEVEL_07,7,Challax,0x0015DAE8,0x0015DFFC,0x09297CFC,internal_text,0x001BDB88,0x092F7888,0x001BDB88,0x001BDB88,WF-052
LEVEL_07,7,Challax,0x0015DAE8,0x0015E06C,0x09297D6C,internal_text,0x001BDB88,0x092F7888,0x001BDB88,0x001BDB88,WF-052
LEVEL_07,7,Challax,0x0015DAE8,0x0015E0F4,0x09297DF4,internal_text,0x001BDB88,0x092F7888,0x001BDB88,0x001BDB88,WF-052
LEVEL_07,7,Challax,0x0015DAE8,0x0015E164,0x09297E64,internal_text,0x001BDB88,0x092F7888,0x001BDB88,0x001BDB88,WF-052
LEVEL_07,7,Challax,0x0015DAE8,0x0015E198,0x09297E98,internal_text,0x000F76D8,0x092313D8,0x000F76D8,0x000F76D8,WF-052
LEVEL_07,7,Challax,0x0015DAE8,0x0015E1D8,0x09297ED8,internal_text,0x001BDB88,0x092F7888,0x001BDB88,0x001BDB88,WF-052
LEVEL_07,7,Challax,0x0015DAE8,0x0015E218,0x09297F18,internal_text,0x001BDB88,0x092F7888,0x001BDB88,0x001BDB88,WF-052
LEVEL_07,7,Challax,0x0015DAE8,0x0015E244,0x09297F44,internal_text,0x001BDB88,0x092F7888,0x001BDB88,0x001BDB88,WF-052
LEVEL_07,7,Challax,0x0015DAE8,0x0015E270,0x09297F70,internal_text,0x001BDB88,0x092F7888,0x001BDB88,0x001BDB88,WF-052
LEVEL_07,7,Challax,0x0015DAE8,0x0015E29C,0x09297F9C,internal_text,0x001BDB88,0x092F7888,0x001BDB88,0x001BDB88,WF-052
LEVEL_07,7,Challax,0x0015DAE8,0x0015E320,0x09298020,internal_text,0x000CB4DC,0x092051DC,0x000CB4DC,0x000CB4DC,WF-052
LEVEL_07,7,Challax,0x0015DAE8,0x0015E3F0,0x092980F0,internal_text,0x0006EC74,0x091A8974,0x0006EC74,0x0006EC74,WF-052
LEVEL_07,7,Challax,0x0015DAE8,0x0015E4A4,0x092981A4,internal_text,0x0008C26C,0x091C5F6C,0x0008C26C,0x0008C26C,WF-052
LEVEL_07,7,Challax,0x0015DAE8,0x0015E58C,0x0929828C,internal_text,0x0006BDB8,0x091A5AB8,0x0006BDB8,MOBY_DestroyMoby,WF-052
LEVEL_07,7,Challax,0x0015DAE8,0x0015E5DC,0x092982DC,internal_text,0x0000E35C,0x0914805C,0x0000E35C,0x0000E35C,WF-052
LEVEL_07,7,Challax,0x0015DAE8,0x0015E66C,0x0929836C,internal_text,0x000F6DC8,0x09230AC8,0x000F6DC8,0x000F6DC8,WF-052
LEVEL_07,7,Challax,0x0015DAE8,0x0015E67C,0x0929837C,internal_text,0x000FA718,0x09234418,0x000FA718,0x000FA718,WF-052
LEVEL_07,7,Challax,0x00160EB4,0x00160F20,0x0929AC20,internal_text,0x000735F0,0x091AD2F0,0x000735F0,0x000735F0,WF-049
LEVEL_07,7,Challax,0x00160EB4,0x00160F48,0x0929AC48,internal_text,0x0006BDB8,0x091A5AB8,0x0006BDB8,MOBY_DestroyMoby,WF-049
LEVEL_07,7,Challax,0x00160EB4,0x00160F6C,0x0929AC6C,internal_text,0x0006BDB8,0x091A5AB8,0x0006BDB8,MOBY_DestroyMoby,WF-049
LEVEL_07,7,Challax,0x00160EB4,0x00160F78,0x0929AC78,internal_text,0x0006BDB8,0x091A5AB8,0x0006BDB8,MOBY_DestroyMoby,WF-049
LEVEL_07,7,Challax,0x00160EB4,0x00160F98,0x0929AC98,internal_text,0x0006BDB8,0x091A5AB8,0x0006BDB8,MOBY_DestroyMoby,WF-049
LEVEL_07,7,Challax,0x00160EB4,0x00161050,0x0929AD50,internal_text,0x0000E35C,0x0914805C,0x0000E35C,0x0000E35C,WF-049
LEVEL_07,7,Challax,0x00160EB4,0x00161168,0x0929AE68,internal_text,0x0006EC74,0x091A8974,0x0006EC74,0x0006EC74,WF-049
LEVEL_07,7,Challax,0x00160EB4,0x001611DC,0x0929AEDC,internal_text,0x0008C30C,0x091C600C,0x0008C30C,0x0008C30C,WF-049
LEVEL_07,7,Challax,0x00160EB4,0x00161210,0x0929AF10,internal_text,0x0008C1BC,0x091C5EBC,0x0008C1BC,0x0008C1BC,WF-049
LEVEL_07,7,Challax,0x00160EB4,0x00161228,0x0929AF28,internal_text,0x0008C30C,0x091C600C,0x0008C30C,0x0008C30C,WF-049
LEVEL_07,7,Challax,0x00160EB4,0x001612AC,0x0929AFAC,internal_text,0x0013BB40,0x09275840,0x0013BB40,0x0013BB40,WF-049
LEVEL_07,7,Challax,0x00160EB4,0x001612F8,0x0929AFF8,internal_text,0x00031D6C,0x0916BA6C,0x00031D6C,0x00031D6C,WF-049
LEVEL_07,7,Challax,0x0016FC30,0x0016FC70,0x092A9970,internal_text,0x0016EEBC,0x092A8BBC,0x0016EEBC,0x0016EEBC,WF-006
LEVEL_07,7,Challax,0x0016FC30,0x0016FC8C,0x092A998C,internal_text,0x0000E35C,0x0914805C,0x0000E35C,0x0000E35C,WF-006
LEVEL_07,7,Challax,0x0016FC30,0x0016FCD4,0x092A99D4,internal_text,0x001B65AC,0x092F02AC,0x001B65AC,0x001B65AC,WF-006
LEVEL_07,7,Challax,0x0016FC30,0x0016FD48,0x092A9A48,internal_text,0x0016F0D8,0x092A8DD8,0x0016F0D8,0x0016F0D8,WF-006
LEVEL_07,7,Challax,0x0016FC30,0x0016FDA8,0x092A9AA8,internal_text,0x0001A044,0x09153D44,0x0001A044,0x0001A044,WF-006
LEVEL_07,7,Challax,0x0016FC30,0x0016FE20,0x092A9B20,internal_text,0x0016EEBC,0x092A8BBC,0x0016EEBC,0x0016EEBC,WF-006
LEVEL_07,7,Challax,0x0016FC30,0x0016FE54,0x092A9B54,internal_text,0x000F6DC8,0x09230AC8,0x000F6DC8,0x000F6DC8,WF-006
LEVEL_07,7,Challax,0x0016FC30,0x0016FE64,0x092A9B64,internal_text,0x000FA718,0x09234418,0x000FA718,0x000FA718,WF-006
LEVEL_07,7,Challax,0x0016FC30,0x0016FEE0,0x092A9BE0,internal_text,0x0016F0D8,0x092A8DD8,0x0016F0D8,0x0016F0D8,WF-006
LEVEL_07,7,Challax,0x0016FC30,0x0016FF40,0x092A9C40,internal_text,0x0001A044,0x09153D44,0x0001A044,0x0001A044,WF-006
LEVEL_07,7,Challax,0x00192ECC,0x00192F18,0x092CCC18,internal_text,0x00022B40,0x0915C840,0x00022B40,0x00022B40,WF-019
LEVEL_07,7,Challax,0x00192ECC,0x00192F28,0x092CCC28,internal_text,0x00192B80,0x092CC880,0x00192B80,0x00192B80,WF-019
LEVEL_07,7,Challax,0x00192ECC,0x00192F58,0x092CCC58,internal_text,0x000735F0,0x091AD2F0,0x000735F0,0x000735F0,WF-019
LEVEL_07,7,Challax,0x00192ECC,0x00192F88,0x092CCC88,internal_text,0x0014D504,0x09287204,0x0014D504,0x0014D504,WF-019
LEVEL_07,7,Challax,0x00192ECC,0x00192F98,0x092CCC98,internal_text,0x00192DAC,0x092CCAAC,0x00192DAC,0x00192DAC,WF-019
LEVEL_07,7,Challax,0x00192ECC,0x00192FDC,0x092CCCDC,internal_text,0x0000E35C,0x0914805C,0x0000E35C,0x0000E35C,WF-019
LEVEL_07,7,Challax,0x00192ECC,0x00193080,0x092CCD80,internal_text,0x0006BDB8,0x091A5AB8,0x0006BDB8,MOBY_DestroyMoby,WF-019
LEVEL_07,7,Challax,0x00192ECC,0x00193090,0x092CCD90,internal_text,0x00022A98,0x0915C798,0x00022A98,0x00022A98,WF-019
LEVEL_07,7,Challax,0x00192ECC,0x00193130,0x092CCE30,internal_text,0x0006EC74,0x091A8974,0x0006EC74,0x0006EC74,WF-019
LEVEL_07,7,Challax,0x00192ECC,0x001931CC,0x092CCECC,internal_text,0x0008C26C,0x091C5F6C,0x0008C26C,0x0008C26C,WF-019
LEVEL_07,7,Challax,0x00192ECC,0x0019325C,0x092CCF5C,internal_text,0x0000E35C,0x0914805C,0x0000E35C,0x0000E35C,WF-019
LEVEL_07,7,Challax,0x00192ECC,0x001932A0,0x092CCFA0,internal_text,0x00192DAC,0x092CCAAC,0x00192DAC,0x00192DAC,WF-019
LEVEL_07,7,Challax,0x00192ECC,0x001932F8,0x092CCFF8,internal_text,0x00022B0C,0x0915C80C,0x00022B0C,0x00022B0C,WF-019
LEVEL_07,7,Challax,0x00192ECC,0x0019338C,0x092CD08C,internal_text,0x0006EC74,0x091A8974,0x0006EC74,0x0006EC74,WF-019
LEVEL_07,7,Challax,0x00192ECC,0x00193428,0x092CD128,internal_text,0x0008C26C,0x091C5F6C,0x0008C26C,0x0008C26C,WF-019
LEVEL_07,7,Challax,0x00192ECC,0x00193484,0x092CD184,internal_text,0x000735F0,0x091AD2F0,0x000735F0,0x000735F0,WF-019
LEVEL_07,7,Challax,0x00192ECC,0x00193494,0x092CD194,internal_text,0x000025E8,0x0913C2E8,0x000025E8,0x000025E8,WF-019
LEVEL_07,7,Challax,0x00192ECC,0x001934A0,0x092CD1A0,internal_text,0x000735F0,0x091AD2F0,0x000735F0,0x000735F0,WF-019
LEVEL_07,7,Challax,0x00192ECC,0x00193500,0x092CD200,internal_text,0x0006DEF8,0x091A7BF8,0x0006DEF8,0x0006DEF8,WF-019
LEVEL_07,7,Challax,0x00192ECC,0x0019351C,0x092CD21C,internal_text,0x00022B0C,0x0915C80C,0x00022B0C,0x00022B0C,WF-019
LEVEL_07,7,Challax,0x0019B740,0x0019B7F8,0x092D54F8,internal_text,0x0000E35C,0x0914805C,0x0000E35C,0x0000E35C,WF-012
LEVEL_07,7,Challax,0x0019B740,0x0019B808,0x092D5508,internal_text,0x000F7414,0x09231114,0x000F7414,0x000F7414,WF-012
LEVEL_07,7,Challax,0x0019B740,0x0019B880,0x092D5580,internal_text,0x0019B9E0,0x092D56E0,0x0019B9E0,0x0019B9E0,WF-012
LEVEL_07,7,Challax,0x0019B740,0x0019B8AC,0x092D55AC,internal_text,0x0019BC28,0x092D5928,0x0019BC28,0x0019BC28,WF-012
LEVEL_07,7,Challax,0x0019B740,0x0019B8D4,0x092D55D4,internal_text,0x0019C2B8,0x092D5FB8,0x0019C2B8,0x0019C2B8,WF-012
LEVEL_07,7,Challax,0x0019B740,0x0019B900,0x092D5600,internal_text,0x0019CADC,0x092D67DC,0x0019CADC,0x0019CADC,WF-012
LEVEL_07,7,Challax,0x0019BE94,0x0019BEE4,0x092D5BE4,internal_text,0x0000E35C,0x0914805C,0x0000E35C,0x0000E35C,WF-011
LEVEL_07,7,Challax,0x0019BE94,0x0019BF00,0x092D5C00,internal_text,0x0000E35C,0x0914805C,0x0000E35C,0x0000E35C,WF-011
LEVEL_07,7,Challax,0x0019BE94,0x0019BF34,0x092D5C34,internal_text,0x001B65AC,0x092F02AC,0x001B65AC,0x001B65AC,WF-011
LEVEL_07,7,Challax,0x0019BE94,0x0019BF68,0x092D5C68,internal_text,0x000F7414,0x09231114,0x000F7414,0x000F7414,WF-011
LEVEL_08,8,Dayni Moon,0x0000E550,0x0000E584,0x09148284,internal_text,0x0000E3B8,0x091480B8,0x0000E3B8,0x0000E3B8,WF-005
LEVEL_08,8,Dayni Moon,0x0000E550,0x0000E5A0,0x091482A0,internal_text,0x0000E3B8,0x091480B8,0x0000E3B8,0x0000E3B8,WF-005
LEVEL_08,8,Dayni Moon,0x0000E550,0x0000E5BC,0x091482BC,internal_text,0x0000E3B8,0x091480B8,0x0000E3B8,0x0000E3B8,WF-005
LEVEL_08,8,Dayni Moon,0x0000E5E0,0x0000E614,0x09148314,internal_text,0x0000E3B8,0x091480B8,0x0000E3B8,0x0000E3B8,WF-018
LEVEL_08,8,Dayni Moon,0x0000E5E0,0x0000E630,0x09148330,internal_text,0x0000E3B8,0x091480B8,0x0000E3B8,0x0000E3B8,WF-018
LEVEL_08,8,Dayni Moon,0x0000E838,0x0000E874,0x09148574,internal_text,0x0000E3B8,0x091480B8,0x0000E3B8,0x0000E3B8,WF-013
LEVEL_08,8,Dayni Moon,0x0000E838,0x0000E898,0x09148598,internal_text,0x0000E3B8,0x091480B8,0x0000E3B8,0x0000E3B8,WF-013
LEVEL_08,8,Dayni Moon,0x0000E838,0x0000E8D4,0x091485D4,internal_text,0x001E428C,0x0931DF8C,0x001E428C,0x001E428C,WF-013
LEVEL_08,8,Dayni Moon,0x0000E934,0x0000E9EC,0x091486EC,internal_text,0x00100E6C,0x0923AB6C,0x00100E6C,0x00100E6C,WF-020
LEVEL_08,8,Dayni Moon,0x0000E934,0x0000EA14,0x09148714,internal_text,0x0000E3B8,0x091480B8,0x0000E3B8,0x0000E3B8,WF-020
LEVEL_08,8,Dayni Moon,0x0000E934,0x0000EA34,0x09148734,internal_text,0x0000E3B8,0x091480B8,0x0000E3B8,0x0000E3B8,WF-020
LEVEL_08,8,Dayni Moon,0x0000E934,0x0000EA70,0x09148770,internal_text,0x001E428C,0x0931DF8C,0x001E428C,0x001E428C,WF-020
LEVEL_08,8,Dayni Moon,0x00011138,0x00011230,0x0914AF30,internal_text,0x0000F8B8,0x091495B8,0x0000F8B8,0x0000F8B8,WF-015
LEVEL_08,8,Dayni Moon,0x00011138,0x00011268,0x0914AF68,internal_text,0x0000E550,0x09148250,0x0000E550,0x0000E550,WF-015
LEVEL_08,8,Dayni Moon,0x00011138,0x000113D4,0x0914B0D4,internal_text,0x0000E3B8,0x091480B8,0x0000E3B8,0x0000E3B8,WF-015
LEVEL_08,8,Dayni Moon,0x00011138,0x000113E8,0x0914B0E8,internal_text,0x00100EBC,0x0923ABBC,0x00100EBC,0x00100EBC,WF-015
LEVEL_08,8,Dayni Moon,0x0002932C,0x000293E0,0x091630E0,internal_text,0x001F3904,0x0932D604,0x001F3904,0x001F3904,WF-014
LEVEL_08,8,Dayni Moon,0x0002932C,0x00029418,0x09163118,internal_text,0x0000E3B8,0x091480B8,0x0000E3B8,0x0000E3B8,WF-014
LEVEL_08,8,Dayni Moon,0x0002932C,0x0002943C,0x0916313C,internal_text,0x0000E3B8,0x091480B8,0x0000E3B8,0x0000E3B8,WF-014
LEVEL_08,8,Dayni Moon,0x0002932C,0x00029460,0x09163160,internal_text,0x0000E3B8,0x091480B8,0x0000E3B8,0x0000E3B8,WF-014
LEVEL_08,8,Dayni Moon,0x00029A44,0x00029A80,0x09163780,internal_text,0x0000E3B8,0x091480B8,0x0000E3B8,0x0000E3B8,WF-021
LEVEL_08,8,Dayni Moon,0x00029A44,0x00029A98,0x09163798,internal_text,0x00029ABC,0x091637BC,0x00029ABC,0x00029ABC,WF-021
LEVEL_08,8,Dayni Moon,0x0002BBB4,0x0002BC64,0x09165964,internal_text,0x001F3904,0x0932D604,0x001F3904,0x001F3904,WF-017
LEVEL_08,8,Dayni Moon,0x0002BBB4,0x0002BCA4,0x091659A4,internal_text,0x0000E3B8,0x091480B8,0x0000E3B8,0x0000E3B8,WF-017
LEVEL_08,8,Dayni Moon,0x0002BBB4,0x0002BCC8,0x091659C8,internal_text,0x0000E3B8,0x091480B8,0x0000E3B8,0x0000E3B8,WF-017
LEVEL_08,8,Dayni Moon,0x0002BBB4,0x0002BCEC,0x091659EC,internal_text,0x0000E3B8,0x091480B8,0x0000E3B8,0x0000E3B8,WF-017
LEVEL_08,8,Dayni Moon,0x0002BBB4,0x0002BD4C,0x09165A4C,internal_text,0x001E428C,0x0931DF8C,0x001E428C,0x001E428C,WF-017
LEVEL_08,8,Dayni Moon,0x0002BBB4,0x0002BD60,0x09165A60,internal_text,0x001E428C,0x0931DF8C,0x001E428C,0x001E428C,WF-017
LEVEL_08,8,Dayni Moon,0x0002BBB4,0x0002BE24,0x09165B24,internal_text,0x0002B5D8,0x091652D8,0x0002B5D8,0x0002B5D8,WF-017
LEVEL_08,8,Dayni Moon,0x0002BBB4,0x0002BEC4,0x09165BC4,internal_text,0x0002B5D8,0x091652D8,0x0002B5D8,0x0002B5D8,WF-017
LEVEL_08,8,Dayni Moon,0x0002BBB4,0x0002BF18,0x09165C18,internal_text,0x0002B928,0x09165628,0x0002B928,0x0002B928,WF-017
LEVEL_08,8,Dayni Moon,0x0002BBB4,0x0002BF30,0x09165C30,internal_text,0x0000EF84,0x09148C84,0x0000EF84,0x0000EF84,WF-017
LEVEL_08,8,Dayni Moon,0x0002BBB4,0x0002C000,0x09165D00,internal_text,0x0002D94C,0x0916764C,0x0002D94C,NavUtil_AvoidTriggers,WF-017
LEVEL_08,8,Dayni Moon,0x0002BBB4,0x0002C014,0x09165D14,internal_text,0x0002B928,0x09165628,0x0002B928,0x0002B928,WF-017
LEVEL_08,8,Dayni Moon,0x0002BBB4,0x0002C02C,0x09165D2C,internal_text,0x0000E838,0x09148538,0x0000E838,0x0000E838,WF-017
LEVEL_08,8,Dayni Moon,0x0002BBB4,0x0002C044,0x09165D44,internal_text,0x0000EF84,0x09148C84,0x0000EF84,0x0000EF84,WF-017
LEVEL_08,8,Dayni Moon,0x0002CC70,0x0002CCC0,0x091669C0,internal_text,0x0000E3B8,0x091480B8,0x0000E3B8,0x0000E3B8,WF-022
LEVEL_08,8,Dayni Moon,0x0002CC70,0x0002CD60,0x09166A60,internal_text,0x001E428C,0x0931DF8C,0x001E428C,0x001E428C,WF-022
LEVEL_08,8,Dayni Moon,0x0002CC70,0x0002CD74,0x09166A74,internal_text,0x001E428C,0x0931DF8C,0x001E428C,0x001E428C,WF-022
LEVEL_08,8,Dayni Moon,0x0002CC70,0x0002CD98,0x09166A98,internal_text,0x0002C754,0x09166454,0x0002C754,0x0002C754,WF-022
LEVEL_08,8,Dayni Moon,0x0002CC70,0x0002CE60,0x09166B60,internal_text,0x0002D290,0x09166F90,0x0002D290,0x0002D290,WF-022
LEVEL_08,8,Dayni Moon,0x0002CC70,0x0002CF0C,0x09166C0C,internal_text,0x0002D290,0x09166F90,0x0002D290,0x0002D290,WF-022
LEVEL_08,8,Dayni Moon,0x0002CC70,0x0002CFE8,0x09166CE8,internal_text,0x0002D290,0x09166F90,0x0002D290,0x0002D290,WF-022
LEVEL_08,8,Dayni Moon,0x0002CC70,0x0002D0BC,0x09166DBC,internal_text,0x0002D290,0x09166F90,0x0002D290,0x0002D290,WF-022
LEVEL_08,8,Dayni Moon,0x0002CC70,0x0002D10C,0x09166E0C,internal_text,0x0002C8F8,0x091665F8,0x0002C8F8,0x0002C8F8,WF-022
LEVEL_08,8,Dayni Moon,0x0002CC70,0x0002D12C,0x09166E2C,internal_text,0x0000F130,0x09148E30,0x0000F130,0x0000F130,WF-022
LEVEL_08,8,Dayni Moon,0x0002CC70,0x0002D188,0x09166E88,internal_text,0x0002C7CC,0x091664CC,0x0002C7CC,0x0002C7CC,WF-022
LEVEL_08,8,Dayni Moon,0x0002CC70,0x0002D200,0x09166F00,internal_text,0x0002D94C,0x0916764C,0x0002D94C,NavUtil_AvoidTriggers,WF-022
LEVEL_08,8,Dayni Moon,0x0002CC70,0x0002D218,0x09166F18,internal_text,0x0000E934,0x09148634,0x0000E934,0x0000E934,WF-022
LEVEL_08,8,Dayni Moon,0x0002CC70,0x0002D238,0x09166F38,internal_text,0x0000F130,0x09148E30,0x0000F130,0x0000F130,WF-022
LEVEL_08,8,Dayni Moon,0x0002E998,0x0002E9C8,0x091686C8,internal_text,0x0000E3B8,0x091480B8,0x0000E3B8,0x0000E3B8,WF-029
LEVEL_08,8,Dayni Moon,0x0002E998,0x0002E9E4,0x091686E4,internal_text,0x00100D7C,0x0923AA7C,0x00100D7C,0x00100D7C,WF-029
LEVEL_08,8,Dayni Moon,0x0002E998,0x0002E9F4,0x091686F4,internal_text,0x00104A24,0x0923E724,0x00104A24,0x00104A24,WF-029
LEVEL_08,8,Dayni Moon,0x00030ABC,0x00030B28,0x0916A828,internal_text,0x0000E3B8,0x091480B8,0x0000E3B8,0x0000E3B8,WF-023
LEVEL_08,8,Dayni Moon,0x00030ABC,0x00030B3C,0x0916A83C,internal_text,0x00100D54,0x0923AA54,0x00100D54,0x00100D54,WF-023
LEVEL_08,8,Dayni Moon,0x00030ABC,0x00030B4C,0x0916A84C,internal_text,0x00104A24,0x0923E724,0x00104A24,0x00104A24,WF-023
LEVEL_08,8,Dayni Moon,0x00030ABC,0x00030CC0,0x0916A9C0,internal_text,0x0000E3B8,0x091480B8,0x0000E3B8,0x0000E3B8,WF-023
LEVEL_08,8,Dayni Moon,0x00030ABC,0x00030CD4,0x0916A9D4,internal_text,0x00100D54,0x0923AA54,0x00100D54,0x00100D54,WF-023
LEVEL_08,8,Dayni Moon,0x00030ABC,0x00030CE4,0x0916A9E4,internal_text,0x00104A24,0x0923E724,0x00104A24,0x00104A24,WF-023
LEVEL_08,8,Dayni Moon,0x0004EFB8,0x0004F0E0,0x09188DE0,internal_text,0x00100768,0x0923A468,0x00100768,0x00100768,WF-002
LEVEL_08,8,Dayni Moon,0x0004EFB8,0x0004F0EC,0x09188DEC,internal_text,0x001E33BC,0x0931D0BC,0x001E33BC,0x001E33BC,WF-002
LEVEL_08,8,Dayni Moon,0x0004EFB8,0x0004F218,0x09188F18,internal_text,0x0000E3B8,0x091480B8,0x0000E3B8,0x0000E3B8,WF-002
LEVEL_08,8,Dayni Moon,0x0004EFB8,0x0004F240,0x09188F40,internal_text,0x0000E438,0x09148138,0x0000E438,0x0000E438,WF-002
LEVEL_08,8,Dayni Moon,0x0004EFB8,0x0004F254,0x09188F54,internal_text,0x00101BD0,0x0923B8D0,0x00101BD0,0x00101BD0,WF-002
LEVEL_08,8,Dayni Moon,0x0004EFB8,0x0004F314,0x09189014,internal_text,0x001E33BC,0x0931D0BC,0x001E33BC,0x001E33BC,WF-002
LEVEL_08,8,Dayni Moon,0x0004F350,0x0004F4A4,0x091891A4,internal_text,0x00037C58,0x09171958,0x00037C58,0x00037C58,WF-001
LEVEL_08,8,Dayni Moon,0x0004F350,0x0004F550,0x09189250,internal_text,0x0004EFB8,0x09188CB8,0x0004EFB8,0x0004EFB8,WF-001
LEVEL_08,8,Dayni Moon,0x0004F350,0x0004F560,0x09189260,internal_text,0x0004E1C4,0x09187EC4,0x0004E1C4,0x0004E1C4,WF-001
LEVEL_08,8,Dayni Moon,0x0004F350,0x0004F568,0x09189268,internal_text,0x0004E814,0x09188514,0x0004E814,0x0004E814,WF-001
LEVEL_08,8,Dayni Moon,0x0004F350,0x0004F570,0x09189270,internal_text,0x0004E724,0x09188424,0x0004E724,0x0004E724,WF-001
LEVEL_08,8,Dayni Moon,0x0004F350,0x0004F5B4,0x091892B4,internal_text,0x00037C58,0x09171958,0x00037C58,0x00037C58,WF-001
LEVEL_08,8,Dayni Moon,0x0004F350,0x0004F664,0x09189364,internal_text,0x0004E1C4,0x09187EC4,0x0004E1C4,0x0004E1C4,WF-001
LEVEL_08,8,Dayni Moon,0x0004F350,0x0004F66C,0x0918936C,internal_text,0x0004E814,0x09188514,0x0004E814,0x0004E814,WF-001
LEVEL_08,8,Dayni Moon,0x0004F350,0x0004F678,0x09189378,internal_text,0x0004EFB8,0x09188CB8,0x0004EFB8,0x0004EFB8,WF-001
LEVEL_08,8,Dayni Moon,0x0004F350,0x0004F688,0x09189388,internal_text,0x0004E2F0,0x09187FF0,0x0004E2F0,0x0004E2F0,WF-001
LEVEL_08,8,Dayni Moon,0x0004F350,0x0004F690,0x09189390,internal_text,0x0004E724,0x09188424,0x0004E724,0x0004E724,WF-001
LEVEL_08,8,Dayni Moon,0x0004F350,0x0004F748,0x09189448,internal_text,0x0003AEE0,0x09174BE0,0x0003AEE0,0x0003AEE0,WF-001
LEVEL_08,8,Dayni Moon,0x0004F350,0x0004F774,0x09189474,internal_text,0x00046FBC,0x09180CBC,0x00046FBC,0x00046FBC,WF-001
LEVEL_08,8,Dayni Moon,0x0004F350,0x0004F794,0x09189494,internal_text,0x00072238,0x091ABF38,0x00072238,0x00072238,WF-001
LEVEL_08,8,Dayni Moon,0x0004F350,0x0004F7E0,0x091894E0,internal_text,0x0007270C,0x091AC40C,0x0007270C,0x0007270C,WF-001
LEVEL_08,8,Dayni Moon,0x0004F350,0x0004F7F8,0x091894F8,internal_text,0x0007DE30,0x091B7B30,0x0007DE30,0x0007DE30,WF-001
LEVEL_08,8,Dayni Moon,0x0004F350,0x0004F810,0x09189510,internal_text,0x000722F4,0x091ABFF4,0x000722F4,MOBY_SnapMobyAnim,WF-001
LEVEL_08,8,Dayni Moon,0x0004F350,0x0004F89C,0x0918959C,internal_text,0x0004EFB8,0x09188CB8,0x0004EFB8,0x0004EFB8,WF-001
LEVEL_08,8,Dayni Moon,0x0004F350,0x0004F8F4,0x091895F4,internal_text,0x0000E3B8,0x091480B8,0x0000E3B8,0x0000E3B8,WF-001
LEVEL_08,8,Dayni Moon,0x0004F350,0x0004F928,0x09189628,internal_text,0x0000E3B8,0x091480B8,0x0000E3B8,0x0000E3B8,WF-001
LEVEL_08,8,Dayni Moon,0x0004F350,0x0004F938,0x09189638,internal_text,0x0004E2F0,0x09187FF0,0x0004E2F0,0x0004E2F0,WF-001
LEVEL_08,8,Dayni Moon,0x0004F350,0x0004F940,0x09189640,internal_text,0x0004E724,0x09188424,0x0004E724,0x0004E724,WF-001
LEVEL_08,8,Dayni Moon,0x0004F350,0x0004F94C,0x0918964C,internal_text,0x0003AF30,0x09174C30,0x0003AF30,0x0003AF30,WF-001
LEVEL_08,8,Dayni Moon,0x0004F350,0x0004F994,0x09189694,internal_text,0x0003AF30,0x09174C30,0x0003AF30,0x0003AF30,WF-001
LEVEL_08,8,Dayni Moon,0x0004F350,0x0004F9C4,0x091896C4,internal_text,0x0003AEE0,0x09174BE0,0x0003AEE0,0x0003AEE0,WF-001
LEVEL_08,8,Dayni Moon,0x0004F350,0x0004F9DC,0x091896DC,internal_text,0x0004E9B0,0x091886B0,0x0004E9B0,0x0004E9B0,WF-001
LEVEL_08,8,Dayni Moon,0x0004F350,0x0004F9E4,0x091896E4,internal_text,0x0004E9F0,0x091886F0,0x0004E9F0,0x0004E9F0,WF-001
LEVEL_08,8,Dayni Moon,0x0004F350,0x0004F9F0,0x091896F0,internal_text,0x0004EFB8,0x09188CB8,0x0004EFB8,0x0004EFB8,WF-001
LEVEL_08,8,Dayni Moon,0x0004F350,0x0004FA00,0x09189700,internal_text,0x0004E2F0,0x09187FF0,0x0004E2F0,0x0004E2F0,WF-001
LEVEL_08,8,Dayni Moon,0x0004F350,0x0004FA0C,0x0918970C,internal_text,0x0003AF30,0x09174C30,0x0003AF30,0x0003AF30,WF-001
LEVEL_08,8,Dayni Moon,0x0004F350,0x0004FA34,0x09189734,internal_text,0x0004E9B0,0x091886B0,0x0004E9B0,0x0004E9B0,WF-001
LEVEL_08,8,Dayni Moon,0x0004F350,0x0004FA3C,0x0918973C,internal_text,0x0004E9F0,0x091886F0,0x0004E9F0,0x0004E9F0,WF-001
LEVEL_08,8,Dayni Moon,0x0004F350,0x0004FA48,0x09189748,internal_text,0x0004EFB8,0x09188CB8,0x0004EFB8,0x0004EFB8,WF-001
LEVEL_08,8,Dayni Moon,0x0004F350,0x0004FA58,0x09189758,internal_text,0x0004E2F0,0x09187FF0,0x0004E2F0,0x0004E2F0,WF-001
LEVEL_08,8,Dayni Moon,0x0004F350,0x0004FA60,0x09189760,internal_text,0x0004EA50,0x09188750,0x0004EA50,0x0004EA50,WF-001
LEVEL_08,8,Dayni Moon,0x0004F350,0x0004FAA4,0x091897A4,internal_text,0x0000E3B8,0x091480B8,0x0000E3B8,0x0000E3B8,WF-001
LEVEL_08,8,Dayni Moon,0x0004F350,0x0004FAB4,0x091897B4,internal_text,0x0004E2F0,0x09187FF0,0x0004E2F0,0x0004E2F0,WF-001
LEVEL_08,8,Dayni Moon,0x0004F350,0x0004FAEC,0x091897EC,internal_text,0x0003AF30,0x09174C30,0x0003AF30,0x0003AF30,WF-001
LEVEL_08,8,Dayni Moon,0x0004F350,0x0004FB1C,0x0918981C,internal_text,0x0004E724,0x09188424,0x0004E724,0x0004E724,WF-001
LEVEL_08,8,Dayni Moon,0x0004F350,0x0004FB24,0x09189824,internal_text,0x00072238,0x091ABF38,0x00072238,0x00072238,WF-001
LEVEL_08,8,Dayni Moon,0x0004F350,0x0004FB34,0x09189834,internal_text,0x0007DE30,0x091B7B30,0x0007DE30,0x0007DE30,WF-001
LEVEL_08,8,Dayni Moon,0x0004F350,0x0004FBCC,0x091898CC,internal_text,0x0004DE78,0x09187B78,0x0004DE78,0x0004DE78,WF-001
LEVEL_08,8,Dayni Moon,0x0004F350,0x0004FBD8,0x091898D8,internal_text,0x0003AF30,0x09174C30,0x0003AF30,0x0003AF30,WF-001
LEVEL_08,8,Dayni Moon,0x0004F350,0x0004FC04,0x09189904,internal_text,0x0004DE78,0x09187B78,0x0004DE78,0x0004DE78,WF-001
LEVEL_08,8,Dayni Moon,0x0004F350,0x0004FC24,0x09189924,internal_text,0x00061014,0x0919AD14,0x00061014,0x00061014,WF-001
LEVEL_08,8,Dayni Moon,0x0004F350,0x0004FC38,0x09189938,internal_text,0x00061014,0x0919AD14,0x00061014,0x00061014,WF-001
LEVEL_08,8,Dayni Moon,0x0004F350,0x0004FC40,0x09189940,internal_text,0x00061198,0x0919AE98,0x00061198,0x00061198,WF-001
LEVEL_08,8,Dayni Moon,0x0004F350,0x0004FC58,0x09189958,internal_text,0x00061670,0x0919B370,0x00061670,0x00061670,WF-001
LEVEL_08,8,Dayni Moon,0x0004F350,0x0004FCA8,0x091899A8,internal_text,0x00161ED4,0x0929BBD4,0x00161ED4,0x00161ED4,WF-001
LEVEL_08,8,Dayni Moon,0x0004F350,0x0004FCC4,0x091899C4,internal_text,0x000611E4,0x0919AEE4,0x000611E4,0x000611E4,WF-001
LEVEL_08,8,Dayni Moon,0x0004F350,0x0004FCFC,0x091899FC,internal_text,0x0004EFB8,0x09188CB8,0x0004EFB8,0x0004EFB8,WF-001
LEVEL_08,8,Dayni Moon,0x0004F350,0x0004FD04,0x09189A04,internal_text,0x0004E724,0x09188424,0x0004E724,0x0004E724,WF-001
LEVEL_08,8,Dayni Moon,0x000532F0,0x000533C0,0x0918D0C0,internal_text,0x00051B68,0x0918B868,0x00051B68,0x00051B68,WF-003
LEVEL_08,8,Dayni Moon,0x000532F0,0x00053494,0x0918D194,internal_text,0x00051D38,0x0918BA38,0x00051D38,0x00051D38,WF-003
LEVEL_08,8,Dayni Moon,0x000532F0,0x000534F4,0x0918D1F4,internal_text,0x00051948,0x0918B648,0x00051948,0x00051948,WF-003
LEVEL_08,8,Dayni Moon,0x000532F0,0x00053528,0x0918D228,internal_text,0x00050040,0x09189D40,0x00050040,0x00050040,WF-003
LEVEL_08,8,Dayni Moon,0x000532F0,0x00053550,0x0918D250,internal_text,0x0000E2EC,0x09147FEC,0x0000E2EC,0x0000E2EC,WF-003
LEVEL_08,8,Dayni Moon,0x000532F0,0x0005356C,0x0918D26C,internal_text,0x0000E2EC,0x09147FEC,0x0000E2EC,0x0000E2EC,WF-003
LEVEL_08,8,Dayni Moon,0x000532F0,0x00053588,0x0918D288,internal_text,0x0000E2EC,0x09147FEC,0x0000E2EC,0x0000E2EC,WF-003
LEVEL_08,8,Dayni Moon,0x000532F0,0x000535B0,0x0918D2B0,internal_text,0x0000E350,0x09148050,0x0000E350,0x0000E350,WF-003
LEVEL_08,8,Dayni Moon,0x000532F0,0x000535CC,0x0918D2CC,internal_text,0x0000E350,0x09148050,0x0000E350,0x0000E350,WF-003
LEVEL_08,8,Dayni Moon,0x000532F0,0x000535E8,0x0918D2E8,internal_text,0x0000E350,0x09148050,0x0000E350,0x0000E350,WF-003
LEVEL_08,8,Dayni Moon,0x000532F0,0x00053664,0x0918D364,internal_text,0x00102BD0,0x0923C8D0,0x00102BD0,0x00102BD0,WF-003
LEVEL_08,8,Dayni Moon,0x000532F0,0x0005368C,0x0918D38C,internal_text,0x0003AF30,0x09174C30,0x0003AF30,0x0003AF30,WF-003
LEVEL_08,8,Dayni Moon,0x000532F0,0x000536EC,0x0918D3EC,internal_text,0x0003AEE0,0x09174BE0,0x0003AEE0,0x0003AEE0,WF-003
LEVEL_08,8,Dayni Moon,0x000532F0,0x00053704,0x0918D404,internal_text,0x00050FDC,0x0918ACDC,0x00050FDC,0x00050FDC,WF-003
LEVEL_08,8,Dayni Moon,0x000532F0,0x0005372C,0x0918D42C,internal_text,0x0003AFAC,0x09174CAC,0x0003AFAC,0x0003AFAC,WF-003
LEVEL_08,8,Dayni Moon,0x000532F0,0x0005374C,0x0918D44C,internal_text,0x0004FD2C,0x09189A2C,0x0004FD2C,0x0004FD2C,WF-003
LEVEL_08,8,Dayni Moon,0x000532F0,0x00053774,0x0918D474,internal_text,0x00159208,0x09292F08,0x00159208,0x00159208,WF-003
LEVEL_08,8,Dayni Moon,0x000532F0,0x00053784,0x0918D484,internal_text,0x00159290,0x09292F90,0x00159290,0x00159290,WF-003
LEVEL_08,8,Dayni Moon,0x000532F0,0x00053800,0x0918D500,internal_text,0x00159208,0x09292F08,0x00159208,0x00159208,WF-003
LEVEL_08,8,Dayni Moon,0x000532F0,0x00053830,0x0918D530,internal_text,0x0007258C,0x091AC28C,0x0007258C,MOBY_BlendMobyAnim,WF-003
LEVEL_08,8,Dayni Moon,0x000532F0,0x00053860,0x0918D560,internal_text,0x0000E2EC,0x09147FEC,0x0000E2EC,0x0000E2EC,WF-003
LEVEL_08,8,Dayni Moon,0x000532F0,0x0005387C,0x0918D57C,internal_text,0x0000E2EC,0x09147FEC,0x0000E2EC,0x0000E2EC,WF-003
LEVEL_08,8,Dayni Moon,0x000532F0,0x00053898,0x0918D598,internal_text,0x0000E2EC,0x09147FEC,0x0000E2EC,0x0000E2EC,WF-003
LEVEL_08,8,Dayni Moon,0x000532F0,0x000538C0,0x0918D5C0,internal_text,0x0000E350,0x09148050,0x0000E350,0x0000E350,WF-003
LEVEL_08,8,Dayni Moon,0x000532F0,0x000538DC,0x0918D5DC,internal_text,0x0000E350,0x09148050,0x0000E350,0x0000E350,WF-003
LEVEL_08,8,Dayni Moon,0x000532F0,0x000538F8,0x0918D5F8,internal_text,0x0000E350,0x09148050,0x0000E350,0x0000E350,WF-003
LEVEL_08,8,Dayni Moon,0x000532F0,0x00053974,0x0918D674,internal_text,0x00102BD0,0x0923C8D0,0x00102BD0,0x00102BD0,WF-003
LEVEL_08,8,Dayni Moon,0x000532F0,0x00053998,0x0918D698,internal_text,0x001E33BC,0x0931D0BC,0x001E33BC,0x001E33BC,WF-003
LEVEL_08,8,Dayni Moon,0x000532F0,0x000539BC,0x0918D6BC,internal_text,0x001E33BC,0x0931D0BC,0x001E33BC,0x001E33BC,WF-003
LEVEL_08,8,Dayni Moon,0x000532F0,0x000539E0,0x0918D6E0,internal_text,0x001E33BC,0x0931D0BC,0x001E33BC,0x001E33BC,WF-003
LEVEL_08,8,Dayni Moon,0x000532F0,0x00053A68,0x0918D768,internal_text,0x0003AEE0,0x09174BE0,0x0003AEE0,0x0003AEE0,WF-003
LEVEL_08,8,Dayni Moon,0x000532F0,0x00053AC0,0x0918D7C0,internal_text,0x0000E350,0x09148050,0x0000E350,0x0000E350,WF-003
LEVEL_08,8,Dayni Moon,0x000532F0,0x00053ADC,0x0918D7DC,internal_text,0x0000E350,0x09148050,0x0000E350,0x0000E350,WF-003
LEVEL_08,8,Dayni Moon,0x000532F0,0x00053AF8,0x0918D7F8,internal_text,0x0000E350,0x09148050,0x0000E350,0x0000E350,WF-003
LEVEL_08,8,Dayni Moon,0x000532F0,0x00053B74,0x0918D874,internal_text,0x00102BD0,0x0923C8D0,0x00102BD0,0x00102BD0,WF-003
LEVEL_08,8,Dayni Moon,0x000532F0,0x00053BA0,0x0918D8A0,internal_text,0x00039728,0x09173428,0x00039728,0x00039728,WF-003
LEVEL_08,8,Dayni Moon,0x000532F0,0x00053BA8,0x0918D8A8,internal_text,0x00039754,0x09173454,0x00039754,0x00039754,WF-003
LEVEL_08,8,Dayni Moon,0x000532F0,0x00053BB0,0x0918D8B0,internal_text,0x0004739C,0x0918109C,0x0004739C,0x0004739C,WF-003
LEVEL_08,8,Dayni Moon,0x000532F0,0x00053BCC,0x0918D8CC,internal_text,0x0000E3B8,0x091480B8,0x0000E3B8,0x0000E3B8,WF-003
LEVEL_08,8,Dayni Moon,0x000532F0,0x00053BDC,0x0918D8DC,internal_text,0x00038854,0x09172554,0x00038854,0x00038854,WF-003
LEVEL_08,8,Dayni Moon,0x000532F0,0x00053BF0,0x0918D8F0,internal_text,0x0004699C,0x0918069C,0x0004699C,0x0004699C,WF-003
LEVEL_08,8,Dayni Moon,0x000532F0,0x00053C84,0x0918D984,internal_text,0x0018F63C,0x092C933C,0x0018F63C,0x0018F63C,WF-003
LEVEL_08,8,Dayni Moon,0x000532F0,0x00053CEC,0x0918D9EC,internal_text,0x00051B68,0x0918B868,0x00051B68,0x00051B68,WF-003
LEVEL_08,8,Dayni Moon,0x000532F0,0x00053D20,0x0918DA20,internal_text,0x00050040,0x09189D40,0x00050040,0x00050040,WF-003
LEVEL_08,8,Dayni Moon,0x000532F0,0x00053D48,0x0918DA48,internal_text,0x0000E2EC,0x09147FEC,0x0000E2EC,0x0000E2EC,WF-003
LEVEL_08,8,Dayni Moon,0x000532F0,0x00053D64,0x0918DA64,internal_text,0x0000E2EC,0x09147FEC,0x0000E2EC,0x0000E2EC,WF-003
LEVEL_08,8,Dayni Moon,0x000532F0,0x00053D80,0x0918DA80,internal_text,0x0000E2EC,0x09147FEC,0x0000E2EC,0x0000E2EC,WF-003
LEVEL_08,8,Dayni Moon,0x000532F0,0x00053DA8,0x0918DAA8,internal_text,0x0000E350,0x09148050,0x0000E350,0x0000E350,WF-003
LEVEL_08,8,Dayni Moon,0x000532F0,0x00053DC4,0x0918DAC4,internal_text,0x0000E350,0x09148050,0x0000E350,0x0000E350,WF-003
LEVEL_08,8,Dayni Moon,0x000532F0,0x00053DE0,0x0918DAE0,internal_text,0x0000E350,0x09148050,0x0000E350,0x0000E350,WF-003
LEVEL_08,8,Dayni Moon,0x000532F0,0x00053E5C,0x0918DB5C,internal_text,0x00102BD0,0x0923C8D0,0x00102BD0,0x00102BD0,WF-003
LEVEL_08,8,Dayni Moon,0x000532F0,0x00053EB4,0x0918DBB4,internal_text,0x0003AF30,0x09174C30,0x0003AF30,0x0003AF30,WF-003
LEVEL_08,8,Dayni Moon,0x000532F0,0x00053F38,0x0918DC38,internal_text,0x0003AEE0,0x09174BE0,0x0003AEE0,0x0003AEE0,WF-003
LEVEL_08,8,Dayni Moon,0x000532F0,0x00053F64,0x0918DC64,internal_text,0x00051B68,0x0918B868,0x00051B68,0x00051B68,WF-003
LEVEL_08,8,Dayni Moon,0x000532F0,0x00053F98,0x0918DC98,internal_text,0x00050040,0x09189D40,0x00050040,0x00050040,WF-003
LEVEL_08,8,Dayni Moon,0x000532F0,0x00053FC0,0x0918DCC0,internal_text,0x0000E2EC,0x09147FEC,0x0000E2EC,0x0000E2EC,WF-003
LEVEL_08,8,Dayni Moon,0x000532F0,0x00053FDC,0x0918DCDC,internal_text,0x0000E2EC,0x09147FEC,0x0000E2EC,0x0000E2EC,WF-003
LEVEL_08,8,Dayni Moon,0x000532F0,0x00053FF8,0x0918DCF8,internal_text,0x0000E2EC,0x09147FEC,0x0000E2EC,0x0000E2EC,WF-003
LEVEL_08,8,Dayni Moon,0x000532F0,0x00054020,0x0918DD20,internal_text,0x0000E350,0x09148050,0x0000E350,0x0000E350,WF-003
LEVEL_08,8,Dayni Moon,0x000532F0,0x0005403C,0x0918DD3C,internal_text,0x0000E350,0x09148050,0x0000E350,0x0000E350,WF-003
LEVEL_08,8,Dayni Moon,0x000532F0,0x00054058,0x0918DD58,internal_text,0x0000E350,0x09148050,0x0000E350,0x0000E350,WF-003
LEVEL_08,8,Dayni Moon,0x000532F0,0x000540D4,0x0918DDD4,internal_text,0x00102BD0,0x0923C8D0,0x00102BD0,0x00102BD0,WF-003
LEVEL_08,8,Dayni Moon,0x000532F0,0x000540F8,0x0918DDF8,internal_text,0x00072238,0x091ABF38,0x00072238,0x00072238,WF-003
LEVEL_08,8,Dayni Moon,0x000532F0,0x0005411C,0x0918DE1C,internal_text,0x00072260,0x091ABF60,0x00072260,0x00072260,WF-003
LEVEL_08,8,Dayni Moon,0x000532F0,0x000541B8,0x0918DEB8,internal_text,0x0007258C,0x091AC28C,0x0007258C,MOBY_BlendMobyAnim,WF-003
LEVEL_08,8,Dayni Moon,0x000532F0,0x000541C0,0x0918DEC0,internal_text,0x0015A6E4,0x092943E4,0x0015A6E4,0x0015A6E4,WF-003
LEVEL_08,8,Dayni Moon,0x000532F0,0x000541F4,0x0918DEF4,internal_text,0x0015A6AC,0x092943AC,0x0015A6AC,0x0015A6AC,WF-003
LEVEL_08,8,Dayni Moon,0x000532F0,0x00054218,0x0918DF18,internal_text,0x00035C48,0x0916F948,0x00035C48,0x00035C48,WF-003
LEVEL_08,8,Dayni Moon,0x000532F0,0x00054228,0x0918DF28,internal_text,0x00035C48,0x0916F948,0x00035C48,0x00035C48,WF-003
LEVEL_08,8,Dayni Moon,0x000532F0,0x00054274,0x0918DF74,internal_text,0x00051F24,0x0918BC24,0x00051F24,0x00051F24,WF-003
LEVEL_08,8,Dayni Moon,0x000532F0,0x000542D8,0x0918DFD8,internal_text,0x00052E54,0x0918CB54,0x00052E54,ht_grindlock_switches,WF-003
LEVEL_08,8,Dayni Moon,0x0005B6E0,0x0005B710,0x09195410,internal_text,0x00038D00,0x09172A00,0x00038D00,0x00038D00,WF-004
LEVEL_08,8,Dayni Moon,0x0005B6E0,0x0005B718,0x09195418,internal_text,0x0004E374,0x09188074,0x0004E374,0x0004E374,WF-004
LEVEL_08,8,Dayni Moon,0x0005B6E0,0x0005B740,0x09195440,internal_text,0x0000E3B8,0x091480B8,0x0000E3B8,0x0000E3B8,WF-004
LEVEL_08,8,Dayni Moon,0x0005B6E0,0x0005B758,0x09195458,internal_text,0x0005B98C,0x0919568C,0x0005B98C,0x0005B98C,WF-004
LEVEL_08,8,Dayni Moon,0x0005B6E0,0x0005B760,0x09195460,internal_text,0x0005BD9C,0x09195A9C,0x0005BD9C,0x0005BD9C,WF-004
LEVEL_08,8,Dayni Moon,0x0005B6E0,0x0005B79C,0x0919549C,internal_text,0x0005B200,0x09194F00,0x0005B200,0x0005B200,WF-004
LEVEL_08,8,Dayni Moon,0x0005B6E0,0x0005B7C0,0x091954C0,internal_text,0x000AEECC,0x091E8BCC,0x000AEECC,0x000AEECC,WF-004
LEVEL_08,8,Dayni Moon,0x000AAF58,0x000AAF7C,0x091E4C7C,internal_text,0x000AAF48,0x091E4C48,0x000AAF48,0x000AAF48,WF-028
LEVEL_08,8,Dayni Moon,0x000AAF58,0x000AAFE8,0x091E4CE8,internal_text,0x0000E3B8,0x091480B8,0x0000E3B8,0x0000E3B8,WF-028
LEVEL_08,8,Dayni Moon,0x000AAF58,0x000AB00C,0x091E4D0C,internal_text,0x0000E3B8,0x091480B8,0x0000E3B8,0x0000E3B8,WF-028
LEVEL_08,8,Dayni Moon,0x00117650,0x001176B8,0x092513B8,internal_text,0x0000E3B8,0x091480B8,0x0000E3B8,0x0000E3B8,WF-008
LEVEL_08,8,Dayni Moon,0x00117650,0x001176D8,0x092513D8,internal_text,0x0000E3B8,0x091480B8,0x0000E3B8,0x0000E3B8,WF-008
LEVEL_08,8,Dayni Moon,0x00117650,0x00117734,0x09251434,internal_text,0x00118F2C,0x09252C2C,0x00118F2C,0x00118F2C,WF-008
LEVEL_08,8,Dayni Moon,0x00117650,0x00117744,0x09251444,internal_text,0x001E428C,0x0931DF8C,0x001E428C,0x001E428C,WF-008
LEVEL_08,8,Dayni Moon,0x00117650,0x001177F8,0x092514F8,internal_text,0x0011A500,0x09254200,0x0011A500,0x0011A500,WF-008
LEVEL_08,8,Dayni Moon,0x00117650,0x00117810,0x09251510,internal_text,0x001169B8,0x092506B8,0x001169B8,0x001169B8,WF-008
LEVEL_08,8,Dayni Moon,0x00117650,0x00117840,0x09251540,internal_text,0x00118F2C,0x09252C2C,0x00118F2C,0x00118F2C,WF-008
LEVEL_08,8,Dayni Moon,0x0011786C,0x00117890,0x09251590,internal_text,0x0011A500,0x09254200,0x0011A500,0x0011A500,WF-009
LEVEL_08,8,Dayni Moon,0x0011786C,0x001178EC,0x092515EC,internal_text,0x00118F2C,0x09252C2C,0x00118F2C,0x00118F2C,WF-009
LEVEL_08,8,Dayni Moon,0x0011786C,0x00117914,0x09251614,internal_text,0x00118498,0x09252198,0x00118498,0x00118498,WF-009
LEVEL_08,8,Dayni Moon,0x0011786C,0x00117938,0x09251638,internal_text,0x0000E3B8,0x091480B8,0x0000E3B8,0x0000E3B8,WF-009
LEVEL_08,8,Dayni Moon,0x0011786C,0x00117958,0x09251658,internal_text,0x0000E3B8,0x091480B8,0x0000E3B8,0x0000E3B8,WF-009
LEVEL_08,8,Dayni Moon,0x0011786C,0x001179BC,0x092516BC,internal_text,0x00118F2C,0x09252C2C,0x00118F2C,0x00118F2C,WF-009
LEVEL_08,8,Dayni Moon,0x0011786C,0x001179CC,0x092516CC,internal_text,0x001E428C,0x0931DF8C,0x001E428C,0x001E428C,WF-009
LEVEL_08,8,Dayni Moon,0x00117B34,0x00117B60,0x09251860,internal_text,0x00118498,0x09252198,0x00118498,0x00118498,WF-007
LEVEL_08,8,Dayni Moon,0x00117B34,0x00117B88,0x09251888,internal_text,0x0000E3B8,0x091480B8,0x0000E3B8,0x0000E3B8,WF-007
LEVEL_08,8,Dayni Moon,0x00117B34,0x00117C08,0x09251908,internal_text,0x0000E3B8,0x091480B8,0x0000E3B8,0x0000E3B8,WF-007
LEVEL_08,8,Dayni Moon,0x00117B34,0x00117C30,0x09251930,internal_text,0x0000E3B8,0x091480B8,0x0000E3B8,0x0000E3B8,WF-007
LEVEL_08,8,Dayni Moon,0x00117B34,0x00117C8C,0x0925198C,internal_text,0x001E428C,0x0931DF8C,0x001E428C,0x001E428C,WF-007
LEVEL_08,8,Dayni Moon,0x00117B34,0x00117DAC,0x09251AAC,internal_text,0x0001A4C0,0x091541C0,0x0001A4C0,0x0001A4C0,WF-007
LEVEL_08,8,Dayni Moon,0x00117B34,0x00117E20,0x09251B20,internal_text,0x00118F2C,0x09252C2C,0x00118F2C,0x00118F2C,WF-007
LEVEL_08,8,Dayni Moon,0x0011A500,0x0011A53C,0x0925423C,internal_text,0x00117F30,0x09251C30,0x00117F30,0x00117F30,WF-010
LEVEL_08,8,Dayni Moon,0x0011A500,0x0011A614,0x09254314,internal_text,0x0000E3B8,0x091480B8,0x0000E3B8,0x0000E3B8,WF-010
LEVEL_08,8,Dayni Moon,0x0011A500,0x0011A694,0x09254394,internal_text,0x0001146C,0x0914B16C,0x0001146C,0x0001146C,WF-010
LEVEL_08,8,Dayni Moon,0x0011A500,0x0011A6D4,0x092543D4,internal_text,0x0000E3B8,0x091480B8,0x0000E3B8,0x0000E3B8,WF-010
LEVEL_08,8,Dayni Moon,0x0011A500,0x0011A74C,0x0925444C,internal_text,0x0001146C,0x0914B16C,0x0001146C,0x0001146C,WF-010
LEVEL_08,8,Dayni Moon,0x0011A500,0x0011A774,0x09254474,internal_text,0x001EB868,0x09325568,0x001EB868,0x001EB868,WF-010
LEVEL_08,8,Dayni Moon,0x0011A500,0x0011A7AC,0x092544AC,internal_text,0x001E32AC,0x0931CFAC,0x001E32AC,0x001E32AC,WF-010
LEVEL_08,8,Dayni Moon,0x0011A500,0x0011A7B8,0x092544B8,internal_text,0x001E33D4,0x0931D0D4,0x001E33D4,0x001E33D4,WF-010
LEVEL_08,8,Dayni Moon,0x0011A500,0x0011A7E4,0x092544E4,internal_text,0x001EB868,0x09325568,0x001EB868,0x001EB868,WF-010
LEVEL_08,8,Dayni Moon,0x0011A500,0x0011A87C,0x0925457C,internal_text,0x0001A4C0,0x091541C0,0x0001A4C0,0x0001A4C0,WF-010
LEVEL_08,8,Dayni Moon,0x0011A500,0x0011A8B0,0x092545B0,internal_text,0x00019E2C,0x09153B2C,0x00019E2C,0x00019E2C,WF-010
LEVEL_08,8,Dayni Moon,0x0011A500,0x0011A98C,0x0925468C,internal_text,0x00074AD4,0x091AE7D4,0x00074AD4,0x00074AD4,WF-010
LEVEL_08,8,Dayni Moon,0x0011A500,0x0011AA28,0x09254728,internal_text,0x00092430,0x091CC130,0x00092430,0x00092430,WF-010
LEVEL_08,8,Dayni Moon,0x0012F220,0x0012F2B8,0x09268FB8,internal_text,0x001E428C,0x0931DF8C,0x001E428C,0x001E428C,WF-026
LEVEL_08,8,Dayni Moon,0x0012F220,0x0012F2E0,0x09268FE0,internal_text,0x001E428C,0x0931DF8C,0x001E428C,0x001E428C,WF-026
LEVEL_08,8,Dayni Moon,0x0012F220,0x0012F32C,0x0926902C,internal_text,0x001F3904,0x0932D604,0x001F3904,0x001F3904,WF-026
LEVEL_08,8,Dayni Moon,0x0012F220,0x0012F37C,0x0926907C,internal_text,0x0000E3B8,0x091480B8,0x0000E3B8,0x0000E3B8,WF-026
LEVEL_08,8,Dayni Moon,0x0012F220,0x0012F518,0x09269218,internal_text,0x0012F924,0x09269624,0x0012F924,0x0012F924,WF-026
LEVEL_08,8,Dayni Moon,0x0012F220,0x0012F554,0x09269254,internal_text,0x0012F9C4,0x092696C4,0x0012F9C4,0x0012F9C4,WF-026
LEVEL_08,8,Dayni Moon,0x0012F220,0x0012F55C,0x0926925C,internal_text,0x0012F8A4,0x092695A4,0x0012F8A4,0x0012F8A4,WF-026
LEVEL_08,8,Dayni Moon,0x0012F220,0x0012F5A4,0x092692A4,internal_text,0x0007258C,0x091AC28C,0x0007258C,MOBY_BlendMobyAnim,WF-026
LEVEL_08,8,Dayni Moon,0x0012F220,0x0012F5BC,0x092692BC,internal_text,0x00072260,0x091ABF60,0x00072260,0x00072260,WF-026
LEVEL_08,8,Dayni Moon,0x0012F220,0x0012F5D4,0x092692D4,internal_text,0x0012F9C4,0x092696C4,0x0012F9C4,0x0012F9C4,WF-026
LEVEL_08,8,Dayni Moon,0x0012F220,0x0012F5DC,0x092692DC,internal_text,0x0012F8A4,0x092695A4,0x0012F8A4,0x0012F8A4,WF-026
LEVEL_08,8,Dayni Moon,0x0012F608,0x0012F6A0,0x092693A0,internal_text,0x001E428C,0x0931DF8C,0x001E428C,0x001E428C,WF-025
LEVEL_08,8,Dayni Moon,0x0012F608,0x0012F6C8,0x092693C8,internal_text,0x001E428C,0x0931DF8C,0x001E428C,0x001E428C,WF-025
LEVEL_08,8,Dayni Moon,0x0012F608,0x0012F71C,0x0926941C,internal_text,0x001E428C,0x0931DF8C,0x001E428C,0x001E428C,WF-025
LEVEL_08,8,Dayni Moon,0x0012F608,0x0012F778,0x09269478,internal_text,0x0000E3B8,0x091480B8,0x0000E3B8,0x0000E3B8,WF-025
LEVEL_08,8,Dayni Moon,0x0012F608,0x0012F80C,0x0926950C,internal_text,0x0012F924,0x09269624,0x0012F924,0x0012F924,WF-025
LEVEL_08,8,Dayni Moon,0x0012F608,0x0012F830,0x09269530,internal_text,0x0012F8A4,0x092695A4,0x0012F8A4,0x0012F8A4,WF-025
LEVEL_08,8,Dayni Moon,0x0016D768,0x0016D7FC,0x092A74FC,internal_text,0x0007960C,0x091B330C,0x0007960C,0x0007960C,WF-041
LEVEL_08,8,Dayni Moon,0x0016D768,0x0016D83C,0x092A753C,internal_text,0x0000E3B8,0x091480B8,0x0000E3B8,0x0000E3B8,WF-041
LEVEL_08,8,Dayni Moon,0x0016D768,0x0016D924,0x092A7624,internal_text,0x00074AD4,0x091AE7D4,0x00074AD4,0x00074AD4,WF-041
LEVEL_08,8,Dayni Moon,0x0016D768,0x0016D9D8,0x092A76D8,internal_text,0x00092430,0x091CC130,0x00092430,0x00092430,WF-041
LEVEL_08,8,Dayni Moon,0x0016D768,0x0016DA64,0x092A7764,internal_text,0x0000E3B8,0x091480B8,0x0000E3B8,0x0000E3B8,WF-041
LEVEL_08,8,Dayni Moon,0x0016D768,0x0016DAB8,0x092A77B8,internal_text,0x00071C18,0x091AB918,0x00071C18,MOBY_DestroyMoby,WF-041
LEVEL_08,8,Dayni Moon,0x0016D768,0x0016DB58,0x092A7858,internal_text,0x00074AD4,0x091AE7D4,0x00074AD4,0x00074AD4,WF-041
LEVEL_08,8,Dayni Moon,0x0016D768,0x0016DC0C,0x092A790C,internal_text,0x00092430,0x091CC130,0x00092430,0x00092430,WF-041
LEVEL_08,8,Dayni Moon,0x00171748,0x001717B4,0x092AB4B4,internal_text,0x001001B8,0x09239EB8,0x001001B8,0x001001B8,WF-038
LEVEL_08,8,Dayni Moon,0x00171748,0x0017188C,0x092AB58C,internal_text,0x0000E3B8,0x091480B8,0x0000E3B8,0x0000E3B8,WF-038
LEVEL_08,8,Dayni Moon,0x00171748,0x00171910,0x092AB610,internal_text,0x0000E3B8,0x091480B8,0x0000E3B8,0x0000E3B8,WF-038
LEVEL_08,8,Dayni Moon,0x00171748,0x00171920,0x092AB620,internal_text,0x001F3A40,0x0932D740,0x001F3A40,0x001F3A40,WF-038
LEVEL_08,8,Dayni Moon,0x00171748,0x00171980,0x092AB680,internal_text,0x00074AD4,0x091AE7D4,0x00074AD4,0x00074AD4,WF-038
LEVEL_08,8,Dayni Moon,0x00171748,0x00171A1C,0x092AB71C,internal_text,0x00092430,0x091CC130,0x00092430,0x00092430,WF-038
LEVEL_08,8,Dayni Moon,0x00171748,0x00171A64,0x092AB764,internal_text,0x0000E6E8,0x091483E8,0x0000E6E8,0x0000E6E8,WF-038
LEVEL_08,8,Dayni Moon,0x00173114,0x00173178,0x092ACE78,internal_text,0x0000E3B8,0x091480B8,0x0000E3B8,0x0000E3B8,WF-054
LEVEL_08,8,Dayni Moon,0x00173114,0x00173194,0x092ACE94,internal_text,0x00002610,0x0913C310,0x00002610,0x00002610,WF-054
LEVEL_08,8,Dayni Moon,0x00173114,0x001731C0,0x092ACEC0,internal_text,0x0007400C,0x091ADD0C,0x0007400C,MOBY_RegisterDrawCallback,WF-054
LEVEL_08,8,Dayni Moon,0x00173114,0x00173224,0x092ACF24,internal_text,0x00073EC8,0x091ADBC8,0x00073EC8,0x00073EC8,WF-054
LEVEL_08,8,Dayni Moon,0x00173114,0x0017322C,0x092ACF2C,internal_text,0x00073EC8,0x091ADBC8,0x00073EC8,0x00073EC8,WF-054
LEVEL_08,8,Dayni Moon,0x00173114,0x001732AC,0x092ACFAC,internal_text,0x000E3E98,0x0921DB98,0x000E3E98,0x000E3E98,WF-054
LEVEL_08,8,Dayni Moon,0x00173114,0x00173314,0x092AD014,internal_text,0x00022A9C,0x0915C79C,0x00022A9C,0x00022A9C,WF-054
LEVEL_08,8,Dayni Moon,0x00173114,0x00173344,0x092AD044,internal_text,0x00036028,0x0916FD28,0x00036028,0x00036028,WF-054
LEVEL_08,8,Dayni Moon,0x00173114,0x001733A4,0x092AD0A4,internal_text,0x00017A88,0x09151788,0x00017A88,0x00017A88,WF-054
LEVEL_08,8,Dayni Moon,0x00173114,0x001733EC,0x092AD0EC,internal_text,0x00017A88,0x09151788,0x00017A88,0x00017A88,WF-054
LEVEL_08,8,Dayni Moon,0x00173114,0x00173414,0x092AD114,internal_text,0x001BD17C,0x092F6E7C,0x001BD17C,0x001BD17C,WF-054
LEVEL_08,8,Dayni Moon,0x00173114,0x00173428,0x092AD128,internal_text,0x001BD1B0,0x092F6EB0,0x001BD1B0,0x001BD1B0,WF-054
LEVEL_08,8,Dayni Moon,0x00173764,0x00173794,0x092AD494,internal_text,0x0007CF94,0x091B6C94,0x0007CF94,0x0007CF94,WF-040
LEVEL_08,8,Dayni Moon,0x00173764,0x001737A4,0x092AD4A4,internal_text,0x0007D154,0x091B6E54,0x0007D154,0x0007D154,WF-040
LEVEL_08,8,Dayni Moon,0x00173764,0x001737CC,0x092AD4CC,internal_text,0x00135218,0x0926EF18,0x00135218,0x00135218,WF-040
LEVEL_08,8,Dayni Moon,0x00173764,0x00173824,0x092AD524,internal_text,0x0000E3B8,0x091480B8,0x0000E3B8,0x0000E3B8,WF-040
LEVEL_08,8,Dayni Moon,0x00173764,0x00173858,0x092AD558,internal_text,0x00072260,0x091ABF60,0x00072260,0x00072260,WF-040
LEVEL_08,8,Dayni Moon,0x00173764,0x00173888,0x092AD588,internal_text,0x0007258C,0x091AC28C,0x0007258C,MOBY_BlendMobyAnim,WF-040
LEVEL_08,8,Dayni Moon,0x00173764,0x00173890,0x092AD590,internal_text,0x00135244,0x0926EF44,0x00135244,0x00135244,WF-040
LEVEL_08,8,Dayni Moon,0x00173764,0x0017389C,0x092AD59C,internal_text,0x00135218,0x0926EF18,0x00135218,0x00135218,WF-040
LEVEL_08,8,Dayni Moon,0x00173764,0x00173954,0x092AD654,internal_text,0x0000E3B8,0x091480B8,0x0000E3B8,0x0000E3B8,WF-040
LEVEL_08,8,Dayni Moon,0x00173764,0x00173A54,0x092AD754,internal_text,0x001BD470,0x092F7170,0x001BD470,0x001BD470,WF-040
LEVEL_08,8,Dayni Moon,0x00173764,0x00173A5C,0x092AD75C,internal_text,0x001BD490,0x092F7190,0x001BD490,0x001BD490,WF-040
LEVEL_08,8,Dayni Moon,0x00173764,0x00173A6C,0x092AD76C,internal_text,0x001741F8,0x092ADEF8,0x001741F8,0x001741F8,WF-040
LEVEL_08,8,Dayni Moon,0x00173764,0x00173A74,0x092AD774,internal_text,0x00171570,0x092AB270,0x00171570,0x00171570,WF-040
LEVEL_08,8,Dayni Moon,0x00173764,0x00173AA0,0x092AD7A0,internal_text,0x0016FE64,0x092A9B64,0x0016FE64,0x0016FE64,WF-040
LEVEL_08,8,Dayni Moon,0x00173AD0,0x00173B20,0x092AD820,internal_text,0x000AB5E0,0x091E52E0,0x000AB5E0,0x000AB5E0,WF-035
LEVEL_08,8,Dayni Moon,0x00173AD0,0x00173B28,0x092AD828,internal_text,0x00000E7C,0x0913AB7C,0x00000E7C,0x00000E7C,WF-035
LEVEL_08,8,Dayni Moon,0x00173AD0,0x00173B3C,0x092AD83C,internal_text,0x00002B50,0x0913C850,0x00002B50,0x00002B50,WF-035
LEVEL_08,8,Dayni Moon,0x00173AD0,0x00173B4C,0x092AD84C,internal_text,0x00002594,0x0913C294,0x00002594,0x00002594,WF-035
LEVEL_08,8,Dayni Moon,0x00173AD0,0x00173B54,0x092AD854,internal_text,0x00002CC8,0x0913C9C8,0x00002CC8,0x00002CC8,WF-035
LEVEL_08,8,Dayni Moon,0x00173AD0,0x00173B5C,0x092AD85C,internal_text,0x00002C70,0x0913C970,0x00002C70,0x00002C70,WF-035
LEVEL_08,8,Dayni Moon,0x00173AD0,0x00173B70,0x092AD870,internal_text,0x0007400C,0x091ADD0C,0x0007400C,MOBY_RegisterDrawCallback,WF-035
LEVEL_08,8,Dayni Moon,0x00173AD0,0x00173BC8,0x092AD8C8,internal_text,0x00072260,0x091ABF60,0x00072260,0x00072260,WF-035
LEVEL_08,8,Dayni Moon,0x00173AD0,0x00173BF8,0x092AD8F8,internal_text,0x0007258C,0x091AC28C,0x0007258C,MOBY_BlendMobyAnim,WF-035
LEVEL_08,8,Dayni Moon,0x00173AD0,0x00173C90,0x092AD990,internal_text,0x00071AEC,0x091AB7EC,0x00071AEC,0x00071AEC,WF-035
LEVEL_08,8,Dayni Moon,0x00173AD0,0x00173CC8,0x092AD9C8,internal_text,0x0000E6E8,0x091483E8,0x0000E6E8,0x0000E6E8,WF-035
LEVEL_08,8,Dayni Moon,0x00173AD0,0x00173D74,0x092ADA74,internal_text,0x0000E3B8,0x091480B8,0x0000E3B8,0x0000E3B8,WF-035
LEVEL_08,8,Dayni Moon,0x00173AD0,0x00173D94,0x092ADA94,internal_text,0x0000E3B8,0x091480B8,0x0000E3B8,0x0000E3B8,WF-035
LEVEL_08,8,Dayni Moon,0x00173AD0,0x00173E7C,0x092ADB7C,internal_text,0x0000E3B8,0x091480B8,0x0000E3B8,0x0000E3B8,WF-035
LEVEL_08,8,Dayni Moon,0x00173AD0,0x00173EEC,0x092ADBEC,internal_text,0x0000E3B8,0x091480B8,0x0000E3B8,0x0000E3B8,WF-035
LEVEL_08,8,Dayni Moon,0x00173AD0,0x00173F04,0x092ADC04,internal_text,0x0000E6E8,0x091483E8,0x0000E6E8,0x0000E6E8,WF-035
LEVEL_08,8,Dayni Moon,0x00173AD0,0x00173F7C,0x092ADC7C,internal_text,0x001E428C,0x0931DF8C,0x001E428C,0x001E428C,WF-035
LEVEL_08,8,Dayni Moon,0x00173AD0,0x00173FAC,0x092ADCAC,internal_text,0x001001B8,0x09239EB8,0x001001B8,0x001001B8,WF-035
LEVEL_08,8,Dayni Moon,0x00173AD0,0x00173FD4,0x092ADCD4,internal_text,0x0016FC78,0x092A9978,0x0016FC78,0x0016FC78,WF-035
LEVEL_08,8,Dayni Moon,0x00173AD0,0x00173FE4,0x092ADCE4,internal_text,0x001741F8,0x092ADEF8,0x001741F8,0x001741F8,WF-035
LEVEL_08,8,Dayni Moon,0x00173AD0,0x00174008,0x092ADD08,internal_text,0x00074AD4,0x091AE7D4,0x00074AD4,0x00074AD4,WF-035
LEVEL_08,8,Dayni Moon,0x00173AD0,0x001740A8,0x092ADDA8,internal_text,0x00092430,0x091CC130,0x00092430,0x00092430,WF-035
LEVEL_08,8,Dayni Moon,0x00173AD0,0x001740EC,0x092ADDEC,internal_text,0x00102174,0x0923BE74,0x00102174,0x00102174,WF-035
LEVEL_08,8,Dayni Moon,0x00173AD0,0x00174100,0x092ADE00,internal_text,0x00101788,0x0923B488,0x00101788,0x00101788,WF-035
LEVEL_08,8,Dayni Moon,0x00173AD0,0x0017417C,0x092ADE7C,internal_text,0x000F85A0,0x092322A0,0x000F85A0,0x000F85A0,WF-035
LEVEL_08,8,Dayni Moon,0x00173AD0,0x0017418C,0x092ADE8C,internal_text,0x00022A9C,0x0915C79C,0x00022A9C,0x00022A9C,WF-035
LEVEL_08,8,Dayni Moon,0x00173AD0,0x001741B8,0x092ADEB8,internal_text,0x00036028,0x0916FD28,0x00036028,0x00036028,WF-035
LEVEL_08,8,Dayni Moon,0x0018C114,0x0018C154,0x092C5E54,internal_text,0x0018B3A0,0x092C50A0,0x0018B3A0,0x0018B3A0,WF-006
LEVEL_08,8,Dayni Moon,0x0018C114,0x0018C170,0x092C5E70,internal_text,0x0000E3B8,0x091480B8,0x0000E3B8,0x0000E3B8,WF-006
LEVEL_08,8,Dayni Moon,0x0018C114,0x0018C1B8,0x092C5EB8,internal_text,0x001E428C,0x0931DF8C,0x001E428C,0x001E428C,WF-006
LEVEL_08,8,Dayni Moon,0x0018C114,0x0018C22C,0x092C5F2C,internal_text,0x0018B5BC,0x092C52BC,0x0018B5BC,0x0018B5BC,WF-006
LEVEL_08,8,Dayni Moon,0x0018C114,0x0018C28C,0x092C5F8C,internal_text,0x0001A4C0,0x091541C0,0x0001A4C0,0x0001A4C0,WF-006
LEVEL_08,8,Dayni Moon,0x0018C114,0x0018C304,0x092C6004,internal_text,0x0018B3A0,0x092C50A0,0x0018B3A0,0x0018B3A0,WF-006
LEVEL_08,8,Dayni Moon,0x0018C114,0x0018C338,0x092C6038,internal_text,0x00100D54,0x0923AA54,0x00100D54,0x00100D54,WF-006
LEVEL_08,8,Dayni Moon,0x0018C114,0x0018C348,0x092C6048,internal_text,0x00104A24,0x0923E724,0x00104A24,0x00104A24,WF-006
LEVEL_08,8,Dayni Moon,0x0018C114,0x0018C3C4,0x092C60C4,internal_text,0x0018B5BC,0x092C52BC,0x0018B5BC,0x0018B5BC,WF-006
LEVEL_08,8,Dayni Moon,0x0018C114,0x0018C424,0x092C6124,internal_text,0x0001A4C0,0x091541C0,0x0001A4C0,0x0001A4C0,WF-006
LEVEL_08,8,Dayni Moon,0x001B3938,0x001B3984,0x092ED684,internal_text,0x00022EF0,0x0915CBF0,0x00022EF0,0x00022EF0,WF-019
LEVEL_08,8,Dayni Moon,0x001B3938,0x001B3994,0x092ED694,internal_text,0x001B33F8,0x092ED0F8,0x001B33F8,0x001B33F8,WF-019
LEVEL_08,8,Dayni Moon,0x001B3938,0x001B39C4,0x092ED6C4,internal_text,0x0007960C,0x091B330C,0x0007960C,0x0007960C,WF-019
LEVEL_08,8,Dayni Moon,0x001B3938,0x001B39F4,0x092ED6F4,internal_text,0x0015A8B8,0x092945B8,0x0015A8B8,0x0015A8B8,WF-019
LEVEL_08,8,Dayni Moon,0x001B3938,0x001B3A04,0x092ED704,internal_text,0x001B3818,0x092ED518,0x001B3818,0x001B3818,WF-019
LEVEL_08,8,Dayni Moon,0x001B3938,0x001B3A48,0x092ED748,internal_text,0x0000E3B8,0x091480B8,0x0000E3B8,0x0000E3B8,WF-019
LEVEL_08,8,Dayni Moon,0x001B3938,0x001B3AEC,0x092ED7EC,internal_text,0x00071C18,0x091AB918,0x00071C18,MOBY_DestroyMoby,WF-019
LEVEL_08,8,Dayni Moon,0x001B3938,0x001B3AFC,0x092ED7FC,internal_text,0x00022E48,0x0915CB48,0x00022E48,0x00022E48,WF-019
LEVEL_08,8,Dayni Moon,0x001B3938,0x001B3B9C,0x092ED89C,internal_text,0x00074AD4,0x091AE7D4,0x00074AD4,0x00074AD4,WF-019
LEVEL_08,8,Dayni Moon,0x001B3938,0x001B3C38,0x092ED938,internal_text,0x00092430,0x091CC130,0x00092430,0x00092430,WF-019
LEVEL_08,8,Dayni Moon,0x001B3938,0x001B3CC8,0x092ED9C8,internal_text,0x0000E3B8,0x091480B8,0x0000E3B8,0x0000E3B8,WF-019
LEVEL_08,8,Dayni Moon,0x001B3938,0x001B3D0C,0x092EDA0C,internal_text,0x001B3818,0x092ED518,0x001B3818,0x001B3818,WF-019
LEVEL_08,8,Dayni Moon,0x001B3938,0x001B3D64,0x092EDA64,internal_text,0x00022EBC,0x0915CBBC,0x00022EBC,0x00022EBC,WF-019
LEVEL_08,8,Dayni Moon,0x001B3938,0x001B3DF8,0x092EDAF8,internal_text,0x00074AD4,0x091AE7D4,0x00074AD4,0x00074AD4,WF-019
LEVEL_08,8,Dayni Moon,0x001B3938,0x001B3E94,0x092EDB94,internal_text,0x00092430,0x091CC130,0x00092430,0x00092430,WF-019
LEVEL_08,8,Dayni Moon,0x001B3938,0x001B3EF0,0x092EDBF0,internal_text,0x0007960C,0x091B330C,0x0007960C,0x0007960C,WF-019
LEVEL_08,8,Dayni Moon,0x001B3938,0x001B3F00,0x092EDC00,internal_text,0x00002610,0x0913C310,0x00002610,0x00002610,WF-019
LEVEL_08,8,Dayni Moon,0x001B3938,0x001B3F0C,0x092EDC0C,internal_text,0x0007960C,0x091B330C,0x0007960C,0x0007960C,WF-019
LEVEL_08,8,Dayni Moon,0x001B3938,0x001B3F6C,0x092EDC6C,internal_text,0x00073D58,0x091ADA58,0x00073D58,0x00073D58,WF-019
LEVEL_08,8,Dayni Moon,0x001B3938,0x001B3F88,0x092EDC88,internal_text,0x00022EBC,0x0915CBBC,0x00022EBC,0x00022EBC,WF-019
LEVEL_08,8,Dayni Moon,0x001C4DD8,0x001C4E90,0x092FEB90,internal_text,0x0000E3B8,0x091480B8,0x0000E3B8,0x0000E3B8,WF-012
LEVEL_08,8,Dayni Moon,0x001C4DD8,0x001C4EA0,0x092FEBA0,internal_text,0x001014C4,0x0923B1C4,0x001014C4,0x001014C4,WF-012
LEVEL_08,8,Dayni Moon,0x001C4DD8,0x001C4F18,0x092FEC18,internal_text,0x001C5078,0x092FED78,0x001C5078,0x001C5078,WF-012
LEVEL_08,8,Dayni Moon,0x001C4DD8,0x001C4F44,0x092FEC44,internal_text,0x001C52C0,0x092FEFC0,0x001C52C0,0x001C52C0,WF-012
LEVEL_08,8,Dayni Moon,0x001C4DD8,0x001C4F6C,0x092FEC6C,internal_text,0x001C5950,0x092FF650,0x001C5950,0x001C5950,WF-012
LEVEL_08,8,Dayni Moon,0x001C4DD8,0x001C4F98,0x092FEC98,internal_text,0x001C6174,0x092FFE74,0x001C6174,0x001C6174,WF-012
LEVEL_08,8,Dayni Moon,0x001C552C,0x001C557C,0x092FF27C,internal_text,0x0000E3B8,0x091480B8,0x0000E3B8,0x0000E3B8,WF-011
LEVEL_08,8,Dayni Moon,0x001C552C,0x001C5598,0x092FF298,internal_text,0x0000E3B8,0x091480B8,0x0000E3B8,0x0000E3B8,WF-011
LEVEL_08,8,Dayni Moon,0x001C552C,0x001C55CC,0x092FF2CC,internal_text,0x001E428C,0x0931DF8C,0x001E428C,0x001E428C,WF-011
LEVEL_08,8,Dayni Moon,0x001C552C,0x001C5600,0x092FF300,internal_text,0x001014C4,0x0923B1C4,0x001014C4,0x001014C4,WF-011
LEVEL_09,9,Inside Clank,0x0000E4F4,0x0000E528,0x09148228,internal_text,0x0000E35C,0x0914805C,0x0000E35C,0x0000E35C,WF-005
LEVEL_09,9,Inside Clank,0x0000E4F4,0x0000E544,0x09148244,internal_text,0x0000E35C,0x0914805C,0x0000E35C,0x0000E35C,WF-005
LEVEL_09,9,Inside Clank,0x0000E4F4,0x0000E560,0x09148260,internal_text,0x0000E35C,0x0914805C,0x0000E35C,0x0000E35C,WF-005
LEVEL_09,9,Inside Clank,0x0000E584,0x0000E5B8,0x091482B8,internal_text,0x0000E35C,0x0914805C,0x0000E35C,0x0000E35C,WF-018
LEVEL_09,9,Inside Clank,0x0000E584,0x0000E5D4,0x091482D4,internal_text,0x0000E35C,0x0914805C,0x0000E35C,0x0000E35C,WF-018
LEVEL_09,9,Inside Clank,0x0000E7DC,0x0000E818,0x09148518,internal_text,0x0000E35C,0x0914805C,0x0000E35C,0x0000E35C,WF-013
LEVEL_09,9,Inside Clank,0x0000E7DC,0x0000E83C,0x0914853C,internal_text,0x0000E35C,0x0914805C,0x0000E35C,0x0000E35C,WF-013
LEVEL_09,9,Inside Clank,0x0000E7DC,0x0000E878,0x09148578,internal_text,0x00192014,0x092CBD14,0x00192014,0x00192014,WF-013
LEVEL_09,9,Inside Clank,0x00027D78,0x00027E2C,0x09161B2C,internal_text,0x001A168C,0x092DB38C,0x001A168C,0x001A168C,WF-014
LEVEL_09,9,Inside Clank,0x00027D78,0x00027E64,0x09161B64,internal_text,0x0000E35C,0x0914805C,0x0000E35C,0x0000E35C,WF-014
LEVEL_09,9,Inside Clank,0x00027D78,0x00027E88,0x09161B88,internal_text,0x0000E35C,0x0914805C,0x0000E35C,0x0000E35C,WF-014
LEVEL_09,9,Inside Clank,0x00027D78,0x00027EAC,0x09161BAC,internal_text,0x0000E35C,0x0914805C,0x0000E35C,0x0000E35C,WF-014
LEVEL_09,9,Inside Clank,0x00046A20,0x00046B48,0x09180848,internal_text,0x000EE360,0x09228060,0x000EE360,0x000EE360,WF-002
LEVEL_09,9,Inside Clank,0x00046A20,0x00046B54,0x09180854,internal_text,0x00191144,0x092CAE44,0x00191144,0x00191144,WF-002
LEVEL_09,9,Inside Clank,0x00046A20,0x00046C80,0x09180980,internal_text,0x0000E35C,0x0914805C,0x0000E35C,0x0000E35C,WF-002
LEVEL_09,9,Inside Clank,0x00046A20,0x00046CA8,0x091809A8,internal_text,0x0000E3DC,0x091480DC,0x0000E3DC,0x0000E3DC,WF-002
LEVEL_09,9,Inside Clank,0x00046A20,0x00046CBC,0x091809BC,internal_text,0x000EF6A4,0x092293A4,0x000EF6A4,0x000EF6A4,WF-002
LEVEL_09,9,Inside Clank,0x00046A20,0x00046D7C,0x09180A7C,internal_text,0x00191144,0x092CAE44,0x00191144,0x00191144,WF-002
LEVEL_09,9,Inside Clank,0x00046DB8,0x00046F0C,0x09180C0C,internal_text,0x0002F6C0,0x091693C0,0x0002F6C0,0x0002F6C0,WF-001
LEVEL_09,9,Inside Clank,0x00046DB8,0x00046FB8,0x09180CB8,internal_text,0x00046A20,0x09180720,0x00046A20,0x00046A20,WF-001
LEVEL_09,9,Inside Clank,0x00046DB8,0x00046FC8,0x09180CC8,internal_text,0x00045C2C,0x0917F92C,0x00045C2C,0x00045C2C,WF-001
LEVEL_09,9,Inside Clank,0x00046DB8,0x00046FD0,0x09180CD0,internal_text,0x0004627C,0x0917FF7C,0x0004627C,0x0004627C,WF-001
LEVEL_09,9,Inside Clank,0x00046DB8,0x00046FD8,0x09180CD8,internal_text,0x0004618C,0x0917FE8C,0x0004618C,0x0004618C,WF-001
LEVEL_09,9,Inside Clank,0x00046DB8,0x0004701C,0x09180D1C,internal_text,0x0002F6C0,0x091693C0,0x0002F6C0,0x0002F6C0,WF-001
LEVEL_09,9,Inside Clank,0x00046DB8,0x000470CC,0x09180DCC,internal_text,0x00045C2C,0x0917F92C,0x00045C2C,0x00045C2C,WF-001
LEVEL_09,9,Inside Clank,0x00046DB8,0x000470D4,0x09180DD4,internal_text,0x0004627C,0x0917FF7C,0x0004627C,0x0004627C,WF-001
LEVEL_09,9,Inside Clank,0x00046DB8,0x000470E0,0x09180DE0,internal_text,0x00046A20,0x09180720,0x00046A20,0x00046A20,WF-001
LEVEL_09,9,Inside Clank,0x00046DB8,0x000470F0,0x09180DF0,internal_text,0x00045D58,0x0917FA58,0x00045D58,0x00045D58,WF-001
LEVEL_09,9,Inside Clank,0x00046DB8,0x000470F8,0x09180DF8,internal_text,0x0004618C,0x0917FE8C,0x0004618C,0x0004618C,WF-001
LEVEL_09,9,Inside Clank,0x00046DB8,0x000471B0,0x09180EB0,internal_text,0x00032948,0x0916C648,0x00032948,0x00032948,WF-001
LEVEL_09,9,Inside Clank,0x00046DB8,0x000471DC,0x09180EDC,internal_text,0x0003EA24,0x09178724,0x0003EA24,0x0003EA24,WF-001
LEVEL_09,9,Inside Clank,0x00046DB8,0x000471FC,0x09180EFC,internal_text,0x000676D0,0x091A13D0,0x000676D0,0x000676D0,WF-001
LEVEL_09,9,Inside Clank,0x00046DB8,0x00047248,0x09180F48,internal_text,0x00067BA4,0x091A18A4,0x00067BA4,0x00067BA4,WF-001
LEVEL_09,9,Inside Clank,0x00046DB8,0x00047260,0x09180F60,internal_text,0x00072FB8,0x091ACCB8,0x00072FB8,0x00072FB8,WF-001
LEVEL_09,9,Inside Clank,0x00046DB8,0x00047278,0x09180F78,internal_text,0x0006778C,0x091A148C,0x0006778C,MOBY_SnapMobyAnim,WF-001
LEVEL_09,9,Inside Clank,0x00046DB8,0x00047304,0x09181004,internal_text,0x00046A20,0x09180720,0x00046A20,0x00046A20,WF-001
LEVEL_09,9,Inside Clank,0x00046DB8,0x0004735C,0x0918105C,internal_text,0x0000E35C,0x0914805C,0x0000E35C,0x0000E35C,WF-001
LEVEL_09,9,Inside Clank,0x00046DB8,0x00047390,0x09181090,internal_text,0x0000E35C,0x0914805C,0x0000E35C,0x0000E35C,WF-001
LEVEL_09,9,Inside Clank,0x00046DB8,0x000473A0,0x091810A0,internal_text,0x00045D58,0x0917FA58,0x00045D58,0x00045D58,WF-001
LEVEL_09,9,Inside Clank,0x00046DB8,0x000473A8,0x091810A8,internal_text,0x0004618C,0x0917FE8C,0x0004618C,0x0004618C,WF-001
LEVEL_09,9,Inside Clank,0x00046DB8,0x000473B4,0x091810B4,internal_text,0x00032998,0x0916C698,0x00032998,0x00032998,WF-001
LEVEL_09,9,Inside Clank,0x00046DB8,0x000473FC,0x091810FC,internal_text,0x00032998,0x0916C698,0x00032998,0x00032998,WF-001
LEVEL_09,9,Inside Clank,0x00046DB8,0x0004742C,0x0918112C,internal_text,0x00032948,0x0916C648,0x00032948,0x00032948,WF-001
LEVEL_09,9,Inside Clank,0x00046DB8,0x00047444,0x09181144,internal_text,0x00046418,0x09180118,0x00046418,0x00046418,WF-001
LEVEL_09,9,Inside Clank,0x00046DB8,0x0004744C,0x0918114C,internal_text,0x00046458,0x09180158,0x00046458,0x00046458,WF-001
LEVEL_09,9,Inside Clank,0x00046DB8,0x00047458,0x09181158,internal_text,0x00046A20,0x09180720,0x00046A20,0x00046A20,WF-001
LEVEL_09,9,Inside Clank,0x00046DB8,0x00047468,0x09181168,internal_text,0x00045D58,0x0917FA58,0x00045D58,0x00045D58,WF-001
LEVEL_09,9,Inside Clank,0x00046DB8,0x00047474,0x09181174,internal_text,0x00032998,0x0916C698,0x00032998,0x00032998,WF-001
LEVEL_09,9,Inside Clank,0x00046DB8,0x0004749C,0x0918119C,internal_text,0x00046418,0x09180118,0x00046418,0x00046418,WF-001
LEVEL_09,9,Inside Clank,0x00046DB8,0x000474A4,0x091811A4,internal_text,0x00046458,0x09180158,0x00046458,0x00046458,WF-001
LEVEL_09,9,Inside Clank,0x00046DB8,0x000474B0,0x091811B0,internal_text,0x00046A20,0x09180720,0x00046A20,0x00046A20,WF-001
LEVEL_09,9,Inside Clank,0x00046DB8,0x000474C0,0x091811C0,internal_text,0x00045D58,0x0917FA58,0x00045D58,0x00045D58,WF-001
LEVEL_09,9,Inside Clank,0x00046DB8,0x000474C8,0x091811C8,internal_text,0x000464B8,0x091801B8,0x000464B8,0x000464B8,WF-001
LEVEL_09,9,Inside Clank,0x00046DB8,0x0004750C,0x0918120C,internal_text,0x0000E35C,0x0914805C,0x0000E35C,0x0000E35C,WF-001
LEVEL_09,9,Inside Clank,0x00046DB8,0x0004751C,0x0918121C,internal_text,0x00045D58,0x0917FA58,0x00045D58,0x00045D58,WF-001
LEVEL_09,9,Inside Clank,0x00046DB8,0x00047554,0x09181254,internal_text,0x00032998,0x0916C698,0x00032998,0x00032998,WF-001
LEVEL_09,9,Inside Clank,0x00046DB8,0x00047584,0x09181284,internal_text,0x0004618C,0x0917FE8C,0x0004618C,0x0004618C,WF-001
LEVEL_09,9,Inside Clank,0x00046DB8,0x0004758C,0x0918128C,internal_text,0x000676D0,0x091A13D0,0x000676D0,0x000676D0,WF-001
LEVEL_09,9,Inside Clank,0x00046DB8,0x0004759C,0x0918129C,internal_text,0x00072FB8,0x091ACCB8,0x00072FB8,0x00072FB8,WF-001
LEVEL_09,9,Inside Clank,0x00046DB8,0x00047634,0x09181334,internal_text,0x000458E0,0x0917F5E0,0x000458E0,0x000458E0,WF-001
LEVEL_09,9,Inside Clank,0x00046DB8,0x00047640,0x09181340,internal_text,0x00032998,0x0916C698,0x00032998,0x00032998,WF-001
LEVEL_09,9,Inside Clank,0x00046DB8,0x0004766C,0x0918136C,internal_text,0x000458E0,0x0917F5E0,0x000458E0,0x000458E0,WF-001
LEVEL_09,9,Inside Clank,0x00046DB8,0x0004768C,0x0918138C,internal_text,0x00058A58,0x09192758,0x00058A58,0x00058A58,WF-001
LEVEL_09,9,Inside Clank,0x00046DB8,0x000476A0,0x091813A0,internal_text,0x00058A58,0x09192758,0x00058A58,0x00058A58,WF-001
LEVEL_09,9,Inside Clank,0x00046DB8,0x000476A8,0x091813A8,internal_text,0x00058BDC,0x091928DC,0x00058BDC,0x00058BDC,WF-001
LEVEL_09,9,Inside Clank,0x00046DB8,0x000476C0,0x091813C0,internal_text,0x000590B4,0x09192DB4,0x000590B4,0x000590B4,WF-001
LEVEL_09,9,Inside Clank,0x00046DB8,0x00047710,0x09181410,internal_text,0x00139DF8,0x09273AF8,0x00139DF8,0x00139DF8,WF-001
LEVEL_09,9,Inside Clank,0x00046DB8,0x0004772C,0x0918142C,internal_text,0x00058C28,0x09192928,0x00058C28,0x00058C28,WF-001
LEVEL_09,9,Inside Clank,0x00046DB8,0x00047764,0x09181464,internal_text,0x00046A20,0x09180720,0x00046A20,0x00046A20,WF-001
LEVEL_09,9,Inside Clank,0x00046DB8,0x0004776C,0x0918146C,internal_text,0x0004618C,0x0917FE8C,0x0004618C,0x0004618C,WF-001
LEVEL_09,9,Inside Clank,0x0004AD58,0x0004AE28,0x09184B28,internal_text,0x000495D0,0x091832D0,0x000495D0,0x000495D0,WF-003
LEVEL_09,9,Inside Clank,0x0004AD58,0x0004AEFC,0x09184BFC,internal_text,0x000497A0,0x091834A0,0x000497A0,0x000497A0,WF-003
LEVEL_09,9,Inside Clank,0x0004AD58,0x0004AF5C,0x09184C5C,internal_text,0x000493B0,0x091830B0,0x000493B0,0x000493B0,WF-003
LEVEL_09,9,Inside Clank,0x0004AD58,0x0004AF90,0x09184C90,internal_text,0x00047AA8,0x091817A8,0x00047AA8,0x00047AA8,WF-003
LEVEL_09,9,Inside Clank,0x0004AD58,0x0004AFB8,0x09184CB8,internal_text,0x0000E290,0x09147F90,0x0000E290,0x0000E290,WF-003
LEVEL_09,9,Inside Clank,0x0004AD58,0x0004AFD4,0x09184CD4,internal_text,0x0000E290,0x09147F90,0x0000E290,0x0000E290,WF-003
LEVEL_09,9,Inside Clank,0x0004AD58,0x0004AFF0,0x09184CF0,internal_text,0x0000E290,0x09147F90,0x0000E290,0x0000E290,WF-003
LEVEL_09,9,Inside Clank,0x0004AD58,0x0004B018,0x09184D18,internal_text,0x0000E2F4,0x09147FF4,0x0000E2F4,0x0000E2F4,WF-003
LEVEL_09,9,Inside Clank,0x0004AD58,0x0004B034,0x09184D34,internal_text,0x0000E2F4,0x09147FF4,0x0000E2F4,0x0000E2F4,WF-003
LEVEL_09,9,Inside Clank,0x0004AD58,0x0004B050,0x09184D50,internal_text,0x0000E2F4,0x09147FF4,0x0000E2F4,0x0000E2F4,WF-003
LEVEL_09,9,Inside Clank,0x0004AD58,0x0004B0CC,0x09184DCC,internal_text,0x000F0558,0x0922A258,0x000F0558,0x000F0558,WF-003
LEVEL_09,9,Inside Clank,0x0004AD58,0x0004B0F4,0x09184DF4,internal_text,0x00032998,0x0916C698,0x00032998,0x00032998,WF-003
LEVEL_09,9,Inside Clank,0x0004AD58,0x0004B154,0x09184E54,internal_text,0x00032948,0x0916C648,0x00032948,0x00032948,WF-003
LEVEL_09,9,Inside Clank,0x0004AD58,0x0004B16C,0x09184E6C,internal_text,0x00048A44,0x09182744,0x00048A44,0x00048A44,WF-003
LEVEL_09,9,Inside Clank,0x0004AD58,0x0004B194,0x09184E94,internal_text,0x00032A14,0x0916C714,0x00032A14,0x00032A14,WF-003
LEVEL_09,9,Inside Clank,0x0004AD58,0x0004B1B4,0x09184EB4,internal_text,0x00047794,0x09181494,0x00047794,0x00047794,WF-003
LEVEL_09,9,Inside Clank,0x0004AD58,0x0004B1DC,0x09184EDC,internal_text,0x00135AFC,0x0926F7FC,0x00135AFC,0x00135AFC,WF-003
LEVEL_09,9,Inside Clank,0x0004AD58,0x0004B1EC,0x09184EEC,internal_text,0x00135B84,0x0926F884,0x00135B84,0x00135B84,WF-003
LEVEL_09,9,Inside Clank,0x0004AD58,0x0004B268,0x09184F68,internal_text,0x00135AFC,0x0926F7FC,0x00135AFC,0x00135AFC,WF-003
LEVEL_09,9,Inside Clank,0x0004AD58,0x0004B298,0x09184F98,internal_text,0x00067A24,0x091A1724,0x00067A24,MOBY_BlendMobyAnim,WF-003
LEVEL_09,9,Inside Clank,0x0004AD58,0x0004B2C8,0x09184FC8,internal_text,0x0000E290,0x09147F90,0x0000E290,0x0000E290,WF-003
LEVEL_09,9,Inside Clank,0x0004AD58,0x0004B2E4,0x09184FE4,internal_text,0x0000E290,0x09147F90,0x0000E290,0x0000E290,WF-003
LEVEL_09,9,Inside Clank,0x0004AD58,0x0004B300,0x09185000,internal_text,0x0000E290,0x09147F90,0x0000E290,0x0000E290,WF-003
LEVEL_09,9,Inside Clank,0x0004AD58,0x0004B328,0x09185028,internal_text,0x0000E2F4,0x09147FF4,0x0000E2F4,0x0000E2F4,WF-003
LEVEL_09,9,Inside Clank,0x0004AD58,0x0004B344,0x09185044,internal_text,0x0000E2F4,0x09147FF4,0x0000E2F4,0x0000E2F4,WF-003
LEVEL_09,9,Inside Clank,0x0004AD58,0x0004B360,0x09185060,internal_text,0x0000E2F4,0x09147FF4,0x0000E2F4,0x0000E2F4,WF-003
LEVEL_09,9,Inside Clank,0x0004AD58,0x0004B3DC,0x091850DC,internal_text,0x000F0558,0x0922A258,0x000F0558,0x000F0558,WF-003
LEVEL_09,9,Inside Clank,0x0004AD58,0x0004B400,0x09185100,internal_text,0x00191144,0x092CAE44,0x00191144,0x00191144,WF-003
LEVEL_09,9,Inside Clank,0x0004AD58,0x0004B424,0x09185124,internal_text,0x00191144,0x092CAE44,0x00191144,0x00191144,WF-003
LEVEL_09,9,Inside Clank,0x0004AD58,0x0004B448,0x09185148,internal_text,0x00191144,0x092CAE44,0x00191144,0x00191144,WF-003
LEVEL_09,9,Inside Clank,0x0004AD58,0x0004B4D0,0x091851D0,internal_text,0x00032948,0x0916C648,0x00032948,0x00032948,WF-003
LEVEL_09,9,Inside Clank,0x0004AD58,0x0004B528,0x09185228,internal_text,0x0000E2F4,0x09147FF4,0x0000E2F4,0x0000E2F4,WF-003
LEVEL_09,9,Inside Clank,0x0004AD58,0x0004B544,0x09185244,internal_text,0x0000E2F4,0x09147FF4,0x0000E2F4,0x0000E2F4,WF-003
LEVEL_09,9,Inside Clank,0x0004AD58,0x0004B560,0x09185260,internal_text,0x0000E2F4,0x09147FF4,0x0000E2F4,0x0000E2F4,WF-003
LEVEL_09,9,Inside Clank,0x0004AD58,0x0004B5DC,0x091852DC,internal_text,0x000F0558,0x0922A258,0x000F0558,0x000F0558,WF-003
LEVEL_09,9,Inside Clank,0x0004AD58,0x0004B608,0x09185308,internal_text,0x00031190,0x0916AE90,0x00031190,0x00031190,WF-003
LEVEL_09,9,Inside Clank,0x0004AD58,0x0004B610,0x09185310,internal_text,0x000311BC,0x0916AEBC,0x000311BC,0x000311BC,WF-003
LEVEL_09,9,Inside Clank,0x0004AD58,0x0004B618,0x09185318,internal_text,0x0003EE04,0x09178B04,0x0003EE04,0x0003EE04,WF-003
LEVEL_09,9,Inside Clank,0x0004AD58,0x0004B634,0x09185334,internal_text,0x0000E35C,0x0914805C,0x0000E35C,0x0000E35C,WF-003
LEVEL_09,9,Inside Clank,0x0004AD58,0x0004B644,0x09185344,internal_text,0x000302BC,0x09169FBC,0x000302BC,0x000302BC,WF-003
LEVEL_09,9,Inside Clank,0x0004AD58,0x0004B658,0x09185358,internal_text,0x0003E404,0x09178104,0x0003E404,0x0003E404,WF-003
LEVEL_09,9,Inside Clank,0x0004AD58,0x0004B6EC,0x091853EC,internal_text,0x0015B070,0x09294D70,0x0015B070,0x0015B070,WF-003
LEVEL_09,9,Inside Clank,0x0004AD58,0x0004B754,0x09185454,internal_text,0x000495D0,0x091832D0,0x000495D0,0x000495D0,WF-003
LEVEL_09,9,Inside Clank,0x0004AD58,0x0004B788,0x09185488,internal_text,0x00047AA8,0x091817A8,0x00047AA8,0x00047AA8,WF-003
LEVEL_09,9,Inside Clank,0x0004AD58,0x0004B7B0,0x091854B0,internal_text,0x0000E290,0x09147F90,0x0000E290,0x0000E290,WF-003
LEVEL_09,9,Inside Clank,0x0004AD58,0x0004B7CC,0x091854CC,internal_text,0x0000E290,0x09147F90,0x0000E290,0x0000E290,WF-003
LEVEL_09,9,Inside Clank,0x0004AD58,0x0004B7E8,0x091854E8,internal_text,0x0000E290,0x09147F90,0x0000E290,0x0000E290,WF-003
LEVEL_09,9,Inside Clank,0x0004AD58,0x0004B810,0x09185510,internal_text,0x0000E2F4,0x09147FF4,0x0000E2F4,0x0000E2F4,WF-003
LEVEL_09,9,Inside Clank,0x0004AD58,0x0004B82C,0x0918552C,internal_text,0x0000E2F4,0x09147FF4,0x0000E2F4,0x0000E2F4,WF-003
LEVEL_09,9,Inside Clank,0x0004AD58,0x0004B848,0x09185548,internal_text,0x0000E2F4,0x09147FF4,0x0000E2F4,0x0000E2F4,WF-003
LEVEL_09,9,Inside Clank,0x0004AD58,0x0004B8C4,0x091855C4,internal_text,0x000F0558,0x0922A258,0x000F0558,0x000F0558,WF-003
LEVEL_09,9,Inside Clank,0x0004AD58,0x0004B91C,0x0918561C,internal_text,0x00032998,0x0916C698,0x00032998,0x00032998,WF-003
LEVEL_09,9,Inside Clank,0x0004AD58,0x0004B9A0,0x091856A0,internal_text,0x00032948,0x0916C648,0x00032948,0x00032948,WF-003
LEVEL_09,9,Inside Clank,0x0004AD58,0x0004B9CC,0x091856CC,internal_text,0x000495D0,0x091832D0,0x000495D0,0x000495D0,WF-003
LEVEL_09,9,Inside Clank,0x0004AD58,0x0004BA00,0x09185700,internal_text,0x00047AA8,0x091817A8,0x00047AA8,0x00047AA8,WF-003
LEVEL_09,9,Inside Clank,0x0004AD58,0x0004BA28,0x09185728,internal_text,0x0000E290,0x09147F90,0x0000E290,0x0000E290,WF-003
LEVEL_09,9,Inside Clank,0x0004AD58,0x0004BA44,0x09185744,internal_text,0x0000E290,0x09147F90,0x0000E290,0x0000E290,WF-003
LEVEL_09,9,Inside Clank,0x0004AD58,0x0004BA60,0x09185760,internal_text,0x0000E290,0x09147F90,0x0000E290,0x0000E290,WF-003
LEVEL_09,9,Inside Clank,0x0004AD58,0x0004BA88,0x09185788,internal_text,0x0000E2F4,0x09147FF4,0x0000E2F4,0x0000E2F4,WF-003
LEVEL_09,9,Inside Clank,0x0004AD58,0x0004BAA4,0x091857A4,internal_text,0x0000E2F4,0x09147FF4,0x0000E2F4,0x0000E2F4,WF-003
LEVEL_09,9,Inside Clank,0x0004AD58,0x0004BAC0,0x091857C0,internal_text,0x0000E2F4,0x09147FF4,0x0000E2F4,0x0000E2F4,WF-003
LEVEL_09,9,Inside Clank,0x0004AD58,0x0004BB3C,0x0918583C,internal_text,0x000F0558,0x0922A258,0x000F0558,0x000F0558,WF-003
LEVEL_09,9,Inside Clank,0x0004AD58,0x0004BB60,0x09185860,internal_text,0x000676D0,0x091A13D0,0x000676D0,0x000676D0,WF-003
LEVEL_09,9,Inside Clank,0x0004AD58,0x0004BB84,0x09185884,internal_text,0x000676F8,0x091A13F8,0x000676F8,0x000676F8,WF-003
LEVEL_09,9,Inside Clank,0x0004AD58,0x0004BC20,0x09185920,internal_text,0x00067A24,0x091A1724,0x00067A24,MOBY_BlendMobyAnim,WF-003
LEVEL_09,9,Inside Clank,0x0004AD58,0x0004BC28,0x09185928,internal_text,0x00136FD8,0x09270CD8,0x00136FD8,0x00136FD8,WF-003
LEVEL_09,9,Inside Clank,0x0004AD58,0x0004BC5C,0x0918595C,internal_text,0x00136FA0,0x09270CA0,0x00136FA0,0x00136FA0,WF-003
LEVEL_09,9,Inside Clank,0x0004AD58,0x0004BC80,0x09185980,internal_text,0x0002D73C,0x0916743C,0x0002D73C,0x0002D73C,WF-003
LEVEL_09,9,Inside Clank,0x0004AD58,0x0004BC90,0x09185990,internal_text,0x0002D73C,0x0916743C,0x0002D73C,0x0002D73C,WF-003
LEVEL_09,9,Inside Clank,0x0004AD58,0x0004BCDC,0x091859DC,internal_text,0x0004998C,0x0918368C,0x0004998C,0x0004998C,WF-003
LEVEL_09,9,Inside Clank,0x0004AD58,0x0004BD40,0x09185A40,internal_text,0x0004A8BC,0x091845BC,0x0004A8BC,ht_grindlock_switches,WF-003
LEVEL_09,9,Inside Clank,0x00053148,0x00053178,0x0918CE78,internal_text,0x00030768,0x0916A468,0x00030768,0x00030768,WF-004
LEVEL_09,9,Inside Clank,0x00053148,0x00053180,0x0918CE80,internal_text,0x00045DDC,0x0917FADC,0x00045DDC,0x00045DDC,WF-004
LEVEL_09,9,Inside Clank,0x00053148,0x000531A8,0x0918CEA8,internal_text,0x0000E35C,0x0914805C,0x0000E35C,0x0000E35C,WF-004
LEVEL_09,9,Inside Clank,0x00053148,0x000531C0,0x0918CEC0,internal_text,0x000533F4,0x0918D0F4,0x000533F4,0x000533F4,WF-004
LEVEL_09,9,Inside Clank,0x00053148,0x000531C8,0x0918CEC8,internal_text,0x00053804,0x0918D504,0x00053804,0x00053804,WF-004
LEVEL_09,9,Inside Clank,0x00053148,0x00053204,0x0918CF04,internal_text,0x00052C68,0x0918C968,0x00052C68,0x00052C68,WF-004
LEVEL_09,9,Inside Clank,0x00053148,0x00053228,0x0918CF28,internal_text,0x000A3130,0x091DCE30,0x000A3130,0x000A3130,WF-004
LEVEL_09,9,Inside Clank,0x00104CA0,0x00104D08,0x0923EA08,internal_text,0x0000E35C,0x0914805C,0x0000E35C,0x0000E35C,WF-008
LEVEL_09,9,Inside Clank,0x00104CA0,0x00104D28,0x0923EA28,internal_text,0x0000E35C,0x0914805C,0x0000E35C,0x0000E35C,WF-008
LEVEL_09,9,Inside Clank,0x00104CA0,0x00104D84,0x0923EA84,internal_text,0x0010657C,0x0924027C,0x0010657C,0x0010657C,WF-008
LEVEL_09,9,Inside Clank,0x00104CA0,0x00104D94,0x0923EA94,internal_text,0x00192014,0x092CBD14,0x00192014,0x00192014,WF-008
LEVEL_09,9,Inside Clank,0x00104CA0,0x00104E48,0x0923EB48,internal_text,0x00107B50,0x09241850,0x00107B50,0x00107B50,WF-008
LEVEL_09,9,Inside Clank,0x00104CA0,0x00104E60,0x0923EB60,internal_text,0x00104008,0x0923DD08,0x00104008,0x00104008,WF-008
LEVEL_09,9,Inside Clank,0x00104CA0,0x00104E90,0x0923EB90,internal_text,0x0010657C,0x0924027C,0x0010657C,0x0010657C,WF-008
LEVEL_09,9,Inside Clank,0x00104EBC,0x00104EE0,0x0923EBE0,internal_text,0x00107B50,0x09241850,0x00107B50,0x00107B50,WF-009
LEVEL_09,9,Inside Clank,0x00104EBC,0x00104F3C,0x0923EC3C,internal_text,0x0010657C,0x0924027C,0x0010657C,0x0010657C,WF-009
LEVEL_09,9,Inside Clank,0x00104EBC,0x00104F64,0x0923EC64,internal_text,0x00105AE8,0x0923F7E8,0x00105AE8,0x00105AE8,WF-009
LEVEL_09,9,Inside Clank,0x00104EBC,0x00104F88,0x0923EC88,internal_text,0x0000E35C,0x0914805C,0x0000E35C,0x0000E35C,WF-009
LEVEL_09,9,Inside Clank,0x00104EBC,0x00104FA8,0x0923ECA8,internal_text,0x0000E35C,0x0914805C,0x0000E35C,0x0000E35C,WF-009
LEVEL_09,9,Inside Clank,0x00104EBC,0x0010500C,0x0923ED0C,internal_text,0x0010657C,0x0924027C,0x0010657C,0x0010657C,WF-009
LEVEL_09,9,Inside Clank,0x00104EBC,0x0010501C,0x0923ED1C,internal_text,0x00192014,0x092CBD14,0x00192014,0x00192014,WF-009
LEVEL_09,9,Inside Clank,0x00105184,0x001051B0,0x0923EEB0,internal_text,0x00105AE8,0x0923F7E8,0x00105AE8,0x00105AE8,WF-007
LEVEL_09,9,Inside Clank,0x00105184,0x001051D8,0x0923EED8,internal_text,0x0000E35C,0x0914805C,0x0000E35C,0x0000E35C,WF-007
LEVEL_09,9,Inside Clank,0x00105184,0x00105258,0x0923EF58,internal_text,0x0000E35C,0x0914805C,0x0000E35C,0x0000E35C,WF-007
LEVEL_09,9,Inside Clank,0x00105184,0x00105280,0x0923EF80,internal_text,0x0000E35C,0x0914805C,0x0000E35C,0x0000E35C,WF-007
LEVEL_09,9,Inside Clank,0x00105184,0x001052DC,0x0923EFDC,internal_text,0x00192014,0x092CBD14,0x00192014,0x00192014,WF-007
LEVEL_09,9,Inside Clank,0x00105184,0x001053FC,0x0923F0FC,internal_text,0x00019454,0x09153154,0x00019454,0x00019454,WF-007
LEVEL_09,9,Inside Clank,0x00105184,0x00105470,0x0923F170,internal_text,0x0010657C,0x0924027C,0x0010657C,0x0010657C,WF-007
LEVEL_09,9,Inside Clank,0x00107B50,0x00107B8C,0x0924188C,internal_text,0x00105580,0x0923F280,0x00105580,0x00105580,WF-010
LEVEL_09,9,Inside Clank,0x00107B50,0x00107C64,0x09241964,internal_text,0x0000E35C,0x0914805C,0x0000E35C,0x0000E35C,WF-010
LEVEL_09,9,Inside Clank,0x00107B50,0x00107CE4,0x092419E4,internal_text,0x000109E0,0x0914A6E0,0x000109E0,0x000109E0,WF-010
LEVEL_09,9,Inside Clank,0x00107B50,0x00107D24,0x09241A24,internal_text,0x0000E35C,0x0914805C,0x0000E35C,0x0000E35C,WF-010
LEVEL_09,9,Inside Clank,0x00107B50,0x00107D9C,0x09241A9C,internal_text,0x000109E0,0x0914A6E0,0x000109E0,0x000109E0,WF-010
LEVEL_09,9,Inside Clank,0x00107B50,0x00107DC4,0x09241AC4,internal_text,0x001995F0,0x092D32F0,0x001995F0,0x001995F0,WF-010
LEVEL_09,9,Inside Clank,0x00107B50,0x00107DFC,0x09241AFC,internal_text,0x00191034,0x092CAD34,0x00191034,0x00191034,WF-010
LEVEL_09,9,Inside Clank,0x00107B50,0x00107E08,0x09241B08,internal_text,0x0019115C,0x092CAE5C,0x0019115C,0x0019115C,WF-010
LEVEL_09,9,Inside Clank,0x00107B50,0x00107E34,0x09241B34,internal_text,0x001995F0,0x092D32F0,0x001995F0,0x001995F0,WF-010
LEVEL_09,9,Inside Clank,0x00107B50,0x00107ECC,0x09241BCC,internal_text,0x00019454,0x09153154,0x00019454,0x00019454,WF-010
LEVEL_09,9,Inside Clank,0x00107B50,0x00107F00,0x09241C00,internal_text,0x00018DC0,0x09152AC0,0x00018DC0,0x00018DC0,WF-010
LEVEL_09,9,Inside Clank,0x00107B50,0x00107FDC,0x09241CDC,internal_text,0x00069F40,0x091A3C40,0x00069F40,0x00069F40,WF-010
LEVEL_09,9,Inside Clank,0x00107B50,0x00108078,0x09241D78,internal_text,0x0008751C,0x091C121C,0x0008751C,0x0008751C,WF-010
LEVEL_09,9,Inside Clank,0x00139510,0x00139598,0x09273298,internal_text,0x00016850,0x09150550,0x00016850,0x00016850,WF-016
LEVEL_09,9,Inside Clank,0x00139510,0x00139624,0x09273324,internal_text,0x0006E8BC,0x091A85BC,0x0006E8BC,0x0006E8BC,WF-016
LEVEL_09,9,Inside Clank,0x00139510,0x001396D0,0x092733D0,internal_text,0x0006E8BC,0x091A85BC,0x0006E8BC,0x0006E8BC,WF-016
LEVEL_09,9,Inside Clank,0x00139510,0x00139750,0x09273450,internal_text,0x000691F0,0x091A2EF0,0x000691F0,0x000691F0,WF-016
LEVEL_09,9,Inside Clank,0x00139510,0x001397D0,0x092734D0,internal_text,0x000691F0,0x091A2EF0,0x000691F0,0x000691F0,WF-016
LEVEL_09,9,Inside Clank,0x00139510,0x00139820,0x09273520,internal_text,0x0000E35C,0x0914805C,0x0000E35C,0x0000E35C,WF-016
LEVEL_09,9,Inside Clank,0x00139510,0x00139978,0x09273678,internal_text,0x00069F40,0x091A3C40,0x00069F40,0x00069F40,WF-016
LEVEL_09,9,Inside Clank,0x00139510,0x00139A04,0x09273704,internal_text,0x000875BC,0x091C12BC,0x000875BC,0x000875BC,WF-016
LEVEL_09,9,Inside Clank,0x00139510,0x00139A40,0x09273740,internal_text,0x0008746C,0x091C116C,0x0008746C,0x0008746C,WF-016
LEVEL_09,9,Inside Clank,0x00139510,0x00139A7C,0x0927377C,internal_text,0x000875BC,0x091C12BC,0x000875BC,0x000875BC,WF-016
LEVEL_09,9,Inside Clank,0x00139510,0x00139AC4,0x092737C4,internal_text,0x0000E35C,0x0914805C,0x0000E35C,0x0000E35C,WF-016
LEVEL_09,9,Inside Clank,0x00139510,0x00139C1C,0x0927391C,internal_text,0x00069F40,0x091A3C40,0x00069F40,0x00069F40,WF-016
LEVEL_09,9,Inside Clank,0x00139510,0x00139CA8,0x092739A8,internal_text,0x000875BC,0x091C12BC,0x000875BC,0x000875BC,WF-016
LEVEL_09,9,Inside Clank,0x00139510,0x00139CE4,0x092739E4,internal_text,0x0008746C,0x091C116C,0x0008746C,0x0008746C,WF-016
LEVEL_09,9,Inside Clank,0x00139510,0x00139D20,0x09273A20,internal_text,0x000875BC,0x091C12BC,0x000875BC,0x000875BC,WF-016
LEVEL_09,9,Inside Clank,0x00155F5C,0x00155F9C,0x0928FC9C,internal_text,0x001551E8,0x0928EEE8,0x001551E8,0x001551E8,WF-006
LEVEL_09,9,Inside Clank,0x00155F5C,0x00155FB8,0x0928FCB8,internal_text,0x0000E35C,0x0914805C,0x0000E35C,0x0000E35C,WF-006
LEVEL_09,9,Inside Clank,0x00155F5C,0x00156000,0x0928FD00,internal_text,0x00192014,0x092CBD14,0x00192014,0x00192014,WF-006
LEVEL_09,9,Inside Clank,0x00155F5C,0x00156074,0x0928FD74,internal_text,0x00155404,0x0928F104,0x00155404,0x00155404,WF-006
LEVEL_09,9,Inside Clank,0x00155F5C,0x001560D4,0x0928FDD4,internal_text,0x00019454,0x09153154,0x00019454,0x00019454,WF-006
LEVEL_09,9,Inside Clank,0x00155F5C,0x0015614C,0x0928FE4C,internal_text,0x001551E8,0x0928EEE8,0x001551E8,0x001551E8,WF-006
LEVEL_09,9,Inside Clank,0x00155F5C,0x00156180,0x0928FE80,internal_text,0x000EE94C,0x0922864C,0x000EE94C,0x000EE94C,WF-006
LEVEL_09,9,Inside Clank,0x00155F5C,0x00156190,0x0928FE90,internal_text,0x000F2178,0x0922BE78,0x000F2178,0x000F2178,WF-006
LEVEL_09,9,Inside Clank,0x00155F5C,0x0015620C,0x0928FF0C,internal_text,0x00155404,0x0928F104,0x00155404,0x00155404,WF-006
LEVEL_09,9,Inside Clank,0x00155F5C,0x0015626C,0x0928FF6C,internal_text,0x00019454,0x09153154,0x00019454,0x00019454,WF-006
LEVEL_09,9,Inside Clank,0x001798FC,0x001799B4,0x092B36B4,internal_text,0x0000E35C,0x0914805C,0x0000E35C,0x0000E35C,WF-012
LEVEL_09,9,Inside Clank,0x001798FC,0x001799C4,0x092B36C4,internal_text,0x000EEF98,0x09228C98,0x000EEF98,0x000EEF98,WF-012
LEVEL_09,9,Inside Clank,0x001798FC,0x00179A3C,0x092B373C,internal_text,0x00179B9C,0x092B389C,0x00179B9C,0x00179B9C,WF-012
LEVEL_09,9,Inside Clank,0x001798FC,0x00179A68,0x092B3768,internal_text,0x00179DE4,0x092B3AE4,0x00179DE4,0x00179DE4,WF-012
LEVEL_09,9,Inside Clank,0x001798FC,0x00179A90,0x092B3790,internal_text,0x0017A474,0x092B4174,0x0017A474,0x0017A474,WF-012
LEVEL_09,9,Inside Clank,0x001798FC,0x00179ABC,0x092B37BC,internal_text,0x0017AC98,0x092B4998,0x0017AC98,0x0017AC98,WF-012
LEVEL_09,9,Inside Clank,0x0017A050,0x0017A0A0,0x092B3DA0,internal_text,0x0000E35C,0x0914805C,0x0000E35C,0x0000E35C,WF-011
LEVEL_09,9,Inside Clank,0x0017A050,0x0017A0BC,0x092B3DBC,internal_text,0x0000E35C,0x0914805C,0x0000E35C,0x0000E35C,WF-011
LEVEL_09,9,Inside Clank,0x0017A050,0x0017A0F0,0x092B3DF0,internal_text,0x00192014,0x092CBD14,0x00192014,0x00192014,WF-011
LEVEL_09,9,Inside Clank,0x0017A050,0x0017A124,0x092B3E24,internal_text,0x000EEF98,0x09228C98,0x000EEF98,0x000EEF98,WF-011
LEVEL_10,10,Quadrona,0x0000E2F0,0x0000E324,0x09148024,internal_text,0x0000E0D8,0x09147DD8,0x0000E0D8,0x0000E0D8,WF-005
LEVEL_10,10,Quadrona,0x0000E2F0,0x0000E340,0x09148040,internal_text,0x0000E0D8,0x09147DD8,0x0000E0D8,0x0000E0D8,WF-005
LEVEL_10,10,Quadrona,0x0000E2F0,0x0000E35C,0x0914805C,internal_text,0x0000E0D8,0x09147DD8,0x0000E0D8,0x0000E0D8,WF-005
LEVEL_10,10,Quadrona,0x0000E380,0x0000E3B4,0x091480B4,internal_text,0x0000E0D8,0x09147DD8,0x0000E0D8,0x0000E0D8,WF-018
LEVEL_10,10,Quadrona,0x0000E380,0x0000E3D0,0x091480D0,internal_text,0x0000E0D8,0x09147DD8,0x0000E0D8,0x0000E0D8,WF-018
LEVEL_10,10,Quadrona,0x0000E5D8,0x0000E614,0x09148314,internal_text,0x0000E0D8,0x09147DD8,0x0000E0D8,0x0000E0D8,WF-013
LEVEL_10,10,Quadrona,0x0000E5D8,0x0000E638,0x09148338,internal_text,0x0000E0D8,0x09147DD8,0x0000E0D8,0x0000E0D8,WF-013
LEVEL_10,10,Quadrona,0x0000E5D8,0x0000E674,0x09148374,internal_text,0x001AD9CC,0x092E76CC,0x001AD9CC,0x001AD9CC,WF-013
LEVEL_10,10,Quadrona,0x00028ED8,0x00028F8C,0x09162C8C,internal_text,0x001BD044,0x092F6D44,0x001BD044,0x001BD044,WF-014
LEVEL_10,10,Quadrona,0x00028ED8,0x00028FC4,0x09162CC4,internal_text,0x0000E0D8,0x09147DD8,0x0000E0D8,0x0000E0D8,WF-014
LEVEL_10,10,Quadrona,0x00028ED8,0x00028FE8,0x09162CE8,internal_text,0x0000E0D8,0x09147DD8,0x0000E0D8,0x0000E0D8,WF-014
LEVEL_10,10,Quadrona,0x00028ED8,0x0002900C,0x09162D0C,internal_text,0x0000E0D8,0x09147DD8,0x0000E0D8,0x0000E0D8,WF-014
LEVEL_10,10,Quadrona,0x000294EC,0x00029528,0x09163228,internal_text,0x0000E0D8,0x09147DD8,0x0000E0D8,0x0000E0D8,WF-021
LEVEL_10,10,Quadrona,0x000294EC,0x00029540,0x09163240,internal_text,0x00029564,0x09163264,0x00029564,0x00029564,WF-021
LEVEL_10,10,Quadrona,0x0002AA28,0x0002AA64,0x09164764,internal_text,0x00028D00,0x09162A00,0x00028D00,0x00028D00,WF-059
LEVEL_10,10,Quadrona,0x0002AA28,0x0002AAC0,0x091647C0,internal_text,0x001AD9CC,0x092E76CC,0x001AD9CC,0x001AD9CC,WF-059
LEVEL_10,10,Quadrona,0x0002AA28,0x0002AB7C,0x0916487C,internal_text,0x0000E0D8,0x09147DD8,0x0000E0D8,0x0000E0D8,WF-059
LEVEL_10,10,Quadrona,0x0002AA28,0x0002ABE0,0x091648E0,internal_text,0x00072244,0x091ABF44,0x00072244,0x00072244,WF-059
LEVEL_10,10,Quadrona,0x0002AA28,0x0002AC08,0x09164908,internal_text,0x0000EB8C,0x0914888C,0x0000EB8C,0x0000EB8C,WF-059
LEVEL_10,10,Quadrona,0x0002AA28,0x0002AC8C,0x0916498C,internal_text,0x00072244,0x091ABF44,0x00072244,0x00072244,WF-059
LEVEL_10,10,Quadrona,0x0002AA28,0x0002ACB4,0x091649B4,internal_text,0x0000EB8C,0x0914888C,0x0000EB8C,0x0000EB8C,WF-059
LEVEL_10,10,Quadrona,0x0002AA28,0x0002AD5C,0x09164A5C,internal_text,0x0002A2B8,0x09163FB8,0x0002A2B8,0x0002A2B8,WF-059
LEVEL_10,10,Quadrona,0x0002AA28,0x0002AD80,0x09164A80,internal_text,0x0000E6D4,0x091483D4,0x0000E6D4,0x0000E6D4,WF-059
LEVEL_10,10,Quadrona,0x0002AA28,0x0002ADD4,0x09164AD4,internal_text,0x0002A2DC,0x09163FDC,0x0002A2DC,0x0002A2DC,WF-059
LEVEL_10,10,Quadrona,0x00048A88,0x00048BB0,0x091828B0,internal_text,0x000F27F8,0x0922C4F8,0x000F27F8,0x000F27F8,WF-002
LEVEL_10,10,Quadrona,0x00048A88,0x00048BBC,0x091828BC,internal_text,0x001ACAFC,0x092E67FC,0x001ACAFC,0x001ACAFC,WF-002
LEVEL_10,10,Quadrona,0x00048A88,0x00048CE8,0x091829E8,internal_text,0x0000E0D8,0x09147DD8,0x0000E0D8,0x0000E0D8,WF-002
LEVEL_10,10,Quadrona,0x00048A88,0x00048D10,0x09182A10,internal_text,0x0000E158,0x09147E58,0x0000E158,0x0000E158,WF-002
LEVEL_10,10,Quadrona,0x00048A88,0x00048D24,0x09182A24,internal_text,0x000F3B3C,0x0922D83C,0x000F3B3C,0x000F3B3C,WF-002
LEVEL_10,10,Quadrona,0x00048A88,0x00048DE4,0x09182AE4,internal_text,0x001ACAFC,0x092E67FC,0x001ACAFC,0x001ACAFC,WF-002
LEVEL_10,10,Quadrona,0x00048E20,0x00048F74,0x09182C74,internal_text,0x00031790,0x0916B490,0x00031790,0x00031790,WF-001
LEVEL_10,10,Quadrona,0x00048E20,0x00049020,0x09182D20,internal_text,0x00048A88,0x09182788,0x00048A88,0x00048A88,WF-001
LEVEL_10,10,Quadrona,0x00048E20,0x00049030,0x09182D30,internal_text,0x00047C94,0x09181994,0x00047C94,0x00047C94,WF-001
LEVEL_10,10,Quadrona,0x00048E20,0x00049038,0x09182D38,internal_text,0x000482E4,0x09181FE4,0x000482E4,0x000482E4,WF-001
LEVEL_10,10,Quadrona,0x00048E20,0x00049040,0x09182D40,internal_text,0x000481F4,0x09181EF4,0x000481F4,0x000481F4,WF-001
LEVEL_10,10,Quadrona,0x00048E20,0x00049084,0x09182D84,internal_text,0x00031790,0x0916B490,0x00031790,0x00031790,WF-001
LEVEL_10,10,Quadrona,0x00048E20,0x00049134,0x09182E34,internal_text,0x00047C94,0x09181994,0x00047C94,0x00047C94,WF-001
LEVEL_10,10,Quadrona,0x00048E20,0x0004913C,0x09182E3C,internal_text,0x000482E4,0x09181FE4,0x000482E4,0x000482E4,WF-001
LEVEL_10,10,Quadrona,0x00048E20,0x00049148,0x09182E48,internal_text,0x00048A88,0x09182788,0x00048A88,0x00048A88,WF-001
LEVEL_10,10,Quadrona,0x00048E20,0x00049158,0x09182E58,internal_text,0x00047DC0,0x09181AC0,0x00047DC0,0x00047DC0,WF-001
LEVEL_10,10,Quadrona,0x00048E20,0x00049160,0x09182E60,internal_text,0x000481F4,0x09181EF4,0x000481F4,0x000481F4,WF-001
LEVEL_10,10,Quadrona,0x00048E20,0x00049218,0x09182F18,internal_text,0x000349B0,0x0916E6B0,0x000349B0,0x000349B0,WF-001
LEVEL_10,10,Quadrona,0x00048E20,0x00049244,0x09182F44,internal_text,0x00040A8C,0x0917A78C,0x00040A8C,0x00040A8C,WF-001
LEVEL_10,10,Quadrona,0x00048E20,0x00049264,0x09182F64,internal_text,0x0006AD68,0x091A4A68,0x0006AD68,0x0006AD68,WF-001
LEVEL_10,10,Quadrona,0x00048E20,0x000492B0,0x09182FB0,internal_text,0x0006B258,0x091A4F58,0x0006B258,0x0006B258,WF-001
LEVEL_10,10,Quadrona,0x00048E20,0x000492C8,0x09182FC8,internal_text,0x000764B0,0x091B01B0,0x000764B0,0x000764B0,WF-001
LEVEL_10,10,Quadrona,0x00048E20,0x000492E0,0x09182FE0,internal_text,0x0006AE40,0x091A4B40,0x0006AE40,MOBY_SnapMobyAnim,WF-001
LEVEL_10,10,Quadrona,0x00048E20,0x0004936C,0x0918306C,internal_text,0x00048A88,0x09182788,0x00048A88,0x00048A88,WF-001
LEVEL_10,10,Quadrona,0x00048E20,0x000493C4,0x091830C4,internal_text,0x0000E0D8,0x09147DD8,0x0000E0D8,0x0000E0D8,WF-001
LEVEL_10,10,Quadrona,0x00048E20,0x000493F8,0x091830F8,internal_text,0x0000E0D8,0x09147DD8,0x0000E0D8,0x0000E0D8,WF-001
LEVEL_10,10,Quadrona,0x00048E20,0x00049408,0x09183108,internal_text,0x00047DC0,0x09181AC0,0x00047DC0,0x00047DC0,WF-001
LEVEL_10,10,Quadrona,0x00048E20,0x00049410,0x09183110,internal_text,0x000481F4,0x09181EF4,0x000481F4,0x000481F4,WF-001
LEVEL_10,10,Quadrona,0x00048E20,0x0004941C,0x0918311C,internal_text,0x00034A00,0x0916E700,0x00034A00,0x00034A00,WF-001
LEVEL_10,10,Quadrona,0x00048E20,0x00049464,0x09183164,internal_text,0x00034A00,0x0916E700,0x00034A00,0x00034A00,WF-001
LEVEL_10,10,Quadrona,0x00048E20,0x00049494,0x09183194,internal_text,0x000349B0,0x0916E6B0,0x000349B0,0x000349B0,WF-001
LEVEL_10,10,Quadrona,0x00048E20,0x000494AC,0x091831AC,internal_text,0x00048480,0x09182180,0x00048480,0x00048480,WF-001
LEVEL_10,10,Quadrona,0x00048E20,0x000494B4,0x091831B4,internal_text,0x000484C0,0x091821C0,0x000484C0,0x000484C0,WF-001
LEVEL_10,10,Quadrona,0x00048E20,0x000494C0,0x091831C0,internal_text,0x00048A88,0x09182788,0x00048A88,0x00048A88,WF-001
LEVEL_10,10,Quadrona,0x00048E20,0x000494D0,0x091831D0,internal_text,0x00047DC0,0x09181AC0,0x00047DC0,0x00047DC0,WF-001
LEVEL_10,10,Quadrona,0x00048E20,0x000494DC,0x091831DC,internal_text,0x00034A00,0x0916E700,0x00034A00,0x00034A00,WF-001
LEVEL_10,10,Quadrona,0x00048E20,0x00049504,0x09183204,internal_text,0x00048480,0x09182180,0x00048480,0x00048480,WF-001
LEVEL_10,10,Quadrona,0x00048E20,0x0004950C,0x0918320C,internal_text,0x000484C0,0x091821C0,0x000484C0,0x000484C0,WF-001
LEVEL_10,10,Quadrona,0x00048E20,0x00049518,0x09183218,internal_text,0x00048A88,0x09182788,0x00048A88,0x00048A88,WF-001
LEVEL_10,10,Quadrona,0x00048E20,0x00049528,0x09183228,internal_text,0x00047DC0,0x09181AC0,0x00047DC0,0x00047DC0,WF-001
LEVEL_10,10,Quadrona,0x00048E20,0x00049530,0x09183230,internal_text,0x00048520,0x09182220,0x00048520,0x00048520,WF-001
LEVEL_10,10,Quadrona,0x00048E20,0x00049574,0x09183274,internal_text,0x0000E0D8,0x09147DD8,0x0000E0D8,0x0000E0D8,WF-001
LEVEL_10,10,Quadrona,0x00048E20,0x00049584,0x09183284,internal_text,0x00047DC0,0x09181AC0,0x00047DC0,0x00047DC0,WF-001
LEVEL_10,10,Quadrona,0x00048E20,0x000495BC,0x091832BC,internal_text,0x00034A00,0x0916E700,0x00034A00,0x00034A00,WF-001
LEVEL_10,10,Quadrona,0x00048E20,0x000495EC,0x091832EC,internal_text,0x000481F4,0x09181EF4,0x000481F4,0x000481F4,WF-001
LEVEL_10,10,Quadrona,0x00048E20,0x000495F4,0x091832F4,internal_text,0x0006AD68,0x091A4A68,0x0006AD68,0x0006AD68,WF-001
LEVEL_10,10,Quadrona,0x00048E20,0x00049604,0x09183304,internal_text,0x000764B0,0x091B01B0,0x000764B0,0x000764B0,WF-001
LEVEL_10,10,Quadrona,0x00048E20,0x0004969C,0x0918339C,internal_text,0x00047948,0x09181648,0x00047948,0x00047948,WF-001
LEVEL_10,10,Quadrona,0x00048E20,0x000496A8,0x091833A8,internal_text,0x00034A00,0x0916E700,0x00034A00,0x00034A00,WF-001
LEVEL_10,10,Quadrona,0x00048E20,0x000496D4,0x091833D4,internal_text,0x00047948,0x09181648,0x00047948,0x00047948,WF-001
LEVEL_10,10,Quadrona,0x00048E20,0x000496F4,0x091833F4,internal_text,0x0005AB28,0x09194828,0x0005AB28,0x0005AB28,WF-001
LEVEL_10,10,Quadrona,0x00048E20,0x00049708,0x09183408,internal_text,0x0005AB28,0x09194828,0x0005AB28,0x0005AB28,WF-001
LEVEL_10,10,Quadrona,0x00048E20,0x00049710,0x09183410,internal_text,0x0005ACAC,0x091949AC,0x0005ACAC,0x0005ACAC,WF-001
LEVEL_10,10,Quadrona,0x00048E20,0x00049728,0x09183428,internal_text,0x0005B184,0x09194E84,0x0005B184,0x0005B184,WF-001
LEVEL_10,10,Quadrona,0x00048E20,0x00049778,0x09183478,internal_text,0x00146470,0x09280170,0x00146470,0x00146470,WF-001
LEVEL_10,10,Quadrona,0x00048E20,0x00049794,0x09183494,internal_text,0x0005ACF8,0x091949F8,0x0005ACF8,0x0005ACF8,WF-001
LEVEL_10,10,Quadrona,0x00048E20,0x000497CC,0x091834CC,internal_text,0x00048A88,0x09182788,0x00048A88,0x00048A88,WF-001
LEVEL_10,10,Quadrona,0x00048E20,0x000497D4,0x091834D4,internal_text,0x000481F4,0x09181EF4,0x000481F4,0x000481F4,WF-001
LEVEL_10,10,Quadrona,0x0004CDC0,0x0004CE90,0x09186B90,internal_text,0x0004B638,0x09185338,0x0004B638,0x0004B638,WF-003
LEVEL_10,10,Quadrona,0x0004CDC0,0x0004CF64,0x09186C64,internal_text,0x0004B808,0x09185508,0x0004B808,0x0004B808,WF-003
LEVEL_10,10,Quadrona,0x0004CDC0,0x0004CFC4,0x09186CC4,internal_text,0x0004B418,0x09185118,0x0004B418,0x0004B418,WF-003
LEVEL_10,10,Quadrona,0x0004CDC0,0x0004CFF8,0x09186CF8,internal_text,0x00049B10,0x09183810,0x00049B10,0x00049B10,WF-003
LEVEL_10,10,Quadrona,0x0004CDC0,0x0004D020,0x09186D20,internal_text,0x0000E00C,0x09147D0C,0x0000E00C,0x0000E00C,WF-003
LEVEL_10,10,Quadrona,0x0004CDC0,0x0004D03C,0x09186D3C,internal_text,0x0000E00C,0x09147D0C,0x0000E00C,0x0000E00C,WF-003
LEVEL_10,10,Quadrona,0x0004CDC0,0x0004D058,0x09186D58,internal_text,0x0000E00C,0x09147D0C,0x0000E00C,0x0000E00C,WF-003
LEVEL_10,10,Quadrona,0x0004CDC0,0x0004D080,0x09186D80,internal_text,0x0000E070,0x09147D70,0x0000E070,0x0000E070,WF-003
LEVEL_10,10,Quadrona,0x0004CDC0,0x0004D09C,0x09186D9C,internal_text,0x0000E070,0x09147D70,0x0000E070,0x0000E070,WF-003
LEVEL_10,10,Quadrona,0x0004CDC0,0x0004D0B8,0x09186DB8,internal_text,0x0000E070,0x09147D70,0x0000E070,0x0000E070,WF-003
LEVEL_10,10,Quadrona,0x0004CDC0,0x0004D134,0x09186E34,internal_text,0x000F4A1C,0x0922E71C,0x000F4A1C,0x000F4A1C,WF-003
LEVEL_10,10,Quadrona,0x0004CDC0,0x0004D15C,0x09186E5C,internal_text,0x00034A00,0x0916E700,0x00034A00,0x00034A00,WF-003
LEVEL_10,10,Quadrona,0x0004CDC0,0x0004D1BC,0x09186EBC,internal_text,0x000349B0,0x0916E6B0,0x000349B0,0x000349B0,WF-003
LEVEL_10,10,Quadrona,0x0004CDC0,0x0004D1D4,0x09186ED4,internal_text,0x0004AAAC,0x091847AC,0x0004AAAC,0x0004AAAC,WF-003
LEVEL_10,10,Quadrona,0x0004CDC0,0x0004D1FC,0x09186EFC,internal_text,0x00034A7C,0x0916E77C,0x00034A7C,0x00034A7C,WF-003
LEVEL_10,10,Quadrona,0x0004CDC0,0x0004D21C,0x09186F1C,internal_text,0x000497FC,0x091834FC,0x000497FC,0x000497FC,WF-003
LEVEL_10,10,Quadrona,0x0004CDC0,0x0004D244,0x09186F44,internal_text,0x00141FC0,0x0927BCC0,0x00141FC0,0x00141FC0,WF-003
LEVEL_10,10,Quadrona,0x0004CDC0,0x0004D254,0x09186F54,internal_text,0x00142048,0x0927BD48,0x00142048,0x00142048,WF-003
LEVEL_10,10,Quadrona,0x0004CDC0,0x0004D2D0,0x09186FD0,internal_text,0x00141FC0,0x0927BCC0,0x00141FC0,0x00141FC0,WF-003
LEVEL_10,10,Quadrona,0x0004CDC0,0x0004D300,0x09187000,internal_text,0x0006B0D8,0x091A4DD8,0x0006B0D8,MOBY_BlendMobyAnim,WF-003
LEVEL_10,10,Quadrona,0x0004CDC0,0x0004D330,0x09187030,internal_text,0x0000E00C,0x09147D0C,0x0000E00C,0x0000E00C,WF-003
LEVEL_10,10,Quadrona,0x0004CDC0,0x0004D34C,0x0918704C,internal_text,0x0000E00C,0x09147D0C,0x0000E00C,0x0000E00C,WF-003
LEVEL_10,10,Quadrona,0x0004CDC0,0x0004D368,0x09187068,internal_text,0x0000E00C,0x09147D0C,0x0000E00C,0x0000E00C,WF-003
LEVEL_10,10,Quadrona,0x0004CDC0,0x0004D390,0x09187090,internal_text,0x0000E070,0x09147D70,0x0000E070,0x0000E070,WF-003
LEVEL_10,10,Quadrona,0x0004CDC0,0x0004D3AC,0x091870AC,internal_text,0x0000E070,0x09147D70,0x0000E070,0x0000E070,WF-003
LEVEL_10,10,Quadrona,0x0004CDC0,0x0004D3C8,0x091870C8,internal_text,0x0000E070,0x09147D70,0x0000E070,0x0000E070,WF-003
LEVEL_10,10,Quadrona,0x0004CDC0,0x0004D444,0x09187144,internal_text,0x000F4A1C,0x0922E71C,0x000F4A1C,0x000F4A1C,WF-003
LEVEL_10,10,Quadrona,0x0004CDC0,0x0004D468,0x09187168,internal_text,0x001ACAFC,0x092E67FC,0x001ACAFC,0x001ACAFC,WF-003
LEVEL_10,10,Quadrona,0x0004CDC0,0x0004D48C,0x0918718C,internal_text,0x001ACAFC,0x092E67FC,0x001ACAFC,0x001ACAFC,WF-003
LEVEL_10,10,Quadrona,0x0004CDC0,0x0004D4B0,0x091871B0,internal_text,0x001ACAFC,0x092E67FC,0x001ACAFC,0x001ACAFC,WF-003
LEVEL_10,10,Quadrona,0x0004CDC0,0x0004D538,0x09187238,internal_text,0x000349B0,0x0916E6B0,0x000349B0,0x000349B0,WF-003
LEVEL_10,10,Quadrona,0x0004CDC0,0x0004D590,0x09187290,internal_text,0x0000E070,0x09147D70,0x0000E070,0x0000E070,WF-003
LEVEL_10,10,Quadrona,0x0004CDC0,0x0004D5AC,0x091872AC,internal_text,0x0000E070,0x09147D70,0x0000E070,0x0000E070,WF-003
LEVEL_10,10,Quadrona,0x0004CDC0,0x0004D5C8,0x091872C8,internal_text,0x0000E070,0x09147D70,0x0000E070,0x0000E070,WF-003
LEVEL_10,10,Quadrona,0x0004CDC0,0x0004D644,0x09187344,internal_text,0x000F4A1C,0x0922E71C,0x000F4A1C,0x000F4A1C,WF-003
LEVEL_10,10,Quadrona,0x0004CDC0,0x0004D670,0x09187370,internal_text,0x00033260,0x0916CF60,0x00033260,0x00033260,WF-003
LEVEL_10,10,Quadrona,0x0004CDC0,0x0004D678,0x09187378,internal_text,0x0003328C,0x0916CF8C,0x0003328C,0x0003328C,WF-003
LEVEL_10,10,Quadrona,0x0004CDC0,0x0004D680,0x09187380,internal_text,0x00040E6C,0x0917AB6C,0x00040E6C,0x00040E6C,WF-003
LEVEL_10,10,Quadrona,0x0004CDC0,0x0004D69C,0x0918739C,internal_text,0x0000E0D8,0x09147DD8,0x0000E0D8,0x0000E0D8,WF-003
LEVEL_10,10,Quadrona,0x0004CDC0,0x0004D6AC,0x091873AC,internal_text,0x0003238C,0x0916C08C,0x0003238C,0x0003238C,WF-003
LEVEL_10,10,Quadrona,0x0004CDC0,0x0004D6C0,0x091873C0,internal_text,0x0004046C,0x0917A16C,0x0004046C,0x0004046C,WF-003
LEVEL_10,10,Quadrona,0x0004CDC0,0x0004D754,0x09187454,internal_text,0x0016CA20,0x092A6720,0x0016CA20,0x0016CA20,WF-003
LEVEL_10,10,Quadrona,0x0004CDC0,0x0004D7BC,0x091874BC,internal_text,0x0004B638,0x09185338,0x0004B638,0x0004B638,WF-003
LEVEL_10,10,Quadrona,0x0004CDC0,0x0004D7F0,0x091874F0,internal_text,0x00049B10,0x09183810,0x00049B10,0x00049B10,WF-003
LEVEL_10,10,Quadrona,0x0004CDC0,0x0004D818,0x09187518,internal_text,0x0000E00C,0x09147D0C,0x0000E00C,0x0000E00C,WF-003
LEVEL_10,10,Quadrona,0x0004CDC0,0x0004D834,0x09187534,internal_text,0x0000E00C,0x09147D0C,0x0000E00C,0x0000E00C,WF-003
LEVEL_10,10,Quadrona,0x0004CDC0,0x0004D850,0x09187550,internal_text,0x0000E00C,0x09147D0C,0x0000E00C,0x0000E00C,WF-003
LEVEL_10,10,Quadrona,0x0004CDC0,0x0004D878,0x09187578,internal_text,0x0000E070,0x09147D70,0x0000E070,0x0000E070,WF-003
LEVEL_10,10,Quadrona,0x0004CDC0,0x0004D894,0x09187594,internal_text,0x0000E070,0x09147D70,0x0000E070,0x0000E070,WF-003
LEVEL_10,10,Quadrona,0x0004CDC0,0x0004D8B0,0x091875B0,internal_text,0x0000E070,0x09147D70,0x0000E070,0x0000E070,WF-003
LEVEL_10,10,Quadrona,0x0004CDC0,0x0004D92C,0x0918762C,internal_text,0x000F4A1C,0x0922E71C,0x000F4A1C,0x000F4A1C,WF-003
LEVEL_10,10,Quadrona,0x0004CDC0,0x0004D984,0x09187684,internal_text,0x00034A00,0x0916E700,0x00034A00,0x00034A00,WF-003
LEVEL_10,10,Quadrona,0x0004CDC0,0x0004DA08,0x09187708,internal_text,0x000349B0,0x0916E6B0,0x000349B0,0x000349B0,WF-003
LEVEL_10,10,Quadrona,0x0004CDC0,0x0004DA34,0x09187734,internal_text,0x0004B638,0x09185338,0x0004B638,0x0004B638,WF-003
LEVEL_10,10,Quadrona,0x0004CDC0,0x0004DA68,0x09187768,internal_text,0x00049B10,0x09183810,0x00049B10,0x00049B10,WF-003
LEVEL_10,10,Quadrona,0x0004CDC0,0x0004DA90,0x09187790,internal_text,0x0000E00C,0x09147D0C,0x0000E00C,0x0000E00C,WF-003
LEVEL_10,10,Quadrona,0x0004CDC0,0x0004DAAC,0x091877AC,internal_text,0x0000E00C,0x09147D0C,0x0000E00C,0x0000E00C,WF-003
LEVEL_10,10,Quadrona,0x0004CDC0,0x0004DAC8,0x091877C8,internal_text,0x0000E00C,0x09147D0C,0x0000E00C,0x0000E00C,WF-003
LEVEL_10,10,Quadrona,0x0004CDC0,0x0004DAF0,0x091877F0,internal_text,0x0000E070,0x09147D70,0x0000E070,0x0000E070,WF-003
LEVEL_10,10,Quadrona,0x0004CDC0,0x0004DB0C,0x0918780C,internal_text,0x0000E070,0x09147D70,0x0000E070,0x0000E070,WF-003
LEVEL_10,10,Quadrona,0x0004CDC0,0x0004DB28,0x09187828,internal_text,0x0000E070,0x09147D70,0x0000E070,0x0000E070,WF-003
LEVEL_10,10,Quadrona,0x0004CDC0,0x0004DBA4,0x091878A4,internal_text,0x000F4A1C,0x0922E71C,0x000F4A1C,0x000F4A1C,WF-003
LEVEL_10,10,Quadrona,0x0004CDC0,0x0004DBC8,0x091878C8,internal_text,0x0006AD68,0x091A4A68,0x0006AD68,0x0006AD68,WF-003
LEVEL_10,10,Quadrona,0x0004CDC0,0x0004DBEC,0x091878EC,internal_text,0x0006AD90,0x091A4A90,0x0006AD90,0x0006AD90,WF-003
LEVEL_10,10,Quadrona,0x0004CDC0,0x0004DC88,0x09187988,internal_text,0x0006B0D8,0x091A4DD8,0x0006B0D8,MOBY_BlendMobyAnim,WF-003
LEVEL_10,10,Quadrona,0x0004CDC0,0x0004DC90,0x09187990,internal_text,0x0014349C,0x0927D19C,0x0014349C,0x0014349C,WF-003
LEVEL_10,10,Quadrona,0x0004CDC0,0x0004DCC4,0x091879C4,internal_text,0x00143464,0x0927D164,0x00143464,0x00143464,WF-003
LEVEL_10,10,Quadrona,0x0004CDC0,0x0004DCE8,0x091879E8,internal_text,0x0002F7E8,0x091694E8,0x0002F7E8,0x0002F7E8,WF-003
LEVEL_10,10,Quadrona,0x0004CDC0,0x0004DCF8,0x091879F8,internal_text,0x0002F7E8,0x091694E8,0x0002F7E8,0x0002F7E8,WF-003
LEVEL_10,10,Quadrona,0x0004CDC0,0x0004DD44,0x09187A44,internal_text,0x0004B9F4,0x091856F4,0x0004B9F4,0x0004B9F4,WF-003
LEVEL_10,10,Quadrona,0x0004CDC0,0x0004DDA8,0x09187AA8,internal_text,0x0004C924,0x09186624,0x0004C924,ht_grindlock_switches,WF-003
LEVEL_10,10,Quadrona,0x00055218,0x00055248,0x0918EF48,internal_text,0x00032838,0x0916C538,0x00032838,0x00032838,WF-004
LEVEL_10,10,Quadrona,0x00055218,0x00055250,0x0918EF50,internal_text,0x00047E44,0x09181B44,0x00047E44,0x00047E44,WF-004
LEVEL_10,10,Quadrona,0x00055218,0x00055278,0x0918EF78,internal_text,0x0000E0D8,0x09147DD8,0x0000E0D8,0x0000E0D8,WF-004
LEVEL_10,10,Quadrona,0x00055218,0x00055290,0x0918EF90,internal_text,0x000554C4,0x0918F1C4,0x000554C4,0x000554C4,WF-004
LEVEL_10,10,Quadrona,0x00055218,0x00055298,0x0918EF98,internal_text,0x000558D4,0x0918F5D4,0x000558D4,0x000558D4,WF-004
LEVEL_10,10,Quadrona,0x00055218,0x000552D4,0x0918EFD4,internal_text,0x00054D38,0x0918EA38,0x00054D38,0x00054D38,WF-004
LEVEL_10,10,Quadrona,0x00055218,0x000552F8,0x0918EFF8,internal_text,0x000A6958,0x091E0658,0x000A6958,0x000A6958,WF-004
LEVEL_10,10,Quadrona,0x00109210,0x00109278,0x09242F78,internal_text,0x0000E0D8,0x09147DD8,0x0000E0D8,0x0000E0D8,WF-008
LEVEL_10,10,Quadrona,0x00109210,0x00109298,0x09242F98,internal_text,0x0000E0D8,0x09147DD8,0x0000E0D8,0x0000E0D8,WF-008
LEVEL_10,10,Quadrona,0x00109210,0x001092F4,0x09242FF4,internal_text,0x0010AAEC,0x092447EC,0x0010AAEC,0x0010AAEC,WF-008
LEVEL_10,10,Quadrona,0x00109210,0x00109304,0x09243004,internal_text,0x001AD9CC,0x092E76CC,0x001AD9CC,0x001AD9CC,WF-008
LEVEL_10,10,Quadrona,0x00109210,0x001093B8,0x092430B8,internal_text,0x0010C0C0,0x09245DC0,0x0010C0C0,0x0010C0C0,WF-008
LEVEL_10,10,Quadrona,0x00109210,0x001093D0,0x092430D0,internal_text,0x00108578,0x09242278,0x00108578,0x00108578,WF-008
LEVEL_10,10,Quadrona,0x00109210,0x00109400,0x09243100,internal_text,0x0010AAEC,0x092447EC,0x0010AAEC,0x0010AAEC,WF-008
LEVEL_10,10,Quadrona,0x0010942C,0x00109450,0x09243150,internal_text,0x0010C0C0,0x09245DC0,0x0010C0C0,0x0010C0C0,WF-009
LEVEL_10,10,Quadrona,0x0010942C,0x001094AC,0x092431AC,internal_text,0x0010AAEC,0x092447EC,0x0010AAEC,0x0010AAEC,WF-009
LEVEL_10,10,Quadrona,0x0010942C,0x001094D4,0x092431D4,internal_text,0x0010A058,0x09243D58,0x0010A058,0x0010A058,WF-009
LEVEL_10,10,Quadrona,0x0010942C,0x001094F8,0x092431F8,internal_text,0x0000E0D8,0x09147DD8,0x0000E0D8,0x0000E0D8,WF-009
LEVEL_10,10,Quadrona,0x0010942C,0x00109518,0x09243218,internal_text,0x0000E0D8,0x09147DD8,0x0000E0D8,0x0000E0D8,WF-009
LEVEL_10,10,Quadrona,0x0010942C,0x0010957C,0x0924327C,internal_text,0x0010AAEC,0x092447EC,0x0010AAEC,0x0010AAEC,WF-009
LEVEL_10,10,Quadrona,0x0010942C,0x0010958C,0x0924328C,internal_text,0x001AD9CC,0x092E76CC,0x001AD9CC,0x001AD9CC,WF-009
LEVEL_10,10,Quadrona,0x001096F4,0x00109720,0x09243420,internal_text,0x0010A058,0x09243D58,0x0010A058,0x0010A058,WF-007
LEVEL_10,10,Quadrona,0x001096F4,0x00109748,0x09243448,internal_text,0x0000E0D8,0x09147DD8,0x0000E0D8,0x0000E0D8,WF-007
LEVEL_10,10,Quadrona,0x001096F4,0x001097C8,0x092434C8,internal_text,0x0000E0D8,0x09147DD8,0x0000E0D8,0x0000E0D8,WF-007
LEVEL_10,10,Quadrona,0x001096F4,0x001097F0,0x092434F0,internal_text,0x0000E0D8,0x09147DD8,0x0000E0D8,0x0000E0D8,WF-007
LEVEL_10,10,Quadrona,0x001096F4,0x0010984C,0x0924354C,internal_text,0x001AD9CC,0x092E76CC,0x001AD9CC,0x001AD9CC,WF-007
LEVEL_10,10,Quadrona,0x001096F4,0x0010996C,0x0924366C,internal_text,0x00019888,0x09153588,0x00019888,0x00019888,WF-007
LEVEL_10,10,Quadrona,0x001096F4,0x001099E0,0x092436E0,internal_text,0x0010AAEC,0x092447EC,0x0010AAEC,0x0010AAEC,WF-007
LEVEL_10,10,Quadrona,0x0010C0C0,0x0010C0FC,0x09245DFC,internal_text,0x00109AF0,0x092437F0,0x00109AF0,0x00109AF0,WF-010
LEVEL_10,10,Quadrona,0x0010C0C0,0x0010C1D4,0x09245ED4,internal_text,0x0000E0D8,0x09147DD8,0x0000E0D8,0x0000E0D8,WF-010
LEVEL_10,10,Quadrona,0x0010C0C0,0x0010C254,0x09245F54,internal_text,0x00010A2C,0x0914A72C,0x00010A2C,0x00010A2C,WF-010
LEVEL_10,10,Quadrona,0x0010C0C0,0x0010C294,0x09245F94,internal_text,0x0000E0D8,0x09147DD8,0x0000E0D8,0x0000E0D8,WF-010
LEVEL_10,10,Quadrona,0x0010C0C0,0x0010C30C,0x0924600C,internal_text,0x00010A2C,0x0914A72C,0x00010A2C,0x00010A2C,WF-010
LEVEL_10,10,Quadrona,0x0010C0C0,0x0010C334,0x09246034,internal_text,0x001B4FA8,0x092EECA8,0x001B4FA8,0x001B4FA8,WF-010
LEVEL_10,10,Quadrona,0x0010C0C0,0x0010C36C,0x0924606C,internal_text,0x001AC9EC,0x092E66EC,0x001AC9EC,0x001AC9EC,WF-010
LEVEL_10,10,Quadrona,0x0010C0C0,0x0010C378,0x09246078,internal_text,0x001ACB14,0x092E6814,0x001ACB14,0x001ACB14,WF-010
LEVEL_10,10,Quadrona,0x0010C0C0,0x0010C3A4,0x092460A4,internal_text,0x001B4FA8,0x092EECA8,0x001B4FA8,0x001B4FA8,WF-010
LEVEL_10,10,Quadrona,0x0010C0C0,0x0010C43C,0x0924613C,internal_text,0x00019888,0x09153588,0x00019888,0x00019888,WF-010
LEVEL_10,10,Quadrona,0x0010C0C0,0x0010C470,0x09246170,internal_text,0x000191F4,0x09152EF4,0x000191F4,0x000191F4,WF-010
LEVEL_10,10,Quadrona,0x0010C0C0,0x0010C54C,0x0924624C,internal_text,0x0006D620,0x091A7320,0x0006D620,0x0006D620,WF-010
LEVEL_10,10,Quadrona,0x0010C0C0,0x0010C5E8,0x092462E8,internal_text,0x0008AC68,0x091C4968,0x0008AC68,0x0008AC68,WF-010
LEVEL_10,10,Quadrona,0x00145B88,0x00145C10,0x0927F910,internal_text,0x00016AB8,0x091507B8,0x00016AB8,0x00016AB8,WF-016
LEVEL_10,10,Quadrona,0x00145B88,0x00145C9C,0x0927F99C,internal_text,0x00071FF8,0x091ABCF8,0x00071FF8,0x00071FF8,WF-016
LEVEL_10,10,Quadrona,0x00145B88,0x00145D48,0x0927FA48,internal_text,0x00071FF8,0x091ABCF8,0x00071FF8,0x00071FF8,WF-016
LEVEL_10,10,Quadrona,0x00145B88,0x00145DC8,0x0927FAC8,internal_text,0x0006C8A4,0x091A65A4,0x0006C8A4,0x0006C8A4,WF-016
LEVEL_10,10,Quadrona,0x00145B88,0x00145E48,0x0927FB48,internal_text,0x0006C8A4,0x091A65A4,0x0006C8A4,0x0006C8A4,WF-016
LEVEL_10,10,Quadrona,0x00145B88,0x00145E98,0x0927FB98,internal_text,0x0000E0D8,0x09147DD8,0x0000E0D8,0x0000E0D8,WF-016
LEVEL_10,10,Quadrona,0x00145B88,0x00145FF0,0x0927FCF0,internal_text,0x0006D620,0x091A7320,0x0006D620,0x0006D620,WF-016
LEVEL_10,10,Quadrona,0x00145B88,0x0014607C,0x0927FD7C,internal_text,0x0008AD08,0x091C4A08,0x0008AD08,0x0008AD08,WF-016
LEVEL_10,10,Quadrona,0x00145B88,0x001460B8,0x0927FDB8,internal_text,0x0008ABB8,0x091C48B8,0x0008ABB8,0x0008ABB8,WF-016
LEVEL_10,10,Quadrona,0x00145B88,0x001460F4,0x0927FDF4,internal_text,0x0008AD08,0x091C4A08,0x0008AD08,0x0008AD08,WF-016
LEVEL_10,10,Quadrona,0x00145B88,0x0014613C,0x0927FE3C,internal_text,0x0000E0D8,0x09147DD8,0x0000E0D8,0x0000E0D8,WF-016
LEVEL_10,10,Quadrona,0x00145B88,0x00146294,0x0927FF94,internal_text,0x0006D620,0x091A7320,0x0006D620,0x0006D620,WF-016
LEVEL_10,10,Quadrona,0x00145B88,0x00146320,0x09280020,internal_text,0x0008AD08,0x091C4A08,0x0008AD08,0x0008AD08,WF-016
LEVEL_10,10,Quadrona,0x00145B88,0x0014635C,0x0928005C,internal_text,0x0008ABB8,0x091C48B8,0x0008ABB8,0x0008ABB8,WF-016
LEVEL_10,10,Quadrona,0x00145B88,0x00146398,0x09280098,internal_text,0x0008AD08,0x091C4A08,0x0008AD08,0x0008AD08,WF-016
LEVEL_10,10,Quadrona,0x00167144,0x00167184,0x092A0E84,internal_text,0x001663D0,0x092A00D0,0x001663D0,0x001663D0,WF-006
LEVEL_10,10,Quadrona,0x00167144,0x001671A0,0x092A0EA0,internal_text,0x0000E0D8,0x09147DD8,0x0000E0D8,0x0000E0D8,WF-006
LEVEL_10,10,Quadrona,0x00167144,0x001671E8,0x092A0EE8,internal_text,0x001AD9CC,0x092E76CC,0x001AD9CC,0x001AD9CC,WF-006
LEVEL_10,10,Quadrona,0x00167144,0x0016725C,0x092A0F5C,internal_text,0x001665EC,0x092A02EC,0x001665EC,0x001665EC,WF-006
LEVEL_10,10,Quadrona,0x00167144,0x001672BC,0x092A0FBC,internal_text,0x00019888,0x09153588,0x00019888,0x00019888,WF-006
LEVEL_10,10,Quadrona,0x00167144,0x00167334,0x092A1034,internal_text,0x001663D0,0x092A00D0,0x001663D0,0x001663D0,WF-006
LEVEL_10,10,Quadrona,0x00167144,0x00167368,0x092A1068,internal_text,0x000F2DE4,0x0922CAE4,0x000F2DE4,0x000F2DE4,WF-006
LEVEL_10,10,Quadrona,0x00167144,0x00167378,0x092A1078,internal_text,0x000F66B8,0x092303B8,0x000F66B8,0x000F66B8,WF-006
LEVEL_10,10,Quadrona,0x00167144,0x001673F4,0x092A10F4,internal_text,0x001665EC,0x092A02EC,0x001665EC,0x001665EC,WF-006
LEVEL_10,10,Quadrona,0x00167144,0x00167454,0x092A1154,internal_text,0x00019888,0x09153588,0x00019888,0x00019888,WF-006
LEVEL_10,10,Quadrona,0x0018A570,0x0018A5BC,0x092C42BC,internal_text,0x00022744,0x0915C444,0x00022744,0x00022744,WF-019
LEVEL_10,10,Quadrona,0x0018A570,0x0018A5CC,0x092C42CC,internal_text,0x0018A224,0x092C3F24,0x0018A224,0x0018A224,WF-019
LEVEL_10,10,Quadrona,0x0018A570,0x0018A5FC,0x092C42FC,internal_text,0x00071FF8,0x091ABCF8,0x00071FF8,0x00071FF8,WF-019
LEVEL_10,10,Quadrona,0x0018A570,0x0018A62C,0x092C432C,internal_text,0x00143670,0x0927D370,0x00143670,0x00143670,WF-019
LEVEL_10,10,Quadrona,0x0018A570,0x0018A63C,0x092C433C,internal_text,0x0018A450,0x092C4150,0x0018A450,0x0018A450,WF-019
LEVEL_10,10,Quadrona,0x0018A570,0x0018A680,0x092C4380,internal_text,0x0000E0D8,0x09147DD8,0x0000E0D8,0x0000E0D8,WF-019
LEVEL_10,10,Quadrona,0x0018A570,0x0018A724,0x092C4424,internal_text,0x0006A748,0x091A4448,0x0006A748,MOBY_DestroyMoby,WF-019
LEVEL_10,10,Quadrona,0x0018A570,0x0018A734,0x092C4434,internal_text,0x0002269C,0x0915C39C,0x0002269C,0x0002269C,WF-019
LEVEL_10,10,Quadrona,0x0018A570,0x0018A7D4,0x092C44D4,internal_text,0x0006D620,0x091A7320,0x0006D620,0x0006D620,WF-019
LEVEL_10,10,Quadrona,0x0018A570,0x0018A870,0x092C4570,internal_text,0x0008AC68,0x091C4968,0x0008AC68,0x0008AC68,WF-019
LEVEL_10,10,Quadrona,0x0018A570,0x0018A900,0x092C4600,internal_text,0x0000E0D8,0x09147DD8,0x0000E0D8,0x0000E0D8,WF-019
LEVEL_10,10,Quadrona,0x0018A570,0x0018A944,0x092C4644,internal_text,0x0018A450,0x092C4150,0x0018A450,0x0018A450,WF-019
LEVEL_10,10,Quadrona,0x0018A570,0x0018A99C,0x092C469C,internal_text,0x00022710,0x0915C410,0x00022710,0x00022710,WF-019
LEVEL_10,10,Quadrona,0x0018A570,0x0018AA30,0x092C4730,internal_text,0x0006D620,0x091A7320,0x0006D620,0x0006D620,WF-019
LEVEL_10,10,Quadrona,0x0018A570,0x0018AACC,0x092C47CC,internal_text,0x0008AC68,0x091C4968,0x0008AC68,0x0008AC68,WF-019
LEVEL_10,10,Quadrona,0x0018A570,0x0018AB28,0x092C4828,internal_text,0x00071FF8,0x091ABCF8,0x00071FF8,0x00071FF8,WF-019
LEVEL_10,10,Quadrona,0x0018A570,0x0018AB38,0x092C4838,internal_text,0x00002370,0x0913C070,0x00002370,0x00002370,WF-019
LEVEL_10,10,Quadrona,0x0018A570,0x0018AB44,0x092C4844,internal_text,0x00071FF8,0x091ABCF8,0x00071FF8,0x00071FF8,WF-019
LEVEL_10,10,Quadrona,0x0018A570,0x0018ABA4,0x092C48A4,internal_text,0x0006C8A4,0x091A65A4,0x0006C8A4,0x0006C8A4,WF-019
LEVEL_10,10,Quadrona,0x0018A570,0x0018ABC0,0x092C48C0,internal_text,0x00022710,0x0915C410,0x00022710,0x00022710,WF-019
LEVEL_10,10,Quadrona,0x00193BB8,0x00193C70,0x092CD970,internal_text,0x0000E0D8,0x09147DD8,0x0000E0D8,0x0000E0D8,WF-012
LEVEL_10,10,Quadrona,0x00193BB8,0x00193C80,0x092CD980,internal_text,0x000F3430,0x0922D130,0x000F3430,0x000F3430,WF-012
LEVEL_10,10,Quadrona,0x00193BB8,0x00193CF8,0x092CD9F8,internal_text,0x00193E58,0x092CDB58,0x00193E58,0x00193E58,WF-012
LEVEL_10,10,Quadrona,0x00193BB8,0x00193D24,0x092CDA24,internal_text,0x001940A0,0x092CDDA0,0x001940A0,0x001940A0,WF-012
LEVEL_10,10,Quadrona,0x00193BB8,0x00193D4C,0x092CDA4C,internal_text,0x00194730,0x092CE430,0x00194730,0x00194730,WF-012
LEVEL_10,10,Quadrona,0x00193BB8,0x00193D78,0x092CDA78,internal_text,0x00194F54,0x092CEC54,0x00194F54,0x00194F54,WF-012
LEVEL_10,10,Quadrona,0x0019430C,0x0019435C,0x092CE05C,internal_text,0x0000E0D8,0x09147DD8,0x0000E0D8,0x0000E0D8,WF-011
LEVEL_10,10,Quadrona,0x0019430C,0x00194378,0x092CE078,internal_text,0x0000E0D8,0x09147DD8,0x0000E0D8,0x0000E0D8,WF-011
LEVEL_10,10,Quadrona,0x0019430C,0x001943AC,0x092CE0AC,internal_text,0x001AD9CC,0x092E76CC,0x001AD9CC,0x001AD9CC,WF-011
LEVEL_10,10,Quadrona,0x0019430C,0x001943E0,0x092CE0E0,internal_text,0x000F3430,0x0922D130,0x000F3430,0x000F3430,WF-011
LEVEL_15,15,Giant Clank — niveau 4,0x0003C5CC,0x0003C6F4,0x091763F4,internal_text,0x000C7840,0x09201540,0x000C7840,0x000C7840,WF-002
LEVEL_15,15,Giant Clank — niveau 4,0x0003C5CC,0x0003C700,0x09176400,internal_text,0x001140C0,0x0924DDC0,0x001140C0,0x001140C0,WF-002
LEVEL_15,15,Giant Clank — niveau 4,0x0003C5CC,0x0003C82C,0x0917652C,internal_text,0x0000D8E8,0x091475E8,0x0000D8E8,0x0000D8E8,WF-002
LEVEL_15,15,Giant Clank — niveau 4,0x0003C5CC,0x0003C854,0x09176554,internal_text,0x0000D968,0x09147668,0x0000D968,0x0000D968,WF-002
LEVEL_15,15,Giant Clank — niveau 4,0x0003C5CC,0x0003C868,0x09176568,internal_text,0x000C8984,0x09202684,0x000C8984,0x000C8984,WF-002
LEVEL_15,15,Giant Clank — niveau 4,0x0003C5CC,0x0003C928,0x09176628,internal_text,0x001140C0,0x0924DDC0,0x001140C0,0x001140C0,WF-002
LEVEL_15,15,Giant Clank — niveau 4,0x0003C964,0x0003CAB8,0x091767B8,internal_text,0x00028840,0x09162540,0x00028840,0x00028840,WF-001
LEVEL_15,15,Giant Clank — niveau 4,0x0003C964,0x0003CB64,0x09176864,internal_text,0x0003C5CC,0x091762CC,0x0003C5CC,0x0003C5CC,WF-001
LEVEL_15,15,Giant Clank — niveau 4,0x0003C964,0x0003CB74,0x09176874,internal_text,0x0003B7D8,0x091754D8,0x0003B7D8,0x0003B7D8,WF-001
LEVEL_15,15,Giant Clank — niveau 4,0x0003C964,0x0003CB7C,0x0917687C,internal_text,0x0003BE28,0x09175B28,0x0003BE28,0x0003BE28,WF-001
LEVEL_15,15,Giant Clank — niveau 4,0x0003C964,0x0003CB84,0x09176884,internal_text,0x0003BD38,0x09175A38,0x0003BD38,0x0003BD38,WF-001
LEVEL_15,15,Giant Clank — niveau 4,0x0003C964,0x0003CBC8,0x091768C8,internal_text,0x00028840,0x09162540,0x00028840,0x00028840,WF-001
LEVEL_15,15,Giant Clank — niveau 4,0x0003C964,0x0003CC78,0x09176978,internal_text,0x0003B7D8,0x091754D8,0x0003B7D8,0x0003B7D8,WF-001
LEVEL_15,15,Giant Clank — niveau 4,0x0003C964,0x0003CC80,0x09176980,internal_text,0x0003BE28,0x09175B28,0x0003BE28,0x0003BE28,WF-001
LEVEL_15,15,Giant Clank — niveau 4,0x0003C964,0x0003CC8C,0x0917698C,internal_text,0x0003C5CC,0x091762CC,0x0003C5CC,0x0003C5CC,WF-001
LEVEL_15,15,Giant Clank — niveau 4,0x0003C964,0x0003CC9C,0x0917699C,internal_text,0x0003B904,0x09175604,0x0003B904,0x0003B904,WF-001
LEVEL_15,15,Giant Clank — niveau 4,0x0003C964,0x0003CCA4,0x091769A4,internal_text,0x0003BD38,0x09175A38,0x0003BD38,0x0003BD38,WF-001
LEVEL_15,15,Giant Clank — niveau 4,0x0003C964,0x0003CD5C,0x09176A5C,internal_text,0x0002B79C,0x0916549C,0x0002B79C,0x0002B79C,WF-001
LEVEL_15,15,Giant Clank — niveau 4,0x0003C964,0x0003CD88,0x09176A88,internal_text,0x00034FB8,0x0916ECB8,0x00034FB8,0x00034FB8,WF-001
LEVEL_15,15,Giant Clank — niveau 4,0x0003C964,0x0003CDA8,0x09176AA8,internal_text,0x00053940,0x0918D640,0x00053940,0x00053940,WF-001
LEVEL_15,15,Giant Clank — niveau 4,0x0003C964,0x0003CDF4,0x09176AF4,internal_text,0x00053CAC,0x0918D9AC,0x00053CAC,0x00053CAC,WF-001
LEVEL_15,15,Giant Clank — niveau 4,0x0003C964,0x0003CE0C,0x09176B0C,internal_text,0x0005E900,0x09198600,0x0005E900,0x0005E900,WF-001
LEVEL_15,15,Giant Clank — niveau 4,0x0003C964,0x0003CE24,0x09176B24,internal_text,0x000539FC,0x0918D6FC,0x000539FC,MOBY_SnapMobyAnim,WF-001
LEVEL_15,15,Giant Clank — niveau 4,0x0003C964,0x0003CEB0,0x09176BB0,internal_text,0x0003C5CC,0x091762CC,0x0003C5CC,0x0003C5CC,WF-001
LEVEL_15,15,Giant Clank — niveau 4,0x0003C964,0x0003CF08,0x09176C08,internal_text,0x0000D8E8,0x091475E8,0x0000D8E8,0x0000D8E8,WF-001
LEVEL_15,15,Giant Clank — niveau 4,0x0003C964,0x0003CF3C,0x09176C3C,internal_text,0x0000D8E8,0x091475E8,0x0000D8E8,0x0000D8E8,WF-001
LEVEL_15,15,Giant Clank — niveau 4,0x0003C964,0x0003CF4C,0x09176C4C,internal_text,0x0003B904,0x09175604,0x0003B904,0x0003B904,WF-001
LEVEL_15,15,Giant Clank — niveau 4,0x0003C964,0x0003CF54,0x09176C54,internal_text,0x0003BD38,0x09175A38,0x0003BD38,0x0003BD38,WF-001
LEVEL_15,15,Giant Clank — niveau 4,0x0003C964,0x0003CF60,0x09176C60,internal_text,0x0002B7EC,0x091654EC,0x0002B7EC,0x0002B7EC,WF-001
LEVEL_15,15,Giant Clank — niveau 4,0x0003C964,0x0003CFA8,0x09176CA8,internal_text,0x0002B7EC,0x091654EC,0x0002B7EC,0x0002B7EC,WF-001
LEVEL_15,15,Giant Clank — niveau 4,0x0003C964,0x0003CFD8,0x09176CD8,internal_text,0x0002B79C,0x0916549C,0x0002B79C,0x0002B79C,WF-001
LEVEL_15,15,Giant Clank — niveau 4,0x0003C964,0x0003CFF0,0x09176CF0,internal_text,0x0003BFC4,0x09175CC4,0x0003BFC4,0x0003BFC4,WF-001
LEVEL_15,15,Giant Clank — niveau 4,0x0003C964,0x0003CFF8,0x09176CF8,internal_text,0x0003C004,0x09175D04,0x0003C004,0x0003C004,WF-001
LEVEL_15,15,Giant Clank — niveau 4,0x0003C964,0x0003D004,0x09176D04,internal_text,0x0003C5CC,0x091762CC,0x0003C5CC,0x0003C5CC,WF-001
LEVEL_15,15,Giant Clank — niveau 4,0x0003C964,0x0003D014,0x09176D14,internal_text,0x0003B904,0x09175604,0x0003B904,0x0003B904,WF-001
LEVEL_15,15,Giant Clank — niveau 4,0x0003C964,0x0003D020,0x09176D20,internal_text,0x0002B7EC,0x091654EC,0x0002B7EC,0x0002B7EC,WF-001
LEVEL_15,15,Giant Clank — niveau 4,0x0003C964,0x0003D048,0x09176D48,internal_text,0x0003BFC4,0x09175CC4,0x0003BFC4,0x0003BFC4,WF-001
LEVEL_15,15,Giant Clank — niveau 4,0x0003C964,0x0003D050,0x09176D50,internal_text,0x0003C004,0x09175D04,0x0003C004,0x0003C004,WF-001
LEVEL_15,15,Giant Clank — niveau 4,0x0003C964,0x0003D05C,0x09176D5C,internal_text,0x0003C5CC,0x091762CC,0x0003C5CC,0x0003C5CC,WF-001
LEVEL_15,15,Giant Clank — niveau 4,0x0003C964,0x0003D06C,0x09176D6C,internal_text,0x0003B904,0x09175604,0x0003B904,0x0003B904,WF-001
LEVEL_15,15,Giant Clank — niveau 4,0x0003C964,0x0003D074,0x09176D74,internal_text,0x0003C064,0x09175D64,0x0003C064,0x0003C064,WF-001
LEVEL_15,15,Giant Clank — niveau 4,0x0003C964,0x0003D0B8,0x09176DB8,internal_text,0x0000D8E8,0x091475E8,0x0000D8E8,0x0000D8E8,WF-001
LEVEL_15,15,Giant Clank — niveau 4,0x0003C964,0x0003D0C8,0x09176DC8,internal_text,0x0003B904,0x09175604,0x0003B904,0x0003B904,WF-001
LEVEL_15,15,Giant Clank — niveau 4,0x0003C964,0x0003D100,0x09176E00,internal_text,0x0002B7EC,0x091654EC,0x0002B7EC,0x0002B7EC,WF-001
LEVEL_15,15,Giant Clank — niveau 4,0x0003C964,0x0003D130,0x09176E30,internal_text,0x0003BD38,0x09175A38,0x0003BD38,0x0003BD38,WF-001
LEVEL_15,15,Giant Clank — niveau 4,0x0003C964,0x0003D138,0x09176E38,internal_text,0x00053940,0x0918D640,0x00053940,0x00053940,WF-001
LEVEL_15,15,Giant Clank — niveau 4,0x0003C964,0x0003D148,0x09176E48,internal_text,0x0005E900,0x09198600,0x0005E900,0x0005E900,WF-001
LEVEL_15,15,Giant Clank — niveau 4,0x0003C964,0x0003D1E0,0x09176EE0,internal_text,0x0003B48C,0x0917518C,0x0003B48C,0x0003B48C,WF-001
LEVEL_15,15,Giant Clank — niveau 4,0x0003C964,0x0003D1EC,0x09176EEC,internal_text,0x0002B7EC,0x091654EC,0x0002B7EC,0x0002B7EC,WF-001
LEVEL_15,15,Giant Clank — niveau 4,0x0003C964,0x0003D218,0x09176F18,internal_text,0x0003B48C,0x0917518C,0x0003B48C,0x0003B48C,WF-001
LEVEL_15,15,Giant Clank — niveau 4,0x0003C964,0x0003D238,0x09176F38,internal_text,0x0004DF7C,0x09187C7C,0x0004DF7C,0x0004DF7C,WF-001
LEVEL_15,15,Giant Clank — niveau 4,0x0003C964,0x0003D24C,0x09176F4C,internal_text,0x0004DF7C,0x09187C7C,0x0004DF7C,0x0004DF7C,WF-001
LEVEL_15,15,Giant Clank — niveau 4,0x0003C964,0x0003D254,0x09176F54,internal_text,0x0004E100,0x09187E00,0x0004E100,0x0004E100,WF-001
LEVEL_15,15,Giant Clank — niveau 4,0x0003C964,0x0003D26C,0x09176F6C,internal_text,0x0004E518,0x09188218,0x0004E518,0x0004E518,WF-001
LEVEL_15,15,Giant Clank — niveau 4,0x0003C964,0x0003D2BC,0x09176FBC,internal_text,0x000D4D20,0x0920EA20,0x000D4D20,0x000D4D20,WF-001
LEVEL_15,15,Giant Clank — niveau 4,0x0003C964,0x0003D2D8,0x09176FD8,internal_text,0x0004E14C,0x09187E4C,0x0004E14C,0x0004E14C,WF-001
LEVEL_15,15,Giant Clank — niveau 4,0x0003C964,0x0003D310,0x09177010,internal_text,0x0003C5CC,0x091762CC,0x0003C5CC,0x0003C5CC,WF-001
LEVEL_15,15,Giant Clank — niveau 4,0x0003C964,0x0003D318,0x09177018,internal_text,0x0003BD38,0x09175A38,0x0003BD38,0x0003BD38,WF-001
LEVEL_15,15,Giant Clank — niveau 4,0x0004047C,0x0004054C,0x0917A24C,internal_text,0x0003F17C,0x09178E7C,0x0003F17C,0x0003F17C,WF-003
LEVEL_15,15,Giant Clank — niveau 4,0x0004047C,0x00040620,0x0917A320,internal_text,0x0003F34C,0x0917904C,0x0003F34C,0x0003F34C,WF-003
LEVEL_15,15,Giant Clank — niveau 4,0x0004047C,0x00040680,0x0917A380,internal_text,0x0003EF5C,0x09178C5C,0x0003EF5C,0x0003EF5C,WF-003
LEVEL_15,15,Giant Clank — niveau 4,0x0004047C,0x000406B4,0x0917A3B4,internal_text,0x0003D654,0x09177354,0x0003D654,0x0003D654,WF-003
LEVEL_15,15,Giant Clank — niveau 4,0x0004047C,0x000406DC,0x0917A3DC,internal_text,0x0000D81C,0x0914751C,0x0000D81C,0x0000D81C,WF-003
LEVEL_15,15,Giant Clank — niveau 4,0x0004047C,0x000406F8,0x0917A3F8,internal_text,0x0000D81C,0x0914751C,0x0000D81C,0x0000D81C,WF-003
LEVEL_15,15,Giant Clank — niveau 4,0x0004047C,0x00040714,0x0917A414,internal_text,0x0000D81C,0x0914751C,0x0000D81C,0x0000D81C,WF-003
LEVEL_15,15,Giant Clank — niveau 4,0x0004047C,0x0004073C,0x0917A43C,internal_text,0x0000D880,0x09147580,0x0000D880,0x0000D880,WF-003
LEVEL_15,15,Giant Clank — niveau 4,0x0004047C,0x00040758,0x0917A458,internal_text,0x0000D880,0x09147580,0x0000D880,0x0000D880,WF-003
LEVEL_15,15,Giant Clank — niveau 4,0x0004047C,0x00040774,0x0917A474,internal_text,0x0000D880,0x09147580,0x0000D880,0x0000D880,WF-003
LEVEL_15,15,Giant Clank — niveau 4,0x0004047C,0x000407F0,0x0917A4F0,internal_text,0x000C9648,0x09203348,0x000C9648,0x000C9648,WF-003
LEVEL_15,15,Giant Clank — niveau 4,0x0004047C,0x00040818,0x0917A518,internal_text,0x0002B7EC,0x091654EC,0x0002B7EC,0x0002B7EC,WF-003
LEVEL_15,15,Giant Clank — niveau 4,0x0004047C,0x00040878,0x0917A578,internal_text,0x0002B79C,0x0916549C,0x0002B79C,0x0002B79C,WF-003
LEVEL_15,15,Giant Clank — niveau 4,0x0004047C,0x00040890,0x0917A590,internal_text,0x0003E5F0,0x091782F0,0x0003E5F0,0x0003E5F0,WF-003
LEVEL_15,15,Giant Clank — niveau 4,0x0004047C,0x000408B8,0x0917A5B8,internal_text,0x0002B868,0x09165568,0x0002B868,0x0002B868,WF-003
LEVEL_15,15,Giant Clank — niveau 4,0x0004047C,0x000408D8,0x0917A5D8,internal_text,0x0003D340,0x09177040,0x0003D340,0x0003D340,WF-003
LEVEL_15,15,Giant Clank — niveau 4,0x0004047C,0x00040900,0x0917A600,internal_text,0x000D4CA0,0x0920E9A0,0x000D4CA0,0x000D4CA0,WF-003
LEVEL_15,15,Giant Clank — niveau 4,0x0004047C,0x00040910,0x0917A610,internal_text,0x000D4CA8,0x0920E9A8,0x000D4CA8,0x000D4CA8,WF-003
LEVEL_15,15,Giant Clank — niveau 4,0x0004047C,0x0004098C,0x0917A68C,internal_text,0x000D4CA0,0x0920E9A0,0x000D4CA0,0x000D4CA0,WF-003
LEVEL_15,15,Giant Clank — niveau 4,0x0004047C,0x000409BC,0x0917A6BC,internal_text,0x00053B2C,0x0918D82C,0x00053B2C,MOBY_BlendMobyAnim,WF-003
LEVEL_15,15,Giant Clank — niveau 4,0x0004047C,0x000409EC,0x0917A6EC,internal_text,0x0000D81C,0x0914751C,0x0000D81C,0x0000D81C,WF-003
LEVEL_15,15,Giant Clank — niveau 4,0x0004047C,0x00040A08,0x0917A708,internal_text,0x0000D81C,0x0914751C,0x0000D81C,0x0000D81C,WF-003
LEVEL_15,15,Giant Clank — niveau 4,0x0004047C,0x00040A24,0x0917A724,internal_text,0x0000D81C,0x0914751C,0x0000D81C,0x0000D81C,WF-003
LEVEL_15,15,Giant Clank — niveau 4,0x0004047C,0x00040A4C,0x0917A74C,internal_text,0x0000D880,0x09147580,0x0000D880,0x0000D880,WF-003
LEVEL_15,15,Giant Clank — niveau 4,0x0004047C,0x00040A68,0x0917A768,internal_text,0x0000D880,0x09147580,0x0000D880,0x0000D880,WF-003
LEVEL_15,15,Giant Clank — niveau 4,0x0004047C,0x00040A84,0x0917A784,internal_text,0x0000D880,0x09147580,0x0000D880,0x0000D880,WF-003
LEVEL_15,15,Giant Clank — niveau 4,0x0004047C,0x00040B00,0x0917A800,internal_text,0x000C9648,0x09203348,0x000C9648,0x000C9648,WF-003
LEVEL_15,15,Giant Clank — niveau 4,0x0004047C,0x00040B24,0x0917A824,internal_text,0x001140C0,0x0924DDC0,0x001140C0,0x001140C0,WF-003
LEVEL_15,15,Giant Clank — niveau 4,0x0004047C,0x00040B48,0x0917A848,internal_text,0x001140C0,0x0924DDC0,0x001140C0,0x001140C0,WF-003
LEVEL_15,15,Giant Clank — niveau 4,0x0004047C,0x00040B6C,0x0917A86C,internal_text,0x001140C0,0x0924DDC0,0x001140C0,0x001140C0,WF-003
LEVEL_15,15,Giant Clank — niveau 4,0x0004047C,0x00040BF4,0x0917A8F4,internal_text,0x0002B79C,0x0916549C,0x0002B79C,0x0002B79C,WF-003
LEVEL_15,15,Giant Clank — niveau 4,0x0004047C,0x00040C4C,0x0917A94C,internal_text,0x0000D880,0x09147580,0x0000D880,0x0000D880,WF-003
LEVEL_15,15,Giant Clank — niveau 4,0x0004047C,0x00040C68,0x0917A968,internal_text,0x0000D880,0x09147580,0x0000D880,0x0000D880,WF-003
LEVEL_15,15,Giant Clank — niveau 4,0x0004047C,0x00040C84,0x0917A984,internal_text,0x0000D880,0x09147580,0x0000D880,0x0000D880,WF-003
LEVEL_15,15,Giant Clank — niveau 4,0x0004047C,0x00040D00,0x0917AA00,internal_text,0x000C9648,0x09203348,0x000C9648,0x000C9648,WF-003
LEVEL_15,15,Giant Clank — niveau 4,0x0004047C,0x00040D2C,0x0917AA2C,internal_text,0x0002A310,0x09164010,0x0002A310,0x0002A310,WF-003
LEVEL_15,15,Giant Clank — niveau 4,0x0004047C,0x00040D34,0x0917AA34,internal_text,0x0002A33C,0x0916403C,0x0002A33C,0x0002A33C,WF-003
LEVEL_15,15,Giant Clank — niveau 4,0x0004047C,0x00040D3C,0x0917AA3C,internal_text,0x00035398,0x0916F098,0x00035398,0x00035398,WF-003
LEVEL_15,15,Giant Clank — niveau 4,0x0004047C,0x00040D58,0x0917AA58,internal_text,0x0000D8E8,0x091475E8,0x0000D8E8,0x0000D8E8,WF-003
LEVEL_15,15,Giant Clank — niveau 4,0x0004047C,0x00040D68,0x0917AA68,internal_text,0x0002943C,0x0916313C,0x0002943C,0x0002943C,WF-003
LEVEL_15,15,Giant Clank — niveau 4,0x0004047C,0x00040D7C,0x0917AA7C,internal_text,0x00034998,0x0916E698,0x00034998,0x00034998,WF-003
LEVEL_15,15,Giant Clank — niveau 4,0x0004047C,0x00040E10,0x0917AB10,internal_text,0x000D4D70,0x0920EA70,0x000D4D70,0x000D4D70,WF-003
LEVEL_15,15,Giant Clank — niveau 4,0x0004047C,0x00040E78,0x0917AB78,internal_text,0x0003F17C,0x09178E7C,0x0003F17C,0x0003F17C,WF-003
LEVEL_15,15,Giant Clank — niveau 4,0x0004047C,0x00040EAC,0x0917ABAC,internal_text,0x0003D654,0x09177354,0x0003D654,0x0003D654,WF-003
LEVEL_15,15,Giant Clank — niveau 4,0x0004047C,0x00040ED4,0x0917ABD4,internal_text,0x0000D81C,0x0914751C,0x0000D81C,0x0000D81C,WF-003
LEVEL_15,15,Giant Clank — niveau 4,0x0004047C,0x00040EF0,0x0917ABF0,internal_text,0x0000D81C,0x0914751C,0x0000D81C,0x0000D81C,WF-003
LEVEL_15,15,Giant Clank — niveau 4,0x0004047C,0x00040F0C,0x0917AC0C,internal_text,0x0000D81C,0x0914751C,0x0000D81C,0x0000D81C,WF-003
LEVEL_15,15,Giant Clank — niveau 4,0x0004047C,0x00040F34,0x0917AC34,internal_text,0x0000D880,0x09147580,0x0000D880,0x0000D880,WF-003
LEVEL_15,15,Giant Clank — niveau 4,0x0004047C,0x00040F50,0x0917AC50,internal_text,0x0000D880,0x09147580,0x0000D880,0x0000D880,WF-003
LEVEL_15,15,Giant Clank — niveau 4,0x0004047C,0x00040F6C,0x0917AC6C,internal_text,0x0000D880,0x09147580,0x0000D880,0x0000D880,WF-003
LEVEL_15,15,Giant Clank — niveau 4,0x0004047C,0x00040FE8,0x0917ACE8,internal_text,0x000C9648,0x09203348,0x000C9648,0x000C9648,WF-003
LEVEL_15,15,Giant Clank — niveau 4,0x0004047C,0x00041040,0x0917AD40,internal_text,0x0002B7EC,0x091654EC,0x0002B7EC,0x0002B7EC,WF-003
LEVEL_15,15,Giant Clank — niveau 4,0x0004047C,0x000410C4,0x0917ADC4,internal_text,0x0002B79C,0x0916549C,0x0002B79C,0x0002B79C,WF-003
LEVEL_15,15,Giant Clank — niveau 4,0x0004047C,0x000410F0,0x0917ADF0,internal_text,0x0003F17C,0x09178E7C,0x0003F17C,0x0003F17C,WF-003
LEVEL_15,15,Giant Clank — niveau 4,0x0004047C,0x00041124,0x0917AE24,internal_text,0x0003D654,0x09177354,0x0003D654,0x0003D654,WF-003
LEVEL_15,15,Giant Clank — niveau 4,0x0004047C,0x0004114C,0x0917AE4C,internal_text,0x0000D81C,0x0914751C,0x0000D81C,0x0000D81C,WF-003
LEVEL_15,15,Giant Clank — niveau 4,0x0004047C,0x00041168,0x0917AE68,internal_text,0x0000D81C,0x0914751C,0x0000D81C,0x0000D81C,WF-003
LEVEL_15,15,Giant Clank — niveau 4,0x0004047C,0x00041184,0x0917AE84,internal_text,0x0000D81C,0x0914751C,0x0000D81C,0x0000D81C,WF-003
LEVEL_15,15,Giant Clank — niveau 4,0x0004047C,0x000411AC,0x0917AEAC,internal_text,0x0000D880,0x09147580,0x0000D880,0x0000D880,WF-003
LEVEL_15,15,Giant Clank — niveau 4,0x0004047C,0x000411C8,0x0917AEC8,internal_text,0x0000D880,0x09147580,0x0000D880,0x0000D880,WF-003
LEVEL_15,15,Giant Clank — niveau 4,0x0004047C,0x000411E4,0x0917AEE4,internal_text,0x0000D880,0x09147580,0x0000D880,0x0000D880,WF-003
LEVEL_15,15,Giant Clank — niveau 4,0x0004047C,0x00041260,0x0917AF60,internal_text,0x000C9648,0x09203348,0x000C9648,0x000C9648,WF-003
LEVEL_15,15,Giant Clank — niveau 4,0x0004047C,0x00041284,0x0917AF84,internal_text,0x00053940,0x0918D640,0x00053940,0x00053940,WF-003
LEVEL_15,15,Giant Clank — niveau 4,0x0004047C,0x000412A8,0x0917AFA8,internal_text,0x00053968,0x0918D668,0x00053968,0x00053968,WF-003
LEVEL_15,15,Giant Clank — niveau 4,0x0004047C,0x00041344,0x0917B044,internal_text,0x00053B2C,0x0918D82C,0x00053B2C,MOBY_BlendMobyAnim,WF-003
LEVEL_15,15,Giant Clank — niveau 4,0x0004047C,0x0004134C,0x0917B04C,internal_text,0x000D4CD8,0x0920E9D8,0x000D4CD8,0x000D4CD8,WF-003
LEVEL_15,15,Giant Clank — niveau 4,0x0004047C,0x00041380,0x0917B080,internal_text,0x000D4CD0,0x0920E9D0,0x000D4CD0,0x000D4CD0,WF-003
LEVEL_15,15,Giant Clank — niveau 4,0x0004047C,0x000413A4,0x0917B0A4,internal_text,0x00026CC8,0x091609C8,0x00026CC8,0x00026CC8,WF-003
LEVEL_15,15,Giant Clank — niveau 4,0x0004047C,0x000413B4,0x0917B0B4,internal_text,0x00026CC8,0x091609C8,0x00026CC8,0x00026CC8,WF-003
LEVEL_15,15,Giant Clank — niveau 4,0x0004047C,0x00041400,0x0917B100,internal_text,0x0003F538,0x09179238,0x0003F538,0x0003F538,WF-003
LEVEL_15,15,Giant Clank — niveau 4,0x0004047C,0x00041464,0x0917B164,internal_text,0x0003FFE0,0x09179CE0,0x0003FFE0,ht_grindlock_switches,WF-003
LEVEL_15,15,Giant Clank — niveau 4,0x000487BC,0x000487EC,0x091824EC,internal_text,0x000298E8,0x091635E8,0x000298E8,0x000298E8,WF-004
LEVEL_15,15,Giant Clank — niveau 4,0x000487BC,0x000487F4,0x091824F4,internal_text,0x0003B988,0x09175688,0x0003B988,0x0003B988,WF-004
LEVEL_15,15,Giant Clank — niveau 4,0x000487BC,0x0004881C,0x0918251C,internal_text,0x0000D8E8,0x091475E8,0x0000D8E8,0x0000D8E8,WF-004
LEVEL_15,15,Giant Clank — niveau 4,0x000487BC,0x00048834,0x09182534,internal_text,0x00048A68,0x09182768,0x00048A68,0x00048A68,WF-004
LEVEL_15,15,Giant Clank — niveau 4,0x000487BC,0x0004883C,0x0918253C,internal_text,0x00048E78,0x09182B78,0x00048E78,0x00048E78,WF-004
LEVEL_15,15,Giant Clank — niveau 4,0x000487BC,0x00048878,0x09182578,internal_text,0x000482DC,0x09181FDC,0x000482DC,0x000482DC,WF-004
LEVEL_15,15,Giant Clank — niveau 4,0x000487BC,0x0004889C,0x0918259C,internal_text,0x0008C964,0x091C6664,0x0008C964,0x0008C964,WF-004
LEVEL_21,21,Giant Clank — niveau 7,0x0003C5CC,0x0003C6F4,0x091763F4,internal_text,0x000C7840,0x09201540,0x000C7840,0x000C7840,WF-002
LEVEL_21,21,Giant Clank — niveau 7,0x0003C5CC,0x0003C700,0x09176400,internal_text,0x001140C0,0x0924DDC0,0x001140C0,0x001140C0,WF-002
LEVEL_21,21,Giant Clank — niveau 7,0x0003C5CC,0x0003C82C,0x0917652C,internal_text,0x0000D8E8,0x091475E8,0x0000D8E8,0x0000D8E8,WF-002
LEVEL_21,21,Giant Clank — niveau 7,0x0003C5CC,0x0003C854,0x09176554,internal_text,0x0000D968,0x09147668,0x0000D968,0x0000D968,WF-002
LEVEL_21,21,Giant Clank — niveau 7,0x0003C5CC,0x0003C868,0x09176568,internal_text,0x000C8984,0x09202684,0x000C8984,0x000C8984,WF-002
LEVEL_21,21,Giant Clank — niveau 7,0x0003C5CC,0x0003C928,0x09176628,internal_text,0x001140C0,0x0924DDC0,0x001140C0,0x001140C0,WF-002
LEVEL_21,21,Giant Clank — niveau 7,0x0003C964,0x0003CAB8,0x091767B8,internal_text,0x00028840,0x09162540,0x00028840,0x00028840,WF-001
LEVEL_21,21,Giant Clank — niveau 7,0x0003C964,0x0003CB64,0x09176864,internal_text,0x0003C5CC,0x091762CC,0x0003C5CC,0x0003C5CC,WF-001
LEVEL_21,21,Giant Clank — niveau 7,0x0003C964,0x0003CB74,0x09176874,internal_text,0x0003B7D8,0x091754D8,0x0003B7D8,0x0003B7D8,WF-001
LEVEL_21,21,Giant Clank — niveau 7,0x0003C964,0x0003CB7C,0x0917687C,internal_text,0x0003BE28,0x09175B28,0x0003BE28,0x0003BE28,WF-001
LEVEL_21,21,Giant Clank — niveau 7,0x0003C964,0x0003CB84,0x09176884,internal_text,0x0003BD38,0x09175A38,0x0003BD38,0x0003BD38,WF-001
LEVEL_21,21,Giant Clank — niveau 7,0x0003C964,0x0003CBC8,0x091768C8,internal_text,0x00028840,0x09162540,0x00028840,0x00028840,WF-001
LEVEL_21,21,Giant Clank — niveau 7,0x0003C964,0x0003CC78,0x09176978,internal_text,0x0003B7D8,0x091754D8,0x0003B7D8,0x0003B7D8,WF-001
LEVEL_21,21,Giant Clank — niveau 7,0x0003C964,0x0003CC80,0x09176980,internal_text,0x0003BE28,0x09175B28,0x0003BE28,0x0003BE28,WF-001
LEVEL_21,21,Giant Clank — niveau 7,0x0003C964,0x0003CC8C,0x0917698C,internal_text,0x0003C5CC,0x091762CC,0x0003C5CC,0x0003C5CC,WF-001
LEVEL_21,21,Giant Clank — niveau 7,0x0003C964,0x0003CC9C,0x0917699C,internal_text,0x0003B904,0x09175604,0x0003B904,0x0003B904,WF-001
LEVEL_21,21,Giant Clank — niveau 7,0x0003C964,0x0003CCA4,0x091769A4,internal_text,0x0003BD38,0x09175A38,0x0003BD38,0x0003BD38,WF-001
LEVEL_21,21,Giant Clank — niveau 7,0x0003C964,0x0003CD5C,0x09176A5C,internal_text,0x0002B79C,0x0916549C,0x0002B79C,0x0002B79C,WF-001
LEVEL_21,21,Giant Clank — niveau 7,0x0003C964,0x0003CD88,0x09176A88,internal_text,0x00034FB8,0x0916ECB8,0x00034FB8,0x00034FB8,WF-001
LEVEL_21,21,Giant Clank — niveau 7,0x0003C964,0x0003CDA8,0x09176AA8,internal_text,0x00053940,0x0918D640,0x00053940,0x00053940,WF-001
LEVEL_21,21,Giant Clank — niveau 7,0x0003C964,0x0003CDF4,0x09176AF4,internal_text,0x00053CAC,0x0918D9AC,0x00053CAC,0x00053CAC,WF-001
LEVEL_21,21,Giant Clank — niveau 7,0x0003C964,0x0003CE0C,0x09176B0C,internal_text,0x0005E900,0x09198600,0x0005E900,0x0005E900,WF-001
LEVEL_21,21,Giant Clank — niveau 7,0x0003C964,0x0003CE24,0x09176B24,internal_text,0x000539FC,0x0918D6FC,0x000539FC,MOBY_SnapMobyAnim,WF-001
LEVEL_21,21,Giant Clank — niveau 7,0x0003C964,0x0003CEB0,0x09176BB0,internal_text,0x0003C5CC,0x091762CC,0x0003C5CC,0x0003C5CC,WF-001
LEVEL_21,21,Giant Clank — niveau 7,0x0003C964,0x0003CF08,0x09176C08,internal_text,0x0000D8E8,0x091475E8,0x0000D8E8,0x0000D8E8,WF-001
LEVEL_21,21,Giant Clank — niveau 7,0x0003C964,0x0003CF3C,0x09176C3C,internal_text,0x0000D8E8,0x091475E8,0x0000D8E8,0x0000D8E8,WF-001
LEVEL_21,21,Giant Clank — niveau 7,0x0003C964,0x0003CF4C,0x09176C4C,internal_text,0x0003B904,0x09175604,0x0003B904,0x0003B904,WF-001
LEVEL_21,21,Giant Clank — niveau 7,0x0003C964,0x0003CF54,0x09176C54,internal_text,0x0003BD38,0x09175A38,0x0003BD38,0x0003BD38,WF-001
LEVEL_21,21,Giant Clank — niveau 7,0x0003C964,0x0003CF60,0x09176C60,internal_text,0x0002B7EC,0x091654EC,0x0002B7EC,0x0002B7EC,WF-001
LEVEL_21,21,Giant Clank — niveau 7,0x0003C964,0x0003CFA8,0x09176CA8,internal_text,0x0002B7EC,0x091654EC,0x0002B7EC,0x0002B7EC,WF-001
LEVEL_21,21,Giant Clank — niveau 7,0x0003C964,0x0003CFD8,0x09176CD8,internal_text,0x0002B79C,0x0916549C,0x0002B79C,0x0002B79C,WF-001
LEVEL_21,21,Giant Clank — niveau 7,0x0003C964,0x0003CFF0,0x09176CF0,internal_text,0x0003BFC4,0x09175CC4,0x0003BFC4,0x0003BFC4,WF-001
LEVEL_21,21,Giant Clank — niveau 7,0x0003C964,0x0003CFF8,0x09176CF8,internal_text,0x0003C004,0x09175D04,0x0003C004,0x0003C004,WF-001
LEVEL_21,21,Giant Clank — niveau 7,0x0003C964,0x0003D004,0x09176D04,internal_text,0x0003C5CC,0x091762CC,0x0003C5CC,0x0003C5CC,WF-001
LEVEL_21,21,Giant Clank — niveau 7,0x0003C964,0x0003D014,0x09176D14,internal_text,0x0003B904,0x09175604,0x0003B904,0x0003B904,WF-001
LEVEL_21,21,Giant Clank — niveau 7,0x0003C964,0x0003D020,0x09176D20,internal_text,0x0002B7EC,0x091654EC,0x0002B7EC,0x0002B7EC,WF-001
LEVEL_21,21,Giant Clank — niveau 7,0x0003C964,0x0003D048,0x09176D48,internal_text,0x0003BFC4,0x09175CC4,0x0003BFC4,0x0003BFC4,WF-001
LEVEL_21,21,Giant Clank — niveau 7,0x0003C964,0x0003D050,0x09176D50,internal_text,0x0003C004,0x09175D04,0x0003C004,0x0003C004,WF-001
LEVEL_21,21,Giant Clank — niveau 7,0x0003C964,0x0003D05C,0x09176D5C,internal_text,0x0003C5CC,0x091762CC,0x0003C5CC,0x0003C5CC,WF-001
LEVEL_21,21,Giant Clank — niveau 7,0x0003C964,0x0003D06C,0x09176D6C,internal_text,0x0003B904,0x09175604,0x0003B904,0x0003B904,WF-001
LEVEL_21,21,Giant Clank — niveau 7,0x0003C964,0x0003D074,0x09176D74,internal_text,0x0003C064,0x09175D64,0x0003C064,0x0003C064,WF-001
LEVEL_21,21,Giant Clank — niveau 7,0x0003C964,0x0003D0B8,0x09176DB8,internal_text,0x0000D8E8,0x091475E8,0x0000D8E8,0x0000D8E8,WF-001
LEVEL_21,21,Giant Clank — niveau 7,0x0003C964,0x0003D0C8,0x09176DC8,internal_text,0x0003B904,0x09175604,0x0003B904,0x0003B904,WF-001
LEVEL_21,21,Giant Clank — niveau 7,0x0003C964,0x0003D100,0x09176E00,internal_text,0x0002B7EC,0x091654EC,0x0002B7EC,0x0002B7EC,WF-001
LEVEL_21,21,Giant Clank — niveau 7,0x0003C964,0x0003D130,0x09176E30,internal_text,0x0003BD38,0x09175A38,0x0003BD38,0x0003BD38,WF-001
LEVEL_21,21,Giant Clank — niveau 7,0x0003C964,0x0003D138,0x09176E38,internal_text,0x00053940,0x0918D640,0x00053940,0x00053940,WF-001
LEVEL_21,21,Giant Clank — niveau 7,0x0003C964,0x0003D148,0x09176E48,internal_text,0x0005E900,0x09198600,0x0005E900,0x0005E900,WF-001
LEVEL_21,21,Giant Clank — niveau 7,0x0003C964,0x0003D1E0,0x09176EE0,internal_text,0x0003B48C,0x0917518C,0x0003B48C,0x0003B48C,WF-001
LEVEL_21,21,Giant Clank — niveau 7,0x0003C964,0x0003D1EC,0x09176EEC,internal_text,0x0002B7EC,0x091654EC,0x0002B7EC,0x0002B7EC,WF-001
LEVEL_21,21,Giant Clank — niveau 7,0x0003C964,0x0003D218,0x09176F18,internal_text,0x0003B48C,0x0917518C,0x0003B48C,0x0003B48C,WF-001
LEVEL_21,21,Giant Clank — niveau 7,0x0003C964,0x0003D238,0x09176F38,internal_text,0x0004DF7C,0x09187C7C,0x0004DF7C,0x0004DF7C,WF-001
LEVEL_21,21,Giant Clank — niveau 7,0x0003C964,0x0003D24C,0x09176F4C,internal_text,0x0004DF7C,0x09187C7C,0x0004DF7C,0x0004DF7C,WF-001
LEVEL_21,21,Giant Clank — niveau 7,0x0003C964,0x0003D254,0x09176F54,internal_text,0x0004E100,0x09187E00,0x0004E100,0x0004E100,WF-001
LEVEL_21,21,Giant Clank — niveau 7,0x0003C964,0x0003D26C,0x09176F6C,internal_text,0x0004E518,0x09188218,0x0004E518,0x0004E518,WF-001
LEVEL_21,21,Giant Clank — niveau 7,0x0003C964,0x0003D2BC,0x09176FBC,internal_text,0x000D4D20,0x0920EA20,0x000D4D20,0x000D4D20,WF-001
LEVEL_21,21,Giant Clank — niveau 7,0x0003C964,0x0003D2D8,0x09176FD8,internal_text,0x0004E14C,0x09187E4C,0x0004E14C,0x0004E14C,WF-001
LEVEL_21,21,Giant Clank — niveau 7,0x0003C964,0x0003D310,0x09177010,internal_text,0x0003C5CC,0x091762CC,0x0003C5CC,0x0003C5CC,WF-001
LEVEL_21,21,Giant Clank — niveau 7,0x0003C964,0x0003D318,0x09177018,internal_text,0x0003BD38,0x09175A38,0x0003BD38,0x0003BD38,WF-001
LEVEL_21,21,Giant Clank — niveau 7,0x0004047C,0x0004054C,0x0917A24C,internal_text,0x0003F17C,0x09178E7C,0x0003F17C,0x0003F17C,WF-003
LEVEL_21,21,Giant Clank — niveau 7,0x0004047C,0x00040620,0x0917A320,internal_text,0x0003F34C,0x0917904C,0x0003F34C,0x0003F34C,WF-003
LEVEL_21,21,Giant Clank — niveau 7,0x0004047C,0x00040680,0x0917A380,internal_text,0x0003EF5C,0x09178C5C,0x0003EF5C,0x0003EF5C,WF-003
LEVEL_21,21,Giant Clank — niveau 7,0x0004047C,0x000406B4,0x0917A3B4,internal_text,0x0003D654,0x09177354,0x0003D654,0x0003D654,WF-003
LEVEL_21,21,Giant Clank — niveau 7,0x0004047C,0x000406DC,0x0917A3DC,internal_text,0x0000D81C,0x0914751C,0x0000D81C,0x0000D81C,WF-003
LEVEL_21,21,Giant Clank — niveau 7,0x0004047C,0x000406F8,0x0917A3F8,internal_text,0x0000D81C,0x0914751C,0x0000D81C,0x0000D81C,WF-003
LEVEL_21,21,Giant Clank — niveau 7,0x0004047C,0x00040714,0x0917A414,internal_text,0x0000D81C,0x0914751C,0x0000D81C,0x0000D81C,WF-003
LEVEL_21,21,Giant Clank — niveau 7,0x0004047C,0x0004073C,0x0917A43C,internal_text,0x0000D880,0x09147580,0x0000D880,0x0000D880,WF-003
LEVEL_21,21,Giant Clank — niveau 7,0x0004047C,0x00040758,0x0917A458,internal_text,0x0000D880,0x09147580,0x0000D880,0x0000D880,WF-003
LEVEL_21,21,Giant Clank — niveau 7,0x0004047C,0x00040774,0x0917A474,internal_text,0x0000D880,0x09147580,0x0000D880,0x0000D880,WF-003
LEVEL_21,21,Giant Clank — niveau 7,0x0004047C,0x000407F0,0x0917A4F0,internal_text,0x000C9648,0x09203348,0x000C9648,0x000C9648,WF-003
LEVEL_21,21,Giant Clank — niveau 7,0x0004047C,0x00040818,0x0917A518,internal_text,0x0002B7EC,0x091654EC,0x0002B7EC,0x0002B7EC,WF-003
LEVEL_21,21,Giant Clank — niveau 7,0x0004047C,0x00040878,0x0917A578,internal_text,0x0002B79C,0x0916549C,0x0002B79C,0x0002B79C,WF-003
LEVEL_21,21,Giant Clank — niveau 7,0x0004047C,0x00040890,0x0917A590,internal_text,0x0003E5F0,0x091782F0,0x0003E5F0,0x0003E5F0,WF-003
LEVEL_21,21,Giant Clank — niveau 7,0x0004047C,0x000408B8,0x0917A5B8,internal_text,0x0002B868,0x09165568,0x0002B868,0x0002B868,WF-003
LEVEL_21,21,Giant Clank — niveau 7,0x0004047C,0x000408D8,0x0917A5D8,internal_text,0x0003D340,0x09177040,0x0003D340,0x0003D340,WF-003
LEVEL_21,21,Giant Clank — niveau 7,0x0004047C,0x00040900,0x0917A600,internal_text,0x000D4CA0,0x0920E9A0,0x000D4CA0,0x000D4CA0,WF-003
LEVEL_21,21,Giant Clank — niveau 7,0x0004047C,0x00040910,0x0917A610,internal_text,0x000D4CA8,0x0920E9A8,0x000D4CA8,0x000D4CA8,WF-003
LEVEL_21,21,Giant Clank — niveau 7,0x0004047C,0x0004098C,0x0917A68C,internal_text,0x000D4CA0,0x0920E9A0,0x000D4CA0,0x000D4CA0,WF-003
LEVEL_21,21,Giant Clank — niveau 7,0x0004047C,0x000409BC,0x0917A6BC,internal_text,0x00053B2C,0x0918D82C,0x00053B2C,MOBY_BlendMobyAnim,WF-003
LEVEL_21,21,Giant Clank — niveau 7,0x0004047C,0x000409EC,0x0917A6EC,internal_text,0x0000D81C,0x0914751C,0x0000D81C,0x0000D81C,WF-003
LEVEL_21,21,Giant Clank — niveau 7,0x0004047C,0x00040A08,0x0917A708,internal_text,0x0000D81C,0x0914751C,0x0000D81C,0x0000D81C,WF-003
LEVEL_21,21,Giant Clank — niveau 7,0x0004047C,0x00040A24,0x0917A724,internal_text,0x0000D81C,0x0914751C,0x0000D81C,0x0000D81C,WF-003
LEVEL_21,21,Giant Clank — niveau 7,0x0004047C,0x00040A4C,0x0917A74C,internal_text,0x0000D880,0x09147580,0x0000D880,0x0000D880,WF-003
LEVEL_21,21,Giant Clank — niveau 7,0x0004047C,0x00040A68,0x0917A768,internal_text,0x0000D880,0x09147580,0x0000D880,0x0000D880,WF-003
LEVEL_21,21,Giant Clank — niveau 7,0x0004047C,0x00040A84,0x0917A784,internal_text,0x0000D880,0x09147580,0x0000D880,0x0000D880,WF-003
LEVEL_21,21,Giant Clank — niveau 7,0x0004047C,0x00040B00,0x0917A800,internal_text,0x000C9648,0x09203348,0x000C9648,0x000C9648,WF-003
LEVEL_21,21,Giant Clank — niveau 7,0x0004047C,0x00040B24,0x0917A824,internal_text,0x001140C0,0x0924DDC0,0x001140C0,0x001140C0,WF-003
LEVEL_21,21,Giant Clank — niveau 7,0x0004047C,0x00040B48,0x0917A848,internal_text,0x001140C0,0x0924DDC0,0x001140C0,0x001140C0,WF-003
LEVEL_21,21,Giant Clank — niveau 7,0x0004047C,0x00040B6C,0x0917A86C,internal_text,0x001140C0,0x0924DDC0,0x001140C0,0x001140C0,WF-003
LEVEL_21,21,Giant Clank — niveau 7,0x0004047C,0x00040BF4,0x0917A8F4,internal_text,0x0002B79C,0x0916549C,0x0002B79C,0x0002B79C,WF-003
LEVEL_21,21,Giant Clank — niveau 7,0x0004047C,0x00040C4C,0x0917A94C,internal_text,0x0000D880,0x09147580,0x0000D880,0x0000D880,WF-003
LEVEL_21,21,Giant Clank — niveau 7,0x0004047C,0x00040C68,0x0917A968,internal_text,0x0000D880,0x09147580,0x0000D880,0x0000D880,WF-003
LEVEL_21,21,Giant Clank — niveau 7,0x0004047C,0x00040C84,0x0917A984,internal_text,0x0000D880,0x09147580,0x0000D880,0x0000D880,WF-003
LEVEL_21,21,Giant Clank — niveau 7,0x0004047C,0x00040D00,0x0917AA00,internal_text,0x000C9648,0x09203348,0x000C9648,0x000C9648,WF-003
LEVEL_21,21,Giant Clank — niveau 7,0x0004047C,0x00040D2C,0x0917AA2C,internal_text,0x0002A310,0x09164010,0x0002A310,0x0002A310,WF-003
LEVEL_21,21,Giant Clank — niveau 7,0x0004047C,0x00040D34,0x0917AA34,internal_text,0x0002A33C,0x0916403C,0x0002A33C,0x0002A33C,WF-003
LEVEL_21,21,Giant Clank — niveau 7,0x0004047C,0x00040D3C,0x0917AA3C,internal_text,0x00035398,0x0916F098,0x00035398,0x00035398,WF-003
LEVEL_21,21,Giant Clank — niveau 7,0x0004047C,0x00040D58,0x0917AA58,internal_text,0x0000D8E8,0x091475E8,0x0000D8E8,0x0000D8E8,WF-003
LEVEL_21,21,Giant Clank — niveau 7,0x0004047C,0x00040D68,0x0917AA68,internal_text,0x0002943C,0x0916313C,0x0002943C,0x0002943C,WF-003
LEVEL_21,21,Giant Clank — niveau 7,0x0004047C,0x00040D7C,0x0917AA7C,internal_text,0x00034998,0x0916E698,0x00034998,0x00034998,WF-003
LEVEL_21,21,Giant Clank — niveau 7,0x0004047C,0x00040E10,0x0917AB10,internal_text,0x000D4D70,0x0920EA70,0x000D4D70,0x000D4D70,WF-003
LEVEL_21,21,Giant Clank — niveau 7,0x0004047C,0x00040E78,0x0917AB78,internal_text,0x0003F17C,0x09178E7C,0x0003F17C,0x0003F17C,WF-003
LEVEL_21,21,Giant Clank — niveau 7,0x0004047C,0x00040EAC,0x0917ABAC,internal_text,0x0003D654,0x09177354,0x0003D654,0x0003D654,WF-003
LEVEL_21,21,Giant Clank — niveau 7,0x0004047C,0x00040ED4,0x0917ABD4,internal_text,0x0000D81C,0x0914751C,0x0000D81C,0x0000D81C,WF-003
LEVEL_21,21,Giant Clank — niveau 7,0x0004047C,0x00040EF0,0x0917ABF0,internal_text,0x0000D81C,0x0914751C,0x0000D81C,0x0000D81C,WF-003
LEVEL_21,21,Giant Clank — niveau 7,0x0004047C,0x00040F0C,0x0917AC0C,internal_text,0x0000D81C,0x0914751C,0x0000D81C,0x0000D81C,WF-003
LEVEL_21,21,Giant Clank — niveau 7,0x0004047C,0x00040F34,0x0917AC34,internal_text,0x0000D880,0x09147580,0x0000D880,0x0000D880,WF-003
LEVEL_21,21,Giant Clank — niveau 7,0x0004047C,0x00040F50,0x0917AC50,internal_text,0x0000D880,0x09147580,0x0000D880,0x0000D880,WF-003
LEVEL_21,21,Giant Clank — niveau 7,0x0004047C,0x00040F6C,0x0917AC6C,internal_text,0x0000D880,0x09147580,0x0000D880,0x0000D880,WF-003
LEVEL_21,21,Giant Clank — niveau 7,0x0004047C,0x00040FE8,0x0917ACE8,internal_text,0x000C9648,0x09203348,0x000C9648,0x000C9648,WF-003
LEVEL_21,21,Giant Clank — niveau 7,0x0004047C,0x00041040,0x0917AD40,internal_text,0x0002B7EC,0x091654EC,0x0002B7EC,0x0002B7EC,WF-003
LEVEL_21,21,Giant Clank — niveau 7,0x0004047C,0x000410C4,0x0917ADC4,internal_text,0x0002B79C,0x0916549C,0x0002B79C,0x0002B79C,WF-003
LEVEL_21,21,Giant Clank — niveau 7,0x0004047C,0x000410F0,0x0917ADF0,internal_text,0x0003F17C,0x09178E7C,0x0003F17C,0x0003F17C,WF-003
LEVEL_21,21,Giant Clank — niveau 7,0x0004047C,0x00041124,0x0917AE24,internal_text,0x0003D654,0x09177354,0x0003D654,0x0003D654,WF-003
LEVEL_21,21,Giant Clank — niveau 7,0x0004047C,0x0004114C,0x0917AE4C,internal_text,0x0000D81C,0x0914751C,0x0000D81C,0x0000D81C,WF-003
LEVEL_21,21,Giant Clank — niveau 7,0x0004047C,0x00041168,0x0917AE68,internal_text,0x0000D81C,0x0914751C,0x0000D81C,0x0000D81C,WF-003
LEVEL_21,21,Giant Clank — niveau 7,0x0004047C,0x00041184,0x0917AE84,internal_text,0x0000D81C,0x0914751C,0x0000D81C,0x0000D81C,WF-003
LEVEL_21,21,Giant Clank — niveau 7,0x0004047C,0x000411AC,0x0917AEAC,internal_text,0x0000D880,0x09147580,0x0000D880,0x0000D880,WF-003
LEVEL_21,21,Giant Clank — niveau 7,0x0004047C,0x000411C8,0x0917AEC8,internal_text,0x0000D880,0x09147580,0x0000D880,0x0000D880,WF-003
LEVEL_21,21,Giant Clank — niveau 7,0x0004047C,0x000411E4,0x0917AEE4,internal_text,0x0000D880,0x09147580,0x0000D880,0x0000D880,WF-003
LEVEL_21,21,Giant Clank — niveau 7,0x0004047C,0x00041260,0x0917AF60,internal_text,0x000C9648,0x09203348,0x000C9648,0x000C9648,WF-003
LEVEL_21,21,Giant Clank — niveau 7,0x0004047C,0x00041284,0x0917AF84,internal_text,0x00053940,0x0918D640,0x00053940,0x00053940,WF-003
LEVEL_21,21,Giant Clank — niveau 7,0x0004047C,0x000412A8,0x0917AFA8,internal_text,0x00053968,0x0918D668,0x00053968,0x00053968,WF-003
LEVEL_21,21,Giant Clank — niveau 7,0x0004047C,0x00041344,0x0917B044,internal_text,0x00053B2C,0x0918D82C,0x00053B2C,MOBY_BlendMobyAnim,WF-003
LEVEL_21,21,Giant Clank — niveau 7,0x0004047C,0x0004134C,0x0917B04C,internal_text,0x000D4CD8,0x0920E9D8,0x000D4CD8,0x000D4CD8,WF-003
LEVEL_21,21,Giant Clank — niveau 7,0x0004047C,0x00041380,0x0917B080,internal_text,0x000D4CD0,0x0920E9D0,0x000D4CD0,0x000D4CD0,WF-003
LEVEL_21,21,Giant Clank — niveau 7,0x0004047C,0x000413A4,0x0917B0A4,internal_text,0x00026CC8,0x091609C8,0x00026CC8,0x00026CC8,WF-003
LEVEL_21,21,Giant Clank — niveau 7,0x0004047C,0x000413B4,0x0917B0B4,internal_text,0x00026CC8,0x091609C8,0x00026CC8,0x00026CC8,WF-003
LEVEL_21,21,Giant Clank — niveau 7,0x0004047C,0x00041400,0x0917B100,internal_text,0x0003F538,0x09179238,0x0003F538,0x0003F538,WF-003
LEVEL_21,21,Giant Clank — niveau 7,0x0004047C,0x00041464,0x0917B164,internal_text,0x0003FFE0,0x09179CE0,0x0003FFE0,ht_grindlock_switches,WF-003
LEVEL_21,21,Giant Clank — niveau 7,0x000487BC,0x000487EC,0x091824EC,internal_text,0x000298E8,0x091635E8,0x000298E8,0x000298E8,WF-004
LEVEL_21,21,Giant Clank — niveau 7,0x000487BC,0x000487F4,0x091824F4,internal_text,0x0003B988,0x09175688,0x0003B988,0x0003B988,WF-004
LEVEL_21,21,Giant Clank — niveau 7,0x000487BC,0x0004881C,0x0918251C,internal_text,0x0000D8E8,0x091475E8,0x0000D8E8,0x0000D8E8,WF-004
LEVEL_21,21,Giant Clank — niveau 7,0x000487BC,0x00048834,0x09182534,internal_text,0x00048A68,0x09182768,0x00048A68,0x00048A68,WF-004
LEVEL_21,21,Giant Clank — niveau 7,0x000487BC,0x0004883C,0x0918253C,internal_text,0x00048E78,0x09182B78,0x00048E78,0x00048E78,WF-004
LEVEL_21,21,Giant Clank — niveau 7,0x000487BC,0x00048878,0x09182578,internal_text,0x000482DC,0x09181FDC,0x000482DC,0x000482DC,WF-004
LEVEL_21,21,Giant Clank — niveau 7,0x000487BC,0x0004889C,0x0918259C,internal_text,0x0008C964,0x091C6664,0x0008C964,0x0008C964,WF-004
LEVEL_22,22,Airboard — niveau 3,0x0000DDA8,0x0000DDDC,0x09147ADC,internal_text,0x0000DB90,0x09147890,0x0000DB90,0x0000DB90,WF-005
LEVEL_22,22,Airboard — niveau 3,0x0000DDA8,0x0000DDF8,0x09147AF8,internal_text,0x0000DB90,0x09147890,0x0000DB90,0x0000DB90,WF-005
LEVEL_22,22,Airboard — niveau 3,0x0000DDA8,0x0000DE14,0x09147B14,internal_text,0x0000DB90,0x09147890,0x0000DB90,0x0000DB90,WF-005
LEVEL_22,22,Airboard — niveau 3,0x00040450,0x00040578,0x0917A278,internal_text,0x000D7840,0x09211540,0x000D7840,0x000D7840,WF-002
LEVEL_22,22,Airboard — niveau 3,0x00040450,0x00040584,0x0917A284,internal_text,0x0011A7FC,0x092544FC,0x0011A7FC,0x0011A7FC,WF-002
LEVEL_22,22,Airboard — niveau 3,0x00040450,0x000406B0,0x0917A3B0,internal_text,0x0000DB90,0x09147890,0x0000DB90,0x0000DB90,WF-002
LEVEL_22,22,Airboard — niveau 3,0x00040450,0x000406D8,0x0917A3D8,internal_text,0x0000DC10,0x09147910,0x0000DC10,0x0000DC10,WF-002
LEVEL_22,22,Airboard — niveau 3,0x00040450,0x000406EC,0x0917A3EC,internal_text,0x000D8798,0x09212498,0x000D8798,0x000D8798,WF-002
LEVEL_22,22,Airboard — niveau 3,0x00040450,0x000407AC,0x0917A4AC,internal_text,0x0011A7FC,0x092544FC,0x0011A7FC,0x0011A7FC,WF-002
LEVEL_22,22,Airboard — niveau 3,0x000407E8,0x0004093C,0x0917A63C,internal_text,0x000295BC,0x091632BC,0x000295BC,0x000295BC,WF-001
LEVEL_22,22,Airboard — niveau 3,0x000407E8,0x000409E8,0x0917A6E8,internal_text,0x00040450,0x0917A150,0x00040450,0x00040450,WF-001
LEVEL_22,22,Airboard — niveau 3,0x000407E8,0x000409F8,0x0917A6F8,internal_text,0x0003F65C,0x0917935C,0x0003F65C,0x0003F65C,WF-001
LEVEL_22,22,Airboard — niveau 3,0x000407E8,0x00040A00,0x0917A700,internal_text,0x0003FCAC,0x091799AC,0x0003FCAC,0x0003FCAC,WF-001
LEVEL_22,22,Airboard — niveau 3,0x000407E8,0x00040A08,0x0917A708,internal_text,0x0003FBBC,0x091798BC,0x0003FBBC,0x0003FBBC,WF-001
LEVEL_22,22,Airboard — niveau 3,0x000407E8,0x00040A4C,0x0917A74C,internal_text,0x000295BC,0x091632BC,0x000295BC,0x000295BC,WF-001
LEVEL_22,22,Airboard — niveau 3,0x000407E8,0x00040AFC,0x0917A7FC,internal_text,0x0003F65C,0x0917935C,0x0003F65C,0x0003F65C,WF-001
LEVEL_22,22,Airboard — niveau 3,0x000407E8,0x00040B04,0x0917A804,internal_text,0x0003FCAC,0x091799AC,0x0003FCAC,0x0003FCAC,WF-001
LEVEL_22,22,Airboard — niveau 3,0x000407E8,0x00040B10,0x0917A810,internal_text,0x00040450,0x0917A150,0x00040450,0x00040450,WF-001
LEVEL_22,22,Airboard — niveau 3,0x000407E8,0x00040B20,0x0917A820,internal_text,0x0003F788,0x09179488,0x0003F788,0x0003F788,WF-001
LEVEL_22,22,Airboard — niveau 3,0x000407E8,0x00040B28,0x0917A828,internal_text,0x0003FBBC,0x091798BC,0x0003FBBC,0x0003FBBC,WF-001
LEVEL_22,22,Airboard — niveau 3,0x000407E8,0x00040BE0,0x0917A8E0,internal_text,0x0002C648,0x09166348,0x0002C648,0x0002C648,WF-001
LEVEL_22,22,Airboard — niveau 3,0x000407E8,0x00040C0C,0x0917A90C,internal_text,0x00038454,0x09172154,0x00038454,0x00038454,WF-001
LEVEL_22,22,Airboard — niveau 3,0x000407E8,0x00040C2C,0x0917A92C,internal_text,0x0005ECE4,0x091989E4,0x0005ECE4,0x0005ECE4,WF-001
LEVEL_22,22,Airboard — niveau 3,0x000407E8,0x00040C78,0x0917A978,internal_text,0x0005F050,0x09198D50,0x0005F050,0x0005F050,WF-001
LEVEL_22,22,Airboard — niveau 3,0x000407E8,0x00040C90,0x0917A990,internal_text,0x00068EE0,0x091A2BE0,0x00068EE0,0x00068EE0,WF-001
LEVEL_22,22,Airboard — niveau 3,0x000407E8,0x00040CA8,0x0917A9A8,internal_text,0x0005EDA0,0x09198AA0,0x0005EDA0,MOBY_SnapMobyAnim,WF-001
LEVEL_22,22,Airboard — niveau 3,0x000407E8,0x00040D34,0x0917AA34,internal_text,0x00040450,0x0917A150,0x00040450,0x00040450,WF-001
LEVEL_22,22,Airboard — niveau 3,0x000407E8,0x00040D8C,0x0917AA8C,internal_text,0x0000DB90,0x09147890,0x0000DB90,0x0000DB90,WF-001
LEVEL_22,22,Airboard — niveau 3,0x000407E8,0x00040DC0,0x0917AAC0,internal_text,0x0000DB90,0x09147890,0x0000DB90,0x0000DB90,WF-001
LEVEL_22,22,Airboard — niveau 3,0x000407E8,0x00040DD0,0x0917AAD0,internal_text,0x0003F788,0x09179488,0x0003F788,0x0003F788,WF-001
LEVEL_22,22,Airboard — niveau 3,0x000407E8,0x00040DD8,0x0917AAD8,internal_text,0x0003FBBC,0x091798BC,0x0003FBBC,0x0003FBBC,WF-001
LEVEL_22,22,Airboard — niveau 3,0x000407E8,0x00040DE4,0x0917AAE4,internal_text,0x0002C698,0x09166398,0x0002C698,0x0002C698,WF-001
LEVEL_22,22,Airboard — niveau 3,0x000407E8,0x00040E2C,0x0917AB2C,internal_text,0x0002C698,0x09166398,0x0002C698,0x0002C698,WF-001
LEVEL_22,22,Airboard — niveau 3,0x000407E8,0x00040E5C,0x0917AB5C,internal_text,0x0002C648,0x09166348,0x0002C648,0x0002C648,WF-001
LEVEL_22,22,Airboard — niveau 3,0x000407E8,0x00040E74,0x0917AB74,internal_text,0x0003FE48,0x09179B48,0x0003FE48,0x0003FE48,WF-001
LEVEL_22,22,Airboard — niveau 3,0x000407E8,0x00040E7C,0x0917AB7C,internal_text,0x0003FE88,0x09179B88,0x0003FE88,0x0003FE88,WF-001
LEVEL_22,22,Airboard — niveau 3,0x000407E8,0x00040E88,0x0917AB88,internal_text,0x00040450,0x0917A150,0x00040450,0x00040450,WF-001
LEVEL_22,22,Airboard — niveau 3,0x000407E8,0x00040E98,0x0917AB98,internal_text,0x0003F788,0x09179488,0x0003F788,0x0003F788,WF-001
LEVEL_22,22,Airboard — niveau 3,0x000407E8,0x00040EA4,0x0917ABA4,internal_text,0x0002C698,0x09166398,0x0002C698,0x0002C698,WF-001
LEVEL_22,22,Airboard — niveau 3,0x000407E8,0x00040ECC,0x0917ABCC,internal_text,0x0003FE48,0x09179B48,0x0003FE48,0x0003FE48,WF-001
LEVEL_22,22,Airboard — niveau 3,0x000407E8,0x00040ED4,0x0917ABD4,internal_text,0x0003FE88,0x09179B88,0x0003FE88,0x0003FE88,WF-001
LEVEL_22,22,Airboard — niveau 3,0x000407E8,0x00040EE0,0x0917ABE0,internal_text,0x00040450,0x0917A150,0x00040450,0x00040450,WF-001
LEVEL_22,22,Airboard — niveau 3,0x000407E8,0x00040EF0,0x0917ABF0,internal_text,0x0003F788,0x09179488,0x0003F788,0x0003F788,WF-001
LEVEL_22,22,Airboard — niveau 3,0x000407E8,0x00040EF8,0x0917ABF8,internal_text,0x0003FEE8,0x09179BE8,0x0003FEE8,0x0003FEE8,WF-001
LEVEL_22,22,Airboard — niveau 3,0x000407E8,0x00040F3C,0x0917AC3C,internal_text,0x0000DB90,0x09147890,0x0000DB90,0x0000DB90,WF-001
LEVEL_22,22,Airboard — niveau 3,0x000407E8,0x00040F4C,0x0917AC4C,internal_text,0x0003F788,0x09179488,0x0003F788,0x0003F788,WF-001
LEVEL_22,22,Airboard — niveau 3,0x000407E8,0x00040F84,0x0917AC84,internal_text,0x0002C698,0x09166398,0x0002C698,0x0002C698,WF-001
LEVEL_22,22,Airboard — niveau 3,0x000407E8,0x00040FB4,0x0917ACB4,internal_text,0x0003FBBC,0x091798BC,0x0003FBBC,0x0003FBBC,WF-001
LEVEL_22,22,Airboard — niveau 3,0x000407E8,0x00040FBC,0x0917ACBC,internal_text,0x0005ECE4,0x091989E4,0x0005ECE4,0x0005ECE4,WF-001
LEVEL_22,22,Airboard — niveau 3,0x000407E8,0x00040FCC,0x0917ACCC,internal_text,0x00068EE0,0x091A2BE0,0x00068EE0,0x00068EE0,WF-001
LEVEL_22,22,Airboard — niveau 3,0x000407E8,0x00041064,0x0917AD64,internal_text,0x0003F310,0x09179010,0x0003F310,0x0003F310,WF-001
LEVEL_22,22,Airboard — niveau 3,0x000407E8,0x00041070,0x0917AD70,internal_text,0x0002C698,0x09166398,0x0002C698,0x0002C698,WF-001
LEVEL_22,22,Airboard — niveau 3,0x000407E8,0x0004109C,0x0917AD9C,internal_text,0x0003F310,0x09179010,0x0003F310,0x0003F310,WF-001
LEVEL_22,22,Airboard — niveau 3,0x000407E8,0x000410BC,0x0917ADBC,internal_text,0x00052368,0x0918C068,0x00052368,0x00052368,WF-001
LEVEL_22,22,Airboard — niveau 3,0x000407E8,0x000410D0,0x0917ADD0,internal_text,0x00052368,0x0918C068,0x00052368,0x00052368,WF-001
LEVEL_22,22,Airboard — niveau 3,0x000407E8,0x000410D8,0x0917ADD8,internal_text,0x000524EC,0x0918C1EC,0x000524EC,0x000524EC,WF-001
LEVEL_22,22,Airboard — niveau 3,0x000407E8,0x000410F0,0x0917ADF0,internal_text,0x000529A0,0x0918C6A0,0x000529A0,0x000529A0,WF-001
LEVEL_22,22,Airboard — niveau 3,0x000407E8,0x00041140,0x0917AE40,internal_text,0x00100234,0x09239F34,0x00100234,0x00100234,WF-001
LEVEL_22,22,Airboard — niveau 3,0x000407E8,0x0004115C,0x0917AE5C,internal_text,0x00052538,0x0918C238,0x00052538,0x00052538,WF-001
LEVEL_22,22,Airboard — niveau 3,0x000407E8,0x00041194,0x0917AE94,internal_text,0x00040450,0x0917A150,0x00040450,0x00040450,WF-001
LEVEL_22,22,Airboard — niveau 3,0x000407E8,0x0004119C,0x0917AE9C,internal_text,0x0003FBBC,0x091798BC,0x0003FBBC,0x0003FBBC,WF-001
LEVEL_22,22,Airboard — niveau 3,0x00044300,0x000443D0,0x0917E0D0,internal_text,0x00043000,0x0917CD00,0x00043000,0x00043000,WF-003
LEVEL_22,22,Airboard — niveau 3,0x00044300,0x000444A4,0x0917E1A4,internal_text,0x000431D0,0x0917CED0,0x000431D0,0x000431D0,WF-003
LEVEL_22,22,Airboard — niveau 3,0x00044300,0x00044504,0x0917E204,internal_text,0x00042DE0,0x0917CAE0,0x00042DE0,0x00042DE0,WF-003
LEVEL_22,22,Airboard — niveau 3,0x00044300,0x00044538,0x0917E238,internal_text,0x000414D8,0x0917B1D8,0x000414D8,0x000414D8,WF-003
LEVEL_22,22,Airboard — niveau 3,0x00044300,0x00044560,0x0917E260,internal_text,0x0000DAC4,0x091477C4,0x0000DAC4,0x0000DAC4,WF-003
LEVEL_22,22,Airboard — niveau 3,0x00044300,0x0004457C,0x0917E27C,internal_text,0x0000DAC4,0x091477C4,0x0000DAC4,0x0000DAC4,WF-003
LEVEL_22,22,Airboard — niveau 3,0x00044300,0x00044598,0x0917E298,internal_text,0x0000DAC4,0x091477C4,0x0000DAC4,0x0000DAC4,WF-003
LEVEL_22,22,Airboard — niveau 3,0x00044300,0x000445C0,0x0917E2C0,internal_text,0x0000DB28,0x09147828,0x0000DB28,0x0000DB28,WF-003
LEVEL_22,22,Airboard — niveau 3,0x00044300,0x000445DC,0x0917E2DC,internal_text,0x0000DB28,0x09147828,0x0000DB28,0x0000DB28,WF-003
LEVEL_22,22,Airboard — niveau 3,0x00044300,0x000445F8,0x0917E2F8,internal_text,0x0000DB28,0x09147828,0x0000DB28,0x0000DB28,WF-003
LEVEL_22,22,Airboard — niveau 3,0x00044300,0x00044674,0x0917E374,internal_text,0x000D9074,0x09212D74,0x000D9074,0x000D9074,WF-003
LEVEL_22,22,Airboard — niveau 3,0x00044300,0x0004469C,0x0917E39C,internal_text,0x0002C698,0x09166398,0x0002C698,0x0002C698,WF-003
LEVEL_22,22,Airboard — niveau 3,0x00044300,0x000446FC,0x0917E3FC,internal_text,0x0002C648,0x09166348,0x0002C648,0x0002C648,WF-003
LEVEL_22,22,Airboard — niveau 3,0x00044300,0x00044714,0x0917E414,internal_text,0x00042474,0x0917C174,0x00042474,0x00042474,WF-003
LEVEL_22,22,Airboard — niveau 3,0x00044300,0x0004473C,0x0917E43C,internal_text,0x0002C714,0x09166414,0x0002C714,0x0002C714,WF-003
LEVEL_22,22,Airboard — niveau 3,0x00044300,0x0004475C,0x0917E45C,internal_text,0x000411C4,0x0917AEC4,0x000411C4,0x000411C4,WF-003
LEVEL_22,22,Airboard — niveau 3,0x00044300,0x00044784,0x0917E484,internal_text,0x000E849C,0x0922219C,0x000E849C,0x000E849C,WF-003
LEVEL_22,22,Airboard — niveau 3,0x00044300,0x00044794,0x0917E494,internal_text,0x000E84A4,0x092221A4,0x000E84A4,0x000E84A4,WF-003
LEVEL_22,22,Airboard — niveau 3,0x00044300,0x00044810,0x0917E510,internal_text,0x000E849C,0x0922219C,0x000E849C,0x000E849C,WF-003
LEVEL_22,22,Airboard — niveau 3,0x00044300,0x00044840,0x0917E540,internal_text,0x0005EED0,0x09198BD0,0x0005EED0,MOBY_BlendMobyAnim,WF-003
LEVEL_22,22,Airboard — niveau 3,0x00044300,0x00044870,0x0917E570,internal_text,0x0000DAC4,0x091477C4,0x0000DAC4,0x0000DAC4,WF-003
LEVEL_22,22,Airboard — niveau 3,0x00044300,0x0004488C,0x0917E58C,internal_text,0x0000DAC4,0x091477C4,0x0000DAC4,0x0000DAC4,WF-003
LEVEL_22,22,Airboard — niveau 3,0x00044300,0x000448A8,0x0917E5A8,internal_text,0x0000DAC4,0x091477C4,0x0000DAC4,0x0000DAC4,WF-003
LEVEL_22,22,Airboard — niveau 3,0x00044300,0x000448D0,0x0917E5D0,internal_text,0x0000DB28,0x09147828,0x0000DB28,0x0000DB28,WF-003
LEVEL_22,22,Airboard — niveau 3,0x00044300,0x000448EC,0x0917E5EC,internal_text,0x0000DB28,0x09147828,0x0000DB28,0x0000DB28,WF-003
LEVEL_22,22,Airboard — niveau 3,0x00044300,0x00044908,0x0917E608,internal_text,0x0000DB28,0x09147828,0x0000DB28,0x0000DB28,WF-003
LEVEL_22,22,Airboard — niveau 3,0x00044300,0x00044984,0x0917E684,internal_text,0x000D9074,0x09212D74,0x000D9074,0x000D9074,WF-003
LEVEL_22,22,Airboard — niveau 3,0x00044300,0x000449A8,0x0917E6A8,internal_text,0x0011A7FC,0x092544FC,0x0011A7FC,0x0011A7FC,WF-003
LEVEL_22,22,Airboard — niveau 3,0x00044300,0x000449CC,0x0917E6CC,internal_text,0x0011A7FC,0x092544FC,0x0011A7FC,0x0011A7FC,WF-003
LEVEL_22,22,Airboard — niveau 3,0x00044300,0x000449F0,0x0917E6F0,internal_text,0x0011A7FC,0x092544FC,0x0011A7FC,0x0011A7FC,WF-003
LEVEL_22,22,Airboard — niveau 3,0x00044300,0x00044A78,0x0917E778,internal_text,0x0002C648,0x09166348,0x0002C648,0x0002C648,WF-003
LEVEL_22,22,Airboard — niveau 3,0x00044300,0x00044AD0,0x0917E7D0,internal_text,0x0000DB28,0x09147828,0x0000DB28,0x0000DB28,WF-003
LEVEL_22,22,Airboard — niveau 3,0x00044300,0x00044AEC,0x0917E7EC,internal_text,0x0000DB28,0x09147828,0x0000DB28,0x0000DB28,WF-003
LEVEL_22,22,Airboard — niveau 3,0x00044300,0x00044B08,0x0917E808,internal_text,0x0000DB28,0x09147828,0x0000DB28,0x0000DB28,WF-003
LEVEL_22,22,Airboard — niveau 3,0x00044300,0x00044B84,0x0917E884,internal_text,0x000D9074,0x09212D74,0x000D9074,0x000D9074,WF-003
LEVEL_22,22,Airboard — niveau 3,0x00044300,0x00044BB0,0x0917E8B0,internal_text,0x0002B08C,0x09164D8C,0x0002B08C,0x0002B08C,WF-003
LEVEL_22,22,Airboard — niveau 3,0x00044300,0x00044BB8,0x0917E8B8,internal_text,0x0002B0B8,0x09164DB8,0x0002B0B8,0x0002B0B8,WF-003
LEVEL_22,22,Airboard — niveau 3,0x00044300,0x00044BC0,0x0917E8C0,internal_text,0x00038834,0x09172534,0x00038834,0x00038834,WF-003
LEVEL_22,22,Airboard — niveau 3,0x00044300,0x00044BDC,0x0917E8DC,internal_text,0x0000DB90,0x09147890,0x0000DB90,0x0000DB90,WF-003
LEVEL_22,22,Airboard — niveau 3,0x00044300,0x00044BEC,0x0917E8EC,internal_text,0x0002A1B8,0x09163EB8,0x0002A1B8,0x0002A1B8,WF-003
LEVEL_22,22,Airboard — niveau 3,0x00044300,0x00044C00,0x0917E900,internal_text,0x00037E34,0x09171B34,0x00037E34,0x00037E34,WF-003
LEVEL_22,22,Airboard — niveau 3,0x00044300,0x00044C94,0x0917E994,internal_text,0x0010707C,0x09240D7C,0x0010707C,0x0010707C,WF-003
LEVEL_22,22,Airboard — niveau 3,0x00044300,0x00044CFC,0x0917E9FC,internal_text,0x00043000,0x0917CD00,0x00043000,0x00043000,WF-003
LEVEL_22,22,Airboard — niveau 3,0x00044300,0x00044D30,0x0917EA30,internal_text,0x000414D8,0x0917B1D8,0x000414D8,0x000414D8,WF-003
LEVEL_22,22,Airboard — niveau 3,0x00044300,0x00044D58,0x0917EA58,internal_text,0x0000DAC4,0x091477C4,0x0000DAC4,0x0000DAC4,WF-003
LEVEL_22,22,Airboard — niveau 3,0x00044300,0x00044D74,0x0917EA74,internal_text,0x0000DAC4,0x091477C4,0x0000DAC4,0x0000DAC4,WF-003
LEVEL_22,22,Airboard — niveau 3,0x00044300,0x00044D90,0x0917EA90,internal_text,0x0000DAC4,0x091477C4,0x0000DAC4,0x0000DAC4,WF-003
LEVEL_22,22,Airboard — niveau 3,0x00044300,0x00044DB8,0x0917EAB8,internal_text,0x0000DB28,0x09147828,0x0000DB28,0x0000DB28,WF-003
LEVEL_22,22,Airboard — niveau 3,0x00044300,0x00044DD4,0x0917EAD4,internal_text,0x0000DB28,0x09147828,0x0000DB28,0x0000DB28,WF-003
LEVEL_22,22,Airboard — niveau 3,0x00044300,0x00044DF0,0x0917EAF0,internal_text,0x0000DB28,0x09147828,0x0000DB28,0x0000DB28,WF-003
LEVEL_22,22,Airboard — niveau 3,0x00044300,0x00044E6C,0x0917EB6C,internal_text,0x000D9074,0x09212D74,0x000D9074,0x000D9074,WF-003
LEVEL_22,22,Airboard — niveau 3,0x00044300,0x00044EC4,0x0917EBC4,internal_text,0x0002C698,0x09166398,0x0002C698,0x0002C698,WF-003
LEVEL_22,22,Airboard — niveau 3,0x00044300,0x00044F48,0x0917EC48,internal_text,0x0002C648,0x09166348,0x0002C648,0x0002C648,WF-003
LEVEL_22,22,Airboard — niveau 3,0x00044300,0x00044F74,0x0917EC74,internal_text,0x00043000,0x0917CD00,0x00043000,0x00043000,WF-003
LEVEL_22,22,Airboard — niveau 3,0x00044300,0x00044FA8,0x0917ECA8,internal_text,0x000414D8,0x0917B1D8,0x000414D8,0x000414D8,WF-003
LEVEL_22,22,Airboard — niveau 3,0x00044300,0x00044FD0,0x0917ECD0,internal_text,0x0000DAC4,0x091477C4,0x0000DAC4,0x0000DAC4,WF-003
LEVEL_22,22,Airboard — niveau 3,0x00044300,0x00044FEC,0x0917ECEC,internal_text,0x0000DAC4,0x091477C4,0x0000DAC4,0x0000DAC4,WF-003
LEVEL_22,22,Airboard — niveau 3,0x00044300,0x00045008,0x0917ED08,internal_text,0x0000DAC4,0x091477C4,0x0000DAC4,0x0000DAC4,WF-003
LEVEL_22,22,Airboard — niveau 3,0x00044300,0x00045030,0x0917ED30,internal_text,0x0000DB28,0x09147828,0x0000DB28,0x0000DB28,WF-003
LEVEL_22,22,Airboard — niveau 3,0x00044300,0x0004504C,0x0917ED4C,internal_text,0x0000DB28,0x09147828,0x0000DB28,0x0000DB28,WF-003
LEVEL_22,22,Airboard — niveau 3,0x00044300,0x00045068,0x0917ED68,internal_text,0x0000DB28,0x09147828,0x0000DB28,0x0000DB28,WF-003
LEVEL_22,22,Airboard — niveau 3,0x00044300,0x000450E4,0x0917EDE4,internal_text,0x000D9074,0x09212D74,0x000D9074,0x000D9074,WF-003
LEVEL_22,22,Airboard — niveau 3,0x00044300,0x00045108,0x0917EE08,internal_text,0x0005ECE4,0x091989E4,0x0005ECE4,0x0005ECE4,WF-003
LEVEL_22,22,Airboard — niveau 3,0x00044300,0x0004512C,0x0917EE2C,internal_text,0x0005ED0C,0x09198A0C,0x0005ED0C,0x0005ED0C,WF-003
LEVEL_22,22,Airboard — niveau 3,0x00044300,0x000451C8,0x0917EEC8,internal_text,0x0005EED0,0x09198BD0,0x0005EED0,MOBY_BlendMobyAnim,WF-003
LEVEL_22,22,Airboard — niveau 3,0x00044300,0x000451D0,0x0917EED0,internal_text,0x000E84D4,0x092221D4,0x000E84D4,0x000E84D4,WF-003
LEVEL_22,22,Airboard — niveau 3,0x00044300,0x00045204,0x0917EF04,internal_text,0x000E84CC,0x092221CC,0x000E84CC,0x000E84CC,WF-003
LEVEL_22,22,Airboard — niveau 3,0x00044300,0x00045228,0x0917EF28,internal_text,0x0002781C,0x0916151C,0x0002781C,0x0002781C,WF-003
LEVEL_22,22,Airboard — niveau 3,0x00044300,0x00045238,0x0917EF38,internal_text,0x0002781C,0x0916151C,0x0002781C,0x0002781C,WF-003
LEVEL_22,22,Airboard — niveau 3,0x00044300,0x00045284,0x0917EF84,internal_text,0x000433BC,0x0917D0BC,0x000433BC,0x000433BC,WF-003
LEVEL_22,22,Airboard — niveau 3,0x00044300,0x000452E8,0x0917EFE8,internal_text,0x00043E64,0x0917DB64,0x00043E64,ht_grindlock_switches,WF-003
LEVEL_22,22,Airboard — niveau 3,0x0004CA58,0x0004CA88,0x09186788,internal_text,0x0002A664,0x09164364,0x0002A664,0x0002A664,WF-004
LEVEL_22,22,Airboard — niveau 3,0x0004CA58,0x0004CA90,0x09186790,internal_text,0x0003F80C,0x0917950C,0x0003F80C,0x0003F80C,WF-004
LEVEL_22,22,Airboard — niveau 3,0x0004CA58,0x0004CAB8,0x091867B8,internal_text,0x0000DB90,0x09147890,0x0000DB90,0x0000DB90,WF-004
LEVEL_22,22,Airboard — niveau 3,0x0004CA58,0x0004CAD0,0x091867D0,internal_text,0x0004CD04,0x09186A04,0x0004CD04,0x0004CD04,WF-004
LEVEL_22,22,Airboard — niveau 3,0x0004CA58,0x0004CAD8,0x091867D8,internal_text,0x0004D114,0x09186E14,0x0004D114,0x0004D114,WF-004
LEVEL_22,22,Airboard — niveau 3,0x0004CA58,0x0004CB14,0x09186814,internal_text,0x0004C578,0x09186278,0x0004C578,0x0004C578,WF-004
LEVEL_22,22,Airboard — niveau 3,0x0004CA58,0x0004CB38,0x09186838,internal_text,0x0009776C,0x091D146C,0x0009776C,0x0009776C,WF-004
LEVEL_22,22,Airboard — niveau 3,0x00104614,0x00104654,0x0923E354,internal_text,0x001038A0,0x0923D5A0,0x001038A0,0x001038A0,WF-006
LEVEL_22,22,Airboard — niveau 3,0x00104614,0x00104670,0x0923E370,internal_text,0x0000DB90,0x09147890,0x0000DB90,0x0000DB90,WF-006
LEVEL_22,22,Airboard — niveau 3,0x00104614,0x001046B8,0x0923E3B8,internal_text,0x0011B888,0x09255588,0x0011B888,0x0011B888,WF-006
LEVEL_22,22,Airboard — niveau 3,0x00104614,0x0010472C,0x0923E42C,internal_text,0x00103ABC,0x0923D7BC,0x00103ABC,0x00103ABC,WF-006
LEVEL_22,22,Airboard — niveau 3,0x00104614,0x0010478C,0x0923E48C,internal_text,0x0001671C,0x0915041C,0x0001671C,0x0001671C,WF-006
LEVEL_22,22,Airboard — niveau 3,0x00104614,0x00104804,0x0923E504,internal_text,0x001038A0,0x0923D5A0,0x001038A0,0x001038A0,WF-006
LEVEL_22,22,Airboard — niveau 3,0x00104614,0x00104838,0x0923E538,internal_text,0x000D7E20,0x09211B20,0x000D7E20,0x000D7E20,WF-006
LEVEL_22,22,Airboard — niveau 3,0x00104614,0x00104848,0x0923E548,internal_text,0x000DA178,0x09213E78,0x000DA178,0x000DA178,WF-006
LEVEL_22,22,Airboard — niveau 3,0x00104614,0x001048C4,0x0923E5C4,internal_text,0x00103ABC,0x0923D7BC,0x00103ABC,0x00103ABC,WF-006
LEVEL_22,22,Airboard — niveau 3,0x00104614,0x00104924,0x0923E624,internal_text,0x0001671C,0x0915041C,0x0001671C,0x0001671C,WF-006
LEVEL_22,22,Airboard — niveau 3,0x00108F50,0x00109274,0x09242F74,internal_text,0x0000DB90,0x09147890,0x0000DB90,0x0000DB90,WF-024
LEVEL_22,22,Airboard — niveau 3,0x00108F50,0x00109298,0x09242F98,internal_text,0x0011B888,0x09255588,0x0011B888,0x0011B888,WF-024
LEVEL_22,22,Airboard — niveau 3,0x00108F50,0x001092A8,0x09242FA8,internal_text,0x00108EC4,0x09242BC4,0x00108EC4,0x00108EC4,WF-024
LEVEL_23,23,Airboard — niveau 6,0x0000E3EC,0x0000E420,0x09148120,internal_text,0x0000E1D4,0x09147ED4,0x0000E1D4,0x0000E1D4,WF-005
LEVEL_23,23,Airboard — niveau 6,0x0000E3EC,0x0000E43C,0x0914813C,internal_text,0x0000E1D4,0x09147ED4,0x0000E1D4,0x0000E1D4,WF-005
LEVEL_23,23,Airboard — niveau 6,0x0000E3EC,0x0000E458,0x09148158,internal_text,0x0000E1D4,0x09147ED4,0x0000E1D4,0x0000E1D4,WF-005
LEVEL_23,23,Airboard — niveau 6,0x0000FDBC,0x0000FEB4,0x09149BB4,internal_text,0x0000E9C0,0x091486C0,0x0000E9C0,0x0000E9C0,WF-015
LEVEL_23,23,Airboard — niveau 6,0x0000FDBC,0x0000FEEC,0x09149BEC,internal_text,0x0000E3EC,0x091480EC,0x0000E3EC,0x0000E3EC,WF-015
LEVEL_23,23,Airboard — niveau 6,0x0000FDBC,0x00010058,0x09149D58,internal_text,0x0000E1D4,0x09147ED4,0x0000E1D4,0x0000E1D4,WF-015
LEVEL_23,23,Airboard — niveau 6,0x0000FDBC,0x0001006C,0x09149D6C,internal_text,0x000E7C8C,0x0922198C,0x000E7C8C,0x000E7C8C,WF-015
LEVEL_23,23,Airboard — niveau 6,0x00043694,0x000437BC,0x0917D4BC,internal_text,0x000E74F8,0x092211F8,0x000E74F8,0x000E74F8,WF-002
LEVEL_23,23,Airboard — niveau 6,0x00043694,0x000437C8,0x0917D4C8,internal_text,0x0017A9DC,0x092B46DC,0x0017A9DC,0x0017A9DC,WF-002
LEVEL_23,23,Airboard — niveau 6,0x00043694,0x000438F4,0x0917D5F4,internal_text,0x0000E1D4,0x09147ED4,0x0000E1D4,0x0000E1D4,WF-002
LEVEL_23,23,Airboard — niveau 6,0x00043694,0x0004391C,0x0917D61C,internal_text,0x0000E254,0x09147F54,0x0000E254,0x0000E254,WF-002
LEVEL_23,23,Airboard — niveau 6,0x00043694,0x00043930,0x0917D630,internal_text,0x000E887C,0x0922257C,0x000E887C,0x000E887C,WF-002
LEVEL_23,23,Airboard — niveau 6,0x00043694,0x000439F0,0x0917D6F0,internal_text,0x0017A9DC,0x092B46DC,0x0017A9DC,0x0017A9DC,WF-002
LEVEL_23,23,Airboard — niveau 6,0x00043A2C,0x00043B80,0x0917D880,internal_text,0x0002C620,0x09166320,0x0002C620,0x0002C620,WF-001
LEVEL_23,23,Airboard — niveau 6,0x00043A2C,0x00043C2C,0x0917D92C,internal_text,0x00043694,0x0917D394,0x00043694,0x00043694,WF-001
LEVEL_23,23,Airboard — niveau 6,0x00043A2C,0x00043C3C,0x0917D93C,internal_text,0x000428A0,0x0917C5A0,0x000428A0,0x000428A0,WF-001
LEVEL_23,23,Airboard — niveau 6,0x00043A2C,0x00043C44,0x0917D944,internal_text,0x00042EF0,0x0917CBF0,0x00042EF0,0x00042EF0,WF-001
LEVEL_23,23,Airboard — niveau 6,0x00043A2C,0x00043C4C,0x0917D94C,internal_text,0x00042E00,0x0917CB00,0x00042E00,0x00042E00,WF-001
LEVEL_23,23,Airboard — niveau 6,0x00043A2C,0x00043C90,0x0917D990,internal_text,0x0002C620,0x09166320,0x0002C620,0x0002C620,WF-001
LEVEL_23,23,Airboard — niveau 6,0x00043A2C,0x00043D40,0x0917DA40,internal_text,0x000428A0,0x0917C5A0,0x000428A0,0x000428A0,WF-001
LEVEL_23,23,Airboard — niveau 6,0x00043A2C,0x00043D48,0x0917DA48,internal_text,0x00042EF0,0x0917CBF0,0x00042EF0,0x00042EF0,WF-001
LEVEL_23,23,Airboard — niveau 6,0x00043A2C,0x00043D54,0x0917DA54,internal_text,0x00043694,0x0917D394,0x00043694,0x00043694,WF-001
LEVEL_23,23,Airboard — niveau 6,0x00043A2C,0x00043D64,0x0917DA64,internal_text,0x000429CC,0x0917C6CC,0x000429CC,0x000429CC,WF-001
LEVEL_23,23,Airboard — niveau 6,0x00043A2C,0x00043D6C,0x0917DA6C,internal_text,0x00042E00,0x0917CB00,0x00042E00,0x00042E00,WF-001
LEVEL_23,23,Airboard — niveau 6,0x00043A2C,0x00043E24,0x0917DB24,internal_text,0x0002F840,0x09169540,0x0002F840,0x0002F840,WF-001
LEVEL_23,23,Airboard — niveau 6,0x00043A2C,0x00043E50,0x0917DB50,internal_text,0x0003B698,0x09175398,0x0003B698,0x0003B698,WF-001
LEVEL_23,23,Airboard — niveau 6,0x00043A2C,0x00043E70,0x0917DB70,internal_text,0x00062CC0,0x0919C9C0,0x00062CC0,0x00062CC0,WF-001
LEVEL_23,23,Airboard — niveau 6,0x00043A2C,0x00043EBC,0x0917DBBC,internal_text,0x00063194,0x0919CE94,0x00063194,0x00063194,WF-001
LEVEL_23,23,Airboard — niveau 6,0x00043A2C,0x00043ED4,0x0917DBD4,internal_text,0x0006D120,0x091A6E20,0x0006D120,0x0006D120,WF-001
LEVEL_23,23,Airboard — niveau 6,0x00043A2C,0x00043EEC,0x0917DBEC,internal_text,0x00062D7C,0x0919CA7C,0x00062D7C,MOBY_SnapMobyAnim,WF-001
LEVEL_23,23,Airboard — niveau 6,0x00043A2C,0x00043F78,0x0917DC78,internal_text,0x00043694,0x0917D394,0x00043694,0x00043694,WF-001
LEVEL_23,23,Airboard — niveau 6,0x00043A2C,0x00043FD0,0x0917DCD0,internal_text,0x0000E1D4,0x09147ED4,0x0000E1D4,0x0000E1D4,WF-001
LEVEL_23,23,Airboard — niveau 6,0x00043A2C,0x00044004,0x0917DD04,internal_text,0x0000E1D4,0x09147ED4,0x0000E1D4,0x0000E1D4,WF-001
LEVEL_23,23,Airboard — niveau 6,0x00043A2C,0x00044014,0x0917DD14,internal_text,0x000429CC,0x0917C6CC,0x000429CC,0x000429CC,WF-001
LEVEL_23,23,Airboard — niveau 6,0x00043A2C,0x0004401C,0x0917DD1C,internal_text,0x00042E00,0x0917CB00,0x00042E00,0x00042E00,WF-001
LEVEL_23,23,Airboard — niveau 6,0x00043A2C,0x00044028,0x0917DD28,internal_text,0x0002F890,0x09169590,0x0002F890,0x0002F890,WF-001
LEVEL_23,23,Airboard — niveau 6,0x00043A2C,0x00044070,0x0917DD70,internal_text,0x0002F890,0x09169590,0x0002F890,0x0002F890,WF-001
LEVEL_23,23,Airboard — niveau 6,0x00043A2C,0x000440A0,0x0917DDA0,internal_text,0x0002F840,0x09169540,0x0002F840,0x0002F840,WF-001
LEVEL_23,23,Airboard — niveau 6,0x00043A2C,0x000440B8,0x0917DDB8,internal_text,0x0004308C,0x0917CD8C,0x0004308C,0x0004308C,WF-001
LEVEL_23,23,Airboard — niveau 6,0x00043A2C,0x000440C0,0x0917DDC0,internal_text,0x000430CC,0x0917CDCC,0x000430CC,0x000430CC,WF-001
LEVEL_23,23,Airboard — niveau 6,0x00043A2C,0x000440CC,0x0917DDCC,internal_text,0x00043694,0x0917D394,0x00043694,0x00043694,WF-001
LEVEL_23,23,Airboard — niveau 6,0x00043A2C,0x000440DC,0x0917DDDC,internal_text,0x000429CC,0x0917C6CC,0x000429CC,0x000429CC,WF-001
LEVEL_23,23,Airboard — niveau 6,0x00043A2C,0x000440E8,0x0917DDE8,internal_text,0x0002F890,0x09169590,0x0002F890,0x0002F890,WF-001
LEVEL_23,23,Airboard — niveau 6,0x00043A2C,0x00044110,0x0917DE10,internal_text,0x0004308C,0x0917CD8C,0x0004308C,0x0004308C,WF-001
LEVEL_23,23,Airboard — niveau 6,0x00043A2C,0x00044118,0x0917DE18,internal_text,0x000430CC,0x0917CDCC,0x000430CC,0x000430CC,WF-001
LEVEL_23,23,Airboard — niveau 6,0x00043A2C,0x00044124,0x0917DE24,internal_text,0x00043694,0x0917D394,0x00043694,0x00043694,WF-001
LEVEL_23,23,Airboard — niveau 6,0x00043A2C,0x00044134,0x0917DE34,internal_text,0x000429CC,0x0917C6CC,0x000429CC,0x000429CC,WF-001
LEVEL_23,23,Airboard — niveau 6,0x00043A2C,0x0004413C,0x0917DE3C,internal_text,0x0004312C,0x0917CE2C,0x0004312C,0x0004312C,WF-001
LEVEL_23,23,Airboard — niveau 6,0x00043A2C,0x00044180,0x0917DE80,internal_text,0x0000E1D4,0x09147ED4,0x0000E1D4,0x0000E1D4,WF-001
LEVEL_23,23,Airboard — niveau 6,0x00043A2C,0x00044190,0x0917DE90,internal_text,0x000429CC,0x0917C6CC,0x000429CC,0x000429CC,WF-001
LEVEL_23,23,Airboard — niveau 6,0x00043A2C,0x000441C8,0x0917DEC8,internal_text,0x0002F890,0x09169590,0x0002F890,0x0002F890,WF-001
LEVEL_23,23,Airboard — niveau 6,0x00043A2C,0x000441F8,0x0917DEF8,internal_text,0x00042E00,0x0917CB00,0x00042E00,0x00042E00,WF-001
LEVEL_23,23,Airboard — niveau 6,0x00043A2C,0x00044200,0x0917DF00,internal_text,0x00062CC0,0x0919C9C0,0x00062CC0,0x00062CC0,WF-001
LEVEL_23,23,Airboard — niveau 6,0x00043A2C,0x00044210,0x0917DF10,internal_text,0x0006D120,0x091A6E20,0x0006D120,0x0006D120,WF-001
LEVEL_23,23,Airboard — niveau 6,0x00043A2C,0x000442A8,0x0917DFA8,internal_text,0x00042554,0x0917C254,0x00042554,0x00042554,WF-001
LEVEL_23,23,Airboard — niveau 6,0x00043A2C,0x000442B4,0x0917DFB4,internal_text,0x0002F890,0x09169590,0x0002F890,0x0002F890,WF-001
LEVEL_23,23,Airboard — niveau 6,0x00043A2C,0x000442E0,0x0917DFE0,internal_text,0x00042554,0x0917C254,0x00042554,0x00042554,WF-001
LEVEL_23,23,Airboard — niveau 6,0x00043A2C,0x00044300,0x0917E000,internal_text,0x00055644,0x0918F344,0x00055644,0x00055644,WF-001
LEVEL_23,23,Airboard — niveau 6,0x00043A2C,0x00044314,0x0917E014,internal_text,0x00055644,0x0918F344,0x00055644,0x00055644,WF-001
LEVEL_23,23,Airboard — niveau 6,0x00043A2C,0x0004431C,0x0917E01C,internal_text,0x000557C8,0x0918F4C8,0x000557C8,0x000557C8,WF-001
LEVEL_23,23,Airboard — niveau 6,0x00043A2C,0x00044334,0x0917E034,internal_text,0x00055CA0,0x0918F9A0,0x00055CA0,0x00055CA0,WF-001
LEVEL_23,23,Airboard — niveau 6,0x00043A2C,0x00044384,0x0917E084,internal_text,0x00132DB4,0x0926CAB4,0x00132DB4,0x00132DB4,WF-001
LEVEL_23,23,Airboard — niveau 6,0x00043A2C,0x000443A0,0x0917E0A0,internal_text,0x00055814,0x0918F514,0x00055814,0x00055814,WF-001
LEVEL_23,23,Airboard — niveau 6,0x00043A2C,0x000443D8,0x0917E0D8,internal_text,0x00043694,0x0917D394,0x00043694,0x00043694,WF-001
LEVEL_23,23,Airboard — niveau 6,0x00043A2C,0x000443E0,0x0917E0E0,internal_text,0x00042E00,0x0917CB00,0x00042E00,0x00042E00,WF-001
LEVEL_23,23,Airboard — niveau 6,0x00047544,0x00047614,0x09181314,internal_text,0x00046244,0x0917FF44,0x00046244,0x00046244,WF-003
LEVEL_23,23,Airboard — niveau 6,0x00047544,0x000476E8,0x091813E8,internal_text,0x00046414,0x09180114,0x00046414,0x00046414,WF-003
LEVEL_23,23,Airboard — niveau 6,0x00047544,0x00047748,0x09181448,internal_text,0x00046024,0x0917FD24,0x00046024,0x00046024,WF-003
LEVEL_23,23,Airboard — niveau 6,0x00047544,0x0004777C,0x0918147C,internal_text,0x0004471C,0x0917E41C,0x0004471C,0x0004471C,WF-003
LEVEL_23,23,Airboard — niveau 6,0x00047544,0x000477A4,0x091814A4,internal_text,0x0000E108,0x09147E08,0x0000E108,0x0000E108,WF-003
LEVEL_23,23,Airboard — niveau 6,0x00047544,0x000477C0,0x091814C0,internal_text,0x0000E108,0x09147E08,0x0000E108,0x0000E108,WF-003
LEVEL_23,23,Airboard — niveau 6,0x00047544,0x000477DC,0x091814DC,internal_text,0x0000E108,0x09147E08,0x0000E108,0x0000E108,WF-003
LEVEL_23,23,Airboard — niveau 6,0x00047544,0x00047804,0x09181504,internal_text,0x0000E16C,0x09147E6C,0x0000E16C,0x0000E16C,WF-003
LEVEL_23,23,Airboard — niveau 6,0x00047544,0x00047820,0x09181520,internal_text,0x0000E16C,0x09147E6C,0x0000E16C,0x0000E16C,WF-003
LEVEL_23,23,Airboard — niveau 6,0x00047544,0x0004783C,0x0918153C,internal_text,0x0000E16C,0x09147E6C,0x0000E16C,0x0000E16C,WF-003
LEVEL_23,23,Airboard — niveau 6,0x00047544,0x000478B8,0x091815B8,internal_text,0x000E9880,0x09223580,0x000E9880,0x000E9880,WF-003
LEVEL_23,23,Airboard — niveau 6,0x00047544,0x000478E0,0x091815E0,internal_text,0x0002F890,0x09169590,0x0002F890,0x0002F890,WF-003
LEVEL_23,23,Airboard — niveau 6,0x00047544,0x00047940,0x09181640,internal_text,0x0002F840,0x09169540,0x0002F840,0x0002F840,WF-003
LEVEL_23,23,Airboard — niveau 6,0x00047544,0x00047958,0x09181658,internal_text,0x000456B8,0x0917F3B8,0x000456B8,0x000456B8,WF-003
LEVEL_23,23,Airboard — niveau 6,0x00047544,0x00047980,0x09181680,internal_text,0x0002F90C,0x0916960C,0x0002F90C,0x0002F90C,WF-003
LEVEL_23,23,Airboard — niveau 6,0x00047544,0x000479A0,0x091816A0,internal_text,0x00044408,0x0917E108,0x00044408,0x00044408,WF-003
LEVEL_23,23,Airboard — niveau 6,0x00047544,0x000479C8,0x091816C8,internal_text,0x000FA224,0x09233F24,0x000FA224,0x000FA224,WF-003
LEVEL_23,23,Airboard — niveau 6,0x00047544,0x000479D8,0x091816D8,internal_text,0x000FA22C,0x09233F2C,0x000FA22C,0x000FA22C,WF-003
LEVEL_23,23,Airboard — niveau 6,0x00047544,0x00047A54,0x09181754,internal_text,0x000FA224,0x09233F24,0x000FA224,0x000FA224,WF-003
LEVEL_23,23,Airboard — niveau 6,0x00047544,0x00047A84,0x09181784,internal_text,0x00063014,0x0919CD14,0x00063014,MOBY_BlendMobyAnim,WF-003
LEVEL_23,23,Airboard — niveau 6,0x00047544,0x00047AB4,0x091817B4,internal_text,0x0000E108,0x09147E08,0x0000E108,0x0000E108,WF-003
LEVEL_23,23,Airboard — niveau 6,0x00047544,0x00047AD0,0x091817D0,internal_text,0x0000E108,0x09147E08,0x0000E108,0x0000E108,WF-003
LEVEL_23,23,Airboard — niveau 6,0x00047544,0x00047AEC,0x091817EC,internal_text,0x0000E108,0x09147E08,0x0000E108,0x0000E108,WF-003
LEVEL_23,23,Airboard — niveau 6,0x00047544,0x00047B14,0x09181814,internal_text,0x0000E16C,0x09147E6C,0x0000E16C,0x0000E16C,WF-003
LEVEL_23,23,Airboard — niveau 6,0x00047544,0x00047B30,0x09181830,internal_text,0x0000E16C,0x09147E6C,0x0000E16C,0x0000E16C,WF-003
LEVEL_23,23,Airboard — niveau 6,0x00047544,0x00047B4C,0x0918184C,internal_text,0x0000E16C,0x09147E6C,0x0000E16C,0x0000E16C,WF-003
LEVEL_23,23,Airboard — niveau 6,0x00047544,0x00047BC8,0x091818C8,internal_text,0x000E9880,0x09223580,0x000E9880,0x000E9880,WF-003
LEVEL_23,23,Airboard — niveau 6,0x00047544,0x00047BEC,0x091818EC,internal_text,0x0017A9DC,0x092B46DC,0x0017A9DC,0x0017A9DC,WF-003
LEVEL_23,23,Airboard — niveau 6,0x00047544,0x00047C10,0x09181910,internal_text,0x0017A9DC,0x092B46DC,0x0017A9DC,0x0017A9DC,WF-003
LEVEL_23,23,Airboard — niveau 6,0x00047544,0x00047C34,0x09181934,internal_text,0x0017A9DC,0x092B46DC,0x0017A9DC,0x0017A9DC,WF-003
LEVEL_23,23,Airboard — niveau 6,0x00047544,0x00047CBC,0x091819BC,internal_text,0x0002F840,0x09169540,0x0002F840,0x0002F840,WF-003
LEVEL_23,23,Airboard — niveau 6,0x00047544,0x00047D14,0x09181A14,internal_text,0x0000E16C,0x09147E6C,0x0000E16C,0x0000E16C,WF-003
LEVEL_23,23,Airboard — niveau 6,0x00047544,0x00047D30,0x09181A30,internal_text,0x0000E16C,0x09147E6C,0x0000E16C,0x0000E16C,WF-003
LEVEL_23,23,Airboard — niveau 6,0x00047544,0x00047D4C,0x09181A4C,internal_text,0x0000E16C,0x09147E6C,0x0000E16C,0x0000E16C,WF-003
LEVEL_23,23,Airboard — niveau 6,0x00047544,0x00047DC8,0x09181AC8,internal_text,0x000E9880,0x09223580,0x000E9880,0x000E9880,WF-003
LEVEL_23,23,Airboard — niveau 6,0x00047544,0x00047DF4,0x09181AF4,internal_text,0x0002E0F0,0x09167DF0,0x0002E0F0,0x0002E0F0,WF-003
LEVEL_23,23,Airboard — niveau 6,0x00047544,0x00047DFC,0x09181AFC,internal_text,0x0002E11C,0x09167E1C,0x0002E11C,0x0002E11C,WF-003
LEVEL_23,23,Airboard — niveau 6,0x00047544,0x00047E04,0x09181B04,internal_text,0x0003BA78,0x09175778,0x0003BA78,0x0003BA78,WF-003
LEVEL_23,23,Airboard — niveau 6,0x00047544,0x00047E20,0x09181B20,internal_text,0x0000E1D4,0x09147ED4,0x0000E1D4,0x0000E1D4,WF-003
LEVEL_23,23,Airboard — niveau 6,0x00047544,0x00047E30,0x09181B30,internal_text,0x0002D21C,0x09166F1C,0x0002D21C,0x0002D21C,WF-003
LEVEL_23,23,Airboard — niveau 6,0x00047544,0x00047E44,0x09181B44,internal_text,0x0003B078,0x09174D78,0x0003B078,0x0003B078,WF-003
LEVEL_23,23,Airboard — niveau 6,0x00047544,0x00047ED8,0x09181BD8,internal_text,0x001475B4,0x092812B4,0x001475B4,0x001475B4,WF-003
LEVEL_23,23,Airboard — niveau 6,0x00047544,0x00047F40,0x09181C40,internal_text,0x00046244,0x0917FF44,0x00046244,0x00046244,WF-003
LEVEL_23,23,Airboard — niveau 6,0x00047544,0x00047F74,0x09181C74,internal_text,0x0004471C,0x0917E41C,0x0004471C,0x0004471C,WF-003
LEVEL_23,23,Airboard — niveau 6,0x00047544,0x00047F9C,0x09181C9C,internal_text,0x0000E108,0x09147E08,0x0000E108,0x0000E108,WF-003
LEVEL_23,23,Airboard — niveau 6,0x00047544,0x00047FB8,0x09181CB8,internal_text,0x0000E108,0x09147E08,0x0000E108,0x0000E108,WF-003
LEVEL_23,23,Airboard — niveau 6,0x00047544,0x00047FD4,0x09181CD4,internal_text,0x0000E108,0x09147E08,0x0000E108,0x0000E108,WF-003
LEVEL_23,23,Airboard — niveau 6,0x00047544,0x00047FFC,0x09181CFC,internal_text,0x0000E16C,0x09147E6C,0x0000E16C,0x0000E16C,WF-003
LEVEL_23,23,Airboard — niveau 6,0x00047544,0x00048018,0x09181D18,internal_text,0x0000E16C,0x09147E6C,0x0000E16C,0x0000E16C,WF-003
LEVEL_23,23,Airboard — niveau 6,0x00047544,0x00048034,0x09181D34,internal_text,0x0000E16C,0x09147E6C,0x0000E16C,0x0000E16C,WF-003
LEVEL_23,23,Airboard — niveau 6,0x00047544,0x000480B0,0x09181DB0,internal_text,0x000E9880,0x09223580,0x000E9880,0x000E9880,WF-003
LEVEL_23,23,Airboard — niveau 6,0x00047544,0x00048108,0x09181E08,internal_text,0x0002F890,0x09169590,0x0002F890,0x0002F890,WF-003
LEVEL_23,23,Airboard — niveau 6,0x00047544,0x0004818C,0x09181E8C,internal_text,0x0002F840,0x09169540,0x0002F840,0x0002F840,WF-003
LEVEL_23,23,Airboard — niveau 6,0x00047544,0x000481B8,0x09181EB8,internal_text,0x00046244,0x0917FF44,0x00046244,0x00046244,WF-003
LEVEL_23,23,Airboard — niveau 6,0x00047544,0x000481EC,0x09181EEC,internal_text,0x0004471C,0x0917E41C,0x0004471C,0x0004471C,WF-003
LEVEL_23,23,Airboard — niveau 6,0x00047544,0x00048214,0x09181F14,internal_text,0x0000E108,0x09147E08,0x0000E108,0x0000E108,WF-003
LEVEL_23,23,Airboard — niveau 6,0x00047544,0x00048230,0x09181F30,internal_text,0x0000E108,0x09147E08,0x0000E108,0x0000E108,WF-003
LEVEL_23,23,Airboard — niveau 6,0x00047544,0x0004824C,0x09181F4C,internal_text,0x0000E108,0x09147E08,0x0000E108,0x0000E108,WF-003
LEVEL_23,23,Airboard — niveau 6,0x00047544,0x00048274,0x09181F74,internal_text,0x0000E16C,0x09147E6C,0x0000E16C,0x0000E16C,WF-003
LEVEL_23,23,Airboard — niveau 6,0x00047544,0x00048290,0x09181F90,internal_text,0x0000E16C,0x09147E6C,0x0000E16C,0x0000E16C,WF-003
LEVEL_23,23,Airboard — niveau 6,0x00047544,0x000482AC,0x09181FAC,internal_text,0x0000E16C,0x09147E6C,0x0000E16C,0x0000E16C,WF-003
LEVEL_23,23,Airboard — niveau 6,0x00047544,0x00048328,0x09182028,internal_text,0x000E9880,0x09223580,0x000E9880,0x000E9880,WF-003
LEVEL_23,23,Airboard — niveau 6,0x00047544,0x0004834C,0x0918204C,internal_text,0x00062CC0,0x0919C9C0,0x00062CC0,0x00062CC0,WF-003
LEVEL_23,23,Airboard — niveau 6,0x00047544,0x00048370,0x09182070,internal_text,0x00062CE8,0x0919C9E8,0x00062CE8,0x00062CE8,WF-003
LEVEL_23,23,Airboard — niveau 6,0x00047544,0x0004840C,0x0918210C,internal_text,0x00063014,0x0919CD14,0x00063014,MOBY_BlendMobyAnim,WF-003
LEVEL_23,23,Airboard — niveau 6,0x00047544,0x00048414,0x09182114,internal_text,0x000FA25C,0x09233F5C,0x000FA25C,0x000FA25C,WF-003
LEVEL_23,23,Airboard — niveau 6,0x00047544,0x00048448,0x09182148,internal_text,0x000FA254,0x09233F54,0x000FA254,0x000FA254,WF-003
LEVEL_23,23,Airboard — niveau 6,0x00047544,0x0004846C,0x0918216C,internal_text,0x0002A758,0x09164458,0x0002A758,0x0002A758,WF-003
LEVEL_23,23,Airboard — niveau 6,0x00047544,0x0004847C,0x0918217C,internal_text,0x0002A758,0x09164458,0x0002A758,0x0002A758,WF-003
LEVEL_23,23,Airboard — niveau 6,0x00047544,0x000484C8,0x091821C8,internal_text,0x00046600,0x09180300,0x00046600,0x00046600,WF-003
LEVEL_23,23,Airboard — niveau 6,0x00047544,0x0004852C,0x0918222C,internal_text,0x000470A8,0x09180DA8,0x000470A8,ht_grindlock_switches,WF-003
LEVEL_23,23,Airboard — niveau 6,0x0004FD34,0x0004FD64,0x09189A64,internal_text,0x0002D6C8,0x091673C8,0x0002D6C8,0x0002D6C8,WF-004
LEVEL_23,23,Airboard — niveau 6,0x0004FD34,0x0004FD6C,0x09189A6C,internal_text,0x00042A50,0x0917C750,0x00042A50,0x00042A50,WF-004
LEVEL_23,23,Airboard — niveau 6,0x0004FD34,0x0004FD94,0x09189A94,internal_text,0x0000E1D4,0x09147ED4,0x0000E1D4,0x0000E1D4,WF-004
LEVEL_23,23,Airboard — niveau 6,0x0004FD34,0x0004FDAC,0x09189AAC,internal_text,0x0004FFE0,0x09189CE0,0x0004FFE0,0x0004FFE0,WF-004
LEVEL_23,23,Airboard — niveau 6,0x0004FD34,0x0004FDB4,0x09189AB4,internal_text,0x000503F0,0x0918A0F0,0x000503F0,0x000503F0,WF-004
LEVEL_23,23,Airboard — niveau 6,0x0004FD34,0x0004FDF0,0x09189AF0,internal_text,0x0004F854,0x09189554,0x0004F854,0x0004F854,WF-004
LEVEL_23,23,Airboard — niveau 6,0x0004FD34,0x0004FE14,0x09189B14,internal_text,0x0009D030,0x091D6D30,0x0009D030,0x0009D030,WF-004
LEVEL_23,23,Airboard — niveau 6,0x000FEC20,0x000FEC88,0x09238988,internal_text,0x0000E1D4,0x09147ED4,0x0000E1D4,0x0000E1D4,WF-008
LEVEL_23,23,Airboard — niveau 6,0x000FEC20,0x000FECA8,0x092389A8,internal_text,0x0000E1D4,0x09147ED4,0x0000E1D4,0x0000E1D4,WF-008
LEVEL_23,23,Airboard — niveau 6,0x000FEC20,0x000FED04,0x09238A04,internal_text,0x001004FC,0x0923A1FC,0x001004FC,0x001004FC,WF-008
LEVEL_23,23,Airboard — niveau 6,0x000FEC20,0x000FED14,0x09238A14,internal_text,0x0017BA68,0x092B5768,0x0017BA68,0x0017BA68,WF-008
LEVEL_23,23,Airboard — niveau 6,0x000FEC20,0x000FEDC8,0x09238AC8,internal_text,0x00101AD0,0x0923B7D0,0x00101AD0,0x00101AD0,WF-008
LEVEL_23,23,Airboard — niveau 6,0x000FEC20,0x000FEDE0,0x09238AE0,internal_text,0x000FDF88,0x09237C88,0x000FDF88,0x000FDF88,WF-008
LEVEL_23,23,Airboard — niveau 6,0x000FEC20,0x000FEE10,0x09238B10,internal_text,0x001004FC,0x0923A1FC,0x001004FC,0x001004FC,WF-008
LEVEL_23,23,Airboard — niveau 6,0x000FEE3C,0x000FEE60,0x09238B60,internal_text,0x00101AD0,0x0923B7D0,0x00101AD0,0x00101AD0,WF-009
LEVEL_23,23,Airboard — niveau 6,0x000FEE3C,0x000FEEBC,0x09238BBC,internal_text,0x001004FC,0x0923A1FC,0x001004FC,0x001004FC,WF-009
LEVEL_23,23,Airboard — niveau 6,0x000FEE3C,0x000FEEE4,0x09238BE4,internal_text,0x000FFA68,0x09239768,0x000FFA68,0x000FFA68,WF-009
LEVEL_23,23,Airboard — niveau 6,0x000FEE3C,0x000FEF08,0x09238C08,internal_text,0x0000E1D4,0x09147ED4,0x0000E1D4,0x0000E1D4,WF-009
LEVEL_23,23,Airboard — niveau 6,0x000FEE3C,0x000FEF28,0x09238C28,internal_text,0x0000E1D4,0x09147ED4,0x0000E1D4,0x0000E1D4,WF-009
LEVEL_23,23,Airboard — niveau 6,0x000FEE3C,0x000FEF8C,0x09238C8C,internal_text,0x001004FC,0x0923A1FC,0x001004FC,0x001004FC,WF-009
LEVEL_23,23,Airboard — niveau 6,0x000FEE3C,0x000FEF9C,0x09238C9C,internal_text,0x0017BA68,0x092B5768,0x0017BA68,0x0017BA68,WF-009
LEVEL_23,23,Airboard — niveau 6,0x000FF104,0x000FF130,0x09238E30,internal_text,0x000FFA68,0x09239768,0x000FFA68,0x000FFA68,WF-007
LEVEL_23,23,Airboard — niveau 6,0x000FF104,0x000FF158,0x09238E58,internal_text,0x0000E1D4,0x09147ED4,0x0000E1D4,0x0000E1D4,WF-007
LEVEL_23,23,Airboard — niveau 6,0x000FF104,0x000FF1D8,0x09238ED8,internal_text,0x0000E1D4,0x09147ED4,0x0000E1D4,0x0000E1D4,WF-007
LEVEL_23,23,Airboard — niveau 6,0x000FF104,0x000FF200,0x09238F00,internal_text,0x0000E1D4,0x09147ED4,0x0000E1D4,0x0000E1D4,WF-007
LEVEL_23,23,Airboard — niveau 6,0x000FF104,0x000FF25C,0x09238F5C,internal_text,0x0017BA68,0x092B5768,0x0017BA68,0x0017BA68,WF-007
LEVEL_23,23,Airboard — niveau 6,0x000FF104,0x000FF37C,0x0923907C,internal_text,0x00018824,0x09152524,0x00018824,0x00018824,WF-007
LEVEL_23,23,Airboard — niveau 6,0x000FF104,0x000FF3F0,0x092390F0,internal_text,0x001004FC,0x0923A1FC,0x001004FC,0x001004FC,WF-007
LEVEL_23,23,Airboard — niveau 6,0x00101AD0,0x00101B0C,0x0923B80C,internal_text,0x000FF500,0x09239200,0x000FF500,0x000FF500,WF-010
LEVEL_23,23,Airboard — niveau 6,0x00101AD0,0x00101BE4,0x0923B8E4,internal_text,0x0000E1D4,0x09147ED4,0x0000E1D4,0x0000E1D4,WF-010
LEVEL_23,23,Airboard — niveau 6,0x00101AD0,0x00101C64,0x0923B964,internal_text,0x000100F0,0x09149DF0,0x000100F0,0x000100F0,WF-010
LEVEL_23,23,Airboard — niveau 6,0x00101AD0,0x00101CA4,0x0923B9A4,internal_text,0x0000E1D4,0x09147ED4,0x0000E1D4,0x0000E1D4,WF-010
LEVEL_23,23,Airboard — niveau 6,0x00101AD0,0x00101D1C,0x0923BA1C,internal_text,0x000100F0,0x09149DF0,0x000100F0,0x000100F0,WF-010
LEVEL_23,23,Airboard — niveau 6,0x00101AD0,0x00101D44,0x0923BA44,internal_text,0x001834B0,0x092BD1B0,0x001834B0,0x001834B0,WF-010
LEVEL_23,23,Airboard — niveau 6,0x00101AD0,0x00101D7C,0x0923BA7C,internal_text,0x0017A8CC,0x092B45CC,0x0017A8CC,0x0017A8CC,WF-010
LEVEL_23,23,Airboard — niveau 6,0x00101AD0,0x00101D88,0x0923BA88,internal_text,0x0017A9F4,0x092B46F4,0x0017A9F4,0x0017A9F4,WF-010
LEVEL_23,23,Airboard — niveau 6,0x00101AD0,0x00101DB4,0x0923BAB4,internal_text,0x001834B0,0x092BD1B0,0x001834B0,0x001834B0,WF-010
LEVEL_23,23,Airboard — niveau 6,0x00101AD0,0x00101E4C,0x0923BB4C,internal_text,0x00018824,0x09152524,0x00018824,0x00018824,WF-010
LEVEL_23,23,Airboard — niveau 6,0x00101AD0,0x00101E80,0x0923BB80,internal_text,0x00018190,0x09151E90,0x00018190,0x00018190,WF-010
LEVEL_23,23,Airboard — niveau 6,0x00101AD0,0x00101F5C,0x0923BC5C,internal_text,0x00065248,0x0919EF48,0x00065248,0x00065248,WF-010
LEVEL_23,23,Airboard — niveau 6,0x00101AD0,0x00101FF8,0x0923BCF8,internal_text,0x000812B0,0x091BAFB0,0x000812B0,0x000812B0,WF-010
LEVEL_23,23,Airboard — niveau 6,0x00144B4C,0x00144B8C,0x0927E88C,internal_text,0x00143DD8,0x0927DAD8,0x00143DD8,0x00143DD8,WF-006
LEVEL_23,23,Airboard — niveau 6,0x00144B4C,0x00144BA8,0x0927E8A8,internal_text,0x0000E1D4,0x09147ED4,0x0000E1D4,0x0000E1D4,WF-006
LEVEL_23,23,Airboard — niveau 6,0x00144B4C,0x00144BF0,0x0927E8F0,internal_text,0x0017BA68,0x092B5768,0x0017BA68,0x0017BA68,WF-006
LEVEL_23,23,Airboard — niveau 6,0x00144B4C,0x00144C64,0x0927E964,internal_text,0x00143FF4,0x0927DCF4,0x00143FF4,0x00143FF4,WF-006
LEVEL_23,23,Airboard — niveau 6,0x00144B4C,0x00144CC4,0x0927E9C4,internal_text,0x00018824,0x09152524,0x00018824,0x00018824,WF-006
LEVEL_23,23,Airboard — niveau 6,0x00144B4C,0x00144D3C,0x0927EA3C,internal_text,0x00143DD8,0x0927DAD8,0x00143DD8,0x00143DD8,WF-006
LEVEL_23,23,Airboard — niveau 6,0x00144B4C,0x00144D70,0x0927EA70,internal_text,0x000E7B24,0x09221824,0x000E7B24,0x000E7B24,WF-006
LEVEL_23,23,Airboard — niveau 6,0x00144B4C,0x00144D80,0x0927EA80,internal_text,0x000EB824,0x09225524,0x000EB824,0x000EB824,WF-006
LEVEL_23,23,Airboard — niveau 6,0x00144B4C,0x00144DFC,0x0927EAFC,internal_text,0x00143FF4,0x0927DCF4,0x00143FF4,0x00143FF4,WF-006
LEVEL_23,23,Airboard — niveau 6,0x00144B4C,0x00144E5C,0x0927EB5C,internal_text,0x00018824,0x09152524,0x00018824,0x00018824,WF-006
LEVEL_23,23,Airboard — niveau 6,0x00156A68,0x00156D8C,0x09290A8C,internal_text,0x0000E1D4,0x09147ED4,0x0000E1D4,0x0000E1D4,WF-024
LEVEL_23,23,Airboard — niveau 6,0x00156A68,0x00156DB0,0x09290AB0,internal_text,0x0017BA68,0x092B5768,0x0017BA68,0x0017BA68,WF-024
LEVEL_23,23,Airboard — niveau 6,0x00156A68,0x00156DC0,0x09290AC0,internal_text,0x001569DC,0x092906DC,0x001569DC,0x001569DC,WF-024
LEVEL_23,23,Airboard — niveau 6,0x00164AF4,0x00164BAC,0x0929E8AC,internal_text,0x0000E1D4,0x09147ED4,0x0000E1D4,0x0000E1D4,WF-012
LEVEL_23,23,Airboard — niveau 6,0x00164AF4,0x00164BBC,0x0929E8BC,internal_text,0x000E8170,0x09221E70,0x000E8170,0x000E8170,WF-012
LEVEL_23,23,Airboard — niveau 6,0x00164AF4,0x00164C34,0x0929E934,internal_text,0x00164D94,0x0929EA94,0x00164D94,0x00164D94,WF-012
LEVEL_23,23,Airboard — niveau 6,0x00164AF4,0x00164C60,0x0929E960,internal_text,0x00164FDC,0x0929ECDC,0x00164FDC,0x00164FDC,WF-012
LEVEL_23,23,Airboard — niveau 6,0x00164AF4,0x00164C88,0x0929E988,internal_text,0x0016566C,0x0929F36C,0x0016566C,0x0016566C,WF-012
LEVEL_23,23,Airboard — niveau 6,0x00164AF4,0x00164CB4,0x0929E9B4,internal_text,0x00165E90,0x0929FB90,0x00165E90,0x00165E90,WF-012
LEVEL_23,23,Airboard — niveau 6,0x00165248,0x00165298,0x0929EF98,internal_text,0x0000E1D4,0x09147ED4,0x0000E1D4,0x0000E1D4,WF-011
LEVEL_23,23,Airboard — niveau 6,0x00165248,0x001652B4,0x0929EFB4,internal_text,0x0000E1D4,0x09147ED4,0x0000E1D4,0x0000E1D4,WF-011
LEVEL_23,23,Airboard — niveau 6,0x00165248,0x001652E8,0x0929EFE8,internal_text,0x0017BA68,0x092B5768,0x0017BA68,0x0017BA68,WF-011
LEVEL_23,23,Airboard — niveau 6,0x00165248,0x0016531C,0x0929F01C,internal_text,0x000E8170,0x09221E70,0x000E8170,0x000E8170,WF-011
LEVEL_24,24,HIG Treehouse,0x0000E00C,0x0000E040,0x09147D40,internal_text,0x0000DE74,0x09147B74,0x0000DE74,0x0000DE74,WF-005
LEVEL_24,24,HIG Treehouse,0x0000E00C,0x0000E05C,0x09147D5C,internal_text,0x0000DE74,0x09147B74,0x0000DE74,0x0000DE74,WF-005
LEVEL_24,24,HIG Treehouse,0x0000E00C,0x0000E078,0x09147D78,internal_text,0x0000DE74,0x09147B74,0x0000DE74,0x0000DE74,WF-005
LEVEL_24,24,HIG Treehouse,0x0000FCD0,0x0000FDC8,0x09149AC8,internal_text,0x0000E6C8,0x091483C8,0x0000E6C8,0x0000E6C8,WF-015
LEVEL_24,24,HIG Treehouse,0x0000FCD0,0x0000FE00,0x09149B00,internal_text,0x0000E00C,0x09147D0C,0x0000E00C,0x0000E00C,WF-015
LEVEL_24,24,HIG Treehouse,0x0000FCD0,0x0000FF6C,0x09149C6C,internal_text,0x0000DE74,0x09147B74,0x0000DE74,0x0000DE74,WF-015
LEVEL_24,24,HIG Treehouse,0x0000FCD0,0x0000FF80,0x09149C80,internal_text,0x000EB2E8,0x09224FE8,0x000EB2E8,0x000EB2E8,WF-015
LEVEL_24,24,HIG Treehouse,0x000434A0,0x000435C8,0x0917D2C8,internal_text,0x000EAB94,0x09224894,0x000EAB94,0x000EAB94,WF-002
LEVEL_24,24,HIG Treehouse,0x000434A0,0x000435D4,0x0917D2D4,internal_text,0x00177CB0,0x092B19B0,0x00177CB0,0x00177CB0,WF-002
LEVEL_24,24,HIG Treehouse,0x000434A0,0x00043700,0x0917D400,internal_text,0x0000DE74,0x09147B74,0x0000DE74,0x0000DE74,WF-002
LEVEL_24,24,HIG Treehouse,0x000434A0,0x00043728,0x0917D428,internal_text,0x0000DEF4,0x09147BF4,0x0000DEF4,0x0000DEF4,WF-002
LEVEL_24,24,HIG Treehouse,0x000434A0,0x0004373C,0x0917D43C,internal_text,0x000EBED8,0x09225BD8,0x000EBED8,0x000EBED8,WF-002
LEVEL_24,24,HIG Treehouse,0x000434A0,0x000437FC,0x0917D4FC,internal_text,0x00177CB0,0x092B19B0,0x00177CB0,0x00177CB0,WF-002
LEVEL_24,24,HIG Treehouse,0x00043838,0x0004398C,0x0917D68C,internal_text,0x0002C214,0x09165F14,0x0002C214,0x0002C214,WF-001
LEVEL_24,24,HIG Treehouse,0x00043838,0x00043A38,0x0917D738,internal_text,0x000434A0,0x0917D1A0,0x000434A0,0x000434A0,WF-001
LEVEL_24,24,HIG Treehouse,0x00043838,0x00043A48,0x0917D748,internal_text,0x000426AC,0x0917C3AC,0x000426AC,0x000426AC,WF-001
LEVEL_24,24,HIG Treehouse,0x00043838,0x00043A50,0x0917D750,internal_text,0x00042CFC,0x0917C9FC,0x00042CFC,0x00042CFC,WF-001
LEVEL_24,24,HIG Treehouse,0x00043838,0x00043A58,0x0917D758,internal_text,0x00042C0C,0x0917C90C,0x00042C0C,0x00042C0C,WF-001
LEVEL_24,24,HIG Treehouse,0x00043838,0x00043A9C,0x0917D79C,internal_text,0x0002C214,0x09165F14,0x0002C214,0x0002C214,WF-001
LEVEL_24,24,HIG Treehouse,0x00043838,0x00043B4C,0x0917D84C,internal_text,0x000426AC,0x0917C3AC,0x000426AC,0x000426AC,WF-001
LEVEL_24,24,HIG Treehouse,0x00043838,0x00043B54,0x0917D854,internal_text,0x00042CFC,0x0917C9FC,0x00042CFC,0x00042CFC,WF-001
LEVEL_24,24,HIG Treehouse,0x00043838,0x00043B60,0x0917D860,internal_text,0x000434A0,0x0917D1A0,0x000434A0,0x000434A0,WF-001
LEVEL_24,24,HIG Treehouse,0x00043838,0x00043B70,0x0917D870,internal_text,0x000427D8,0x0917C4D8,0x000427D8,0x000427D8,WF-001
LEVEL_24,24,HIG Treehouse,0x00043838,0x00043B78,0x0917D878,internal_text,0x00042C0C,0x0917C90C,0x00042C0C,0x00042C0C,WF-001
LEVEL_24,24,HIG Treehouse,0x00043838,0x00043C30,0x0917D930,internal_text,0x0002F434,0x09169134,0x0002F434,0x0002F434,WF-001
LEVEL_24,24,HIG Treehouse,0x00043838,0x00043C5C,0x0917D95C,internal_text,0x0003B4A4,0x091751A4,0x0003B4A4,0x0003B4A4,WF-001
LEVEL_24,24,HIG Treehouse,0x00043838,0x00043C7C,0x0917D97C,internal_text,0x0006521C,0x0919EF1C,0x0006521C,0x0006521C,WF-001
LEVEL_24,24,HIG Treehouse,0x00043838,0x00043CC8,0x0917D9C8,internal_text,0x000656F0,0x0919F3F0,0x000656F0,0x000656F0,WF-001
LEVEL_24,24,HIG Treehouse,0x00043838,0x00043CE0,0x0917D9E0,internal_text,0x0006F7A8,0x091A94A8,0x0006F7A8,0x0006F7A8,WF-001
LEVEL_24,24,HIG Treehouse,0x00043838,0x00043CF8,0x0917D9F8,internal_text,0x000652D8,0x0919EFD8,0x000652D8,MOBY_SnapMobyAnim,WF-001
LEVEL_24,24,HIG Treehouse,0x00043838,0x00043D84,0x0917DA84,internal_text,0x000434A0,0x0917D1A0,0x000434A0,0x000434A0,WF-001
LEVEL_24,24,HIG Treehouse,0x00043838,0x00043DDC,0x0917DADC,internal_text,0x0000DE74,0x09147B74,0x0000DE74,0x0000DE74,WF-001
LEVEL_24,24,HIG Treehouse,0x00043838,0x00043E10,0x0917DB10,internal_text,0x0000DE74,0x09147B74,0x0000DE74,0x0000DE74,WF-001
LEVEL_24,24,HIG Treehouse,0x00043838,0x00043E20,0x0917DB20,internal_text,0x000427D8,0x0917C4D8,0x000427D8,0x000427D8,WF-001
LEVEL_24,24,HIG Treehouse,0x00043838,0x00043E28,0x0917DB28,internal_text,0x00042C0C,0x0917C90C,0x00042C0C,0x00042C0C,WF-001
LEVEL_24,24,HIG Treehouse,0x00043838,0x00043E34,0x0917DB34,internal_text,0x0002F484,0x09169184,0x0002F484,0x0002F484,WF-001
LEVEL_24,24,HIG Treehouse,0x00043838,0x00043E7C,0x0917DB7C,internal_text,0x0002F484,0x09169184,0x0002F484,0x0002F484,WF-001
LEVEL_24,24,HIG Treehouse,0x00043838,0x00043EAC,0x0917DBAC,internal_text,0x0002F434,0x09169134,0x0002F434,0x0002F434,WF-001
LEVEL_24,24,HIG Treehouse,0x00043838,0x00043EC4,0x0917DBC4,internal_text,0x00042E98,0x0917CB98,0x00042E98,0x00042E98,WF-001
LEVEL_24,24,HIG Treehouse,0x00043838,0x00043ECC,0x0917DBCC,internal_text,0x00042ED8,0x0917CBD8,0x00042ED8,0x00042ED8,WF-001
LEVEL_24,24,HIG Treehouse,0x00043838,0x00043ED8,0x0917DBD8,internal_text,0x000434A0,0x0917D1A0,0x000434A0,0x000434A0,WF-001
LEVEL_24,24,HIG Treehouse,0x00043838,0x00043EE8,0x0917DBE8,internal_text,0x000427D8,0x0917C4D8,0x000427D8,0x000427D8,WF-001
LEVEL_24,24,HIG Treehouse,0x00043838,0x00043EF4,0x0917DBF4,internal_text,0x0002F484,0x09169184,0x0002F484,0x0002F484,WF-001
LEVEL_24,24,HIG Treehouse,0x00043838,0x00043F1C,0x0917DC1C,internal_text,0x00042E98,0x0917CB98,0x00042E98,0x00042E98,WF-001
LEVEL_24,24,HIG Treehouse,0x00043838,0x00043F24,0x0917DC24,internal_text,0x00042ED8,0x0917CBD8,0x00042ED8,0x00042ED8,WF-001
LEVEL_24,24,HIG Treehouse,0x00043838,0x00043F30,0x0917DC30,internal_text,0x000434A0,0x0917D1A0,0x000434A0,0x000434A0,WF-001
LEVEL_24,24,HIG Treehouse,0x00043838,0x00043F40,0x0917DC40,internal_text,0x000427D8,0x0917C4D8,0x000427D8,0x000427D8,WF-001
LEVEL_24,24,HIG Treehouse,0x00043838,0x00043F48,0x0917DC48,internal_text,0x00042F38,0x0917CC38,0x00042F38,0x00042F38,WF-001
LEVEL_24,24,HIG Treehouse,0x00043838,0x00043F8C,0x0917DC8C,internal_text,0x0000DE74,0x09147B74,0x0000DE74,0x0000DE74,WF-001
LEVEL_24,24,HIG Treehouse,0x00043838,0x00043F9C,0x0917DC9C,internal_text,0x000427D8,0x0917C4D8,0x000427D8,0x000427D8,WF-001
LEVEL_24,24,HIG Treehouse,0x00043838,0x00043FD4,0x0917DCD4,internal_text,0x0002F484,0x09169184,0x0002F484,0x0002F484,WF-001
LEVEL_24,24,HIG Treehouse,0x00043838,0x00044004,0x0917DD04,internal_text,0x00042C0C,0x0917C90C,0x00042C0C,0x00042C0C,WF-001
LEVEL_24,24,HIG Treehouse,0x00043838,0x0004400C,0x0917DD0C,internal_text,0x0006521C,0x0919EF1C,0x0006521C,0x0006521C,WF-001
LEVEL_24,24,HIG Treehouse,0x00043838,0x0004401C,0x0917DD1C,internal_text,0x0006F7A8,0x091A94A8,0x0006F7A8,0x0006F7A8,WF-001
LEVEL_24,24,HIG Treehouse,0x00043838,0x000440B4,0x0917DDB4,internal_text,0x00042360,0x0917C060,0x00042360,0x00042360,WF-001
LEVEL_24,24,HIG Treehouse,0x00043838,0x000440C0,0x0917DDC0,internal_text,0x0002F484,0x09169184,0x0002F484,0x0002F484,WF-001
LEVEL_24,24,HIG Treehouse,0x00043838,0x000440EC,0x0917DDEC,internal_text,0x00042360,0x0917C060,0x00042360,0x00042360,WF-001
LEVEL_24,24,HIG Treehouse,0x00043838,0x0004410C,0x0917DE0C,internal_text,0x000554D8,0x0918F1D8,0x000554D8,0x000554D8,WF-001
LEVEL_24,24,HIG Treehouse,0x00043838,0x00044120,0x0917DE20,internal_text,0x000554D8,0x0918F1D8,0x000554D8,0x000554D8,WF-001
LEVEL_24,24,HIG Treehouse,0x00043838,0x00044128,0x0917DE28,internal_text,0x0005565C,0x0918F35C,0x0005565C,0x0005565C,WF-001
LEVEL_24,24,HIG Treehouse,0x00043838,0x00044140,0x0917DE40,internal_text,0x00055B34,0x0918F834,0x00055B34,0x00055B34,WF-001
LEVEL_24,24,HIG Treehouse,0x00043838,0x00044190,0x0917DE90,internal_text,0x0012C164,0x09265E64,0x0012C164,0x0012C164,WF-001
LEVEL_24,24,HIG Treehouse,0x00043838,0x000441AC,0x0917DEAC,internal_text,0x000556A8,0x0918F3A8,0x000556A8,0x000556A8,WF-001
LEVEL_24,24,HIG Treehouse,0x00043838,0x000441E4,0x0917DEE4,internal_text,0x000434A0,0x0917D1A0,0x000434A0,0x000434A0,WF-001
LEVEL_24,24,HIG Treehouse,0x00043838,0x000441EC,0x0917DEEC,internal_text,0x00042C0C,0x0917C90C,0x00042C0C,0x00042C0C,WF-001
LEVEL_24,24,HIG Treehouse,0x000477D8,0x000478A8,0x091815A8,internal_text,0x00046050,0x0917FD50,0x00046050,0x00046050,WF-003
LEVEL_24,24,HIG Treehouse,0x000477D8,0x0004797C,0x0918167C,internal_text,0x00046220,0x0917FF20,0x00046220,0x00046220,WF-003
LEVEL_24,24,HIG Treehouse,0x000477D8,0x000479DC,0x091816DC,internal_text,0x00045E30,0x0917FB30,0x00045E30,0x00045E30,WF-003
LEVEL_24,24,HIG Treehouse,0x000477D8,0x00047A10,0x09181710,internal_text,0x00044528,0x0917E228,0x00044528,0x00044528,WF-003
LEVEL_24,24,HIG Treehouse,0x000477D8,0x00047A38,0x09181738,internal_text,0x0000DDA8,0x09147AA8,0x0000DDA8,0x0000DDA8,WF-003
LEVEL_24,24,HIG Treehouse,0x000477D8,0x00047A54,0x09181754,internal_text,0x0000DDA8,0x09147AA8,0x0000DDA8,0x0000DDA8,WF-003
LEVEL_24,24,HIG Treehouse,0x000477D8,0x00047A70,0x09181770,internal_text,0x0000DDA8,0x09147AA8,0x0000DDA8,0x0000DDA8,WF-003
LEVEL_24,24,HIG Treehouse,0x000477D8,0x00047A98,0x09181798,internal_text,0x0000DE0C,0x09147B0C,0x0000DE0C,0x0000DE0C,WF-003
LEVEL_24,24,HIG Treehouse,0x000477D8,0x00047AB4,0x091817B4,internal_text,0x0000DE0C,0x09147B0C,0x0000DE0C,0x0000DE0C,WF-003
LEVEL_24,24,HIG Treehouse,0x000477D8,0x00047AD0,0x091817D0,internal_text,0x0000DE0C,0x09147B0C,0x0000DE0C,0x0000DE0C,WF-003
LEVEL_24,24,HIG Treehouse,0x000477D8,0x00047B4C,0x0918184C,internal_text,0x000ECE1C,0x09226B1C,0x000ECE1C,0x000ECE1C,WF-003
LEVEL_24,24,HIG Treehouse,0x000477D8,0x00047B74,0x09181874,internal_text,0x0002F484,0x09169184,0x0002F484,0x0002F484,WF-003
LEVEL_24,24,HIG Treehouse,0x000477D8,0x00047BD4,0x091818D4,internal_text,0x0002F434,0x09169134,0x0002F434,0x0002F434,WF-003
LEVEL_24,24,HIG Treehouse,0x000477D8,0x00047BEC,0x091818EC,internal_text,0x000454C4,0x0917F1C4,0x000454C4,0x000454C4,WF-003
LEVEL_24,24,HIG Treehouse,0x000477D8,0x00047C14,0x09181914,internal_text,0x0002F500,0x09169200,0x0002F500,0x0002F500,WF-003
LEVEL_24,24,HIG Treehouse,0x000477D8,0x00047C34,0x09181934,internal_text,0x00044214,0x0917DF14,0x00044214,0x00044214,WF-003
LEVEL_24,24,HIG Treehouse,0x000477D8,0x00047C5C,0x0918195C,internal_text,0x00128B00,0x09262800,0x00128B00,0x00128B00,WF-003
LEVEL_24,24,HIG Treehouse,0x000477D8,0x00047C6C,0x0918196C,internal_text,0x00128B88,0x09262888,0x00128B88,0x00128B88,WF-003
LEVEL_24,24,HIG Treehouse,0x000477D8,0x00047CE8,0x091819E8,internal_text,0x00128B00,0x09262800,0x00128B00,0x00128B00,WF-003
LEVEL_24,24,HIG Treehouse,0x000477D8,0x00047D18,0x09181A18,internal_text,0x00065570,0x0919F270,0x00065570,MOBY_BlendMobyAnim,WF-003
LEVEL_24,24,HIG Treehouse,0x000477D8,0x00047D48,0x09181A48,internal_text,0x0000DDA8,0x09147AA8,0x0000DDA8,0x0000DDA8,WF-003
LEVEL_24,24,HIG Treehouse,0x000477D8,0x00047D64,0x09181A64,internal_text,0x0000DDA8,0x09147AA8,0x0000DDA8,0x0000DDA8,WF-003
LEVEL_24,24,HIG Treehouse,0x000477D8,0x00047D80,0x09181A80,internal_text,0x0000DDA8,0x09147AA8,0x0000DDA8,0x0000DDA8,WF-003
LEVEL_24,24,HIG Treehouse,0x000477D8,0x00047DA8,0x09181AA8,internal_text,0x0000DE0C,0x09147B0C,0x0000DE0C,0x0000DE0C,WF-003
LEVEL_24,24,HIG Treehouse,0x000477D8,0x00047DC4,0x09181AC4,internal_text,0x0000DE0C,0x09147B0C,0x0000DE0C,0x0000DE0C,WF-003
LEVEL_24,24,HIG Treehouse,0x000477D8,0x00047DE0,0x09181AE0,internal_text,0x0000DE0C,0x09147B0C,0x0000DE0C,0x0000DE0C,WF-003
LEVEL_24,24,HIG Treehouse,0x000477D8,0x00047E5C,0x09181B5C,internal_text,0x000ECE1C,0x09226B1C,0x000ECE1C,0x000ECE1C,WF-003
LEVEL_24,24,HIG Treehouse,0x000477D8,0x00047E80,0x09181B80,internal_text,0x00177CB0,0x092B19B0,0x00177CB0,0x00177CB0,WF-003
LEVEL_24,24,HIG Treehouse,0x000477D8,0x00047EA4,0x09181BA4,internal_text,0x00177CB0,0x092B19B0,0x00177CB0,0x00177CB0,WF-003
LEVEL_24,24,HIG Treehouse,0x000477D8,0x00047EC8,0x09181BC8,internal_text,0x00177CB0,0x092B19B0,0x00177CB0,0x00177CB0,WF-003
LEVEL_24,24,HIG Treehouse,0x000477D8,0x00047F50,0x09181C50,internal_text,0x0002F434,0x09169134,0x0002F434,0x0002F434,WF-003
LEVEL_24,24,HIG Treehouse,0x000477D8,0x00047FA8,0x09181CA8,internal_text,0x0000DE0C,0x09147B0C,0x0000DE0C,0x0000DE0C,WF-003
LEVEL_24,24,HIG Treehouse,0x000477D8,0x00047FC4,0x09181CC4,internal_text,0x0000DE0C,0x09147B0C,0x0000DE0C,0x0000DE0C,WF-003
LEVEL_24,24,HIG Treehouse,0x000477D8,0x00047FE0,0x09181CE0,internal_text,0x0000DE0C,0x09147B0C,0x0000DE0C,0x0000DE0C,WF-003
LEVEL_24,24,HIG Treehouse,0x000477D8,0x0004805C,0x09181D5C,internal_text,0x000ECE1C,0x09226B1C,0x000ECE1C,0x000ECE1C,WF-003
LEVEL_24,24,HIG Treehouse,0x000477D8,0x00048088,0x09181D88,internal_text,0x0002DCE4,0x091679E4,0x0002DCE4,0x0002DCE4,WF-003
LEVEL_24,24,HIG Treehouse,0x000477D8,0x00048090,0x09181D90,internal_text,0x0002DD10,0x09167A10,0x0002DD10,0x0002DD10,WF-003
LEVEL_24,24,HIG Treehouse,0x000477D8,0x00048098,0x09181D98,internal_text,0x0003B884,0x09175584,0x0003B884,0x0003B884,WF-003
LEVEL_24,24,HIG Treehouse,0x000477D8,0x000480B4,0x09181DB4,internal_text,0x0000DE74,0x09147B74,0x0000DE74,0x0000DE74,WF-003
LEVEL_24,24,HIG Treehouse,0x000477D8,0x000480C4,0x09181DC4,internal_text,0x0002CE10,0x09166B10,0x0002CE10,0x0002CE10,WF-003
LEVEL_24,24,HIG Treehouse,0x000477D8,0x000480D8,0x09181DD8,internal_text,0x0003AE84,0x09174B84,0x0003AE84,0x0003AE84,WF-003
LEVEL_24,24,HIG Treehouse,0x000477D8,0x0004816C,0x09181E6C,internal_text,0x00143698,0x0927D398,0x00143698,0x00143698,WF-003
LEVEL_24,24,HIG Treehouse,0x000477D8,0x000481D4,0x09181ED4,internal_text,0x00046050,0x0917FD50,0x00046050,0x00046050,WF-003
LEVEL_24,24,HIG Treehouse,0x000477D8,0x00048208,0x09181F08,internal_text,0x00044528,0x0917E228,0x00044528,0x00044528,WF-003
LEVEL_24,24,HIG Treehouse,0x000477D8,0x00048230,0x09181F30,internal_text,0x0000DDA8,0x09147AA8,0x0000DDA8,0x0000DDA8,WF-003
LEVEL_24,24,HIG Treehouse,0x000477D8,0x0004824C,0x09181F4C,internal_text,0x0000DDA8,0x09147AA8,0x0000DDA8,0x0000DDA8,WF-003
LEVEL_24,24,HIG Treehouse,0x000477D8,0x00048268,0x09181F68,internal_text,0x0000DDA8,0x09147AA8,0x0000DDA8,0x0000DDA8,WF-003
LEVEL_24,24,HIG Treehouse,0x000477D8,0x00048290,0x09181F90,internal_text,0x0000DE0C,0x09147B0C,0x0000DE0C,0x0000DE0C,WF-003
LEVEL_24,24,HIG Treehouse,0x000477D8,0x000482AC,0x09181FAC,internal_text,0x0000DE0C,0x09147B0C,0x0000DE0C,0x0000DE0C,WF-003
LEVEL_24,24,HIG Treehouse,0x000477D8,0x000482C8,0x09181FC8,internal_text,0x0000DE0C,0x09147B0C,0x0000DE0C,0x0000DE0C,WF-003
LEVEL_24,24,HIG Treehouse,0x000477D8,0x00048344,0x09182044,internal_text,0x000ECE1C,0x09226B1C,0x000ECE1C,0x000ECE1C,WF-003
LEVEL_24,24,HIG Treehouse,0x000477D8,0x0004839C,0x0918209C,internal_text,0x0002F484,0x09169184,0x0002F484,0x0002F484,WF-003
LEVEL_24,24,HIG Treehouse,0x000477D8,0x00048420,0x09182120,internal_text,0x0002F434,0x09169134,0x0002F434,0x0002F434,WF-003
LEVEL_24,24,HIG Treehouse,0x000477D8,0x0004844C,0x0918214C,internal_text,0x00046050,0x0917FD50,0x00046050,0x00046050,WF-003
LEVEL_24,24,HIG Treehouse,0x000477D8,0x00048480,0x09182180,internal_text,0x00044528,0x0917E228,0x00044528,0x00044528,WF-003
LEVEL_24,24,HIG Treehouse,0x000477D8,0x000484A8,0x091821A8,internal_text,0x0000DDA8,0x09147AA8,0x0000DDA8,0x0000DDA8,WF-003
LEVEL_24,24,HIG Treehouse,0x000477D8,0x000484C4,0x091821C4,internal_text,0x0000DDA8,0x09147AA8,0x0000DDA8,0x0000DDA8,WF-003
LEVEL_24,24,HIG Treehouse,0x000477D8,0x000484E0,0x091821E0,internal_text,0x0000DDA8,0x09147AA8,0x0000DDA8,0x0000DDA8,WF-003
LEVEL_24,24,HIG Treehouse,0x000477D8,0x00048508,0x09182208,internal_text,0x0000DE0C,0x09147B0C,0x0000DE0C,0x0000DE0C,WF-003
LEVEL_24,24,HIG Treehouse,0x000477D8,0x00048524,0x09182224,internal_text,0x0000DE0C,0x09147B0C,0x0000DE0C,0x0000DE0C,WF-003
LEVEL_24,24,HIG Treehouse,0x000477D8,0x00048540,0x09182240,internal_text,0x0000DE0C,0x09147B0C,0x0000DE0C,0x0000DE0C,WF-003
LEVEL_24,24,HIG Treehouse,0x000477D8,0x000485BC,0x091822BC,internal_text,0x000ECE1C,0x09226B1C,0x000ECE1C,0x000ECE1C,WF-003
LEVEL_24,24,HIG Treehouse,0x000477D8,0x000485E0,0x091822E0,internal_text,0x0006521C,0x0919EF1C,0x0006521C,0x0006521C,WF-003
LEVEL_24,24,HIG Treehouse,0x000477D8,0x00048604,0x09182304,internal_text,0x00065244,0x0919EF44,0x00065244,0x00065244,WF-003
LEVEL_24,24,HIG Treehouse,0x000477D8,0x000486A0,0x091823A0,internal_text,0x00065570,0x0919F270,0x00065570,MOBY_BlendMobyAnim,WF-003
LEVEL_24,24,HIG Treehouse,0x000477D8,0x000486A8,0x091823A8,internal_text,0x00129FDC,0x09263CDC,0x00129FDC,0x00129FDC,WF-003
LEVEL_24,24,HIG Treehouse,0x000477D8,0x000486DC,0x091823DC,internal_text,0x00129FA4,0x09263CA4,0x00129FA4,0x00129FA4,WF-003
LEVEL_24,24,HIG Treehouse,0x000477D8,0x00048700,0x09182400,internal_text,0x0002A308,0x09164008,0x0002A308,0x0002A308,WF-003
LEVEL_24,24,HIG Treehouse,0x000477D8,0x00048710,0x09182410,internal_text,0x0002A308,0x09164008,0x0002A308,0x0002A308,WF-003
LEVEL_24,24,HIG Treehouse,0x000477D8,0x0004875C,0x0918245C,internal_text,0x0004640C,0x0918010C,0x0004640C,0x0004640C,WF-003
LEVEL_24,24,HIG Treehouse,0x000477D8,0x000487C0,0x091824C0,internal_text,0x0004733C,0x0918103C,0x0004733C,ht_grindlock_switches,WF-003
LEVEL_24,24,HIG Treehouse,0x0004FBC8,0x0004FBF8,0x091898F8,internal_text,0x0002D2BC,0x09166FBC,0x0002D2BC,0x0002D2BC,WF-004
LEVEL_24,24,HIG Treehouse,0x0004FBC8,0x0004FC00,0x09189900,internal_text,0x0004285C,0x0917C55C,0x0004285C,0x0004285C,WF-004
LEVEL_24,24,HIG Treehouse,0x0004FBC8,0x0004FC28,0x09189928,internal_text,0x0000DE74,0x09147B74,0x0000DE74,0x0000DE74,WF-004
LEVEL_24,24,HIG Treehouse,0x0004FBC8,0x0004FC40,0x09189940,internal_text,0x0004FE74,0x09189B74,0x0004FE74,0x0004FE74,WF-004
LEVEL_24,24,HIG Treehouse,0x0004FBC8,0x0004FC48,0x09189948,internal_text,0x00050284,0x09189F84,0x00050284,0x00050284,WF-004
LEVEL_24,24,HIG Treehouse,0x0004FBC8,0x0004FC84,0x09189984,internal_text,0x0004F6E8,0x091893E8,0x0004F6E8,0x0004F6E8,WF-004
LEVEL_24,24,HIG Treehouse,0x0004FBC8,0x0004FCA8,0x091899A8,internal_text,0x0009F694,0x091D9394,0x0009F694,0x0009F694,WF-004
LEVEL_24,24,HIG Treehouse,0x0010150C,0x00101574,0x0923B274,internal_text,0x0000DE74,0x09147B74,0x0000DE74,0x0000DE74,WF-008
LEVEL_24,24,HIG Treehouse,0x0010150C,0x00101594,0x0923B294,internal_text,0x0000DE74,0x09147B74,0x0000DE74,0x0000DE74,WF-008
LEVEL_24,24,HIG Treehouse,0x0010150C,0x001015F0,0x0923B2F0,internal_text,0x00102DE8,0x0923CAE8,0x00102DE8,0x00102DE8,WF-008
LEVEL_24,24,HIG Treehouse,0x0010150C,0x00101600,0x0923B300,internal_text,0x00178B80,0x092B2880,0x00178B80,0x00178B80,WF-008
LEVEL_24,24,HIG Treehouse,0x0010150C,0x001016B4,0x0923B3B4,internal_text,0x001043BC,0x0923E0BC,0x001043BC,0x001043BC,WF-008
LEVEL_24,24,HIG Treehouse,0x0010150C,0x001016CC,0x0923B3CC,internal_text,0x00100874,0x0923A574,0x00100874,0x00100874,WF-008
LEVEL_24,24,HIG Treehouse,0x0010150C,0x001016FC,0x0923B3FC,internal_text,0x00102DE8,0x0923CAE8,0x00102DE8,0x00102DE8,WF-008
LEVEL_24,24,HIG Treehouse,0x00101728,0x0010174C,0x0923B44C,internal_text,0x001043BC,0x0923E0BC,0x001043BC,0x001043BC,WF-009
LEVEL_24,24,HIG Treehouse,0x00101728,0x001017A8,0x0923B4A8,internal_text,0x00102DE8,0x0923CAE8,0x00102DE8,0x00102DE8,WF-009
LEVEL_24,24,HIG Treehouse,0x00101728,0x001017D0,0x0923B4D0,internal_text,0x00102354,0x0923C054,0x00102354,0x00102354,WF-009
LEVEL_24,24,HIG Treehouse,0x00101728,0x001017F4,0x0923B4F4,internal_text,0x0000DE74,0x09147B74,0x0000DE74,0x0000DE74,WF-009
LEVEL_24,24,HIG Treehouse,0x00101728,0x00101814,0x0923B514,internal_text,0x0000DE74,0x09147B74,0x0000DE74,0x0000DE74,WF-009
LEVEL_24,24,HIG Treehouse,0x00101728,0x00101878,0x0923B578,internal_text,0x00102DE8,0x0923CAE8,0x00102DE8,0x00102DE8,WF-009
LEVEL_24,24,HIG Treehouse,0x00101728,0x00101888,0x0923B588,internal_text,0x00178B80,0x092B2880,0x00178B80,0x00178B80,WF-009
LEVEL_24,24,HIG Treehouse,0x001019F0,0x00101A1C,0x0923B71C,internal_text,0x00102354,0x0923C054,0x00102354,0x00102354,WF-007
LEVEL_24,24,HIG Treehouse,0x001019F0,0x00101A44,0x0923B744,internal_text,0x0000DE74,0x09147B74,0x0000DE74,0x0000DE74,WF-007
LEVEL_24,24,HIG Treehouse,0x001019F0,0x00101AC4,0x0923B7C4,internal_text,0x0000DE74,0x09147B74,0x0000DE74,0x0000DE74,WF-007
LEVEL_24,24,HIG Treehouse,0x001019F0,0x00101AEC,0x0923B7EC,internal_text,0x0000DE74,0x09147B74,0x0000DE74,0x0000DE74,WF-007
LEVEL_24,24,HIG Treehouse,0x001019F0,0x00101B48,0x0923B848,internal_text,0x00178B80,0x092B2880,0x00178B80,0x00178B80,WF-007
LEVEL_24,24,HIG Treehouse,0x001019F0,0x00101C68,0x0923B968,internal_text,0x00018444,0x09152144,0x00018444,0x00018444,WF-007
LEVEL_24,24,HIG Treehouse,0x001019F0,0x00101CDC,0x0923B9DC,internal_text,0x00102DE8,0x0923CAE8,0x00102DE8,0x00102DE8,WF-007
LEVEL_24,24,HIG Treehouse,0x001043BC,0x001043F8,0x0923E0F8,internal_text,0x00101DEC,0x0923BAEC,0x00101DEC,0x00101DEC,WF-010
LEVEL_24,24,HIG Treehouse,0x001043BC,0x001044D0,0x0923E1D0,internal_text,0x0000DE74,0x09147B74,0x0000DE74,0x0000DE74,WF-010
LEVEL_24,24,HIG Treehouse,0x001043BC,0x00104550,0x0923E250,internal_text,0x00010004,0x09149D04,0x00010004,0x00010004,WF-010
LEVEL_24,24,HIG Treehouse,0x001043BC,0x00104590,0x0923E290,internal_text,0x0000DE74,0x09147B74,0x0000DE74,0x0000DE74,WF-010
LEVEL_24,24,HIG Treehouse,0x001043BC,0x00104608,0x0923E308,internal_text,0x00010004,0x09149D04,0x00010004,0x00010004,WF-010
LEVEL_24,24,HIG Treehouse,0x001043BC,0x00104630,0x0923E330,internal_text,0x0018015C,0x092B9E5C,0x0018015C,0x0018015C,WF-010
LEVEL_24,24,HIG Treehouse,0x001043BC,0x00104668,0x0923E368,internal_text,0x00177BA0,0x092B18A0,0x00177BA0,0x00177BA0,WF-010
LEVEL_24,24,HIG Treehouse,0x001043BC,0x00104674,0x0923E374,internal_text,0x00177CC8,0x092B19C8,0x00177CC8,0x00177CC8,WF-010
LEVEL_24,24,HIG Treehouse,0x001043BC,0x001046A0,0x0923E3A0,internal_text,0x0018015C,0x092B9E5C,0x0018015C,0x0018015C,WF-010
LEVEL_24,24,HIG Treehouse,0x001043BC,0x00104738,0x0923E438,internal_text,0x00018444,0x09152144,0x00018444,0x00018444,WF-010
LEVEL_24,24,HIG Treehouse,0x001043BC,0x0010476C,0x0923E46C,internal_text,0x00017DB0,0x09151AB0,0x00017DB0,0x00017DB0,WF-010
LEVEL_24,24,HIG Treehouse,0x001043BC,0x00104848,0x0923E548,internal_text,0x00067878,0x091A1578,0x00067878,0x00067878,WF-010
LEVEL_24,24,HIG Treehouse,0x001043BC,0x001048E4,0x0923E5E4,internal_text,0x00083AD4,0x091BD7D4,0x00083AD4,0x00083AD4,WF-010
LEVEL_24,24,HIG Treehouse,0x001430E0,0x00143120,0x0927CE20,internal_text,0x0014236C,0x0927C06C,0x0014236C,0x0014236C,WF-006
LEVEL_24,24,HIG Treehouse,0x001430E0,0x0014313C,0x0927CE3C,internal_text,0x0000DE74,0x09147B74,0x0000DE74,0x0000DE74,WF-006
LEVEL_24,24,HIG Treehouse,0x001430E0,0x00143184,0x0927CE84,internal_text,0x00178B80,0x092B2880,0x00178B80,0x00178B80,WF-006
LEVEL_24,24,HIG Treehouse,0x001430E0,0x001431F8,0x0927CEF8,internal_text,0x00142588,0x0927C288,0x00142588,0x00142588,WF-006
LEVEL_24,24,HIG Treehouse,0x001430E0,0x00143258,0x0927CF58,internal_text,0x00018444,0x09152144,0x00018444,0x00018444,WF-006
LEVEL_24,24,HIG Treehouse,0x001430E0,0x001432D0,0x0927CFD0,internal_text,0x0014236C,0x0927C06C,0x0014236C,0x0014236C,WF-006
LEVEL_24,24,HIG Treehouse,0x001430E0,0x00143304,0x0927D004,internal_text,0x000EB180,0x09224E80,0x000EB180,0x000EB180,WF-006
LEVEL_24,24,HIG Treehouse,0x001430E0,0x00143314,0x0927D014,internal_text,0x000EEA3C,0x0922873C,0x000EEA3C,0x000EEA3C,WF-006
LEVEL_24,24,HIG Treehouse,0x001430E0,0x00143390,0x0927D090,internal_text,0x00142588,0x0927C288,0x00142588,0x00142588,WF-006
LEVEL_24,24,HIG Treehouse,0x001430E0,0x001433F0,0x0927D0F0,internal_text,0x00018444,0x09152144,0x00018444,0x00018444,WF-006
LEVEL_24,24,HIG Treehouse,0x00162798,0x00162850,0x0929C550,internal_text,0x0000DE74,0x09147B74,0x0000DE74,0x0000DE74,WF-012
LEVEL_24,24,HIG Treehouse,0x00162798,0x00162860,0x0929C560,internal_text,0x000EB7CC,0x092254CC,0x000EB7CC,0x000EB7CC,WF-012
LEVEL_24,24,HIG Treehouse,0x00162798,0x001628D8,0x0929C5D8,internal_text,0x00162A38,0x0929C738,0x00162A38,0x00162A38,WF-012
LEVEL_24,24,HIG Treehouse,0x00162798,0x00162904,0x0929C604,internal_text,0x00162C80,0x0929C980,0x00162C80,0x00162C80,WF-012
LEVEL_24,24,HIG Treehouse,0x00162798,0x0016292C,0x0929C62C,internal_text,0x00163310,0x0929D010,0x00163310,0x00163310,WF-012
LEVEL_24,24,HIG Treehouse,0x00162798,0x00162958,0x0929C658,internal_text,0x00163B34,0x0929D834,0x00163B34,0x00163B34,WF-012
LEVEL_24,24,HIG Treehouse,0x00162EEC,0x00162F3C,0x0929CC3C,internal_text,0x0000DE74,0x09147B74,0x0000DE74,0x0000DE74,WF-011
LEVEL_24,24,HIG Treehouse,0x00162EEC,0x00162F58,0x0929CC58,internal_text,0x0000DE74,0x09147B74,0x0000DE74,0x0000DE74,WF-011
LEVEL_24,24,HIG Treehouse,0x00162EEC,0x00162F8C,0x0929CC8C,internal_text,0x00178B80,0x092B2880,0x00178B80,0x00178B80,WF-011
LEVEL_24,24,HIG Treehouse,0x00162EEC,0x00162FC0,0x0929CCC0,internal_text,0x000EB7CC,0x092254CC,0x000EB7CC,0x000EB7CC,WF-011
