module_key,module_index,level,owner_rva,reference_site_rva,reference_site_runtime,target_rva,target_section,reference_kind,value,family_id
LEVEL_01,1,Pokitaru,0x00010B44,0x00010D0C,0x0914AA0C,0x002CA378,.data,float32,0 / 0x00000000,WF-015
LEVEL_01,1,Pokitaru,0x00028E9C,0x00028ED8,0x09162BD8,0x002AFED4,.data,float32,0.0333333351 / 0x3D088889,WF-014
LEVEL_01,1,Pokitaru,0x00028E9C,0x00028F0C,0x09162C0C,0x002AFECC,.data,float32,0.150000006 / 0x3E19999A,WF-014
LEVEL_01,1,Pokitaru,0x00028E9C,0x00028F20,0x09162C20,0x002AFED0,.data,float32,1 / 0x3F800000,WF-014
LEVEL_01,1,Pokitaru,0x0002BE30,0x0002BE6C,0x09165B6C,0x002AFF14,.data,float32,0.0333333351 / 0x3D088889,WF-017
LEVEL_01,1,Pokitaru,0x0002BE30,0x0002BEB0,0x09165BB0,0x002AFF18,.data,float32,1 / 0x3F800000,WF-017
LEVEL_01,1,Pokitaru,0x0002BE30,0x0002C1A0,0x09165EA0,0x002AFF0C,.data,float32,0.400000006 / 0x3ECCCCCD,WF-017
LEVEL_01,1,Pokitaru,0x0004A4F0,0x0004A71C,0x0918441C,0x002B0918,.data,float32,0.100000001 / 0x3DCCCCCD,WF-001
LEVEL_01,1,Pokitaru,0x0004A4F0,0x0004A8A8,0x091845A8,0x002B091C,.data,float32,1.5 / 0x3FC00000,WF-001
LEVEL_01,1,Pokitaru,0x0004A4F0,0x0004AA7C,0x0918477C,0x002B00E8,.data,float32,0.0799999982 / 0x3DA3D70A,WF-001
LEVEL_01,1,Pokitaru,0x0004A4F0,0x0004AB80,0x09184880,0x002B08E8,.data,float32,-0.00300000003 / 0xBB449BA6,WF-001
LEVEL_01,1,Pokitaru,0x0004E008,0x0004E110,0x09187E10,0x002B0984,.data,float32,30.000597 / 0x41F00139,WF-003
LEVEL_01,1,Pokitaru,0x0004E008,0x0004E254,0x09187F54,0x002B0944,.data,float32,0.200000003 / 0x3E4CCCCD,WF-003
LEVEL_01,1,Pokitaru,0x0004E008,0x0004E25C,0x09187F5C,0x002B0948,.data,float32,0.400000006 / 0x3ECCCCCD,WF-003
LEVEL_01,1,Pokitaru,0x0004E008,0x0004E26C,0x09187F6C,0x002B094C,.data,float32,0.800000012 / 0x3F4CCCCD,WF-003
LEVEL_01,1,Pokitaru,0x0004E008,0x0004E2B0,0x09187FB0,0x002B0950,.data,float32,0.100000001 / 0x3DCCCCCD,WF-003
LEVEL_01,1,Pokitaru,0x0004E008,0x0004E2B8,0x09187FB8,0x002B0954,.data,float32,0.200000003 / 0x3E4CCCCD,WF-003
LEVEL_01,1,Pokitaru,0x0004E008,0x0004E2CC,0x09187FCC,0x002B0958,.data,float32,0.400000006 / 0x3ECCCCCD,WF-003
LEVEL_01,1,Pokitaru,0x0004E008,0x0004E560,0x09188260,0x002B095C,.data,float32,0.0500000007 / 0x3D4CCCCD,WF-003
LEVEL_01,1,Pokitaru,0x0004E008,0x0004E724,0x09188424,0x002B0A1C,.data,float32,0 / 0x00000000,WF-003
LEVEL_01,1,Pokitaru,0x0004E008,0x0004E9C4,0x091886C4,0x002B0978,.data,float32,1 / 0x3F800000,WF-003
LEVEL_01,1,Pokitaru,0x0004E008,0x0004E9EC,0x091886EC,0x002B09D8,.data,float32,0 / 0x00000000,WF-003
LEVEL_01,1,Pokitaru,0x0004E008,0x0004EE1C,0x09188B1C,0x002B0A04,.data,float32,0.800000012 / 0x3F4CCCCD,WF-003
LEVEL_01,1,Pokitaru,0x0004E008,0x0004EEEC,0x09188BEC,0x002B09DC,.data,float32,0.75 / 0x3F400000,WF-003
LEVEL_01,1,Pokitaru,0x00056348,0x00056350,0x09190050,0x002B0D78,.data,float32,0.400000006 / 0x3ECCCCCD,WF-004
LEVEL_01,1,Pokitaru,0x00056348,0x00056358,0x09190058,0x002B0D7C,.data,float32,0.300000012 / 0x3E99999A,WF-004
LEVEL_01,1,Pokitaru,0x00056348,0x00056364,0x09190064,0x002B0D80,.data,float32,0.100000001 / 0x3DCCCCCD,WF-004
LEVEL_01,1,Pokitaru,0x0010AFB4,0x0010B00C,0x09244D0C,0x002CD01C,.data,float32,0.200000003 / 0x3E4CCCCD,WF-008
LEVEL_01,1,Pokitaru,0x0010AFB4,0x0010B0F8,0x09244DF8,0x002CA378,.data,float32,0 / 0x00000000,WF-008
LEVEL_01,1,Pokitaru,0x0010B1D0,0x0010B28C,0x09244F8C,0x002CD01C,.data,float32,0.200000003 / 0x3E4CCCCD,WF-009
LEVEL_01,1,Pokitaru,0x0010B1D0,0x0010B384,0x09245084,0x002CA378,.data,float32,0 / 0x00000000,WF-009
LEVEL_01,1,Pokitaru,0x0010B1D0,0x0010B464,0x09245164,0x002CCEC8,.data,float32,60 / 0x42700000,WF-009
LEVEL_01,1,Pokitaru,0x0010B498,0x0010B4F0,0x092451F0,0x002CCEB0,.data,message_or_literal,>EDD?,WF-007
LEVEL_01,1,Pokitaru,0x0010B498,0x0010B4D4,0x092451D4,0x002CD010,.data,float32,0.0199999996 / 0x3CA3D70A,WF-007
LEVEL_01,1,Pokitaru,0x0010B498,0x0010B4F0,0x092451F0,0x002CCEB0,.data,float32,0.76666671 / 0x3F444445,WF-007
LEVEL_01,1,Pokitaru,0x0010B498,0x0010B560,0x09245260,0x002CD01C,.data,float32,0.200000003 / 0x3E4CCCCD,WF-007
LEVEL_01,1,Pokitaru,0x0010B498,0x0010B64C,0x0924534C,0x002CA378,.data,float32,0 / 0x00000000,WF-007
LEVEL_01,1,Pokitaru,0x0010B498,0x0010B6B8,0x092453B8,0x002CCEC0,.data,float32,0.214570001 / 0x3E5BB83D,WF-007
LEVEL_01,1,Pokitaru,0x0010B498,0x0010B70C,0x0924540C,0x002CCEBC,.data,float32,0.5 / 0x3F000000,WF-007
LEVEL_01,1,Pokitaru,0x0010DE64,0x0010DF60,0x09247C60,0x002CCEB0,.data,message_or_literal,>EDD?,WF-010
LEVEL_01,1,Pokitaru,0x0010DE64,0x0010E03C,0x09247D3C,0x002CCEB0,.data,message_or_literal,>EDD?,WF-010
LEVEL_01,1,Pokitaru,0x0010DE64,0x0010DF38,0x09247C38,0x002CCEB4,.data,float32,3 / 0x40400000,WF-010
LEVEL_01,1,Pokitaru,0x0010DE64,0x0010DF50,0x09247C50,0x002CD010,.data,float32,0.0199999996 / 0x3CA3D70A,WF-010
LEVEL_01,1,Pokitaru,0x0010DE64,0x0010DF60,0x09247C60,0x002CCEB0,.data,float32,0.76666671 / 0x3F444445,WF-010
LEVEL_01,1,Pokitaru,0x0010DE64,0x0010E130,0x09247E30,0x002CCEB8,.data,float32,0.300000012 / 0x3E99999A,WF-010
LEVEL_01,1,Pokitaru,0x0010DE64,0x0010E170,0x09247E70,0x002CCEC0,.data,float32,0.214570001 / 0x3E5BB83D,WF-010
LEVEL_01,1,Pokitaru,0x0010DE64,0x0010E1D8,0x09247ED8,0x002CCEBC,.data,float32,0.5 / 0x3F000000,WF-010
LEVEL_01,1,Pokitaru,0x00122820,0x001228D4,0x0925C5D4,0x002CEDD4,.data,float32,2500 / 0x451C4000,WF-051
LEVEL_01,1,Pokitaru,0x00122820,0x00122918,0x0925C618,0x002CEDD8,.data,float32,2304 / 0x45100000,WF-051
LEVEL_01,1,Pokitaru,0x00122820,0x00122ACC,0x0925C7CC,0x002CED98,.data,float32,0.200000003 / 0x3E4CCCCD,WF-051
LEVEL_01,1,Pokitaru,0x00122820,0x00122B18,0x0925C818,0x002CEDC8,.data,float32,0.0199999996 / 0x3CA3D70A,WF-051
LEVEL_01,1,Pokitaru,0x00122820,0x00122DA4,0x0925CAA4,0x002CEDE0,.data,float32,2116 / 0x45044000,WF-051
LEVEL_01,1,Pokitaru,0x00122820,0x00122DC4,0x0925CAC4,0x002CEDE4,.data,float32,2 / 0x40000000,WF-051
LEVEL_01,1,Pokitaru,0x00122820,0x00122DD0,0x0925CAD0,0x002CEDDC,.data,float32,46 / 0x42380000,WF-051
LEVEL_01,1,Pokitaru,0x00122820,0x00122DF0,0x0925CAF0,0x002CEDA4,.data,float32,0.785398185 / 0x3F490FDB,WF-051
LEVEL_01,1,Pokitaru,0x00143FEC,0x001442EC,0x0927DFEC,0x002D289C,.data,float32,0.100000001 / 0x3DCCCCCD,WF-016
LEVEL_01,1,Pokitaru,0x0014EB68,0x0014EF10,0x09288C10,0x002D42E0,.data,float32,0.0199999996 / 0x3CA3D70A,WF-036
LEVEL_01,1,Pokitaru,0x0014EB68,0x0014EF2C,0x09288C2C,0x002D42DC,.data,float32,0.100000009 / 0x3DCCCCCE,WF-036
LEVEL_01,1,Pokitaru,0x0014EB68,0x0014F38C,0x0928908C,0x002D42D0,.data,float32,2.5 / 0x40200000,WF-036
LEVEL_01,1,Pokitaru,0x0014EB68,0x0014F5D4,0x092892D4,0x002D42F8,.data,float32,0.0500000007 / 0x3D4CCCCD,WF-036
LEVEL_01,1,Pokitaru,0x0014EB68,0x0014FF3C,0x09289C3C,0x002D42FC,.data,float32,0.0666666701 / 0x3D888889,WF-036
LEVEL_01,1,Pokitaru,0x0015083C,0x001508B0,0x0928A5B0,0x002D44F8,.data,float32,0.100000001 / 0x3DCCCCCD,WF-046
LEVEL_01,1,Pokitaru,0x0015083C,0x001508CC,0x0928A5CC,0x002D44F0,.data,float32,0.333333343 / 0x3EAAAAAB,WF-046
LEVEL_01,1,Pokitaru,0x0015083C,0x001508E4,0x0928A5E4,0x002D44F4,.data,float32,6.4000001 / 0x40CCCCCD,WF-046
LEVEL_01,1,Pokitaru,0x0015FB68,0x0015FFB4,0x09299CB4,0x002D5CE4,.data,float32,20 / 0x41A00000,WF-006
LEVEL_01,1,Pokitaru,0x0016B830,0x0016B8E0,0x092A55E0,0x002D7098,.data,float32,0.100000001 / 0x3DCCCCCD,WF-027
LEVEL_01,1,Pokitaru,0x0016B830,0x0016B9E4,0x092A56E4,0x002D70B4,.data,float32,0.5 / 0x3F000000,WF-027
LEVEL_01,1,Pokitaru,0x0016B830,0x0016BA28,0x092A5728,0x002D70B8,.data,float32,0.121869341 / 0x3DF996A2,WF-027
LEVEL_01,1,Pokitaru,0x0016B830,0x0016BAAC,0x092A57AC,0x002CA378,.data,float32,0 / 0x00000000,WF-027
LEVEL_01,1,Pokitaru,0x0016B830,0x0016BC00,0x092A5900,0x002D708C,.data,float32,-0.5 / 0xBF000000,WF-027
LEVEL_01,1,Pokitaru,0x0016B830,0x0016BC18,0x092A5918,0x002D70A4,.data,float32,0.00999999978 / 0x3C23D70A,WF-027
LEVEL_01,1,Pokitaru,0x0016B830,0x0016BC44,0x092A5944,0x002D7088,.data,float32,0.0333333351 / 0x3D088889,WF-027
LEVEL_01,1,Pokitaru,0x0016B830,0x0016BC74,0x092A5974,0x002D70B0,.data,float32,0.0500000007 / 0x3D4CCCCD,WF-027
LEVEL_01,1,Pokitaru,0x0016B830,0x0016BCFC,0x092A59FC,0x002D7090,.data,float32,-1 / 0xBF800000,WF-027
LEVEL_01,1,Pokitaru,0x0016B830,0x0016BD34,0x092A5A34,0x002D7094,.data,float32,-0.0500000045 / 0xBD4CCCCE,WF-027
LEVEL_01,1,Pokitaru,0x0017D49C,0x0017D5A8,0x092B72A8,0x002D88BB,.data,symbolic_name,TMRobotHeadB_Update,WF-030
LEVEL_01,1,Pokitaru,0x0017D49C,0x0017D5AC,0x092B72AC,0x001C9620,.rodata,source_path,c:/Hig/Projects/Rcp1/Code/MOBYS/TMRobotHeadB/TMRobotHeadB.cpp,WF-030
LEVEL_01,1,Pokitaru,0x0017D49C,0x0017D5C4,0x092B72C4,0x001C9758,.rodata,message_or_literal,"%s has state TMHEADB_INIT_ENTER, but no enter path given. Destroying moby.",WF-030
LEVEL_01,1,Pokitaru,0x0017D49C,0x0017D6A0,0x092B73A0,0x002D88BB,.data,symbolic_name,TMRobotHeadB_Update,WF-030
LEVEL_01,1,Pokitaru,0x0017D49C,0x0017D6A4,0x092B73A4,0x001C9620,.rodata,source_path,c:/Hig/Projects/Rcp1/Code/MOBYS/TMRobotHeadB/TMRobotHeadB.cpp,WF-030
LEVEL_01,1,Pokitaru,0x0017D49C,0x0017D6BC,0x092B73BC,0x001C97A4,.rodata,message_or_literal,"%s has state TMHEADB_INIT_ENTER_3D, but no enter path given. Destroying moby.",WF-030
LEVEL_01,1,Pokitaru,0x0017D49C,0x0017D8CC,0x092B75CC,0x002D88BB,.data,symbolic_name,TMRobotHeadB_Update,WF-030
LEVEL_01,1,Pokitaru,0x0017D49C,0x0017D8D0,0x092B75D0,0x001C9620,.rodata,source_path,c:/Hig/Projects/Rcp1/Code/MOBYS/TMRobotHeadB/TMRobotHeadB.cpp,WF-030
LEVEL_01,1,Pokitaru,0x0017D49C,0x0017D8E8,0x092B75E8,0x001C9848,.rodata,message_or_literal,"%s has state TMHEADB_INIT_ENTER_TORSO, but no targetTorso given. Destroying moby.",WF-030
LEVEL_01,1,Pokitaru,0x0017D49C,0x0017D920,0x092B7620,0x002D88BB,.data,symbolic_name,TMRobotHeadB_Update,WF-030
LEVEL_01,1,Pokitaru,0x0017D49C,0x0017D924,0x092B7624,0x001C9620,.rodata,source_path,c:/Hig/Projects/Rcp1/Code/MOBYS/TMRobotHeadB/TMRobotHeadB.cpp,WF-030
LEVEL_01,1,Pokitaru,0x0017D49C,0x0017D93C,0x092B763C,0x001C97F4,.rodata,message_or_literal,"%s has state TMHEADB_INIT_ENTER_TORSO, but no enter path given. Destroying moby.",WF-030
LEVEL_01,1,Pokitaru,0x0017D49C,0x0017D740,0x092B7440,0x002CA378,.data,float32,0 / 0x00000000,WF-030
LEVEL_01,1,Pokitaru,0x0017D49C,0x0017D9A0,0x092B76A0,0x002D878C,.data,float32,0.5 / 0x3F000000,WF-030
LEVEL_01,1,Pokitaru,0x0017D49C,0x0017DA10,0x092B7710,0x002D87A4,.data,float32,0.0111111123 / 0x3C360B62,WF-030
LEVEL_01,1,Pokitaru,0x0017D49C,0x0017DC9C,0x092B799C,0x002D8734,.data,float32,0.0199999996 / 0x3CA3D70A,WF-030
LEVEL_01,1,Pokitaru,0x0017D49C,0x0017E0BC,0x092B7DBC,0x002D8760,.data,float32,0.100000001 / 0x3DCCCCCD,WF-030
LEVEL_01,1,Pokitaru,0x0017D49C,0x0017E1CC,0x092B7ECC,0x002D876C,.data,float32,0.5 / 0x3F000000,WF-030
LEVEL_01,1,Pokitaru,0x0017D49C,0x0017E26C,0x092B7F6C,0x002D8764,.data,float32,2 / 0x40000000,WF-030
LEVEL_01,1,Pokitaru,0x0017D49C,0x0017E2B4,0x092B7FB4,0x002AFEC4,.data,float32,0.200000003 / 0x3E4CCCCD,WF-030
LEVEL_01,1,Pokitaru,0x0017D49C,0x0017E2FC,0x092B7FFC,0x002D8788,.data,float32,1 / 0x3F800000,WF-030
LEVEL_01,1,Pokitaru,0x0017D49C,0x0017E404,0x092B8104,0x002D8774,.data,float32,0 / 0x00000000,WF-030
LEVEL_01,1,Pokitaru,0x0017D49C,0x0017E4F4,0x092B81F4,0x002D8780,.data,float32,0.999000013 / 0x3F7FBE77,WF-030
LEVEL_01,1,Pokitaru,0x001901F4,0x0019030C,0x092CA00C,0x002D9C08,.data,message_or_literal,333?b,WF-012
LEVEL_01,1,Pokitaru,0x001901F4,0x0019030C,0x092CA00C,0x002D9C08,.data,float32,0.0111111123 / 0x3C360B62,WF-012
LEVEL_02,2,Ryllus,0x0000E8C8,0x0000E918,0x09148618,0x002C15D8,.data,message_or_literal,L?333,WF-020
LEVEL_02,2,Ryllus,0x0000E8C8,0x0000E918,0x09148618,0x002C15D8,.data,float32,-0.699999988 / 0xBF333333,WF-020
LEVEL_02,2,Ryllus,0x0000E8C8,0x0000E97C,0x0914867C,0x002C15DC,.data,float32,0.251327425 / 0x3E80ADFD,WF-020
LEVEL_02,2,Ryllus,0x000110E0,0x000112A8,0x0914AFA8,0x002E17F0,.data,float32,0 / 0x00000000,WF-015
LEVEL_02,2,Ryllus,0x0002923C,0x00029278,0x09162F78,0x002C6E3C,.data,float32,0.0333333351 / 0x3D088889,WF-014
LEVEL_02,2,Ryllus,0x0002923C,0x000292AC,0x09162FAC,0x002C6E34,.data,float32,0.150000006 / 0x3E19999A,WF-014
LEVEL_02,2,Ryllus,0x0002923C,0x000292C0,0x09162FC0,0x002C6E38,.data,float32,1 / 0x3F800000,WF-014
LEVEL_02,2,Ryllus,0x0002C12C,0x0002C168,0x09165E68,0x002C6E84,.data,float32,0.0333333351 / 0x3D088889,WF-017
LEVEL_02,2,Ryllus,0x0002C12C,0x0002C1AC,0x09165EAC,0x002C6E88,.data,float32,1 / 0x3F800000,WF-017
LEVEL_02,2,Ryllus,0x0002C12C,0x0002C49C,0x0916619C,0x002C6E7C,.data,float32,0.400000006 / 0x3ECCCCCD,WF-017
LEVEL_02,2,Ryllus,0x0002D800,0x0002DCB0,0x091679B0,0x002C6EA4,.data,float32,0.400000006 / 0x3ECCCCCD,WF-022
LEVEL_02,2,Ryllus,0x00030648,0x00030674,0x0916A374,0x002C731C,.data,float32,0.100000001 / 0x3DCCCCCD,WF-023
LEVEL_02,2,Ryllus,0x00030648,0x000306A4,0x0916A3A4,0x002C7310,.data,float32,0.0500000007 / 0x3D4CCCCD,WF-023
LEVEL_02,2,Ryllus,0x00030648,0x000306E8,0x0916A3E8,0x002C7320,.data,float32,-0.195999995 / 0xBE48B439,WF-023
LEVEL_02,2,Ryllus,0x00030648,0x0003078C,0x0916A48C,0x002E17F0,.data,float32,0 / 0x00000000,WF-023
LEVEL_02,2,Ryllus,0x00030648,0x0003082C,0x0916A52C,0x002C7324,.data,float32,0.330000013 / 0x3EA8F5C3,WF-023
LEVEL_02,2,Ryllus,0x0004EDA4,0x0004EFD0,0x09188CD0,0x002C7CD8,.data,float32,0.100000001 / 0x3DCCCCCD,WF-001
LEVEL_02,2,Ryllus,0x0004EDA4,0x0004F15C,0x09188E5C,0x002C7CDC,.data,float32,1.5 / 0x3FC00000,WF-001
LEVEL_02,2,Ryllus,0x0004EDA4,0x0004F330,0x09189030,0x002C74A8,.data,float32,0.0799999982 / 0x3DA3D70A,WF-001
LEVEL_02,2,Ryllus,0x0004EDA4,0x0004F434,0x09189134,0x002C7CA8,.data,float32,-0.00300000003 / 0xBB449BA6,WF-001
LEVEL_02,2,Ryllus,0x000528BC,0x000529C4,0x0918C6C4,0x002C7D44,.data,float32,30.000597 / 0x41F00139,WF-003
LEVEL_02,2,Ryllus,0x000528BC,0x00052B08,0x0918C808,0x002C7D04,.data,float32,0.200000003 / 0x3E4CCCCD,WF-003
LEVEL_02,2,Ryllus,0x000528BC,0x00052B10,0x0918C810,0x002C7D08,.data,float32,0.400000006 / 0x3ECCCCCD,WF-003
LEVEL_02,2,Ryllus,0x000528BC,0x00052B20,0x0918C820,0x002C7D0C,.data,float32,0.800000012 / 0x3F4CCCCD,WF-003
LEVEL_02,2,Ryllus,0x000528BC,0x00052B64,0x0918C864,0x002C7D10,.data,float32,0.100000001 / 0x3DCCCCCD,WF-003
LEVEL_02,2,Ryllus,0x000528BC,0x00052B6C,0x0918C86C,0x002C7D14,.data,float32,0.200000003 / 0x3E4CCCCD,WF-003
LEVEL_02,2,Ryllus,0x000528BC,0x00052B80,0x0918C880,0x002C7D18,.data,float32,0.400000006 / 0x3ECCCCCD,WF-003
LEVEL_02,2,Ryllus,0x000528BC,0x00052E14,0x0918CB14,0x002C7D1C,.data,float32,0.0500000007 / 0x3D4CCCCD,WF-003
LEVEL_02,2,Ryllus,0x000528BC,0x00052FD8,0x0918CCD8,0x002C7DDC,.data,float32,0 / 0x00000000,WF-003
LEVEL_02,2,Ryllus,0x000528BC,0x00053278,0x0918CF78,0x002C7D38,.data,float32,1 / 0x3F800000,WF-003
LEVEL_02,2,Ryllus,0x000528BC,0x000532A0,0x0918CFA0,0x002C7D98,.data,float32,0 / 0x00000000,WF-003
LEVEL_02,2,Ryllus,0x000528BC,0x000536D0,0x0918D3D0,0x002C7DC4,.data,float32,0.800000012 / 0x3F4CCCCD,WF-003
LEVEL_02,2,Ryllus,0x000528BC,0x000537A0,0x0918D4A0,0x002C7D9C,.data,float32,0.75 / 0x3F400000,WF-003
LEVEL_02,2,Ryllus,0x0005AD7C,0x0005AD84,0x09194A84,0x002C8138,.data,float32,0.400000006 / 0x3ECCCCCD,WF-004
LEVEL_02,2,Ryllus,0x0005AD7C,0x0005AD8C,0x09194A8C,0x002C813C,.data,float32,0.300000012 / 0x3E99999A,WF-004
LEVEL_02,2,Ryllus,0x0005AD7C,0x0005AD98,0x09194A98,0x002C8140,.data,float32,0.100000001 / 0x3DCCCCCD,WF-004
LEVEL_02,2,Ryllus,0x00110924,0x0011097C,0x0924A67C,0x002E4564,.data,float32,0.200000003 / 0x3E4CCCCD,WF-008
LEVEL_02,2,Ryllus,0x00110924,0x00110A68,0x0924A768,0x002E17F0,.data,float32,0 / 0x00000000,WF-008
LEVEL_02,2,Ryllus,0x00110B40,0x00110BFC,0x0924A8FC,0x002E4564,.data,float32,0.200000003 / 0x3E4CCCCD,WF-009
LEVEL_02,2,Ryllus,0x00110B40,0x00110CF4,0x0924A9F4,0x002E17F0,.data,float32,0 / 0x00000000,WF-009
LEVEL_02,2,Ryllus,0x00110B40,0x00110DD4,0x0924AAD4,0x002E4410,.data,float32,60 / 0x42700000,WF-009
LEVEL_02,2,Ryllus,0x00110E08,0x00110E60,0x0924AB60,0x002E43F8,.data,message_or_literal,>EDD?,WF-007
LEVEL_02,2,Ryllus,0x00110E08,0x00110E44,0x0924AB44,0x002E4558,.data,float32,0.0199999996 / 0x3CA3D70A,WF-007
LEVEL_02,2,Ryllus,0x00110E08,0x00110E60,0x0924AB60,0x002E43F8,.data,float32,0.76666671 / 0x3F444445,WF-007
LEVEL_02,2,Ryllus,0x00110E08,0x00110ED0,0x0924ABD0,0x002E4564,.data,float32,0.200000003 / 0x3E4CCCCD,WF-007
LEVEL_02,2,Ryllus,0x00110E08,0x00110FBC,0x0924ACBC,0x002E17F0,.data,float32,0 / 0x00000000,WF-007
LEVEL_02,2,Ryllus,0x00110E08,0x00111028,0x0924AD28,0x002E4408,.data,float32,0.214570001 / 0x3E5BB83D,WF-007
LEVEL_02,2,Ryllus,0x00110E08,0x0011107C,0x0924AD7C,0x002E4404,.data,float32,0.5 / 0x3F000000,WF-007
LEVEL_02,2,Ryllus,0x001137D4,0x001138D0,0x0924D5D0,0x002E43F8,.data,message_or_literal,>EDD?,WF-010
LEVEL_02,2,Ryllus,0x001137D4,0x001139AC,0x0924D6AC,0x002E43F8,.data,message_or_literal,>EDD?,WF-010
LEVEL_02,2,Ryllus,0x001137D4,0x001138A8,0x0924D5A8,0x002E43FC,.data,float32,3 / 0x40400000,WF-010
LEVEL_02,2,Ryllus,0x001137D4,0x001138C0,0x0924D5C0,0x002E4558,.data,float32,0.0199999996 / 0x3CA3D70A,WF-010
LEVEL_02,2,Ryllus,0x001137D4,0x001138D0,0x0924D5D0,0x002E43F8,.data,float32,0.76666671 / 0x3F444445,WF-010
LEVEL_02,2,Ryllus,0x001137D4,0x00113AA0,0x0924D7A0,0x002E4400,.data,float32,0.300000012 / 0x3E99999A,WF-010
LEVEL_02,2,Ryllus,0x001137D4,0x00113AE0,0x0924D7E0,0x002E4408,.data,float32,0.214570001 / 0x3E5BB83D,WF-010
LEVEL_02,2,Ryllus,0x001137D4,0x00113B48,0x0924D848,0x002E4404,.data,float32,0.5 / 0x3F000000,WF-010
LEVEL_02,2,Ryllus,0x001292F0,0x001293DC,0x092630DC,0x002E6380,.data,float32,0 / 0x00000000,WF-032
LEVEL_02,2,Ryllus,0x001292F0,0x00129544,0x09263244,0x002E6458,.data,float32,0.200000003 / 0x3E4CCCCD,WF-032
LEVEL_02,2,Ryllus,0x001292F0,0x001295C0,0x092632C0,0x002E644C,.data,float32,0.0399999991 / 0x3D23D70A,WF-032
LEVEL_02,2,Ryllus,0x001292F0,0x001295EC,0x092632EC,0x002E63C8,.data,float32,0.0199999996 / 0x3CA3D70A,WF-032
LEVEL_02,2,Ryllus,0x001292F0,0x00129650,0x09263350,0x002E63A4,.data,float32,0.0799999982 / 0x3DA3D70A,WF-032
LEVEL_02,2,Ryllus,0x001292F0,0x00129758,0x09263458,0x002E6518,.data,float32,0.99000001 / 0x3F7D70A4,WF-032
LEVEL_02,2,Ryllus,0x001292F0,0x0012984C,0x0926354C,0x002E6440,.data,float32,0.100000001 / 0x3DCCCCCD,WF-032
LEVEL_02,2,Ryllus,0x001292F0,0x00129868,0x09263568,0x002E643C,.data,float32,2 / 0x40000000,WF-032
LEVEL_02,2,Ryllus,0x001292F0,0x0012987C,0x0926357C,0x002E6450,.data,float32,0.0799999982 / 0x3DA3D70A,WF-032
LEVEL_02,2,Ryllus,0x001292F0,0x00129894,0x09263594,0x002E6454,.data,float32,1 / 0x3F800000,WF-032
LEVEL_02,2,Ryllus,0x001292F0,0x001298EC,0x092635EC,0x002E63B0,.data,float32,0.100000009 / 0x3DCCCCCE,WF-032
LEVEL_02,2,Ryllus,0x001292F0,0x00129914,0x09263614,0x002E17E0,.data,float32,0 / 0x00000000,WF-032
LEVEL_02,2,Ryllus,0x001292F0,0x00129938,0x09263638,0x002E6398,.data,float32,0.100000001 / 0x3DCCCCCD,WF-032
LEVEL_02,2,Ryllus,0x0012ABC4,0x0012ACE4,0x092649E4,0x002E6590,.data,float32,0.200000003 / 0x3E4CCCCD,WF-026
LEVEL_02,2,Ryllus,0x0012ABC4,0x0012AD2C,0x09264A2C,0x002E6598,.data,float32,0.150000006 / 0x3E19999A,WF-026
LEVEL_02,2,Ryllus,0x0012ABC4,0x0012ADD0,0x09264AD0,0x002E17F0,.data,float32,0 / 0x00000000,WF-026
LEVEL_02,2,Ryllus,0x0012ABC4,0x0012AF10,0x09264C10,0x002E6594,.data,float32,0.300000012 / 0x3E99999A,WF-026
LEVEL_02,2,Ryllus,0x0012AFAC,0x0012B0CC,0x09264DCC,0x002E6590,.data,float32,0.200000003 / 0x3E4CCCCD,WF-025
LEVEL_02,2,Ryllus,0x0012AFAC,0x0012B128,0x09264E28,0x002E6598,.data,float32,0.150000006 / 0x3E19999A,WF-025
LEVEL_02,2,Ryllus,0x0012B824,0x0012BAB0,0x092657B0,0x002E66B4,.data,message_or_literal,=QwV>,WF-057
LEVEL_02,2,Ryllus,0x0012B824,0x0012B86C,0x0926556C,0x002E66AC,.data,float32,0.266666681 / 0x3E888889,WF-057
LEVEL_02,2,Ryllus,0x0012B824,0x0012B874,0x09265574,0x002E66A8,.data,float32,0.13333334 / 0x3E088889,WF-057
LEVEL_02,2,Ryllus,0x0012B824,0x0012B954,0x09265654,0x002E66B8,.data,float32,0.100000001 / 0x3DCCCCCD,WF-057
LEVEL_02,2,Ryllus,0x0012B824,0x0012B994,0x09265694,0x002E66D0,.data,float32,1.31299996 / 0x3FA81062,WF-057
LEVEL_02,2,Ryllus,0x0012B824,0x0012BA60,0x09265760,0x002E66BC,.data,float32,2 / 0x40000000,WF-057
LEVEL_02,2,Ryllus,0x0012B824,0x0012BAB0,0x092657B0,0x002E66B4,.data,float32,0.209439531 / 0x3E567751,WF-057
LEVEL_02,2,Ryllus,0x0012B824,0x0012BAB8,0x092657B8,0x002E66B0,.data,float32,0.104719765 / 0x3DD67751,WF-057
LEVEL_02,2,Ryllus,0x00141D1C,0x00141D48,0x0927BA48,0x002E98C8,.data,float32,60 / 0x42700000,WF-043
LEVEL_02,2,Ryllus,0x00141D1C,0x00141D6C,0x0927BA6C,0x002E98B8,.data,float32,0.200000003 / 0x3E4CCCCD,WF-043
LEVEL_02,2,Ryllus,0x00141D1C,0x00141D88,0x0927BA88,0x002E98C4,.data,float32,0.333333343 / 0x3EAAAAAB,WF-043
LEVEL_02,2,Ryllus,0x00141D1C,0x00141EA4,0x0927BBA4,0x002E98B4,.data,float32,3 / 0x40400000,WF-043
LEVEL_02,2,Ryllus,0x00141D1C,0x00141EE4,0x0927BBE4,0x002E98DC,.data,float32,1 / 0x3F800000,WF-043
LEVEL_02,2,Ryllus,0x00165740,0x00165760,0x0929F460,0x002ED62C,.data,float32,0.725000024 / 0x3F39999A,WF-055
LEVEL_02,2,Ryllus,0x00165740,0x001657A0,0x0929F4A0,0x002ED630,.data,float32,0.200000003 / 0x3E4CCCCD,WF-055
LEVEL_02,2,Ryllus,0x00166100,0x00166188,0x0929FE88,0x002ED7B0,.data,float32,0.0333333351 / 0x3D088889,WF-037
LEVEL_02,2,Ryllus,0x00166100,0x00166190,0x0929FE90,0x002ED7B8,.data,float32,0.100000001 / 0x3DCCCCCD,WF-037
LEVEL_02,2,Ryllus,0x00166100,0x00166198,0x0929FE98,0x002ED7BC,.data,float32,0.200000003 / 0x3E4CCCCD,WF-037
LEVEL_02,2,Ryllus,0x00166100,0x001661AC,0x0929FEAC,0x002ED7C0,.data,float32,10000 / 0x461C4000,WF-037
LEVEL_02,2,Ryllus,0x00166100,0x001666EC,0x092A03EC,0x002ED7B4,.data,float32,0.0166666675 / 0x3C888889,WF-037
LEVEL_02,2,Ryllus,0x00166100,0x00166738,0x092A0438,0x002ED7C4,.data,float32,0.246000007 / 0x3E7BE76D,WF-037
LEVEL_02,2,Ryllus,0x001754AC,0x001758F8,0x092AF5F8,0x002EF1F4,.data,float32,20 / 0x41A00000,WF-006
LEVEL_02,2,Ryllus,0x001A60F0,0x001A6208,0x092DFF08,0x002F29C0,.data,message_or_literal,333?b,WF-012
LEVEL_02,2,Ryllus,0x001A60F0,0x001A6208,0x092DFF08,0x002F29C0,.data,float32,0.0111111123 / 0x3C360B62,WF-012
LEVEL_03,3,Kalidon,0x00010B28,0x00010CF0,0x0914A9F0,0x002DE900,.data,float32,0 / 0x00000000,WF-015
LEVEL_03,3,Kalidon,0x00028DCC,0x00028E08,0x09162B08,0x002C443C,.data,float32,0.0333333351 / 0x3D088889,WF-014
LEVEL_03,3,Kalidon,0x00028DCC,0x00028E3C,0x09162B3C,0x002C4434,.data,float32,0.150000006 / 0x3E19999A,WF-014
LEVEL_03,3,Kalidon,0x00028DCC,0x00028E50,0x09162B50,0x002C4438,.data,float32,1 / 0x3F800000,WF-014
LEVEL_03,3,Kalidon,0x00048AB0,0x00048CDC,0x091829DC,0x002C4E80,.data,float32,0.100000001 / 0x3DCCCCCD,WF-001
LEVEL_03,3,Kalidon,0x00048AB0,0x00048E68,0x09182B68,0x002C4E84,.data,float32,1.5 / 0x3FC00000,WF-001
LEVEL_03,3,Kalidon,0x00048AB0,0x0004903C,0x09182D3C,0x002C4650,.data,float32,0.0799999982 / 0x3DA3D70A,WF-001
LEVEL_03,3,Kalidon,0x00048AB0,0x00049140,0x09182E40,0x002C4E50,.data,float32,-0.00300000003 / 0xBB449BA6,WF-001
LEVEL_03,3,Kalidon,0x0004CA50,0x0004CB58,0x09186858,0x002C4EEC,.data,float32,30.000597 / 0x41F00139,WF-003
LEVEL_03,3,Kalidon,0x0004CA50,0x0004CC9C,0x0918699C,0x002C4EAC,.data,float32,0.200000003 / 0x3E4CCCCD,WF-003
LEVEL_03,3,Kalidon,0x0004CA50,0x0004CCA4,0x091869A4,0x002C4EB0,.data,float32,0.400000006 / 0x3ECCCCCD,WF-003
LEVEL_03,3,Kalidon,0x0004CA50,0x0004CCB4,0x091869B4,0x002C4EB4,.data,float32,0.800000012 / 0x3F4CCCCD,WF-003
LEVEL_03,3,Kalidon,0x0004CA50,0x0004CCF8,0x091869F8,0x002C4EB8,.data,float32,0.100000001 / 0x3DCCCCCD,WF-003
LEVEL_03,3,Kalidon,0x0004CA50,0x0004CD00,0x09186A00,0x002C4EBC,.data,float32,0.200000003 / 0x3E4CCCCD,WF-003
LEVEL_03,3,Kalidon,0x0004CA50,0x0004CD14,0x09186A14,0x002C4EC0,.data,float32,0.400000006 / 0x3ECCCCCD,WF-003
LEVEL_03,3,Kalidon,0x0004CA50,0x0004CFA8,0x09186CA8,0x002C4EC4,.data,float32,0.0500000007 / 0x3D4CCCCD,WF-003
LEVEL_03,3,Kalidon,0x0004CA50,0x0004D16C,0x09186E6C,0x002C4F84,.data,float32,0 / 0x00000000,WF-003
LEVEL_03,3,Kalidon,0x0004CA50,0x0004D40C,0x0918710C,0x002C4EE0,.data,float32,1 / 0x3F800000,WF-003
LEVEL_03,3,Kalidon,0x0004CA50,0x0004D434,0x09187134,0x002C4F40,.data,float32,0 / 0x00000000,WF-003
LEVEL_03,3,Kalidon,0x0004CA50,0x0004D864,0x09187564,0x002C4F6C,.data,float32,0.800000012 / 0x3F4CCCCD,WF-003
LEVEL_03,3,Kalidon,0x0004CA50,0x0004D934,0x09187634,0x002C4F44,.data,float32,0.75 / 0x3F400000,WF-003
LEVEL_03,3,Kalidon,0x00054E4C,0x00054E54,0x0918EB54,0x002C52E0,.data,float32,0.400000006 / 0x3ECCCCCD,WF-004
LEVEL_03,3,Kalidon,0x00054E4C,0x00054E5C,0x0918EB5C,0x002C52E4,.data,float32,0.300000012 / 0x3E99999A,WF-004
LEVEL_03,3,Kalidon,0x00054E4C,0x00054E68,0x0918EB68,0x002C52E8,.data,float32,0.100000001 / 0x3DCCCCCD,WF-004
LEVEL_03,3,Kalidon,0x0010993C,0x00109994,0x09243694,0x002E1604,.data,float32,0.200000003 / 0x3E4CCCCD,WF-008
LEVEL_03,3,Kalidon,0x0010993C,0x00109A80,0x09243780,0x002DE900,.data,float32,0 / 0x00000000,WF-008
LEVEL_03,3,Kalidon,0x00109B58,0x00109C14,0x09243914,0x002E1604,.data,float32,0.200000003 / 0x3E4CCCCD,WF-009
LEVEL_03,3,Kalidon,0x00109B58,0x00109D0C,0x09243A0C,0x002DE900,.data,float32,0 / 0x00000000,WF-009
LEVEL_03,3,Kalidon,0x00109B58,0x00109DEC,0x09243AEC,0x002E14B0,.data,float32,60 / 0x42700000,WF-009
LEVEL_03,3,Kalidon,0x00109E20,0x00109E78,0x09243B78,0x002E1498,.data,message_or_literal,>EDD?,WF-007
LEVEL_03,3,Kalidon,0x00109E20,0x00109E5C,0x09243B5C,0x002E15F8,.data,float32,0.0199999996 / 0x3CA3D70A,WF-007
LEVEL_03,3,Kalidon,0x00109E20,0x00109E78,0x09243B78,0x002E1498,.data,float32,0.76666671 / 0x3F444445,WF-007
LEVEL_03,3,Kalidon,0x00109E20,0x00109EE8,0x09243BE8,0x002E1604,.data,float32,0.200000003 / 0x3E4CCCCD,WF-007
LEVEL_03,3,Kalidon,0x00109E20,0x00109FD4,0x09243CD4,0x002DE900,.data,float32,0 / 0x00000000,WF-007
LEVEL_03,3,Kalidon,0x00109E20,0x0010A040,0x09243D40,0x002E14A8,.data,float32,0.214570001 / 0x3E5BB83D,WF-007
LEVEL_03,3,Kalidon,0x00109E20,0x0010A094,0x09243D94,0x002E14A4,.data,float32,0.5 / 0x3F000000,WF-007
LEVEL_03,3,Kalidon,0x0010C7EC,0x0010C8E8,0x092465E8,0x002E1498,.data,message_or_literal,>EDD?,WF-010
LEVEL_03,3,Kalidon,0x0010C7EC,0x0010C9C4,0x092466C4,0x002E1498,.data,message_or_literal,>EDD?,WF-010
LEVEL_03,3,Kalidon,0x0010C7EC,0x0010C8C0,0x092465C0,0x002E149C,.data,float32,3 / 0x40400000,WF-010
LEVEL_03,3,Kalidon,0x0010C7EC,0x0010C8D8,0x092465D8,0x002E15F8,.data,float32,0.0199999996 / 0x3CA3D70A,WF-010
LEVEL_03,3,Kalidon,0x0010C7EC,0x0010C8E8,0x092465E8,0x002E1498,.data,float32,0.76666671 / 0x3F444445,WF-010
LEVEL_03,3,Kalidon,0x0010C7EC,0x0010CAB8,0x092467B8,0x002E14A0,.data,float32,0.300000012 / 0x3E99999A,WF-010
LEVEL_03,3,Kalidon,0x0010C7EC,0x0010CAF8,0x092467F8,0x002E14A8,.data,float32,0.214570001 / 0x3E5BB83D,WF-010
LEVEL_03,3,Kalidon,0x0010C7EC,0x0010CB60,0x09246860,0x002E14A4,.data,float32,0.5 / 0x3F000000,WF-010
LEVEL_03,3,Kalidon,0x00145EE0,0x001461E0,0x0927FEE0,0x002E7504,.data,float32,0.100000001 / 0x3DCCCCCD,WF-016
LEVEL_03,3,Kalidon,0x00158A18,0x00158B34,0x09292834,0x002EA1D0,.data,float32,0.100000001 / 0x3DCCCCCD,WF-044
LEVEL_03,3,Kalidon,0x00158A18,0x00158B6C,0x0929286C,0x002EA1C8,.data,float32,0 / 0x00000000,WF-044
LEVEL_03,3,Kalidon,0x00158A18,0x00158B8C,0x0929288C,0x002EA1CC,.data,float32,0.0166666675 / 0x3C888889,WF-044
LEVEL_03,3,Kalidon,0x00158A18,0x00158BD8,0x092928D8,0x002EA1BC,.data,float32,46.8240013 / 0x423B4BC7,WF-044
LEVEL_03,3,Kalidon,0x00158A18,0x00158BE8,0x092928E8,0x002EA1C4,.data,float32,10 / 0x41200000,WF-044
LEVEL_03,3,Kalidon,0x00158A18,0x00158CF8,0x092929F8,0x002DE900,.data,float32,0 / 0x00000000,WF-044
LEVEL_03,3,Kalidon,0x00158A18,0x00159210,0x09292F10,0x002EA130,.data,float32,0.13333334 / 0x3E088889,WF-044
LEVEL_03,3,Kalidon,0x00158A18,0x00159290,0x09292F90,0x002EA144,.data,float32,1.75 / 0x3FE00000,WF-044
LEVEL_03,3,Kalidon,0x00158A18,0x001593D8,0x092930D8,0x002EA134,.data,float32,0.0333333351 / 0x3D088889,WF-044
LEVEL_03,3,Kalidon,0x00158A18,0x001595E4,0x092932E4,0x002EA138,.data,float32,0.13333334 / 0x3E088889,WF-044
LEVEL_03,3,Kalidon,0x00158A18,0x00159610,0x09293310,0x002EA140,.data,float32,0.400000036 / 0x3ECCCCCE,WF-044
LEVEL_03,3,Kalidon,0x00158A18,0x00159638,0x09293338,0x002EA17C,.data,float32,-76 / 0xC2980000,WF-044
LEVEL_03,3,Kalidon,0x00158A18,0x00159670,0x09293370,0x002EA184,.data,float32,-76 / 0xC2980000,WF-044
LEVEL_03,3,Kalidon,0x00158A18,0x0015968C,0x0929338C,0x002EA188,.data,float32,-90 / 0xC2B40000,WF-044
LEVEL_03,3,Kalidon,0x00158A18,0x0015970C,0x0929340C,0x002EA148,.data,float32,8.5 / 0x41080000,WF-044
LEVEL_03,3,Kalidon,0x00158A18,0x001599C4,0x092936C4,0x002EA1A8,.data,float32,-84 / 0xC2A80000,WF-044
LEVEL_03,3,Kalidon,0x00158A18,0x001599F0,0x092936F0,0x002EA14C,.data,float32,-92 / 0xC2B80000,WF-044
LEVEL_03,3,Kalidon,0x00158A18,0x00159DD0,0x09293AD0,0x002EA180,.data,float32,15 / 0x41700000,WF-044
LEVEL_03,3,Kalidon,0x00158A18,0x00159E00,0x09293B00,0x002EA13C,.data,float32,0.666666687 / 0x3F2AAAAB,WF-044
LEVEL_03,3,Kalidon,0x00158A18,0x00159F44,0x09293C44,0x002EA178,.data,float32,10 / 0x41200000,WF-044
LEVEL_03,3,Kalidon,0x00158A18,0x0015A088,0x09293D88,0x002EA174,.data,float32,0.200000003 / 0x3E4CCCCD,WF-044
LEVEL_03,3,Kalidon,0x00158A18,0x0015A0C8,0x09293DC8,0x002EA168,.data,float32,0.300000012 / 0x3E99999A,WF-044
LEVEL_03,3,Kalidon,0x00158A18,0x0015A0D4,0x09293DD4,0x002EA164,.data,float32,0.100000001 / 0x3DCCCCCD,WF-044
LEVEL_03,3,Kalidon,0x00158A18,0x0015A0DC,0x09293DDC,0x002EA16C,.data,float32,1.29999995 / 0x3FA66666,WF-044
LEVEL_03,3,Kalidon,0x00158A18,0x0015A0E4,0x09293DE4,0x002EA170,.data,float32,-0.000899999985 / 0xBA6BEDFA,WF-044
LEVEL_03,3,Kalidon,0x00158A18,0x0015A348,0x09294048,0x002EA15C,.data,float32,0.0333333351 / 0x3D088889,WF-044
LEVEL_03,3,Kalidon,0x00158A18,0x0015A3D4,0x092940D4,0x002EA19C,.data,float32,36.9220009 / 0x4213B021,WF-044
LEVEL_03,3,Kalidon,0x00158A18,0x0015A72C,0x0929442C,0x002EA194,.data,float32,0.0333333351 / 0x3D088889,WF-044
LEVEL_03,3,Kalidon,0x00158A18,0x0015A794,0x09294494,0x002EA198,.data,float32,10.8000002 / 0x412CCCCD,WF-044
LEVEL_03,3,Kalidon,0x00158A18,0x0015AA14,0x09294714,0x002EA150,.data,float32,0.0100000007 / 0x3C23D70B,WF-044
LEVEL_03,3,Kalidon,0x00158A18,0x0015AA2C,0x0929472C,0x002EA190,.data,float32,-89 / 0xC2B20000,WF-044
LEVEL_03,3,Kalidon,0x00158A18,0x0015AAA4,0x092947A4,0x002EA160,.data,float32,0 / 0x00000000,WF-044
LEVEL_03,3,Kalidon,0x00158A18,0x0015AAC4,0x092947C4,0x002EA154,.data,float32,0.100000009 / 0x3DCCCCCE,WF-044
LEVEL_03,3,Kalidon,0x00158A18,0x0015AC68,0x09294968,0x002EA18C,.data,float32,0.233333349 / 0x3E6EEEF0,WF-044
LEVEL_03,3,Kalidon,0x00158A18,0x0015AD8C,0x09294A8C,0x002EA1B0,.data,float32,4 / 0x40800000,WF-044
LEVEL_03,3,Kalidon,0x00158A18,0x0015AFCC,0x09294CCC,0x002EA1B4,.data,float32,0 / 0x00000000,WF-044
LEVEL_03,3,Kalidon,0x00158A18,0x0015B084,0x09294D84,0x002DE910,.data,float32,0 / 0x00000000,WF-044
LEVEL_03,3,Kalidon,0x00158A18,0x0015B138,0x09294E38,0x002EA1B8,.data,float32,-0.300000012 / 0xBE99999A,WF-044
LEVEL_03,3,Kalidon,0x00158A18,0x0015B1B0,0x09294EB0,0x002EA1AC,.data,float32,11.5 / 0x41380000,WF-044
LEVEL_03,3,Kalidon,0x0016AE04,0x0016AF24,0x092A4C24,0x002EBD40,.data,float32,1.25 / 0x3FA00000,WF-058
LEVEL_03,3,Kalidon,0x0016AE04,0x0016AF98,0x092A4C98,0x002EBCC0,.data,float32,0.200000003 / 0x3E4CCCCD,WF-058
LEVEL_03,3,Kalidon,0x0016AE04,0x0016B0C4,0x092A4DC4,0x002DE8E0,.data,float32,0 / 0x00000000,WF-058
LEVEL_03,3,Kalidon,0x0016AE04,0x0016B2A8,0x092A4FA8,0x002EBCD4,.data,float32,1 / 0x3F800000,WF-058
LEVEL_03,3,Kalidon,0x0016AE04,0x0016B3EC,0x092A50EC,0x002EBCE0,.data,float32,16 / 0x41800000,WF-058
LEVEL_03,3,Kalidon,0x0016AE04,0x0016B444,0x092A5144,0x002EBCD8,.data,float32,0.00499999989 / 0x3BA3D70A,WF-058
LEVEL_03,3,Kalidon,0x0016AE04,0x0016B5AC,0x092A52AC,0x002EBCE4,.data,float32,1.66666675 / 0x3FD55556,WF-058
LEVEL_03,3,Kalidon,0x0016AE04,0x0016B690,0x092A5390,0x002EBCF0,.data,float32,0 / 0x00000000,WF-058
LEVEL_03,3,Kalidon,0x0016AE04,0x0016B698,0x092A5398,0x002EBCEC,.data,float32,0.200000003 / 0x3E4CCCCD,WF-058
LEVEL_03,3,Kalidon,0x0016AE04,0x0016B6EC,0x092A53EC,0x002EBCE8,.data,float32,0.400000006 / 0x3ECCCCCD,WF-058
LEVEL_03,3,Kalidon,0x0016AE04,0x0016BA18,0x092A5718,0x002EBD44,.data,float32,2.25 / 0x40100000,WF-058
LEVEL_03,3,Kalidon,0x0016AE04,0x0016BB10,0x092A5810,0x002DE900,.data,float32,0 / 0x00000000,WF-058
LEVEL_03,3,Kalidon,0x0016AE04,0x0016BE04,0x092A5B04,0x002EBCF4,.data,float32,2 / 0x40000000,WF-058
LEVEL_03,3,Kalidon,0x0016AE04,0x0016C0F4,0x092A5DF4,0x002EBCF8,.data,float32,20 / 0x41A00000,WF-058
LEVEL_03,3,Kalidon,0x0016AE04,0x0016C29C,0x092A5F9C,0x002EBCFC,.data,float32,29 / 0x41E80000,WF-058
LEVEL_03,3,Kalidon,0x00173808,0x00173C54,0x092AD954,0x002EC66C,.data,float32,20 / 0x41A00000,WF-006
LEVEL_03,3,Kalidon,0x00185B3C,0x00185C88,0x092BF988,0x002DE8D4,.data,float32,0 / 0x00000000,WF-024
LEVEL_03,3,Kalidon,0x00185B3C,0x00185E14,0x092BFB14,0x002EDED0,.data,float32,0.0888888985 / 0x3DB60B62,WF-024
LEVEL_03,3,Kalidon,0x00185B3C,0x00185E2C,0x092BFB2C,0x002EDED4,.data,float32,0.0666666701 / 0x3D888889,WF-024
LEVEL_03,3,Kalidon,0x001A19D0,0x001A1AE8,0x092DB7E8,0x002EFAF0,.data,message_or_literal,333?b,WF-012
LEVEL_03,3,Kalidon,0x001A19D0,0x001A1AE8,0x092DB7E8,0x002EFAF0,.data,float32,0.0111111123 / 0x3C360B62,WF-012
LEVEL_04,4,Metalis,0x00010984,0x00010B4C,0x0914A84C,0x002DD128,.data,float32,0 / 0x00000000,WF-015
LEVEL_04,4,Metalis,0x00028A10,0x00028A4C,0x0916274C,0x002C293C,.data,float32,0.0333333351 / 0x3D088889,WF-014
LEVEL_04,4,Metalis,0x00028A10,0x00028A80,0x09162780,0x002C2934,.data,float32,0.150000006 / 0x3E19999A,WF-014
LEVEL_04,4,Metalis,0x00028A10,0x00028A94,0x09162794,0x002C2938,.data,float32,1 / 0x3F800000,WF-014
LEVEL_04,4,Metalis,0x0002DA40,0x0002DA6C,0x0916776C,0x002C2E14,.data,float32,0.100000001 / 0x3DCCCCCD,WF-023
LEVEL_04,4,Metalis,0x0002DA40,0x0002DA9C,0x0916779C,0x002C2E08,.data,float32,0.0500000007 / 0x3D4CCCCD,WF-023
LEVEL_04,4,Metalis,0x0002DA40,0x0002DAE0,0x091677E0,0x002C2E18,.data,float32,-0.195999995 / 0xBE48B439,WF-023
LEVEL_04,4,Metalis,0x0002DA40,0x0002DB84,0x09167884,0x002DD128,.data,float32,0 / 0x00000000,WF-023
LEVEL_04,4,Metalis,0x0002DA40,0x0002DC24,0x09167924,0x002C2E1C,.data,float32,0.330000013 / 0x3EA8F5C3,WF-023
LEVEL_04,4,Metalis,0x0004BAE8,0x0004BD14,0x09185A14,0x002C37D0,.data,float32,0.100000001 / 0x3DCCCCCD,WF-001
LEVEL_04,4,Metalis,0x0004BAE8,0x0004BEA0,0x09185BA0,0x002C37D4,.data,float32,1.5 / 0x3FC00000,WF-001
LEVEL_04,4,Metalis,0x0004BAE8,0x0004C074,0x09185D74,0x002C2FA0,.data,float32,0.0799999982 / 0x3DA3D70A,WF-001
LEVEL_04,4,Metalis,0x0004BAE8,0x0004C178,0x09185E78,0x002C37A0,.data,float32,-0.00300000003 / 0xBB449BA6,WF-001
LEVEL_04,4,Metalis,0x0004F600,0x0004F708,0x09189408,0x002C383C,.data,float32,30.000597 / 0x41F00139,WF-003
LEVEL_04,4,Metalis,0x0004F600,0x0004F84C,0x0918954C,0x002C37FC,.data,float32,0.200000003 / 0x3E4CCCCD,WF-003
LEVEL_04,4,Metalis,0x0004F600,0x0004F854,0x09189554,0x002C3800,.data,float32,0.400000006 / 0x3ECCCCCD,WF-003
LEVEL_04,4,Metalis,0x0004F600,0x0004F864,0x09189564,0x002C3804,.data,float32,0.800000012 / 0x3F4CCCCD,WF-003
LEVEL_04,4,Metalis,0x0004F600,0x0004F8A8,0x091895A8,0x002C3808,.data,float32,0.100000001 / 0x3DCCCCCD,WF-003
LEVEL_04,4,Metalis,0x0004F600,0x0004F8B0,0x091895B0,0x002C380C,.data,float32,0.200000003 / 0x3E4CCCCD,WF-003
LEVEL_04,4,Metalis,0x0004F600,0x0004F8C4,0x091895C4,0x002C3810,.data,float32,0.400000006 / 0x3ECCCCCD,WF-003
LEVEL_04,4,Metalis,0x0004F600,0x0004FB58,0x09189858,0x002C3814,.data,float32,0.0500000007 / 0x3D4CCCCD,WF-003
LEVEL_04,4,Metalis,0x0004F600,0x0004FD1C,0x09189A1C,0x002C38D4,.data,float32,0 / 0x00000000,WF-003
LEVEL_04,4,Metalis,0x0004F600,0x0004FFBC,0x09189CBC,0x002C3830,.data,float32,1 / 0x3F800000,WF-003
LEVEL_04,4,Metalis,0x0004F600,0x0004FFE4,0x09189CE4,0x002C3890,.data,float32,0 / 0x00000000,WF-003
LEVEL_04,4,Metalis,0x0004F600,0x00050414,0x0918A114,0x002C38BC,.data,float32,0.800000012 / 0x3F4CCCCD,WF-003
LEVEL_04,4,Metalis,0x0004F600,0x000504E4,0x0918A1E4,0x002C3894,.data,float32,0.75 / 0x3F400000,WF-003
LEVEL_04,4,Metalis,0x00057A0C,0x00057A14,0x09191714,0x002C3C30,.data,float32,0.400000006 / 0x3ECCCCCD,WF-004
LEVEL_04,4,Metalis,0x00057A0C,0x00057A1C,0x0919171C,0x002C3C34,.data,float32,0.300000012 / 0x3E99999A,WF-004
LEVEL_04,4,Metalis,0x00057A0C,0x00057A28,0x09191728,0x002C3C38,.data,float32,0.100000001 / 0x3DCCCCCD,WF-004
LEVEL_04,4,Metalis,0x000A5D40,0x000A5D9C,0x091DFA9C,0x002CF388,.data,float32,0.00999999978 / 0x3C23D70A,WF-028
LEVEL_04,4,Metalis,0x000A5D40,0x000A5DB8,0x091DFAB8,0x002CF38C,.data,float32,0.200000003 / 0x3E4CCCCD,WF-028
LEVEL_04,4,Metalis,0x001126E4,0x0011273C,0x0924C43C,0x002DFE4C,.data,float32,0.200000003 / 0x3E4CCCCD,WF-008
LEVEL_04,4,Metalis,0x001126E4,0x00112828,0x0924C528,0x002DD128,.data,float32,0 / 0x00000000,WF-008
LEVEL_04,4,Metalis,0x00112900,0x001129BC,0x0924C6BC,0x002DFE4C,.data,float32,0.200000003 / 0x3E4CCCCD,WF-009
LEVEL_04,4,Metalis,0x00112900,0x00112AB4,0x0924C7B4,0x002DD128,.data,float32,0 / 0x00000000,WF-009
LEVEL_04,4,Metalis,0x00112900,0x00112B94,0x0924C894,0x002DFCF8,.data,float32,60 / 0x42700000,WF-009
LEVEL_04,4,Metalis,0x00112BC8,0x00112C20,0x0924C920,0x002DFCE0,.data,message_or_literal,>EDD?,WF-007
LEVEL_04,4,Metalis,0x00112BC8,0x00112C04,0x0924C904,0x002DFE40,.data,float32,0.0199999996 / 0x3CA3D70A,WF-007
LEVEL_04,4,Metalis,0x00112BC8,0x00112C20,0x0924C920,0x002DFCE0,.data,float32,0.76666671 / 0x3F444445,WF-007
LEVEL_04,4,Metalis,0x00112BC8,0x00112C90,0x0924C990,0x002DFE4C,.data,float32,0.200000003 / 0x3E4CCCCD,WF-007
LEVEL_04,4,Metalis,0x00112BC8,0x00112D7C,0x0924CA7C,0x002DD128,.data,float32,0 / 0x00000000,WF-007
LEVEL_04,4,Metalis,0x00112BC8,0x00112DE8,0x0924CAE8,0x002DFCF0,.data,float32,0.214570001 / 0x3E5BB83D,WF-007
LEVEL_04,4,Metalis,0x00112BC8,0x00112E3C,0x0924CB3C,0x002DFCEC,.data,float32,0.5 / 0x3F000000,WF-007
LEVEL_04,4,Metalis,0x00115594,0x00115690,0x0924F390,0x002DFCE0,.data,message_or_literal,>EDD?,WF-010
LEVEL_04,4,Metalis,0x00115594,0x0011576C,0x0924F46C,0x002DFCE0,.data,message_or_literal,>EDD?,WF-010
LEVEL_04,4,Metalis,0x00115594,0x00115668,0x0924F368,0x002DFCE4,.data,float32,3 / 0x40400000,WF-010
LEVEL_04,4,Metalis,0x00115594,0x00115680,0x0924F380,0x002DFE40,.data,float32,0.0199999996 / 0x3CA3D70A,WF-010
LEVEL_04,4,Metalis,0x00115594,0x00115690,0x0924F390,0x002DFCE0,.data,float32,0.76666671 / 0x3F444445,WF-010
LEVEL_04,4,Metalis,0x00115594,0x00115860,0x0924F560,0x002DFCE8,.data,float32,0.300000012 / 0x3E99999A,WF-010
LEVEL_04,4,Metalis,0x00115594,0x001158A0,0x0924F5A0,0x002DFCF0,.data,float32,0.214570001 / 0x3E5BB83D,WF-010
LEVEL_04,4,Metalis,0x00115594,0x00115908,0x0924F608,0x002DFCEC,.data,float32,0.5 / 0x3F000000,WF-010
LEVEL_04,4,Metalis,0x001294D4,0x001295F4,0x092632F4,0x002E1BA0,.data,float32,0.200000003 / 0x3E4CCCCD,WF-026
LEVEL_04,4,Metalis,0x001294D4,0x0012963C,0x0926333C,0x002E1BA8,.data,float32,0.150000006 / 0x3E19999A,WF-026
LEVEL_04,4,Metalis,0x001294D4,0x001296E0,0x092633E0,0x002DD128,.data,float32,0 / 0x00000000,WF-026
LEVEL_04,4,Metalis,0x001294D4,0x00129820,0x09263520,0x002E1BA4,.data,float32,0.300000012 / 0x3E99999A,WF-026
LEVEL_04,4,Metalis,0x001298BC,0x001299DC,0x092636DC,0x002E1BA0,.data,float32,0.200000003 / 0x3E4CCCCD,WF-025
LEVEL_04,4,Metalis,0x001298BC,0x00129A38,0x09263738,0x002E1BA8,.data,float32,0.150000006 / 0x3E19999A,WF-025
LEVEL_04,4,Metalis,0x0016871C,0x00168B68,0x092A2868,0x002E87EC,.data,float32,20 / 0x41A00000,WF-006
LEVEL_04,4,Metalis,0x0018BFE8,0x0018C0F4,0x092C5DF4,0x002EB92B,.data,symbolic_name,TMRobotHeadB_Update,WF-030
LEVEL_04,4,Metalis,0x0018BFE8,0x0018C0F8,0x092C5DF8,0x001DC348,.rodata,source_path,c:/Hig/Projects/Rcp1/Code/MOBYS/TMRobotHeadB/TMRobotHeadB.cpp,WF-030
LEVEL_04,4,Metalis,0x0018BFE8,0x0018C110,0x092C5E10,0x001DC480,.rodata,message_or_literal,"%s has state TMHEADB_INIT_ENTER, but no enter path given. Destroying moby.",WF-030
LEVEL_04,4,Metalis,0x0018BFE8,0x0018C1EC,0x092C5EEC,0x002EB92B,.data,symbolic_name,TMRobotHeadB_Update,WF-030
LEVEL_04,4,Metalis,0x0018BFE8,0x0018C1F0,0x092C5EF0,0x001DC348,.rodata,source_path,c:/Hig/Projects/Rcp1/Code/MOBYS/TMRobotHeadB/TMRobotHeadB.cpp,WF-030
LEVEL_04,4,Metalis,0x0018BFE8,0x0018C208,0x092C5F08,0x001DC4CC,.rodata,message_or_literal,"%s has state TMHEADB_INIT_ENTER_3D, but no enter path given. Destroying moby.",WF-030
LEVEL_04,4,Metalis,0x0018BFE8,0x0018C418,0x092C6118,0x002EB92B,.data,symbolic_name,TMRobotHeadB_Update,WF-030
LEVEL_04,4,Metalis,0x0018BFE8,0x0018C41C,0x092C611C,0x001DC348,.rodata,source_path,c:/Hig/Projects/Rcp1/Code/MOBYS/TMRobotHeadB/TMRobotHeadB.cpp,WF-030
LEVEL_04,4,Metalis,0x0018BFE8,0x0018C434,0x092C6134,0x001DC570,.rodata,message_or_literal,"%s has state TMHEADB_INIT_ENTER_TORSO, but no targetTorso given. Destroying moby.",WF-030
LEVEL_04,4,Metalis,0x0018BFE8,0x0018C46C,0x092C616C,0x002EB92B,.data,symbolic_name,TMRobotHeadB_Update,WF-030
LEVEL_04,4,Metalis,0x0018BFE8,0x0018C470,0x092C6170,0x001DC348,.rodata,source_path,c:/Hig/Projects/Rcp1/Code/MOBYS/TMRobotHeadB/TMRobotHeadB.cpp,WF-030
LEVEL_04,4,Metalis,0x0018BFE8,0x0018C488,0x092C6188,0x001DC51C,.rodata,message_or_literal,"%s has state TMHEADB_INIT_ENTER_TORSO, but no enter path given. Destroying moby.",WF-030
LEVEL_04,4,Metalis,0x0018BFE8,0x0018C28C,0x092C5F8C,0x002DD128,.data,float32,0 / 0x00000000,WF-030
LEVEL_04,4,Metalis,0x0018BFE8,0x0018C4EC,0x092C61EC,0x002EB7FC,.data,float32,0.5 / 0x3F000000,WF-030
LEVEL_04,4,Metalis,0x0018BFE8,0x0018C55C,0x092C625C,0x002EB814,.data,float32,0.0111111123 / 0x3C360B62,WF-030
LEVEL_04,4,Metalis,0x0018BFE8,0x0018C7E8,0x092C64E8,0x002EB7A4,.data,float32,0.0199999996 / 0x3CA3D70A,WF-030
LEVEL_04,4,Metalis,0x0018BFE8,0x0018CC08,0x092C6908,0x002EB7D0,.data,float32,0.100000001 / 0x3DCCCCCD,WF-030
LEVEL_04,4,Metalis,0x0018BFE8,0x0018CD18,0x092C6A18,0x002EB7DC,.data,float32,0.5 / 0x3F000000,WF-030
LEVEL_04,4,Metalis,0x0018BFE8,0x0018CDB8,0x092C6AB8,0x002EB7D4,.data,float32,2 / 0x40000000,WF-030
LEVEL_04,4,Metalis,0x0018BFE8,0x0018CE00,0x092C6B00,0x002C292C,.data,float32,0.200000003 / 0x3E4CCCCD,WF-030
LEVEL_04,4,Metalis,0x0018BFE8,0x0018CE48,0x092C6B48,0x002EB7F8,.data,float32,1 / 0x3F800000,WF-030
LEVEL_04,4,Metalis,0x0018BFE8,0x0018CF50,0x092C6C50,0x002EB7E4,.data,float32,0 / 0x00000000,WF-030
LEVEL_04,4,Metalis,0x0018BFE8,0x0018D040,0x092C6D40,0x002EB7F0,.data,float32,0.999000013 / 0x3F7FBE77,WF-030
LEVEL_04,4,Metalis,0x001A0BF4,0x001A0D0C,0x092DAA0C,0x002ECB68,.data,message_or_literal,333?b,WF-012
LEVEL_04,4,Metalis,0x001A0BF4,0x001A0D0C,0x092DAA0C,0x002ECB68,.data,float32,0.0111111123 / 0x3C360B62,WF-012
LEVEL_05,5,Dreamtime,0x0000E8D8,0x0000E928,0x09148628,0x00297C58,.data,message_or_literal,L?333,WF-020
LEVEL_05,5,Dreamtime,0x0000E8D8,0x0000E928,0x09148628,0x00297C58,.data,float32,-0.699999988 / 0xBF333333,WF-020
LEVEL_05,5,Dreamtime,0x0000E8D8,0x0000E98C,0x0914868C,0x00297C5C,.data,float32,0.251327425 / 0x3E80ADFD,WF-020
LEVEL_05,5,Dreamtime,0x00028870,0x000288AC,0x091625AC,0x0029D4CC,.data,float32,0.0333333351 / 0x3D088889,WF-017
LEVEL_05,5,Dreamtime,0x00028870,0x000288F0,0x091625F0,0x0029D4D0,.data,float32,1 / 0x3F800000,WF-017
LEVEL_05,5,Dreamtime,0x00028870,0x00028BE0,0x091628E0,0x0029D4C4,.data,float32,0.400000006 / 0x3ECCCCCD,WF-017
LEVEL_05,5,Dreamtime,0x0002992C,0x00029DDC,0x09163ADC,0x0029D4EC,.data,float32,0.400000006 / 0x3ECCCCCD,WF-022
LEVEL_05,5,Dreamtime,0x00048070,0x0004829C,0x09181F9C,0x0029DED0,.data,float32,0.100000001 / 0x3DCCCCCD,WF-001
LEVEL_05,5,Dreamtime,0x00048070,0x00048428,0x09182128,0x0029DED4,.data,float32,1.5 / 0x3FC00000,WF-001
LEVEL_05,5,Dreamtime,0x00048070,0x000485FC,0x091822FC,0x0029D6A0,.data,float32,0.0799999982 / 0x3DA3D70A,WF-001
LEVEL_05,5,Dreamtime,0x00048070,0x00048700,0x09182400,0x0029DEA0,.data,float32,-0.00300000003 / 0xBB449BA6,WF-001
LEVEL_05,5,Dreamtime,0x0004BB88,0x0004BC90,0x09185990,0x0029DF3C,.data,float32,30.000597 / 0x41F00139,WF-003
LEVEL_05,5,Dreamtime,0x0004BB88,0x0004BDD4,0x09185AD4,0x0029DEFC,.data,float32,0.200000003 / 0x3E4CCCCD,WF-003
LEVEL_05,5,Dreamtime,0x0004BB88,0x0004BDDC,0x09185ADC,0x0029DF00,.data,float32,0.400000006 / 0x3ECCCCCD,WF-003
LEVEL_05,5,Dreamtime,0x0004BB88,0x0004BDEC,0x09185AEC,0x0029DF04,.data,float32,0.800000012 / 0x3F4CCCCD,WF-003
LEVEL_05,5,Dreamtime,0x0004BB88,0x0004BE30,0x09185B30,0x0029DF08,.data,float32,0.100000001 / 0x3DCCCCCD,WF-003
LEVEL_05,5,Dreamtime,0x0004BB88,0x0004BE38,0x09185B38,0x0029DF0C,.data,float32,0.200000003 / 0x3E4CCCCD,WF-003
LEVEL_05,5,Dreamtime,0x0004BB88,0x0004BE4C,0x09185B4C,0x0029DF10,.data,float32,0.400000006 / 0x3ECCCCCD,WF-003
LEVEL_05,5,Dreamtime,0x0004BB88,0x0004C0E0,0x09185DE0,0x0029DF14,.data,float32,0.0500000007 / 0x3D4CCCCD,WF-003
LEVEL_05,5,Dreamtime,0x0004BB88,0x0004C2A4,0x09185FA4,0x0029DFD4,.data,float32,0 / 0x00000000,WF-003
LEVEL_05,5,Dreamtime,0x0004BB88,0x0004C544,0x09186244,0x0029DF30,.data,float32,1 / 0x3F800000,WF-003
LEVEL_05,5,Dreamtime,0x0004BB88,0x0004C56C,0x0918626C,0x0029DF90,.data,float32,0 / 0x00000000,WF-003
LEVEL_05,5,Dreamtime,0x0004BB88,0x0004C99C,0x0918669C,0x0029DFBC,.data,float32,0.800000012 / 0x3F4CCCCD,WF-003
LEVEL_05,5,Dreamtime,0x0004BB88,0x0004CA6C,0x0918676C,0x0029DF94,.data,float32,0.75 / 0x3F400000,WF-003
LEVEL_05,5,Dreamtime,0x00053F78,0x00053F80,0x0918DC80,0x0029E330,.data,float32,0.400000006 / 0x3ECCCCCD,WF-004
LEVEL_05,5,Dreamtime,0x00053F78,0x00053F88,0x0918DC88,0x0029E334,.data,float32,0.300000012 / 0x3E99999A,WF-004
LEVEL_05,5,Dreamtime,0x00053F78,0x00053F94,0x0918DC94,0x0029E338,.data,float32,0.100000001 / 0x3DCCCCCD,WF-004
LEVEL_05,5,Dreamtime,0x0010747C,0x001074D4,0x092411D4,0x002BA2CC,.data,float32,0.200000003 / 0x3E4CCCCD,WF-008
LEVEL_05,5,Dreamtime,0x0010747C,0x001075C0,0x092412C0,0x002B76D0,.data,float32,0 / 0x00000000,WF-008
LEVEL_05,5,Dreamtime,0x00107698,0x00107754,0x09241454,0x002BA2CC,.data,float32,0.200000003 / 0x3E4CCCCD,WF-009
LEVEL_05,5,Dreamtime,0x00107698,0x0010784C,0x0924154C,0x002B76D0,.data,float32,0 / 0x00000000,WF-009
LEVEL_05,5,Dreamtime,0x00107698,0x0010792C,0x0924162C,0x002BA178,.data,float32,60 / 0x42700000,WF-009
LEVEL_05,5,Dreamtime,0x00107960,0x001079B8,0x092416B8,0x002BA160,.data,message_or_literal,>EDD?,WF-007
LEVEL_05,5,Dreamtime,0x00107960,0x0010799C,0x0924169C,0x002BA2C0,.data,float32,0.0199999996 / 0x3CA3D70A,WF-007
LEVEL_05,5,Dreamtime,0x00107960,0x001079B8,0x092416B8,0x002BA160,.data,float32,0.76666671 / 0x3F444445,WF-007
LEVEL_05,5,Dreamtime,0x00107960,0x00107A28,0x09241728,0x002BA2CC,.data,float32,0.200000003 / 0x3E4CCCCD,WF-007
LEVEL_05,5,Dreamtime,0x00107960,0x00107B14,0x09241814,0x002B76D0,.data,float32,0 / 0x00000000,WF-007
LEVEL_05,5,Dreamtime,0x00107960,0x00107B80,0x09241880,0x002BA170,.data,float32,0.214570001 / 0x3E5BB83D,WF-007
LEVEL_05,5,Dreamtime,0x00107960,0x00107BD4,0x092418D4,0x002BA16C,.data,float32,0.5 / 0x3F000000,WF-007
LEVEL_05,5,Dreamtime,0x0010A32C,0x0010A428,0x09244128,0x002BA160,.data,message_or_literal,>EDD?,WF-010
LEVEL_05,5,Dreamtime,0x0010A32C,0x0010A504,0x09244204,0x002BA160,.data,message_or_literal,>EDD?,WF-010
LEVEL_05,5,Dreamtime,0x0010A32C,0x0010A400,0x09244100,0x002BA164,.data,float32,3 / 0x40400000,WF-010
LEVEL_05,5,Dreamtime,0x0010A32C,0x0010A418,0x09244118,0x002BA2C0,.data,float32,0.0199999996 / 0x3CA3D70A,WF-010
LEVEL_05,5,Dreamtime,0x0010A32C,0x0010A428,0x09244128,0x002BA160,.data,float32,0.76666671 / 0x3F444445,WF-010
LEVEL_05,5,Dreamtime,0x0010A32C,0x0010A5F8,0x092442F8,0x002BA168,.data,float32,0.300000012 / 0x3E99999A,WF-010
LEVEL_05,5,Dreamtime,0x0010A32C,0x0010A638,0x09244338,0x002BA170,.data,float32,0.214570001 / 0x3E5BB83D,WF-010
LEVEL_05,5,Dreamtime,0x0010A32C,0x0010A6A0,0x092443A0,0x002BA16C,.data,float32,0.5 / 0x3F000000,WF-010
LEVEL_05,5,Dreamtime,0x001338A4,0x001338CC,0x0926D5CC,0x002BE2FC,.data,float32,0.0199999996 / 0x3CA3D70A,WF-050
LEVEL_05,5,Dreamtime,0x001338A4,0x00133BA0,0x0926D8A0,0x002BE314,.data,float32,0.100000001 / 0x3DCCCCCD,WF-050
LEVEL_05,5,Dreamtime,0x00143354,0x00143370,0x0927D070,0x00297C68,.data,float32,0.200000003 / 0x3E4CCCCD,WF-048
LEVEL_05,5,Dreamtime,0x00143354,0x00143394,0x0927D094,0x002C04A4,.data,float32,1.50000012 / 0x3FC00001,WF-048
LEVEL_05,5,Dreamtime,0x00143354,0x001433AC,0x0927D0AC,0x002C04B8,.data,float32,0.52359885 / 0x3F060A93,WF-048
LEVEL_05,5,Dreamtime,0x00143354,0x001433D4,0x0927D0D4,0x002C04AC,.data,float32,0.0277777798 / 0x3CE38E3A,WF-048
LEVEL_05,5,Dreamtime,0x00143354,0x001433FC,0x0927D0FC,0x002C04A8,.data,float32,3 / 0x40400000,WF-048
LEVEL_05,5,Dreamtime,0x00143354,0x00143504,0x0927D204,0x002C04B4,.data,float32,0.25 / 0x3E800000,WF-048
LEVEL_05,5,Dreamtime,0x00143D14,0x00143EDC,0x0927DBDC,0x00297C68,.data,float32,0.200000003 / 0x3E4CCCCD,WF-056
LEVEL_05,5,Dreamtime,0x00143D14,0x00143EF8,0x0927DBF8,0x002C05D4,.data,float32,0.200000018 / 0x3E4CCCCE,WF-056
LEVEL_05,5,Dreamtime,0x00143D14,0x00143F58,0x0927DC58,0x002C05DC,.data,float32,25 / 0x41C80000,WF-056
LEVEL_05,5,Dreamtime,0x00143D14,0x00143FA8,0x0927DCA8,0x002C05C8,.data,float32,1.20000005 / 0x3F99999A,WF-056
LEVEL_05,5,Dreamtime,0x00143D14,0x001441B8,0x0927DEB8,0x002C05D8,.data,float32,1.33700001 / 0x3FAB22D1,WF-056
LEVEL_05,5,Dreamtime,0x00143D14,0x001443F8,0x0927E0F8,0x002C05E0,.data,float32,-0.5 / 0xBF000000,WF-056
LEVEL_05,5,Dreamtime,0x0015BB4C,0x0015BF98,0x09295C98,0x002C21DC,.data,float32,20 / 0x41A00000,WF-006
LEVEL_05,5,Dreamtime,0x0016669C,0x0016674C,0x092A044C,0x002C3130,.data,float32,0.100000001 / 0x3DCCCCCD,WF-027
LEVEL_05,5,Dreamtime,0x0016669C,0x00166850,0x092A0550,0x002C314C,.data,float32,0.5 / 0x3F000000,WF-027
LEVEL_05,5,Dreamtime,0x0016669C,0x00166894,0x092A0594,0x002C3150,.data,float32,0.121869341 / 0x3DF996A2,WF-027
LEVEL_05,5,Dreamtime,0x0016669C,0x00166918,0x092A0618,0x002B76D0,.data,float32,0 / 0x00000000,WF-027
LEVEL_05,5,Dreamtime,0x0016669C,0x00166A6C,0x092A076C,0x002C3124,.data,float32,-0.5 / 0xBF000000,WF-027
LEVEL_05,5,Dreamtime,0x0016669C,0x00166A84,0x092A0784,0x002C313C,.data,float32,0.00999999978 / 0x3C23D70A,WF-027
LEVEL_05,5,Dreamtime,0x0016669C,0x00166AB0,0x092A07B0,0x002C3120,.data,float32,0.0333333351 / 0x3D088889,WF-027
LEVEL_05,5,Dreamtime,0x0016669C,0x00166AE0,0x092A07E0,0x002C3148,.data,float32,0.0500000007 / 0x3D4CCCCD,WF-027
LEVEL_05,5,Dreamtime,0x0016669C,0x00166B68,0x092A0868,0x002C3128,.data,float32,-1 / 0xBF800000,WF-027
LEVEL_05,5,Dreamtime,0x0016669C,0x00166BA0,0x092A08A0,0x002C312C,.data,float32,-0.0500000045 / 0xBD4CCCCE,WF-027
LEVEL_05,5,Dreamtime,0x0017F84C,0x0017F964,0x092B9664,0x002C4AF8,.data,message_or_literal,333?b,WF-012
LEVEL_05,5,Dreamtime,0x0017F84C,0x0017F964,0x092B9664,0x002C4AF8,.data,float32,0.0111111123 / 0x3C360B62,WF-012
LEVEL_06,6,Medical Outpost Omega,0x00027688,0x000276C4,0x091613C4,0x0029FBA4,.data,float32,0.0333333351 / 0x3D088889,WF-014
LEVEL_06,6,Medical Outpost Omega,0x00027688,0x000276F8,0x091613F8,0x0029FB9C,.data,float32,0.150000006 / 0x3E19999A,WF-014
LEVEL_06,6,Medical Outpost Omega,0x00027688,0x0002770C,0x0916140C,0x0029FBA0,.data,float32,1 / 0x3F800000,WF-014
LEVEL_06,6,Medical Outpost Omega,0x000471CC,0x000473F8,0x091810F8,0x002A05E8,.data,float32,0.100000001 / 0x3DCCCCCD,WF-001
LEVEL_06,6,Medical Outpost Omega,0x000471CC,0x00047584,0x09181284,0x002A05EC,.data,float32,1.5 / 0x3FC00000,WF-001
LEVEL_06,6,Medical Outpost Omega,0x000471CC,0x00047758,0x09181458,0x0029FDB8,.data,float32,0.0799999982 / 0x3DA3D70A,WF-001
LEVEL_06,6,Medical Outpost Omega,0x000471CC,0x0004785C,0x0918155C,0x002A05B8,.data,float32,-0.00300000003 / 0xBB449BA6,WF-001
LEVEL_06,6,Medical Outpost Omega,0x0004B16C,0x0004B274,0x09184F74,0x002A0654,.data,float32,30.000597 / 0x41F00139,WF-003
LEVEL_06,6,Medical Outpost Omega,0x0004B16C,0x0004B3B8,0x091850B8,0x002A0614,.data,float32,0.200000003 / 0x3E4CCCCD,WF-003
LEVEL_06,6,Medical Outpost Omega,0x0004B16C,0x0004B3C0,0x091850C0,0x002A0618,.data,float32,0.400000006 / 0x3ECCCCCD,WF-003
LEVEL_06,6,Medical Outpost Omega,0x0004B16C,0x0004B3D0,0x091850D0,0x002A061C,.data,float32,0.800000012 / 0x3F4CCCCD,WF-003
LEVEL_06,6,Medical Outpost Omega,0x0004B16C,0x0004B414,0x09185114,0x002A0620,.data,float32,0.100000001 / 0x3DCCCCCD,WF-003
LEVEL_06,6,Medical Outpost Omega,0x0004B16C,0x0004B41C,0x0918511C,0x002A0624,.data,float32,0.200000003 / 0x3E4CCCCD,WF-003
LEVEL_06,6,Medical Outpost Omega,0x0004B16C,0x0004B430,0x09185130,0x002A0628,.data,float32,0.400000006 / 0x3ECCCCCD,WF-003
LEVEL_06,6,Medical Outpost Omega,0x0004B16C,0x0004B6C4,0x091853C4,0x002A062C,.data,float32,0.0500000007 / 0x3D4CCCCD,WF-003
LEVEL_06,6,Medical Outpost Omega,0x0004B16C,0x0004B888,0x09185588,0x002A06EC,.data,float32,0 / 0x00000000,WF-003
LEVEL_06,6,Medical Outpost Omega,0x0004B16C,0x0004BB28,0x09185828,0x002A0648,.data,float32,1 / 0x3F800000,WF-003
LEVEL_06,6,Medical Outpost Omega,0x0004B16C,0x0004BB50,0x09185850,0x002A06A8,.data,float32,0 / 0x00000000,WF-003
LEVEL_06,6,Medical Outpost Omega,0x0004B16C,0x0004BF80,0x09185C80,0x002A06D4,.data,float32,0.800000012 / 0x3F4CCCCD,WF-003
LEVEL_06,6,Medical Outpost Omega,0x0004B16C,0x0004C050,0x09185D50,0x002A06AC,.data,float32,0.75 / 0x3F400000,WF-003
LEVEL_06,6,Medical Outpost Omega,0x0005355C,0x00053564,0x0918D264,0x002A0A48,.data,float32,0.400000006 / 0x3ECCCCCD,WF-004
LEVEL_06,6,Medical Outpost Omega,0x0005355C,0x0005356C,0x0918D26C,0x002A0A4C,.data,float32,0.300000012 / 0x3E99999A,WF-004
LEVEL_06,6,Medical Outpost Omega,0x0005355C,0x00053578,0x0918D278,0x002A0A50,.data,float32,0.100000001 / 0x3DCCCCCD,WF-004
LEVEL_06,6,Medical Outpost Omega,0x00102CF8,0x00102D50,0x0923CA50,0x002BC904,.data,float32,0.200000003 / 0x3E4CCCCD,WF-008
LEVEL_06,6,Medical Outpost Omega,0x00102CF8,0x00102E3C,0x0923CB3C,0x002B9CF0,.data,float32,0 / 0x00000000,WF-008
LEVEL_06,6,Medical Outpost Omega,0x00102F14,0x00102FD0,0x0923CCD0,0x002BC904,.data,float32,0.200000003 / 0x3E4CCCCD,WF-009
LEVEL_06,6,Medical Outpost Omega,0x00102F14,0x001030C8,0x0923CDC8,0x002B9CF0,.data,float32,0 / 0x00000000,WF-009
LEVEL_06,6,Medical Outpost Omega,0x00102F14,0x001031A8,0x0923CEA8,0x002BC7B0,.data,float32,60 / 0x42700000,WF-009
LEVEL_06,6,Medical Outpost Omega,0x001031DC,0x00103234,0x0923CF34,0x002BC798,.data,message_or_literal,>EDD?,WF-007
LEVEL_06,6,Medical Outpost Omega,0x001031DC,0x00103218,0x0923CF18,0x002BC8F8,.data,float32,0.0199999996 / 0x3CA3D70A,WF-007
LEVEL_06,6,Medical Outpost Omega,0x001031DC,0x00103234,0x0923CF34,0x002BC798,.data,float32,0.76666671 / 0x3F444445,WF-007
LEVEL_06,6,Medical Outpost Omega,0x001031DC,0x001032A4,0x0923CFA4,0x002BC904,.data,float32,0.200000003 / 0x3E4CCCCD,WF-007
LEVEL_06,6,Medical Outpost Omega,0x001031DC,0x00103390,0x0923D090,0x002B9CF0,.data,float32,0 / 0x00000000,WF-007
LEVEL_06,6,Medical Outpost Omega,0x001031DC,0x001033FC,0x0923D0FC,0x002BC7A8,.data,float32,0.214570001 / 0x3E5BB83D,WF-007
LEVEL_06,6,Medical Outpost Omega,0x001031DC,0x00103450,0x0923D150,0x002BC7A4,.data,float32,0.5 / 0x3F000000,WF-007
LEVEL_06,6,Medical Outpost Omega,0x00105BA8,0x00105CA4,0x0923F9A4,0x002BC798,.data,message_or_literal,>EDD?,WF-010
LEVEL_06,6,Medical Outpost Omega,0x00105BA8,0x00105D80,0x0923FA80,0x002BC798,.data,message_or_literal,>EDD?,WF-010
LEVEL_06,6,Medical Outpost Omega,0x00105BA8,0x00105C7C,0x0923F97C,0x002BC79C,.data,float32,3 / 0x40400000,WF-010
LEVEL_06,6,Medical Outpost Omega,0x00105BA8,0x00105C94,0x0923F994,0x002BC8F8,.data,float32,0.0199999996 / 0x3CA3D70A,WF-010
LEVEL_06,6,Medical Outpost Omega,0x00105BA8,0x00105CA4,0x0923F9A4,0x002BC798,.data,float32,0.76666671 / 0x3F444445,WF-010
LEVEL_06,6,Medical Outpost Omega,0x00105BA8,0x00105E74,0x0923FB74,0x002BC7A0,.data,float32,0.300000012 / 0x3E99999A,WF-010
LEVEL_06,6,Medical Outpost Omega,0x00105BA8,0x00105EB4,0x0923FBB4,0x002BC7A8,.data,float32,0.214570001 / 0x3E5BB83D,WF-010
LEVEL_06,6,Medical Outpost Omega,0x00105BA8,0x00105F1C,0x0923FC1C,0x002BC7A4,.data,float32,0.5 / 0x3F000000,WF-010
LEVEL_06,6,Medical Outpost Omega,0x001394BC,0x001397BC,0x092734BC,0x002C1884,.data,float32,0.100000001 / 0x3DCCCCCD,WF-016
LEVEL_06,6,Medical Outpost Omega,0x00148788,0x00148864,0x09282564,0x002C3CBC,.data,float32,0.200000003 / 0x3E4CCCCD,WF-034
LEVEL_06,6,Medical Outpost Omega,0x00158268,0x001586B4,0x092923B4,0x002C4E8C,.data,float32,20 / 0x41A00000,WF-006
LEVEL_06,6,Medical Outpost Omega,0x0017F788,0x0017F8A0,0x092B95A0,0x002C7E80,.data,message_or_literal,333?b,WF-012
LEVEL_06,6,Medical Outpost Omega,0x0017F788,0x0017F8A0,0x092B95A0,0x002C7E80,.data,float32,0.0111111123 / 0x3C360B62,WF-012
LEVEL_07,7,Challax,0x0000E8D8,0x0000E928,0x09148628,0x002B9FD8,.data,message_or_literal,L?333,WF-020
LEVEL_07,7,Challax,0x0000E8D8,0x0000E928,0x09148628,0x002B9FD8,.data,float32,-0.699999988 / 0xBF333333,WF-020
LEVEL_07,7,Challax,0x0000E8D8,0x0000E98C,0x0914868C,0x002B9FDC,.data,float32,0.251327425 / 0x3E80ADFD,WF-020
LEVEL_07,7,Challax,0x00010D1C,0x00010EE4,0x0914ABE4,0x002D9D78,.data,float32,0 / 0x00000000,WF-015
LEVEL_07,7,Challax,0x00028BE8,0x00028C24,0x09162924,0x002BF83C,.data,float32,0.0333333351 / 0x3D088889,WF-014
LEVEL_07,7,Challax,0x00028BE8,0x00028C58,0x09162958,0x002BF834,.data,float32,0.150000006 / 0x3E19999A,WF-014
LEVEL_07,7,Challax,0x00028BE8,0x00028C6C,0x0916296C,0x002BF838,.data,float32,1 / 0x3F800000,WF-014
LEVEL_07,7,Challax,0x0002AC48,0x0002AC84,0x09164984,0x002BF87C,.data,float32,0.0333333351 / 0x3D088889,WF-017
LEVEL_07,7,Challax,0x0002AC48,0x0002ACC8,0x091649C8,0x002BF880,.data,float32,1 / 0x3F800000,WF-017
LEVEL_07,7,Challax,0x0002AC48,0x0002AFB8,0x09164CB8,0x002BF874,.data,float32,0.400000006 / 0x3ECCCCCD,WF-017
LEVEL_07,7,Challax,0x0002BD04,0x0002C1B4,0x09165EB4,0x002BF89C,.data,float32,0.400000006 / 0x3ECCCCCD,WF-022
LEVEL_07,7,Challax,0x0004A890,0x0004AABC,0x091847BC,0x002C0280,.data,float32,0.100000001 / 0x3DCCCCCD,WF-001
LEVEL_07,7,Challax,0x0004A890,0x0004AC48,0x09184948,0x002C0284,.data,float32,1.5 / 0x3FC00000,WF-001
LEVEL_07,7,Challax,0x0004A890,0x0004AE1C,0x09184B1C,0x002BFA50,.data,float32,0.0799999982 / 0x3DA3D70A,WF-001
LEVEL_07,7,Challax,0x0004A890,0x0004AF20,0x09184C20,0x002C0250,.data,float32,-0.00300000003 / 0xBB449BA6,WF-001
LEVEL_07,7,Challax,0x0004E830,0x0004E938,0x09188638,0x002C02EC,.data,float32,30.000597 / 0x41F00139,WF-003
LEVEL_07,7,Challax,0x0004E830,0x0004EA7C,0x0918877C,0x002C02AC,.data,float32,0.200000003 / 0x3E4CCCCD,WF-003
LEVEL_07,7,Challax,0x0004E830,0x0004EA84,0x09188784,0x002C02B0,.data,float32,0.400000006 / 0x3ECCCCCD,WF-003
LEVEL_07,7,Challax,0x0004E830,0x0004EA94,0x09188794,0x002C02B4,.data,float32,0.800000012 / 0x3F4CCCCD,WF-003
LEVEL_07,7,Challax,0x0004E830,0x0004EAD8,0x091887D8,0x002C02B8,.data,float32,0.100000001 / 0x3DCCCCCD,WF-003
LEVEL_07,7,Challax,0x0004E830,0x0004EAE0,0x091887E0,0x002C02BC,.data,float32,0.200000003 / 0x3E4CCCCD,WF-003
LEVEL_07,7,Challax,0x0004E830,0x0004EAF4,0x091887F4,0x002C02C0,.data,float32,0.400000006 / 0x3ECCCCCD,WF-003
LEVEL_07,7,Challax,0x0004E830,0x0004ED88,0x09188A88,0x002C02C4,.data,float32,0.0500000007 / 0x3D4CCCCD,WF-003
LEVEL_07,7,Challax,0x0004E830,0x0004EF4C,0x09188C4C,0x002C0384,.data,float32,0 / 0x00000000,WF-003
LEVEL_07,7,Challax,0x0004E830,0x0004F1EC,0x09188EEC,0x002C02E0,.data,float32,1 / 0x3F800000,WF-003
LEVEL_07,7,Challax,0x0004E830,0x0004F214,0x09188F14,0x002C0340,.data,float32,0 / 0x00000000,WF-003
LEVEL_07,7,Challax,0x0004E830,0x0004F644,0x09189344,0x002C036C,.data,float32,0.800000012 / 0x3F4CCCCD,WF-003
LEVEL_07,7,Challax,0x0004E830,0x0004F714,0x09189414,0x002C0344,.data,float32,0.75 / 0x3F400000,WF-003
LEVEL_07,7,Challax,0x00056C3C,0x00056C44,0x09190944,0x002C06E0,.data,float32,0.400000006 / 0x3ECCCCCD,WF-004
LEVEL_07,7,Challax,0x00056C3C,0x00056C4C,0x0919094C,0x002C06E4,.data,float32,0.300000012 / 0x3E99999A,WF-004
LEVEL_07,7,Challax,0x00056C3C,0x00056C58,0x09190958,0x002C06E8,.data,float32,0.100000001 / 0x3DCCCCCD,WF-004
LEVEL_07,7,Challax,0x0010D248,0x0010D2A0,0x09246FA0,0x002DCA84,.data,float32,0.200000003 / 0x3E4CCCCD,WF-008
LEVEL_07,7,Challax,0x0010D248,0x0010D38C,0x0924708C,0x002D9D78,.data,float32,0 / 0x00000000,WF-008
LEVEL_07,7,Challax,0x0010D464,0x0010D520,0x09247220,0x002DCA84,.data,float32,0.200000003 / 0x3E4CCCCD,WF-009
LEVEL_07,7,Challax,0x0010D464,0x0010D618,0x09247318,0x002D9D78,.data,float32,0 / 0x00000000,WF-009
LEVEL_07,7,Challax,0x0010D464,0x0010D6F8,0x092473F8,0x002DC930,.data,float32,60 / 0x42700000,WF-009
LEVEL_07,7,Challax,0x0010D72C,0x0010D784,0x09247484,0x002DC918,.data,message_or_literal,>EDD?,WF-007
LEVEL_07,7,Challax,0x0010D72C,0x0010D768,0x09247468,0x002DCA78,.data,float32,0.0199999996 / 0x3CA3D70A,WF-007
LEVEL_07,7,Challax,0x0010D72C,0x0010D784,0x09247484,0x002DC918,.data,float32,0.76666671 / 0x3F444445,WF-007
LEVEL_07,7,Challax,0x0010D72C,0x0010D7F4,0x092474F4,0x002DCA84,.data,float32,0.200000003 / 0x3E4CCCCD,WF-007
LEVEL_07,7,Challax,0x0010D72C,0x0010D8E0,0x092475E0,0x002D9D78,.data,float32,0 / 0x00000000,WF-007
LEVEL_07,7,Challax,0x0010D72C,0x0010D94C,0x0924764C,0x002DC928,.data,float32,0.214570001 / 0x3E5BB83D,WF-007
LEVEL_07,7,Challax,0x0010D72C,0x0010D9A0,0x092476A0,0x002DC924,.data,float32,0.5 / 0x3F000000,WF-007
LEVEL_07,7,Challax,0x001100F8,0x001101F4,0x09249EF4,0x002DC918,.data,message_or_literal,>EDD?,WF-010
LEVEL_07,7,Challax,0x001100F8,0x001102D0,0x09249FD0,0x002DC918,.data,message_or_literal,>EDD?,WF-010
LEVEL_07,7,Challax,0x001100F8,0x001101CC,0x09249ECC,0x002DC91C,.data,float32,3 / 0x40400000,WF-010
LEVEL_07,7,Challax,0x001100F8,0x001101E4,0x09249EE4,0x002DCA78,.data,float32,0.0199999996 / 0x3CA3D70A,WF-010
LEVEL_07,7,Challax,0x001100F8,0x001101F4,0x09249EF4,0x002DC918,.data,float32,0.76666671 / 0x3F444445,WF-010
LEVEL_07,7,Challax,0x001100F8,0x001103C4,0x0924A0C4,0x002DC920,.data,float32,0.300000012 / 0x3E99999A,WF-010
LEVEL_07,7,Challax,0x001100F8,0x00110404,0x0924A104,0x002DC928,.data,float32,0.214570001 / 0x3E5BB83D,WF-010
LEVEL_07,7,Challax,0x001100F8,0x0011046C,0x0924A16C,0x002DC924,.data,float32,0.5 / 0x3F000000,WF-010
LEVEL_07,7,Challax,0x001302C0,0x00130370,0x0926A070,0x002E018C,.data,float32,0.333333343 / 0x3EAAAAAB,WF-045
LEVEL_07,7,Challax,0x001302C0,0x00130380,0x0926A080,0x002B9FE8,.data,float32,0.200000003 / 0x3E4CCCCD,WF-045
LEVEL_07,7,Challax,0x001302C0,0x001305C0,0x0926A2C0,0x002D9D78,.data,float32,0 / 0x00000000,WF-045
LEVEL_07,7,Challax,0x001302C0,0x001308C8,0x0926A5C8,0x002E01D0,.data,float32,0.75 / 0x3F400000,WF-045
LEVEL_07,7,Challax,0x00130B1C,0x00130BB8,0x0926A8B8,0x002E018C,.data,float32,0.333333343 / 0x3EAAAAAB,WF-042
LEVEL_07,7,Challax,0x00130B1C,0x00130BC8,0x0926A8C8,0x002B9FE8,.data,float32,0.200000003 / 0x3E4CCCCD,WF-042
LEVEL_07,7,Challax,0x00130B1C,0x00130E08,0x0926AB08,0x002D9D78,.data,float32,0 / 0x00000000,WF-042
LEVEL_07,7,Challax,0x00130B1C,0x00131184,0x0926AE84,0x002E01D0,.data,float32,0.75 / 0x3F400000,WF-042
LEVEL_07,7,Challax,0x001311E8,0x00131F54,0x0926BC54,0x002E0210,.data,message_or_literal,pAB`,WF-039
LEVEL_07,7,Challax,0x001311E8,0x00131F80,0x0926BC80,0x002E0210,.data,message_or_literal,pAB`,WF-039
LEVEL_07,7,Challax,0x001311E8,0x00131228,0x0926AF28,0x002E0190,.data,float32,1000 / 0x447A0000,WF-039
LEVEL_07,7,Challax,0x001311E8,0x001313B4,0x0926B0B4,0x002D9D78,.data,float32,0 / 0x00000000,WF-039
LEVEL_07,7,Challax,0x001311E8,0x00131428,0x0926B128,0x002E018C,.data,float32,0.333333343 / 0x3EAAAAAB,WF-039
LEVEL_07,7,Challax,0x001311E8,0x00131438,0x0926B138,0x002B9FE8,.data,float32,0.200000003 / 0x3E4CCCCD,WF-039
LEVEL_07,7,Challax,0x001311E8,0x00131544,0x0926B244,0x002E01E4,.data,float32,0 / 0x00000000,WF-039
LEVEL_07,7,Challax,0x001311E8,0x00131B1C,0x0926B81C,0x002E01FC,.data,float32,1 / 0x3F800000,WF-039
LEVEL_07,7,Challax,0x001311E8,0x00131B60,0x0926B860,0x002E0208,.data,float32,2.5 / 0x40200000,WF-039
LEVEL_07,7,Challax,0x001311E8,0x00131B84,0x0926B884,0x002E01E8,.data,float32,26 / 0x41D00000,WF-039
LEVEL_07,7,Challax,0x001311E8,0x00131BDC,0x0926B8DC,0x002E0200,.data,float32,0.25 / 0x3E800000,WF-039
LEVEL_07,7,Challax,0x001311E8,0x00131C8C,0x0926B98C,0x002E01D0,.data,float32,0.75 / 0x3F400000,WF-039
LEVEL_07,7,Challax,0x001311E8,0x00131D04,0x0926BA04,0x002E0204,.data,float32,0.100000001 / 0x3DCCCCCD,WF-039
LEVEL_07,7,Challax,0x001311E8,0x00131EE8,0x0926BBE8,0x002E0214,.data,float32,0.0166666675 / 0x3C888889,WF-039
LEVEL_07,7,Challax,0x001311E8,0x00131F34,0x0926BC34,0x002E020C,.data,float32,15 / 0x41700000,WF-039
LEVEL_07,7,Challax,0x001311E8,0x00131F54,0x0926BC54,0x002E0210,.data,float32,25.6720009 / 0x41CD6042,WF-039
LEVEL_07,7,Challax,0x0014F3C8,0x0014F6C8,0x092893C8,0x002E2B5C,.data,float32,0.100000001 / 0x3DCCCCCD,WF-016
LEVEL_07,7,Challax,0x0015DAE8,0x0015DCF8,0x092979F8,0x002E4E94,.data,float32,0.5 / 0x3F000000,WF-052
LEVEL_07,7,Challax,0x0015DAE8,0x0015DFD4,0x09297CD4,0x002E4EAC,.data,float32,-1 / 0xBF800000,WF-052
LEVEL_07,7,Challax,0x0015DAE8,0x0015DFF4,0x09297CF4,0x002E4EB8,.data,float32,2 / 0x40000000,WF-052
LEVEL_07,7,Challax,0x0015DAE8,0x0015E040,0x09297D40,0x002E4EBC,.data,float32,2 / 0x40000000,WF-052
LEVEL_07,7,Challax,0x0015DAE8,0x0015E0CC,0x09297DCC,0x002E4E98,.data,float32,-1.29999995 / 0xBFA66666,WF-052
LEVEL_07,7,Challax,0x0015DAE8,0x0015E0EC,0x09297DEC,0x002E4EA4,.data,float32,2 / 0x40000000,WF-052
LEVEL_07,7,Challax,0x0015DAE8,0x0015E138,0x09297E38,0x002E4EA8,.data,float32,4.69999981 / 0x40966666,WF-052
LEVEL_07,7,Challax,0x0015DAE8,0x0015E1A8,0x09297EA8,0x002E4EC0,.data,float32,0.0500000007 / 0x3D4CCCCD,WF-052
LEVEL_07,7,Challax,0x0015DAE8,0x0015E1C0,0x09297EC0,0x002E4EC4,.data,float32,0.100000001 / 0x3DCCCCCD,WF-052
LEVEL_07,7,Challax,0x0015DAE8,0x0015E200,0x09297F00,0x002E4EDC,.data,float32,0 / 0x00000000,WF-052
LEVEL_07,7,Challax,0x0015DAE8,0x0015E230,0x09297F30,0x002E4ED4,.data,float32,0.200000003 / 0x3E4CCCCD,WF-052
LEVEL_07,7,Challax,0x0015DAE8,0x0015E25C,0x09297F5C,0x002E4ED8,.data,float32,0 / 0x00000000,WF-052
LEVEL_07,7,Challax,0x0015DAE8,0x0015E288,0x09297F88,0x002E4EC8,.data,float32,1 / 0x3F800000,WF-052
LEVEL_07,7,Challax,0x0015DAE8,0x0015E2B4,0x09297FB4,0x002E4E90,.data,float32,0.00300000003 / 0x3B449BA6,WF-052
LEVEL_07,7,Challax,0x0015DAE8,0x0015E2C8,0x09297FC8,0x002E4ECC,.data,float32,90.0017929 / 0x42B400EB,WF-052
LEVEL_07,7,Challax,0x0015DAE8,0x0015E2D4,0x09297FD4,0x002E4ED0,.data,float32,15.0002985 / 0x41700139,WF-052
LEVEL_07,7,Challax,0x0015DAE8,0x0015E548,0x09298248,0x002E4E88,.data,float32,6 / 0x40C00000,WF-052
LEVEL_07,7,Challax,0x0015DAE8,0x0015E5C4,0x092982C4,0x002B9FE8,.data,float32,0.200000003 / 0x3E4CCCCD,WF-052
LEVEL_07,7,Challax,0x0015DAE8,0x0015E5E0,0x092982E0,0x002E4E8C,.data,float32,0.0333333351 / 0x3D088889,WF-052
LEVEL_07,7,Challax,0x0015DAE8,0x0015E71C,0x0929841C,0x002E4E80,.data,float32,0.100000001 / 0x3DCCCCCD,WF-052
LEVEL_07,7,Challax,0x00160EB4,0x00161048,0x0929AD48,0x002E551C,.data,float32,0.200000003 / 0x3E4CCCCD,WF-049
LEVEL_07,7,Challax,0x00160EB4,0x00161334,0x0929B034,0x002E54A0,.data,float32,12 / 0x41400000,WF-049
LEVEL_07,7,Challax,0x00160EB4,0x00161348,0x0929B048,0x002E54A4,.data,float32,52 / 0x42500000,WF-049
LEVEL_07,7,Challax,0x0016FC30,0x0017007C,0x092A9D7C,0x002E6E64,.data,float32,20 / 0x41A00000,WF-006
LEVEL_07,7,Challax,0x0019B740,0x0019B858,0x092D5558,0x002EA520,.data,message_or_literal,333?b,WF-012
LEVEL_07,7,Challax,0x0019B740,0x0019B858,0x092D5558,0x002EA520,.data,float32,0.0111111123 / 0x3C360B62,WF-012
LEVEL_08,8,Dayni Moon,0x0000E934,0x0000E984,0x09148684,0x002E8ED8,.data,message_or_literal,L?333,WF-020
LEVEL_08,8,Dayni Moon,0x0000E934,0x0000E984,0x09148684,0x002E8ED8,.data,float32,-0.699999988 / 0xBF333333,WF-020
LEVEL_08,8,Dayni Moon,0x0000E934,0x0000E9E8,0x091486E8,0x002E8EDC,.data,float32,0.251327425 / 0x3E80ADFD,WF-020
LEVEL_08,8,Dayni Moon,0x00011138,0x00011300,0x0914B000,0x00309060,.data,float32,0 / 0x00000000,WF-015
LEVEL_08,8,Dayni Moon,0x0002932C,0x00029368,0x09163068,0x002EE754,.data,float32,0.0333333351 / 0x3D088889,WF-014
LEVEL_08,8,Dayni Moon,0x0002932C,0x0002939C,0x0916309C,0x002EE74C,.data,float32,0.150000006 / 0x3E19999A,WF-014
LEVEL_08,8,Dayni Moon,0x0002932C,0x000293B0,0x091630B0,0x002EE750,.data,float32,1 / 0x3F800000,WF-014
LEVEL_08,8,Dayni Moon,0x0002BBB4,0x0002BBF0,0x091658F0,0x002EE79C,.data,float32,0.0333333351 / 0x3D088889,WF-017
LEVEL_08,8,Dayni Moon,0x0002BBB4,0x0002BC34,0x09165934,0x002EE7A0,.data,float32,1 / 0x3F800000,WF-017
LEVEL_08,8,Dayni Moon,0x0002BBB4,0x0002BF24,0x09165C24,0x002EE794,.data,float32,0.400000006 / 0x3ECCCCCD,WF-017
LEVEL_08,8,Dayni Moon,0x0002CC70,0x0002D120,0x09166E20,0x002EE7BC,.data,float32,0.400000006 / 0x3ECCCCCD,WF-022
LEVEL_08,8,Dayni Moon,0x00030ABC,0x00030AE8,0x0916A7E8,0x002EEC3C,.data,float32,0.100000001 / 0x3DCCCCCD,WF-023
LEVEL_08,8,Dayni Moon,0x00030ABC,0x00030B18,0x0916A818,0x002EEC30,.data,float32,0.0500000007 / 0x3D4CCCCD,WF-023
LEVEL_08,8,Dayni Moon,0x00030ABC,0x00030B5C,0x0916A85C,0x002EEC40,.data,float32,-0.195999995 / 0xBE48B439,WF-023
LEVEL_08,8,Dayni Moon,0x00030ABC,0x00030C00,0x0916A900,0x00309060,.data,float32,0 / 0x00000000,WF-023
LEVEL_08,8,Dayni Moon,0x00030ABC,0x00030CA0,0x0916A9A0,0x002EEC44,.data,float32,0.330000013 / 0x3EA8F5C3,WF-023
LEVEL_08,8,Dayni Moon,0x0004F350,0x0004F57C,0x0918927C,0x002EF5F8,.data,float32,0.100000001 / 0x3DCCCCCD,WF-001
LEVEL_08,8,Dayni Moon,0x0004F350,0x0004F708,0x09189408,0x002EF5FC,.data,float32,1.5 / 0x3FC00000,WF-001
LEVEL_08,8,Dayni Moon,0x0004F350,0x0004F8DC,0x091895DC,0x002EEDC8,.data,float32,0.0799999982 / 0x3DA3D70A,WF-001
LEVEL_08,8,Dayni Moon,0x0004F350,0x0004F9E0,0x091896E0,0x002EF5C8,.data,float32,-0.00300000003 / 0xBB449BA6,WF-001
LEVEL_08,8,Dayni Moon,0x000532F0,0x000533F8,0x0918D0F8,0x002EF664,.data,float32,30.000597 / 0x41F00139,WF-003
LEVEL_08,8,Dayni Moon,0x000532F0,0x0005353C,0x0918D23C,0x002EF624,.data,float32,0.200000003 / 0x3E4CCCCD,WF-003
LEVEL_08,8,Dayni Moon,0x000532F0,0x00053544,0x0918D244,0x002EF628,.data,float32,0.400000006 / 0x3ECCCCCD,WF-003
LEVEL_08,8,Dayni Moon,0x000532F0,0x00053554,0x0918D254,0x002EF62C,.data,float32,0.800000012 / 0x3F4CCCCD,WF-003
LEVEL_08,8,Dayni Moon,0x000532F0,0x00053598,0x0918D298,0x002EF630,.data,float32,0.100000001 / 0x3DCCCCCD,WF-003
LEVEL_08,8,Dayni Moon,0x000532F0,0x000535A0,0x0918D2A0,0x002EF634,.data,float32,0.200000003 / 0x3E4CCCCD,WF-003
LEVEL_08,8,Dayni Moon,0x000532F0,0x000535B4,0x0918D2B4,0x002EF638,.data,float32,0.400000006 / 0x3ECCCCCD,WF-003
LEVEL_08,8,Dayni Moon,0x000532F0,0x00053848,0x0918D548,0x002EF63C,.data,float32,0.0500000007 / 0x3D4CCCCD,WF-003
LEVEL_08,8,Dayni Moon,0x000532F0,0x00053A0C,0x0918D70C,0x002EF6FC,.data,float32,0 / 0x00000000,WF-003
LEVEL_08,8,Dayni Moon,0x000532F0,0x00053CAC,0x0918D9AC,0x002EF658,.data,float32,1 / 0x3F800000,WF-003
LEVEL_08,8,Dayni Moon,0x000532F0,0x00053CD4,0x0918D9D4,0x002EF6B8,.data,float32,0 / 0x00000000,WF-003
LEVEL_08,8,Dayni Moon,0x000532F0,0x00054104,0x0918DE04,0x002EF6E4,.data,float32,0.800000012 / 0x3F4CCCCD,WF-003
LEVEL_08,8,Dayni Moon,0x000532F0,0x000541D4,0x0918DED4,0x002EF6BC,.data,float32,0.75 / 0x3F400000,WF-003
LEVEL_08,8,Dayni Moon,0x0005B6E0,0x0005B6E8,0x091953E8,0x002EFA58,.data,float32,0.400000006 / 0x3ECCCCCD,WF-004
LEVEL_08,8,Dayni Moon,0x0005B6E0,0x0005B6F0,0x091953F0,0x002EFA5C,.data,float32,0.300000012 / 0x3E99999A,WF-004
LEVEL_08,8,Dayni Moon,0x0005B6E0,0x0005B6FC,0x091953FC,0x002EFA60,.data,float32,0.100000001 / 0x3DCCCCCD,WF-004
LEVEL_08,8,Dayni Moon,0x000AAF58,0x000AAFB4,0x091E4CB4,0x002FB228,.data,float32,0.00999999978 / 0x3C23D70A,WF-028
LEVEL_08,8,Dayni Moon,0x000AAF58,0x000AAFD0,0x091E4CD0,0x002FB22C,.data,float32,0.200000003 / 0x3E4CCCCD,WF-028
LEVEL_08,8,Dayni Moon,0x00117650,0x001176A8,0x092513A8,0x0030BEFC,.data,float32,0.200000003 / 0x3E4CCCCD,WF-008
LEVEL_08,8,Dayni Moon,0x00117650,0x00117794,0x09251494,0x00309060,.data,float32,0 / 0x00000000,WF-008
LEVEL_08,8,Dayni Moon,0x0011786C,0x00117928,0x09251628,0x0030BEFC,.data,float32,0.200000003 / 0x3E4CCCCD,WF-009
LEVEL_08,8,Dayni Moon,0x0011786C,0x00117A20,0x09251720,0x00309060,.data,float32,0 / 0x00000000,WF-009
LEVEL_08,8,Dayni Moon,0x0011786C,0x00117B00,0x09251800,0x0030BDA8,.data,float32,60 / 0x42700000,WF-009
LEVEL_08,8,Dayni Moon,0x00117B34,0x00117B8C,0x0925188C,0x0030BD90,.data,message_or_literal,>EDD?,WF-007
LEVEL_08,8,Dayni Moon,0x00117B34,0x00117B70,0x09251870,0x0030BEF0,.data,float32,0.0199999996 / 0x3CA3D70A,WF-007
LEVEL_08,8,Dayni Moon,0x00117B34,0x00117B8C,0x0925188C,0x0030BD90,.data,float32,0.76666671 / 0x3F444445,WF-007
LEVEL_08,8,Dayni Moon,0x00117B34,0x00117BFC,0x092518FC,0x0030BEFC,.data,float32,0.200000003 / 0x3E4CCCCD,WF-007
LEVEL_08,8,Dayni Moon,0x00117B34,0x00117CE8,0x092519E8,0x00309060,.data,float32,0 / 0x00000000,WF-007
LEVEL_08,8,Dayni Moon,0x00117B34,0x00117D54,0x09251A54,0x0030BDA0,.data,float32,0.214570001 / 0x3E5BB83D,WF-007
LEVEL_08,8,Dayni Moon,0x00117B34,0x00117DA8,0x09251AA8,0x0030BD9C,.data,float32,0.5 / 0x3F000000,WF-007
LEVEL_08,8,Dayni Moon,0x0011A500,0x0011A5FC,0x092542FC,0x0030BD90,.data,message_or_literal,>EDD?,WF-010
LEVEL_08,8,Dayni Moon,0x0011A500,0x0011A6D8,0x092543D8,0x0030BD90,.data,message_or_literal,>EDD?,WF-010
LEVEL_08,8,Dayni Moon,0x0011A500,0x0011A5D4,0x092542D4,0x0030BD94,.data,float32,3 / 0x40400000,WF-010
LEVEL_08,8,Dayni Moon,0x0011A500,0x0011A5EC,0x092542EC,0x0030BEF0,.data,float32,0.0199999996 / 0x3CA3D70A,WF-010
LEVEL_08,8,Dayni Moon,0x0011A500,0x0011A5FC,0x092542FC,0x0030BD90,.data,float32,0.76666671 / 0x3F444445,WF-010
LEVEL_08,8,Dayni Moon,0x0011A500,0x0011A7CC,0x092544CC,0x0030BD98,.data,float32,0.300000012 / 0x3E99999A,WF-010
LEVEL_08,8,Dayni Moon,0x0011A500,0x0011A80C,0x0925450C,0x0030BDA0,.data,float32,0.214570001 / 0x3E5BB83D,WF-010
LEVEL_08,8,Dayni Moon,0x0011A500,0x0011A874,0x09254574,0x0030BD9C,.data,float32,0.5 / 0x3F000000,WF-010
LEVEL_08,8,Dayni Moon,0x0012F220,0x0012F340,0x09269040,0x0030DD98,.data,float32,0.200000003 / 0x3E4CCCCD,WF-026
LEVEL_08,8,Dayni Moon,0x0012F220,0x0012F388,0x09269088,0x0030DDA0,.data,float32,0.150000006 / 0x3E19999A,WF-026
LEVEL_08,8,Dayni Moon,0x0012F220,0x0012F42C,0x0926912C,0x00309060,.data,float32,0 / 0x00000000,WF-026
LEVEL_08,8,Dayni Moon,0x0012F220,0x0012F56C,0x0926926C,0x0030DD9C,.data,float32,0.300000012 / 0x3E99999A,WF-026
LEVEL_08,8,Dayni Moon,0x0012F608,0x0012F728,0x09269428,0x0030DD98,.data,float32,0.200000003 / 0x3E4CCCCD,WF-025
LEVEL_08,8,Dayni Moon,0x0012F608,0x0012F784,0x09269484,0x0030DDA0,.data,float32,0.150000006 / 0x3E19999A,WF-025
LEVEL_08,8,Dayni Moon,0x0016D768,0x0016D824,0x092A7524,0x00314F68,.data,float32,0.100000001 / 0x3DCCCCCD,WF-041
LEVEL_08,8,Dayni Moon,0x0016D768,0x0016D840,0x092A7540,0x00314F60,.data,float32,0.5 / 0x3F000000,WF-041
LEVEL_08,8,Dayni Moon,0x0016D768,0x0016D858,0x092A7558,0x00314F64,.data,float32,7.75 / 0x40F80000,WF-041
LEVEL_08,8,Dayni Moon,0x00171748,0x00171798,0x092AB498,0x00315530,.data,float32,164.742004 / 0x4324BDF4,WF-038
LEVEL_08,8,Dayni Moon,0x00171748,0x001717D8,0x092AB4D8,0x00315748,.data,float32,0.174532935 / 0x3E32B8C3,WF-038
LEVEL_08,8,Dayni Moon,0x00171748,0x0017184C,0x092AB54C,0x00315728,.data,float32,0.0174532942 / 0x3C8EFA36,WF-038
LEVEL_08,8,Dayni Moon,0x00171748,0x00171880,0x092AB580,0x0031572C,.data,float32,0.0199999996 / 0x3CA3D70A,WF-038
LEVEL_08,8,Dayni Moon,0x00171748,0x001718F8,0x092AB5F8,0x00315744,.data,float32,13 / 0x41500000,WF-038
LEVEL_08,8,Dayni Moon,0x00171748,0x00171904,0x092AB604,0x00315738,.data,float32,0.0199999996 / 0x3CA3D70A,WF-038
LEVEL_08,8,Dayni Moon,0x00171748,0x00171AF8,0x092AB7F8,0x00315560,.data,float32,32 / 0x42000000,WF-038
LEVEL_08,8,Dayni Moon,0x00173114,0x00173284,0x092ACF84,0x00315648,.data,message_or_literal,pBfff?,WF-054
LEVEL_08,8,Dayni Moon,0x00173114,0x00173158,0x092ACE58,0x00315630,.data,float32,4 / 0x40800000,WF-054
LEVEL_08,8,Dayni Moon,0x00173114,0x0017316C,0x092ACE6C,0x00315634,.data,float32,0.0599999987 / 0x3D75C28F,WF-054
LEVEL_08,8,Dayni Moon,0x00173114,0x00173188,0x092ACE88,0x00315640,.data,float32,1.50000012 / 0x3FC00001,WF-054
LEVEL_08,8,Dayni Moon,0x00173114,0x001731D0,0x092ACED0,0x00315654,.data,float32,0.75 / 0x3F400000,WF-054
LEVEL_08,8,Dayni Moon,0x00173114,0x001731E8,0x092ACEE8,0x00315658,.data,float32,10 / 0x41200000,WF-054
LEVEL_08,8,Dayni Moon,0x00173114,0x00173238,0x092ACF38,0x00315644,.data,float32,60 / 0x42700000,WF-054
LEVEL_08,8,Dayni Moon,0x00173114,0x0017326C,0x092ACF6C,0x0031564C,.data,float32,0 / 0x00000000,WF-054
LEVEL_08,8,Dayni Moon,0x00173114,0x00173278,0x092ACF78,0x00315650,.data,float32,0.5 / 0x3F000000,WF-054
LEVEL_08,8,Dayni Moon,0x00173114,0x00173284,0x092ACF84,0x00315648,.data,float32,0.899999976 / 0x3F666666,WF-054
LEVEL_08,8,Dayni Moon,0x00173114,0x00173300,0x092AD000,0x0031565C,.data,float32,1 / 0x3F800000,WF-054
LEVEL_08,8,Dayni Moon,0x00173114,0x0017336C,0x092AD06C,0x0031566C,.data,float32,0.100000001 / 0x3DCCCCCD,WF-054
LEVEL_08,8,Dayni Moon,0x00173764,0x00173834,0x092AD534,0x00315684,.data,message_or_literal,>gff?,WF-040
LEVEL_08,8,Dayni Moon,0x00173764,0x001738C8,0x092AD5C8,0x00315684,.data,message_or_literal,>gff?,WF-040
LEVEL_08,8,Dayni Moon,0x00173764,0x00173908,0x092AD608,0x00315684,.data,message_or_literal,>gff?,WF-040
LEVEL_08,8,Dayni Moon,0x00173764,0x001737F8,0x092AD4F8,0x00315634,.data,float32,0.0599999987 / 0x3D75C28F,WF-040
LEVEL_08,8,Dayni Moon,0x00173764,0x00173834,0x092AD534,0x00315684,.data,float32,0.900000036 / 0x3F666667,WF-040
LEVEL_08,8,Dayni Moon,0x00173764,0x00173848,0x092AD548,0x00315610,.data,float32,27 / 0x41D80000,WF-040
LEVEL_08,8,Dayni Moon,0x00173764,0x00173878,0x092AD578,0x00315578,.data,float32,0.150000006 / 0x3E19999A,WF-040
LEVEL_08,8,Dayni Moon,0x00173764,0x001738BC,0x092AD5BC,0x00315698,.data,float32,30 / 0x41F00000,WF-040
LEVEL_08,8,Dayni Moon,0x00173764,0x001738D0,0x092AD5D0,0x0030EA30,.data,float32,0.166666672 / 0x3E2AAAAB,WF-040
LEVEL_08,8,Dayni Moon,0x00173764,0x00173920,0x092AD620,0x003156AC,.data,float32,0 / 0x00000000,WF-040
LEVEL_08,8,Dayni Moon,0x00173AD0,0x00173BE8,0x092AD8E8,0x00315578,.data,float32,0.150000006 / 0x3E19999A,WF-035
LEVEL_08,8,Dayni Moon,0x00173AD0,0x00173CE4,0x092AD9E4,0x003155B4,.data,float32,0.99000001 / 0x3F7D70A4,WF-035
LEVEL_08,8,Dayni Moon,0x00173AD0,0x00173D5C,0x092ADA5C,0x003155B8,.data,float32,2.5 / 0x40200000,WF-035
LEVEL_08,8,Dayni Moon,0x00173AD0,0x00173D64,0x092ADA64,0x003155BC,.data,float32,0.0199999996 / 0x3CA3D70A,WF-035
LEVEL_08,8,Dayni Moon,0x00173AD0,0x00173D84,0x092ADA84,0x003155CC,.data,float32,0.0399999991 / 0x3D23D70A,WF-035
LEVEL_08,8,Dayni Moon,0x00173AD0,0x00173E18,0x092ADB18,0x00315530,.data,float32,164.742004 / 0x4324BDF4,WF-035
LEVEL_08,8,Dayni Moon,0x00173AD0,0x00173E38,0x092ADB38,0x00315744,.data,float32,13 / 0x41500000,WF-035
LEVEL_08,8,Dayni Moon,0x00173AD0,0x00173ED4,0x092ADBD4,0x00315574,.data,float32,3 / 0x40400000,WF-035
LEVEL_08,8,Dayni Moon,0x00173AD0,0x00173F10,0x092ADC10,0x003155D8,.data,float32,0.970000029 / 0x3F7851EC,WF-035
LEVEL_08,8,Dayni Moon,0x00173AD0,0x0017410C,0x092ADE0C,0x003155E4,.data,float32,-5 / 0xC0A00000,WF-035
LEVEL_08,8,Dayni Moon,0x00173AD0,0x00174114,0x092ADE14,0x003155F0,.data,float32,5 / 0x40A00000,WF-035
LEVEL_08,8,Dayni Moon,0x0018C114,0x0018C560,0x092C6260,0x00317FDC,.data,float32,20 / 0x41A00000,WF-006
LEVEL_08,8,Dayni Moon,0x001C4DD8,0x001C4EF0,0x092FEBF0,0x0031C7C0,.data,message_or_literal,333?b,WF-012
LEVEL_08,8,Dayni Moon,0x001C4DD8,0x001C4EF0,0x092FEBF0,0x0031C7C0,.data,float32,0.0111111123 / 0x3C360B62,WF-012
LEVEL_09,9,Inside Clank,0x00027D78,0x00027DB4,0x09161AB4,0x0029A424,.data,float32,0.0333333351 / 0x3D088889,WF-014
LEVEL_09,9,Inside Clank,0x00027D78,0x00027DE8,0x09161AE8,0x0029A41C,.data,float32,0.150000006 / 0x3E19999A,WF-014
LEVEL_09,9,Inside Clank,0x00027D78,0x00027DFC,0x09161AFC,0x0029A420,.data,float32,1 / 0x3F800000,WF-014
LEVEL_09,9,Inside Clank,0x00046DB8,0x00046FE4,0x09180CE4,0x0029AE60,.data,float32,0.100000001 / 0x3DCCCCCD,WF-001
LEVEL_09,9,Inside Clank,0x00046DB8,0x00047170,0x09180E70,0x0029AE64,.data,float32,1.5 / 0x3FC00000,WF-001
LEVEL_09,9,Inside Clank,0x00046DB8,0x00047344,0x09181044,0x0029A630,.data,float32,0.0799999982 / 0x3DA3D70A,WF-001
LEVEL_09,9,Inside Clank,0x00046DB8,0x00047448,0x09181148,0x0029AE30,.data,float32,-0.00300000003 / 0xBB449BA6,WF-001
LEVEL_09,9,Inside Clank,0x0004AD58,0x0004AE60,0x09184B60,0x0029AECC,.data,float32,30.000597 / 0x41F00139,WF-003
LEVEL_09,9,Inside Clank,0x0004AD58,0x0004AFA4,0x09184CA4,0x0029AE8C,.data,float32,0.200000003 / 0x3E4CCCCD,WF-003
LEVEL_09,9,Inside Clank,0x0004AD58,0x0004AFAC,0x09184CAC,0x0029AE90,.data,float32,0.400000006 / 0x3ECCCCCD,WF-003
LEVEL_09,9,Inside Clank,0x0004AD58,0x0004AFBC,0x09184CBC,0x0029AE94,.data,float32,0.800000012 / 0x3F4CCCCD,WF-003
LEVEL_09,9,Inside Clank,0x0004AD58,0x0004B000,0x09184D00,0x0029AE98,.data,float32,0.100000001 / 0x3DCCCCCD,WF-003
LEVEL_09,9,Inside Clank,0x0004AD58,0x0004B008,0x09184D08,0x0029AE9C,.data,float32,0.200000003 / 0x3E4CCCCD,WF-003
LEVEL_09,9,Inside Clank,0x0004AD58,0x0004B01C,0x09184D1C,0x0029AEA0,.data,float32,0.400000006 / 0x3ECCCCCD,WF-003
LEVEL_09,9,Inside Clank,0x0004AD58,0x0004B2B0,0x09184FB0,0x0029AEA4,.data,float32,0.0500000007 / 0x3D4CCCCD,WF-003
LEVEL_09,9,Inside Clank,0x0004AD58,0x0004B474,0x09185174,0x0029AF64,.data,float32,0 / 0x00000000,WF-003
LEVEL_09,9,Inside Clank,0x0004AD58,0x0004B714,0x09185414,0x0029AEC0,.data,float32,1 / 0x3F800000,WF-003
LEVEL_09,9,Inside Clank,0x0004AD58,0x0004B73C,0x0918543C,0x0029AF20,.data,float32,0 / 0x00000000,WF-003
LEVEL_09,9,Inside Clank,0x0004AD58,0x0004BB6C,0x0918586C,0x0029AF4C,.data,float32,0.800000012 / 0x3F4CCCCD,WF-003
LEVEL_09,9,Inside Clank,0x0004AD58,0x0004BC3C,0x0918593C,0x0029AF24,.data,float32,0.75 / 0x3F400000,WF-003
LEVEL_09,9,Inside Clank,0x00053148,0x00053150,0x0918CE50,0x0029B2C0,.data,float32,0.400000006 / 0x3ECCCCCD,WF-004
LEVEL_09,9,Inside Clank,0x00053148,0x00053158,0x0918CE58,0x0029B2C4,.data,float32,0.300000012 / 0x3E99999A,WF-004
LEVEL_09,9,Inside Clank,0x00053148,0x00053164,0x0918CE64,0x0029B2C8,.data,float32,0.100000001 / 0x3DCCCCCD,WF-004
LEVEL_09,9,Inside Clank,0x00104CA0,0x00104CF8,0x0923E9F8,0x002B71DC,.data,float32,0.200000003 / 0x3E4CCCCD,WF-008
LEVEL_09,9,Inside Clank,0x00104CA0,0x00104DE4,0x0923EAE4,0x002B45A8,.data,float32,0 / 0x00000000,WF-008
LEVEL_09,9,Inside Clank,0x00104EBC,0x00104F78,0x0923EC78,0x002B71DC,.data,float32,0.200000003 / 0x3E4CCCCD,WF-009
LEVEL_09,9,Inside Clank,0x00104EBC,0x00105070,0x0923ED70,0x002B45A8,.data,float32,0 / 0x00000000,WF-009
LEVEL_09,9,Inside Clank,0x00104EBC,0x00105150,0x0923EE50,0x002B7088,.data,float32,60 / 0x42700000,WF-009
LEVEL_09,9,Inside Clank,0x00105184,0x001051DC,0x0923EEDC,0x002B7070,.data,message_or_literal,>EDD?,WF-007
LEVEL_09,9,Inside Clank,0x00105184,0x001051C0,0x0923EEC0,0x002B71D0,.data,float32,0.0199999996 / 0x3CA3D70A,WF-007
LEVEL_09,9,Inside Clank,0x00105184,0x001051DC,0x0923EEDC,0x002B7070,.data,float32,0.76666671 / 0x3F444445,WF-007
LEVEL_09,9,Inside Clank,0x00105184,0x0010524C,0x0923EF4C,0x002B71DC,.data,float32,0.200000003 / 0x3E4CCCCD,WF-007
LEVEL_09,9,Inside Clank,0x00105184,0x00105338,0x0923F038,0x002B45A8,.data,float32,0 / 0x00000000,WF-007
LEVEL_09,9,Inside Clank,0x00105184,0x001053A4,0x0923F0A4,0x002B7080,.data,float32,0.214570001 / 0x3E5BB83D,WF-007
LEVEL_09,9,Inside Clank,0x00105184,0x001053F8,0x0923F0F8,0x002B707C,.data,float32,0.5 / 0x3F000000,WF-007
LEVEL_09,9,Inside Clank,0x00107B50,0x00107C4C,0x0924194C,0x002B7070,.data,message_or_literal,>EDD?,WF-010
LEVEL_09,9,Inside Clank,0x00107B50,0x00107D28,0x09241A28,0x002B7070,.data,message_or_literal,>EDD?,WF-010
LEVEL_09,9,Inside Clank,0x00107B50,0x00107C24,0x09241924,0x002B7074,.data,float32,3 / 0x40400000,WF-010
LEVEL_09,9,Inside Clank,0x00107B50,0x00107C3C,0x0924193C,0x002B71D0,.data,float32,0.0199999996 / 0x3CA3D70A,WF-010
LEVEL_09,9,Inside Clank,0x00107B50,0x00107C4C,0x0924194C,0x002B7070,.data,float32,0.76666671 / 0x3F444445,WF-010
LEVEL_09,9,Inside Clank,0x00107B50,0x00107E1C,0x09241B1C,0x002B7078,.data,float32,0.300000012 / 0x3E99999A,WF-010
LEVEL_09,9,Inside Clank,0x00107B50,0x00107E5C,0x09241B5C,0x002B7080,.data,float32,0.214570001 / 0x3E5BB83D,WF-010
LEVEL_09,9,Inside Clank,0x00107B50,0x00107EC4,0x09241BC4,0x002B707C,.data,float32,0.5 / 0x3F000000,WF-010
LEVEL_09,9,Inside Clank,0x00139510,0x00139810,0x09273510,0x002BBF84,.data,float32,0.100000001 / 0x3DCCCCCD,WF-016
LEVEL_09,9,Inside Clank,0x00155F5C,0x001563A8,0x092900A8,0x002BF5EC,.data,float32,20 / 0x41A00000,WF-006
LEVEL_09,9,Inside Clank,0x001798FC,0x00179A14,0x092B3714,0x002C23A0,.data,message_or_literal,333?b,WF-012
LEVEL_09,9,Inside Clank,0x001798FC,0x00179A14,0x092B3714,0x002C23A0,.data,float32,0.0111111123 / 0x3C360B62,WF-012
LEVEL_10,10,Quadrona,0x00028ED8,0x00028F14,0x09162C14,0x002B7724,.data,float32,0.0333333351 / 0x3D088889,WF-014
LEVEL_10,10,Quadrona,0x00028ED8,0x00028F48,0x09162C48,0x002B771C,.data,float32,0.150000006 / 0x3E19999A,WF-014
LEVEL_10,10,Quadrona,0x00028ED8,0x00028F5C,0x09162C5C,0x002B7720,.data,float32,1 / 0x3F800000,WF-014
LEVEL_10,10,Quadrona,0x0002AA28,0x0002AB90,0x09164890,0x002B771C,.data,float32,0.150000006 / 0x3E19999A,WF-059
LEVEL_10,10,Quadrona,0x0002AA28,0x0002ACA8,0x091649A8,0x002B7714,.data,float32,0.200000003 / 0x3E4CCCCD,WF-059
LEVEL_10,10,Quadrona,0x00048E20,0x0004904C,0x09182D4C,0x002B8168,.data,float32,0.100000001 / 0x3DCCCCCD,WF-001
LEVEL_10,10,Quadrona,0x00048E20,0x000491D8,0x09182ED8,0x002B816C,.data,float32,1.5 / 0x3FC00000,WF-001
LEVEL_10,10,Quadrona,0x00048E20,0x000493AC,0x091830AC,0x002B7938,.data,float32,0.0799999982 / 0x3DA3D70A,WF-001
LEVEL_10,10,Quadrona,0x00048E20,0x000494B0,0x091831B0,0x002B8138,.data,float32,-0.00300000003 / 0xBB449BA6,WF-001
LEVEL_10,10,Quadrona,0x0004CDC0,0x0004CEC8,0x09186BC8,0x002B81D4,.data,float32,30.000597 / 0x41F00139,WF-003
LEVEL_10,10,Quadrona,0x0004CDC0,0x0004D00C,0x09186D0C,0x002B8194,.data,float32,0.200000003 / 0x3E4CCCCD,WF-003
LEVEL_10,10,Quadrona,0x0004CDC0,0x0004D014,0x09186D14,0x002B8198,.data,float32,0.400000006 / 0x3ECCCCCD,WF-003
LEVEL_10,10,Quadrona,0x0004CDC0,0x0004D024,0x09186D24,0x002B819C,.data,float32,0.800000012 / 0x3F4CCCCD,WF-003
LEVEL_10,10,Quadrona,0x0004CDC0,0x0004D068,0x09186D68,0x002B81A0,.data,float32,0.100000001 / 0x3DCCCCCD,WF-003
LEVEL_10,10,Quadrona,0x0004CDC0,0x0004D070,0x09186D70,0x002B81A4,.data,float32,0.200000003 / 0x3E4CCCCD,WF-003
LEVEL_10,10,Quadrona,0x0004CDC0,0x0004D084,0x09186D84,0x002B81A8,.data,float32,0.400000006 / 0x3ECCCCCD,WF-003
LEVEL_10,10,Quadrona,0x0004CDC0,0x0004D318,0x09187018,0x002B81AC,.data,float32,0.0500000007 / 0x3D4CCCCD,WF-003
LEVEL_10,10,Quadrona,0x0004CDC0,0x0004D4DC,0x091871DC,0x002B826C,.data,float32,0 / 0x00000000,WF-003
LEVEL_10,10,Quadrona,0x0004CDC0,0x0004D77C,0x0918747C,0x002B81C8,.data,float32,1 / 0x3F800000,WF-003
LEVEL_10,10,Quadrona,0x0004CDC0,0x0004D7A4,0x091874A4,0x002B8228,.data,float32,0 / 0x00000000,WF-003
LEVEL_10,10,Quadrona,0x0004CDC0,0x0004DBD4,0x091878D4,0x002B8254,.data,float32,0.800000012 / 0x3F4CCCCD,WF-003
LEVEL_10,10,Quadrona,0x0004CDC0,0x0004DCA4,0x091879A4,0x002B822C,.data,float32,0.75 / 0x3F400000,WF-003
LEVEL_10,10,Quadrona,0x00055218,0x00055220,0x0918EF20,0x002B85C8,.data,float32,0.400000006 / 0x3ECCCCCD,WF-004
LEVEL_10,10,Quadrona,0x00055218,0x00055228,0x0918EF28,0x002B85CC,.data,float32,0.300000012 / 0x3E99999A,WF-004
LEVEL_10,10,Quadrona,0x00055218,0x00055234,0x0918EF34,0x002B85D0,.data,float32,0.100000001 / 0x3DCCCCCD,WF-004
LEVEL_10,10,Quadrona,0x00109210,0x00109268,0x09242F68,0x002D45DC,.data,float32,0.200000003 / 0x3E4CCCCD,WF-008
LEVEL_10,10,Quadrona,0x00109210,0x00109354,0x09243054,0x002D18E0,.data,float32,0 / 0x00000000,WF-008
LEVEL_10,10,Quadrona,0x0010942C,0x001094E8,0x092431E8,0x002D45DC,.data,float32,0.200000003 / 0x3E4CCCCD,WF-009
LEVEL_10,10,Quadrona,0x0010942C,0x001095E0,0x092432E0,0x002D18E0,.data,float32,0 / 0x00000000,WF-009
LEVEL_10,10,Quadrona,0x0010942C,0x001096C0,0x092433C0,0x002D4488,.data,float32,60 / 0x42700000,WF-009
LEVEL_10,10,Quadrona,0x001096F4,0x0010974C,0x0924344C,0x002D4470,.data,message_or_literal,>EDD?,WF-007
LEVEL_10,10,Quadrona,0x001096F4,0x00109730,0x09243430,0x002D45D0,.data,float32,0.0199999996 / 0x3CA3D70A,WF-007
LEVEL_10,10,Quadrona,0x001096F4,0x0010974C,0x0924344C,0x002D4470,.data,float32,0.76666671 / 0x3F444445,WF-007
LEVEL_10,10,Quadrona,0x001096F4,0x001097BC,0x092434BC,0x002D45DC,.data,float32,0.200000003 / 0x3E4CCCCD,WF-007
LEVEL_10,10,Quadrona,0x001096F4,0x001098A8,0x092435A8,0x002D18E0,.data,float32,0 / 0x00000000,WF-007
LEVEL_10,10,Quadrona,0x001096F4,0x00109914,0x09243614,0x002D4480,.data,float32,0.214570001 / 0x3E5BB83D,WF-007
LEVEL_10,10,Quadrona,0x001096F4,0x00109968,0x09243668,0x002D447C,.data,float32,0.5 / 0x3F000000,WF-007
LEVEL_10,10,Quadrona,0x0010C0C0,0x0010C1BC,0x09245EBC,0x002D4470,.data,message_or_literal,>EDD?,WF-010
LEVEL_10,10,Quadrona,0x0010C0C0,0x0010C298,0x09245F98,0x002D4470,.data,message_or_literal,>EDD?,WF-010
LEVEL_10,10,Quadrona,0x0010C0C0,0x0010C194,0x09245E94,0x002D4474,.data,float32,3 / 0x40400000,WF-010
LEVEL_10,10,Quadrona,0x0010C0C0,0x0010C1AC,0x09245EAC,0x002D45D0,.data,float32,0.0199999996 / 0x3CA3D70A,WF-010
LEVEL_10,10,Quadrona,0x0010C0C0,0x0010C1BC,0x09245EBC,0x002D4470,.data,float32,0.76666671 / 0x3F444445,WF-010
LEVEL_10,10,Quadrona,0x0010C0C0,0x0010C38C,0x0924608C,0x002D4478,.data,float32,0.300000012 / 0x3E99999A,WF-010
LEVEL_10,10,Quadrona,0x0010C0C0,0x0010C3CC,0x092460CC,0x002D4480,.data,float32,0.214570001 / 0x3E5BB83D,WF-010
LEVEL_10,10,Quadrona,0x0010C0C0,0x0010C434,0x09246134,0x002D447C,.data,float32,0.5 / 0x3F000000,WF-010
LEVEL_10,10,Quadrona,0x00145B88,0x00145E88,0x0927FB88,0x002D9D2C,.data,float32,0.100000001 / 0x3DCCCCCD,WF-016
LEVEL_10,10,Quadrona,0x00167144,0x00167590,0x092A1290,0x002DD704,.data,float32,20 / 0x41A00000,WF-006
LEVEL_10,10,Quadrona,0x00193BB8,0x00193CD0,0x092CD9D0,0x002E0E48,.data,message_or_literal,333?b,WF-012
LEVEL_10,10,Quadrona,0x00193BB8,0x00193CD0,0x092CD9D0,0x002E0E48,.data,float32,0.0111111123 / 0x3C360B62,WF-012
LEVEL_15,15,Giant Clank — niveau 4,0x0003C964,0x0003CB90,0x09176890,0x0021B368,.data,float32,0.100000001 / 0x3DCCCCCD,WF-001
LEVEL_15,15,Giant Clank — niveau 4,0x0003C964,0x0003CD1C,0x09176A1C,0x0021B36C,.data,float32,1.5 / 0x3FC00000,WF-001
LEVEL_15,15,Giant Clank — niveau 4,0x0003C964,0x0003CEF0,0x09176BF0,0x0021AB98,.data,float32,0.0799999982 / 0x3DA3D70A,WF-001
LEVEL_15,15,Giant Clank — niveau 4,0x0003C964,0x0003CFF4,0x09176CF4,0x0021B338,.data,float32,-0.00300000003 / 0xBB449BA6,WF-001
LEVEL_15,15,Giant Clank — niveau 4,0x0004047C,0x00040584,0x0917A284,0x0021B3D4,.data,float32,30.000597 / 0x41F00139,WF-003
LEVEL_15,15,Giant Clank — niveau 4,0x0004047C,0x000406C8,0x0917A3C8,0x0021B394,.data,float32,0.200000003 / 0x3E4CCCCD,WF-003
LEVEL_15,15,Giant Clank — niveau 4,0x0004047C,0x000406D0,0x0917A3D0,0x0021B398,.data,float32,0.400000006 / 0x3ECCCCCD,WF-003
LEVEL_15,15,Giant Clank — niveau 4,0x0004047C,0x000406E0,0x0917A3E0,0x0021B39C,.data,float32,0.800000012 / 0x3F4CCCCD,WF-003
LEVEL_15,15,Giant Clank — niveau 4,0x0004047C,0x00040724,0x0917A424,0x0021B3A0,.data,float32,0.100000001 / 0x3DCCCCCD,WF-003
LEVEL_15,15,Giant Clank — niveau 4,0x0004047C,0x0004072C,0x0917A42C,0x0021B3A4,.data,float32,0.200000003 / 0x3E4CCCCD,WF-003
LEVEL_15,15,Giant Clank — niveau 4,0x0004047C,0x00040740,0x0917A440,0x0021B3A8,.data,float32,0.400000006 / 0x3ECCCCCD,WF-003
LEVEL_15,15,Giant Clank — niveau 4,0x0004047C,0x000409D4,0x0917A6D4,0x0021B3AC,.data,float32,0.0500000007 / 0x3D4CCCCD,WF-003
LEVEL_15,15,Giant Clank — niveau 4,0x0004047C,0x00040B98,0x0917A898,0x0021B46C,.data,float32,0 / 0x00000000,WF-003
LEVEL_15,15,Giant Clank — niveau 4,0x0004047C,0x00040E38,0x0917AB38,0x0021B3C8,.data,float32,1 / 0x3F800000,WF-003
LEVEL_15,15,Giant Clank — niveau 4,0x0004047C,0x00040E60,0x0917AB60,0x0021B428,.data,float32,0 / 0x00000000,WF-003
LEVEL_15,15,Giant Clank — niveau 4,0x0004047C,0x00041290,0x0917AF90,0x0021B454,.data,float32,0.800000012 / 0x3F4CCCCD,WF-003
LEVEL_15,15,Giant Clank — niveau 4,0x0004047C,0x00041360,0x0917B060,0x0021B42C,.data,float32,0.75 / 0x3F400000,WF-003
LEVEL_15,15,Giant Clank — niveau 4,0x000487BC,0x000487C4,0x091824C4,0x0021B7C8,.data,float32,0.400000006 / 0x3ECCCCCD,WF-004
LEVEL_15,15,Giant Clank — niveau 4,0x000487BC,0x000487CC,0x091824CC,0x0021B7CC,.data,float32,0.300000012 / 0x3E99999A,WF-004
LEVEL_15,15,Giant Clank — niveau 4,0x000487BC,0x000487D8,0x091824D8,0x0021B7D0,.data,float32,0.100000001 / 0x3DCCCCCD,WF-004
LEVEL_21,21,Giant Clank — niveau 7,0x0003C964,0x0003CB90,0x09176890,0x0021B368,.data,float32,0.100000001 / 0x3DCCCCCD,WF-001
LEVEL_21,21,Giant Clank — niveau 7,0x0003C964,0x0003CD1C,0x09176A1C,0x0021B36C,.data,float32,1.5 / 0x3FC00000,WF-001
LEVEL_21,21,Giant Clank — niveau 7,0x0003C964,0x0003CEF0,0x09176BF0,0x0021AB98,.data,float32,0.0799999982 / 0x3DA3D70A,WF-001
LEVEL_21,21,Giant Clank — niveau 7,0x0003C964,0x0003CFF4,0x09176CF4,0x0021B338,.data,float32,-0.00300000003 / 0xBB449BA6,WF-001
LEVEL_21,21,Giant Clank — niveau 7,0x0004047C,0x00040584,0x0917A284,0x0021B3D4,.data,float32,30.000597 / 0x41F00139,WF-003
LEVEL_21,21,Giant Clank — niveau 7,0x0004047C,0x000406C8,0x0917A3C8,0x0021B394,.data,float32,0.200000003 / 0x3E4CCCCD,WF-003
LEVEL_21,21,Giant Clank — niveau 7,0x0004047C,0x000406D0,0x0917A3D0,0x0021B398,.data,float32,0.400000006 / 0x3ECCCCCD,WF-003
LEVEL_21,21,Giant Clank — niveau 7,0x0004047C,0x000406E0,0x0917A3E0,0x0021B39C,.data,float32,0.800000012 / 0x3F4CCCCD,WF-003
LEVEL_21,21,Giant Clank — niveau 7,0x0004047C,0x00040724,0x0917A424,0x0021B3A0,.data,float32,0.100000001 / 0x3DCCCCCD,WF-003
LEVEL_21,21,Giant Clank — niveau 7,0x0004047C,0x0004072C,0x0917A42C,0x0021B3A4,.data,float32,0.200000003 / 0x3E4CCCCD,WF-003
LEVEL_21,21,Giant Clank — niveau 7,0x0004047C,0x00040740,0x0917A440,0x0021B3A8,.data,float32,0.400000006 / 0x3ECCCCCD,WF-003
LEVEL_21,21,Giant Clank — niveau 7,0x0004047C,0x000409D4,0x0917A6D4,0x0021B3AC,.data,float32,0.0500000007 / 0x3D4CCCCD,WF-003
LEVEL_21,21,Giant Clank — niveau 7,0x0004047C,0x00040B98,0x0917A898,0x0021B46C,.data,float32,0 / 0x00000000,WF-003
LEVEL_21,21,Giant Clank — niveau 7,0x0004047C,0x00040E38,0x0917AB38,0x0021B3C8,.data,float32,1 / 0x3F800000,WF-003
LEVEL_21,21,Giant Clank — niveau 7,0x0004047C,0x00040E60,0x0917AB60,0x0021B428,.data,float32,0 / 0x00000000,WF-003
LEVEL_21,21,Giant Clank — niveau 7,0x0004047C,0x00041290,0x0917AF90,0x0021B454,.data,float32,0.800000012 / 0x3F4CCCCD,WF-003
LEVEL_21,21,Giant Clank — niveau 7,0x0004047C,0x00041360,0x0917B060,0x0021B42C,.data,float32,0.75 / 0x3F400000,WF-003
LEVEL_21,21,Giant Clank — niveau 7,0x000487BC,0x000487C4,0x091824C4,0x0021B7C8,.data,float32,0.400000006 / 0x3ECCCCCD,WF-004
LEVEL_21,21,Giant Clank — niveau 7,0x000487BC,0x000487CC,0x091824CC,0x0021B7CC,.data,float32,0.300000012 / 0x3E99999A,WF-004
LEVEL_21,21,Giant Clank — niveau 7,0x000487BC,0x000487D8,0x091824D8,0x0021B7D0,.data,float32,0.100000001 / 0x3DCCCCCD,WF-004
LEVEL_22,22,Airboard — niveau 3,0x000407E8,0x00040A14,0x0917A714,0x00222098,.data,float32,0.100000001 / 0x3DCCCCCD,WF-001
LEVEL_22,22,Airboard — niveau 3,0x000407E8,0x00040BA0,0x0917A8A0,0x0022209C,.data,float32,1.5 / 0x3FC00000,WF-001
LEVEL_22,22,Airboard — niveau 3,0x000407E8,0x00040D74,0x0917AA74,0x00221868,.data,float32,0.0799999982 / 0x3DA3D70A,WF-001
LEVEL_22,22,Airboard — niveau 3,0x000407E8,0x00040E78,0x0917AB78,0x00222068,.data,float32,-0.00300000003 / 0xBB449BA6,WF-001
LEVEL_22,22,Airboard — niveau 3,0x00044300,0x00044408,0x0917E108,0x00222104,.data,float32,30.000597 / 0x41F00139,WF-003
LEVEL_22,22,Airboard — niveau 3,0x00044300,0x0004454C,0x0917E24C,0x002220C4,.data,float32,0.200000003 / 0x3E4CCCCD,WF-003
LEVEL_22,22,Airboard — niveau 3,0x00044300,0x00044554,0x0917E254,0x002220C8,.data,float32,0.400000006 / 0x3ECCCCCD,WF-003
LEVEL_22,22,Airboard — niveau 3,0x00044300,0x00044564,0x0917E264,0x002220CC,.data,float32,0.800000012 / 0x3F4CCCCD,WF-003
LEVEL_22,22,Airboard — niveau 3,0x00044300,0x000445A8,0x0917E2A8,0x002220D0,.data,float32,0.100000001 / 0x3DCCCCCD,WF-003
LEVEL_22,22,Airboard — niveau 3,0x00044300,0x000445B0,0x0917E2B0,0x002220D4,.data,float32,0.200000003 / 0x3E4CCCCD,WF-003
LEVEL_22,22,Airboard — niveau 3,0x00044300,0x000445C4,0x0917E2C4,0x002220D8,.data,float32,0.400000006 / 0x3ECCCCCD,WF-003
LEVEL_22,22,Airboard — niveau 3,0x00044300,0x00044858,0x0917E558,0x002220DC,.data,float32,0.0500000007 / 0x3D4CCCCD,WF-003
LEVEL_22,22,Airboard — niveau 3,0x00044300,0x00044A1C,0x0917E71C,0x0022219C,.data,float32,0 / 0x00000000,WF-003
LEVEL_22,22,Airboard — niveau 3,0x00044300,0x00044CBC,0x0917E9BC,0x002220F8,.data,float32,1 / 0x3F800000,WF-003
LEVEL_22,22,Airboard — niveau 3,0x00044300,0x00044CE4,0x0917E9E4,0x00222158,.data,float32,0 / 0x00000000,WF-003
LEVEL_22,22,Airboard — niveau 3,0x00044300,0x00045114,0x0917EE14,0x00222184,.data,float32,0.800000012 / 0x3F4CCCCD,WF-003
LEVEL_22,22,Airboard — niveau 3,0x00044300,0x000451E4,0x0917EEE4,0x0022215C,.data,float32,0.75 / 0x3F400000,WF-003
LEVEL_22,22,Airboard — niveau 3,0x0004CA58,0x0004CA60,0x09186760,0x002224F8,.data,float32,0.400000006 / 0x3ECCCCCD,WF-004
LEVEL_22,22,Airboard — niveau 3,0x0004CA58,0x0004CA68,0x09186768,0x002224FC,.data,float32,0.300000012 / 0x3E99999A,WF-004
LEVEL_22,22,Airboard — niveau 3,0x0004CA58,0x0004CA74,0x09186774,0x00222500,.data,float32,0.100000001 / 0x3DCCCCCD,WF-004
LEVEL_22,22,Airboard — niveau 3,0x00104614,0x00104A60,0x0923E760,0x002404B4,.data,float32,20 / 0x41A00000,WF-006
LEVEL_22,22,Airboard — niveau 3,0x00108F50,0x0010909C,0x09242D9C,0x0023B57C,.data,float32,0 / 0x00000000,WF-024
LEVEL_22,22,Airboard — niveau 3,0x00108F50,0x00109228,0x09242F28,0x002409B8,.data,float32,0.0888888985 / 0x3DB60B62,WF-024
LEVEL_22,22,Airboard — niveau 3,0x00108F50,0x00109240,0x09242F40,0x002409BC,.data,float32,0.0666666701 / 0x3D888889,WF-024
LEVEL_23,23,Airboard — niveau 6,0x0000FDBC,0x0000FF84,0x09149C84,0x0029D3A0,.data,float32,0 / 0x00000000,WF-015
LEVEL_23,23,Airboard — niveau 6,0x00043A2C,0x00043C58,0x0917D958,0x00283930,.data,float32,0.100000001 / 0x3DCCCCCD,WF-001
LEVEL_23,23,Airboard — niveau 6,0x00043A2C,0x00043DE4,0x0917DAE4,0x00283934,.data,float32,1.5 / 0x3FC00000,WF-001
LEVEL_23,23,Airboard — niveau 6,0x00043A2C,0x00043FB8,0x0917DCB8,0x00283100,.data,float32,0.0799999982 / 0x3DA3D70A,WF-001
LEVEL_23,23,Airboard — niveau 6,0x00043A2C,0x000440BC,0x0917DDBC,0x00283900,.data,float32,-0.00300000003 / 0xBB449BA6,WF-001
LEVEL_23,23,Airboard — niveau 6,0x00047544,0x0004764C,0x0918134C,0x0028399C,.data,float32,30.000597 / 0x41F00139,WF-003
LEVEL_23,23,Airboard — niveau 6,0x00047544,0x00047790,0x09181490,0x0028395C,.data,float32,0.200000003 / 0x3E4CCCCD,WF-003
LEVEL_23,23,Airboard — niveau 6,0x00047544,0x00047798,0x09181498,0x00283960,.data,float32,0.400000006 / 0x3ECCCCCD,WF-003
LEVEL_23,23,Airboard — niveau 6,0x00047544,0x000477A8,0x091814A8,0x00283964,.data,float32,0.800000012 / 0x3F4CCCCD,WF-003
LEVEL_23,23,Airboard — niveau 6,0x00047544,0x000477EC,0x091814EC,0x00283968,.data,float32,0.100000001 / 0x3DCCCCCD,WF-003
LEVEL_23,23,Airboard — niveau 6,0x00047544,0x000477F4,0x091814F4,0x0028396C,.data,float32,0.200000003 / 0x3E4CCCCD,WF-003
LEVEL_23,23,Airboard — niveau 6,0x00047544,0x00047808,0x09181508,0x00283970,.data,float32,0.400000006 / 0x3ECCCCCD,WF-003
LEVEL_23,23,Airboard — niveau 6,0x00047544,0x00047A9C,0x0918179C,0x00283974,.data,float32,0.0500000007 / 0x3D4CCCCD,WF-003
LEVEL_23,23,Airboard — niveau 6,0x00047544,0x00047C60,0x09181960,0x00283A34,.data,float32,0 / 0x00000000,WF-003
LEVEL_23,23,Airboard — niveau 6,0x00047544,0x00047F00,0x09181C00,0x00283990,.data,float32,1 / 0x3F800000,WF-003
LEVEL_23,23,Airboard — niveau 6,0x00047544,0x00047F28,0x09181C28,0x002839F0,.data,float32,0 / 0x00000000,WF-003
LEVEL_23,23,Airboard — niveau 6,0x00047544,0x00048358,0x09182058,0x00283A1C,.data,float32,0.800000012 / 0x3F4CCCCD,WF-003
LEVEL_23,23,Airboard — niveau 6,0x00047544,0x00048428,0x09182128,0x002839F4,.data,float32,0.75 / 0x3F400000,WF-003
LEVEL_23,23,Airboard — niveau 6,0x0004FD34,0x0004FD3C,0x09189A3C,0x00283D90,.data,float32,0.400000006 / 0x3ECCCCCD,WF-004
LEVEL_23,23,Airboard — niveau 6,0x0004FD34,0x0004FD44,0x09189A44,0x00283D94,.data,float32,0.300000012 / 0x3E99999A,WF-004
LEVEL_23,23,Airboard — niveau 6,0x0004FD34,0x0004FD50,0x09189A50,0x00283D98,.data,float32,0.100000001 / 0x3DCCCCCD,WF-004
LEVEL_23,23,Airboard — niveau 6,0x000FEC20,0x000FEC78,0x09238978,0x0029FECC,.data,float32,0.200000003 / 0x3E4CCCCD,WF-008
LEVEL_23,23,Airboard — niveau 6,0x000FEC20,0x000FED64,0x09238A64,0x0029D3A0,.data,float32,0 / 0x00000000,WF-008
LEVEL_23,23,Airboard — niveau 6,0x000FEE3C,0x000FEEF8,0x09238BF8,0x0029FECC,.data,float32,0.200000003 / 0x3E4CCCCD,WF-009
LEVEL_23,23,Airboard — niveau 6,0x000FEE3C,0x000FEFF0,0x09238CF0,0x0029D3A0,.data,float32,0 / 0x00000000,WF-009
LEVEL_23,23,Airboard — niveau 6,0x000FEE3C,0x000FF0D0,0x09238DD0,0x0029FD78,.data,float32,60 / 0x42700000,WF-009
LEVEL_23,23,Airboard — niveau 6,0x000FF104,0x000FF15C,0x09238E5C,0x0029FD60,.data,message_or_literal,>EDD?,WF-007
LEVEL_23,23,Airboard — niveau 6,0x000FF104,0x000FF140,0x09238E40,0x0029FEC0,.data,float32,0.0199999996 / 0x3CA3D70A,WF-007
LEVEL_23,23,Airboard — niveau 6,0x000FF104,0x000FF15C,0x09238E5C,0x0029FD60,.data,float32,0.76666671 / 0x3F444445,WF-007
LEVEL_23,23,Airboard — niveau 6,0x000FF104,0x000FF1CC,0x09238ECC,0x0029FECC,.data,float32,0.200000003 / 0x3E4CCCCD,WF-007
LEVEL_23,23,Airboard — niveau 6,0x000FF104,0x000FF2B8,0x09238FB8,0x0029D3A0,.data,float32,0 / 0x00000000,WF-007
LEVEL_23,23,Airboard — niveau 6,0x000FF104,0x000FF324,0x09239024,0x0029FD70,.data,float32,0.214570001 / 0x3E5BB83D,WF-007
LEVEL_23,23,Airboard — niveau 6,0x000FF104,0x000FF378,0x09239078,0x0029FD6C,.data,float32,0.5 / 0x3F000000,WF-007
LEVEL_23,23,Airboard — niveau 6,0x00101AD0,0x00101BCC,0x0923B8CC,0x0029FD60,.data,message_or_literal,>EDD?,WF-010
LEVEL_23,23,Airboard — niveau 6,0x00101AD0,0x00101CA8,0x0923B9A8,0x0029FD60,.data,message_or_literal,>EDD?,WF-010
LEVEL_23,23,Airboard — niveau 6,0x00101AD0,0x00101BA4,0x0923B8A4,0x0029FD64,.data,float32,3 / 0x40400000,WF-010
LEVEL_23,23,Airboard — niveau 6,0x00101AD0,0x00101BBC,0x0923B8BC,0x0029FEC0,.data,float32,0.0199999996 / 0x3CA3D70A,WF-010
LEVEL_23,23,Airboard — niveau 6,0x00101AD0,0x00101BCC,0x0923B8CC,0x0029FD60,.data,float32,0.76666671 / 0x3F444445,WF-010
LEVEL_23,23,Airboard — niveau 6,0x00101AD0,0x00101D9C,0x0923BA9C,0x0029FD68,.data,float32,0.300000012 / 0x3E99999A,WF-010
LEVEL_23,23,Airboard — niveau 6,0x00101AD0,0x00101DDC,0x0923BADC,0x0029FD70,.data,float32,0.214570001 / 0x3E5BB83D,WF-010
LEVEL_23,23,Airboard — niveau 6,0x00101AD0,0x00101E44,0x0923BB44,0x0029FD6C,.data,float32,0.5 / 0x3F000000,WF-010
LEVEL_23,23,Airboard — niveau 6,0x00144B4C,0x00144F98,0x0927EC98,0x002A62D4,.data,float32,20 / 0x41A00000,WF-006
LEVEL_23,23,Airboard — niveau 6,0x00156A68,0x00156BB4,0x092908B4,0x0029D374,.data,float32,0 / 0x00000000,WF-024
LEVEL_23,23,Airboard — niveau 6,0x00156A68,0x00156D40,0x09290A40,0x002A7730,.data,float32,0.0888888985 / 0x3DB60B62,WF-024
LEVEL_23,23,Airboard — niveau 6,0x00156A68,0x00156D58,0x09290A58,0x002A7734,.data,float32,0.0666666701 / 0x3D888889,WF-024
LEVEL_23,23,Airboard — niveau 6,0x00164AF4,0x00164C0C,0x0929E90C,0x002A8598,.data,message_or_literal,333?b,WF-012
LEVEL_23,23,Airboard — niveau 6,0x00164AF4,0x00164C0C,0x0929E90C,0x002A8598,.data,float32,0.0111111123 / 0x3C360B62,WF-012
LEVEL_24,24,HIG Treehouse,0x0000FCD0,0x0000FE98,0x09149B98,0x00299B10,.data,float32,0 / 0x00000000,WF-015
LEVEL_24,24,HIG Treehouse,0x00043838,0x00043A64,0x0917D764,0x00280130,.data,float32,0.100000001 / 0x3DCCCCCD,WF-001
LEVEL_24,24,HIG Treehouse,0x00043838,0x00043BF0,0x0917D8F0,0x00280134,.data,float32,1.5 / 0x3FC00000,WF-001
LEVEL_24,24,HIG Treehouse,0x00043838,0x00043DC4,0x0917DAC4,0x0027F900,.data,float32,0.0799999982 / 0x3DA3D70A,WF-001
LEVEL_24,24,HIG Treehouse,0x00043838,0x00043EC8,0x0917DBC8,0x00280100,.data,float32,-0.00300000003 / 0xBB449BA6,WF-001
LEVEL_24,24,HIG Treehouse,0x000477D8,0x000478E0,0x091815E0,0x0028019C,.data,float32,30.000597 / 0x41F00139,WF-003
LEVEL_24,24,HIG Treehouse,0x000477D8,0x00047A24,0x09181724,0x0028015C,.data,float32,0.200000003 / 0x3E4CCCCD,WF-003
LEVEL_24,24,HIG Treehouse,0x000477D8,0x00047A2C,0x0918172C,0x00280160,.data,float32,0.400000006 / 0x3ECCCCCD,WF-003
LEVEL_24,24,HIG Treehouse,0x000477D8,0x00047A3C,0x0918173C,0x00280164,.data,float32,0.800000012 / 0x3F4CCCCD,WF-003
LEVEL_24,24,HIG Treehouse,0x000477D8,0x00047A80,0x09181780,0x00280168,.data,float32,0.100000001 / 0x3DCCCCCD,WF-003
LEVEL_24,24,HIG Treehouse,0x000477D8,0x00047A88,0x09181788,0x0028016C,.data,float32,0.200000003 / 0x3E4CCCCD,WF-003
LEVEL_24,24,HIG Treehouse,0x000477D8,0x00047A9C,0x0918179C,0x00280170,.data,float32,0.400000006 / 0x3ECCCCCD,WF-003
LEVEL_24,24,HIG Treehouse,0x000477D8,0x00047D30,0x09181A30,0x00280174,.data,float32,0.0500000007 / 0x3D4CCCCD,WF-003
LEVEL_24,24,HIG Treehouse,0x000477D8,0x00047EF4,0x09181BF4,0x00280234,.data,float32,0 / 0x00000000,WF-003
LEVEL_24,24,HIG Treehouse,0x000477D8,0x00048194,0x09181E94,0x00280190,.data,float32,1 / 0x3F800000,WF-003
LEVEL_24,24,HIG Treehouse,0x000477D8,0x000481BC,0x09181EBC,0x002801F0,.data,float32,0 / 0x00000000,WF-003
LEVEL_24,24,HIG Treehouse,0x000477D8,0x000485EC,0x091822EC,0x0028021C,.data,float32,0.800000012 / 0x3F4CCCCD,WF-003
LEVEL_24,24,HIG Treehouse,0x000477D8,0x000486BC,0x091823BC,0x002801F4,.data,float32,0.75 / 0x3F400000,WF-003
LEVEL_24,24,HIG Treehouse,0x0004FBC8,0x0004FBD0,0x091898D0,0x00280590,.data,float32,0.400000006 / 0x3ECCCCCD,WF-004
LEVEL_24,24,HIG Treehouse,0x0004FBC8,0x0004FBD8,0x091898D8,0x00280594,.data,float32,0.300000012 / 0x3E99999A,WF-004
LEVEL_24,24,HIG Treehouse,0x0004FBC8,0x0004FBE4,0x091898E4,0x00280598,.data,float32,0.100000001 / 0x3DCCCCCD,WF-004
LEVEL_24,24,HIG Treehouse,0x0010150C,0x00101564,0x0923B264,0x0029C6C4,.data,float32,0.200000003 / 0x3E4CCCCD,WF-008
LEVEL_24,24,HIG Treehouse,0x0010150C,0x00101650,0x0923B350,0x00299B10,.data,float32,0 / 0x00000000,WF-008
LEVEL_24,24,HIG Treehouse,0x00101728,0x001017E4,0x0923B4E4,0x0029C6C4,.data,float32,0.200000003 / 0x3E4CCCCD,WF-009
LEVEL_24,24,HIG Treehouse,0x00101728,0x001018DC,0x0923B5DC,0x00299B10,.data,float32,0 / 0x00000000,WF-009
LEVEL_24,24,HIG Treehouse,0x00101728,0x001019BC,0x0923B6BC,0x0029C570,.data,float32,60 / 0x42700000,WF-009
LEVEL_24,24,HIG Treehouse,0x001019F0,0x00101A48,0x0923B748,0x0029C558,.data,message_or_literal,>EDD?,WF-007
LEVEL_24,24,HIG Treehouse,0x001019F0,0x00101A2C,0x0923B72C,0x0029C6B8,.data,float32,0.0199999996 / 0x3CA3D70A,WF-007
LEVEL_24,24,HIG Treehouse,0x001019F0,0x00101A48,0x0923B748,0x0029C558,.data,float32,0.76666671 / 0x3F444445,WF-007
LEVEL_24,24,HIG Treehouse,0x001019F0,0x00101AB8,0x0923B7B8,0x0029C6C4,.data,float32,0.200000003 / 0x3E4CCCCD,WF-007
LEVEL_24,24,HIG Treehouse,0x001019F0,0x00101BA4,0x0923B8A4,0x00299B10,.data,float32,0 / 0x00000000,WF-007
LEVEL_24,24,HIG Treehouse,0x001019F0,0x00101C10,0x0923B910,0x0029C568,.data,float32,0.214570001 / 0x3E5BB83D,WF-007
LEVEL_24,24,HIG Treehouse,0x001019F0,0x00101C64,0x0923B964,0x0029C564,.data,float32,0.5 / 0x3F000000,WF-007
LEVEL_24,24,HIG Treehouse,0x001043BC,0x001044B8,0x0923E1B8,0x0029C558,.data,message_or_literal,>EDD?,WF-010
LEVEL_24,24,HIG Treehouse,0x001043BC,0x00104594,0x0923E294,0x0029C558,.data,message_or_literal,>EDD?,WF-010
LEVEL_24,24,HIG Treehouse,0x001043BC,0x00104490,0x0923E190,0x0029C55C,.data,float32,3 / 0x40400000,WF-010
LEVEL_24,24,HIG Treehouse,0x001043BC,0x001044A8,0x0923E1A8,0x0029C6B8,.data,float32,0.0199999996 / 0x3CA3D70A,WF-010
LEVEL_24,24,HIG Treehouse,0x001043BC,0x001044B8,0x0923E1B8,0x0029C558,.data,float32,0.76666671 / 0x3F444445,WF-010
LEVEL_24,24,HIG Treehouse,0x001043BC,0x00104688,0x0923E388,0x0029C560,.data,float32,0.300000012 / 0x3E99999A,WF-010
LEVEL_24,24,HIG Treehouse,0x001043BC,0x001046C8,0x0923E3C8,0x0029C568,.data,float32,0.214570001 / 0x3E5BB83D,WF-010
LEVEL_24,24,HIG Treehouse,0x001043BC,0x00104730,0x0923E430,0x0029C564,.data,float32,0.5 / 0x3F000000,WF-010
LEVEL_24,24,HIG Treehouse,0x001430E0,0x0014352C,0x0927D22C,0x002A2A94,.data,float32,20 / 0x41A00000,WF-006
LEVEL_24,24,HIG Treehouse,0x00162798,0x001628B0,0x0929C5B0,0x002A5238,.data,message_or_literal,333?b,WF-012
LEVEL_24,24,HIG Treehouse,0x00162798,0x001628B0,0x0929C5B0,0x002A5238,.data,float32,0.0111111123 / 0x3C360B62,WF-012
