owner_signature_sha256,module_key,module_index,level,owner_rva,owner_runtime,owner_call_ordinal,callsite_rva,callsite_runtime,mips_ra_runtime,wrapper_entry_runtime,wrapper_one_pass_runtime,file_offset,instruction_context,profiler_default_policy,family_id
0de1954f42fe210579d79a0be5f187d13dfc24a29256ecfea2cd306b3a6c1546,LEVEL_01,1,Pokitaru,0x0000E4F4,0x091481F4,1,0x0000E528,0x09148228,0x09148230,0x0914805C,0x09147F90,0x0000E59C," 0x09148220 C60D0000 lwc1 $f13, 0($s0) |  0x09148224 C60E0004 lwc1 $f14, 4($s0) | >0x09148228 0C0038D7 jal 0x0914805C |  0x0914822C C60F0008 lwc1 $f15, 8($s0) |  0x09148230 26640004 addiu $a0, $s3, 4 |  0x09148234 C62C0004 lwc1 $f12, 4($s1)",VANILLA,WF-005
0de1954f42fe210579d79a0be5f187d13dfc24a29256ecfea2cd306b3a6c1546,LEVEL_01,1,Pokitaru,0x0000E4F4,0x091481F4,2,0x0000E544,0x09148244,0x0914824C,0x0914805C,0x09147F90,0x0000E5B8," 0x0914823C C60D0000 lwc1 $f13, 0($s0) |  0x09148240 C60E0004 lwc1 $f14, 4($s0) | >0x09148244 0C0038D7 jal 0x0914805C |  0x09148248 C60F0008 lwc1 $f15, 8($s0) |  0x0914824C 26640008 addiu $a0, $s3, 8 |  0x09148250 C62C0008 lwc1 $f12, 8($s1)",VANILLA,WF-005
0de1954f42fe210579d79a0be5f187d13dfc24a29256ecfea2cd306b3a6c1546,LEVEL_01,1,Pokitaru,0x0000E4F4,0x091481F4,3,0x0000E560,0x09148260,0x09148268,0x0914805C,0x09147F90,0x0000E5D4," 0x09148258 C60D0000 lwc1 $f13, 0($s0) |  0x0914825C C60E0004 lwc1 $f14, 4($s0) | >0x09148260 0C0038D7 jal 0x0914805C |  0x09148264 C60F0008 lwc1 $f15, 8($s0) |  0x09148268 8FB00020 lw $s0, 32($sp) |  0x0914826C 8FB10024 lw $s1, 36($sp)",VANILLA,WF-005
79a53dd581d4d0841d3dba3fd01f10e49941c5aef283405a13b839bf117a9831,LEVEL_01,1,Pokitaru,0x0000E768,0x09148468,1,0x0000E7A4,0x091484A4,0x091484AC,0x0914805C,0x09147F90,0x0000E818," 0x0914849C C62D0000 lwc1 $f13, 0($s1) |  0x091484A0 C62E0004 lwc1 $f14, 4($s1) | >0x091484A4 0C0038D7 jal 0x0914805C |  0x091484A8 C62F0008 lwc1 $f15, 8($s1) |  0x091484AC 4480A000 .word 0x4480A000 |  0x091484B0 E6140024 swc1 $f20, 36($s0)",VANILLA,WF-013
79a53dd581d4d0841d3dba3fd01f10e49941c5aef283405a13b839bf117a9831,LEVEL_01,1,Pokitaru,0x0000E768,0x09148468,2,0x0000E7C8,0x091484C8,0x091484D0,0x0914805C,0x09147F90,0x0000E83C," 0x091484C0 C62E0004 lwc1 $f14, 4($s1) |  0x091484C4 C62F0008 lwc1 $f15, 8($s1) | >0x091484C8 0C0038D7 jal 0x0914805C |  0x091484CC 02602825 .word 0x02602825 |  0x091484D0 C60D0020 lwc1 $f13, 32($s0) |  0x091484D4 460D6B02 .word 0x460D6B02",VANILLA,WF-013
80d909ccea185b2b92de4eaeda906b378de28efe8a0015d6d7c6ef3382388145,LEVEL_01,1,Pokitaru,0x00010B44,0x0914A844,1,0x00010DE0,0x0914AAE0,0x0914AAE8,0x0914805C,0x09147F90,0x00010E54," 0x0914AAD8 02602025 .word 0x02602025 |  0x0914AADC 4600B306 .word 0x4600B306 | >0x0914AAE0 0C0038D7 jal 0x0914805C |  0x0914AAE4 02802825 .word 0x02802825 |  0x0914AAE8 26040010 addiu $a0, $s0, 16 |  0x0914AAEC C66C0000 lwc1 $f12, 0($s3)",VANILLA,WF-015
04dfbfd0e8658f0836f0e5363b70ea615481b1beeaceecab7571875f452a1101,LEVEL_01,1,Pokitaru,0x00028E9C,0x09162B9C,1,0x00028F88,0x09162C88,0x09162C90,0x0914805C,0x09147F90,0x00028FFC," 0x09162C80 C60E0004 lwc1 $f14, 4($s0) |  0x09162C84 C60F0008 lwc1 $f15, 8($s0) | >0x09162C88 0C0038D7 jal 0x0914805C |  0x09162C8C 46106300 .word 0x46106300 |  0x09162C90 10000008 beq $zero, $zero, 0x09162CB4 |  0x09162C94 00000000 nop",VANILLA,WF-014
04dfbfd0e8658f0836f0e5363b70ea615481b1beeaceecab7571875f452a1101,LEVEL_01,1,Pokitaru,0x00028E9C,0x09162B9C,2,0x00028FAC,0x09162CAC,0x09162CB4,0x0914805C,0x09147F90,0x00029020," 0x09162CA4 C60F0008 lwc1 $f15, 8($s0) |  0x09162CA8 02402025 .word 0x02402025 | >0x09162CAC 0C0038D7 jal 0x0914805C |  0x09162CB0 02202825 .word 0x02202825 |  0x09162CB4 10000008 beq $zero, $zero, 0x09162CD8 |  0x09162CB8 00000000 nop",VANILLA,WF-014
04dfbfd0e8658f0836f0e5363b70ea615481b1beeaceecab7571875f452a1101,LEVEL_01,1,Pokitaru,0x00028E9C,0x09162B9C,3,0x00028FD0,0x09162CD0,0x09162CD8,0x0914805C,0x09147F90,0x00029044," 0x09162CC8 C60F0008 lwc1 $f15, 8($s0) |  0x09162CCC 02402025 .word 0x02402025 | >0x09162CD0 0C0038D7 jal 0x0914805C |  0x09162CD4 02202825 .word 0x02202825 |  0x09162CD8 C7B40020 lwc1 $f20, 32($sp) |  0x09162CDC 8FB00024 lw $s0, 36($sp)",VANILLA,WF-014
35d0f36a26b74dad46db02b1ada278665ea20e7bd849ac85d72c8646adb2672f,LEVEL_01,1,Pokitaru,0x000295B4,0x091632B4,1,0x000295F0,0x091632F0,0x091632F8,0x0914805C,0x09147F90,0x00029664," 0x091632E8 26650020 addiu $a1, $s3, 32 |  0x091632EC AFBF0030 sw $ra, 48($sp) | >0x091632F0 0C0038D7 jal 0x0914805C |  0x091632F4 C4CF0008 lwc1 $f15, 8($a2) |  0x091632F8 C66C001C lwc1 $f12, 28($s3) |  0x091632FC 02602025 .word 0x02602025",VANILLA,WF-021
99ba6f21bd2768eaf20675803240b2d25011eaf50751c8660e6d6c0e7df0b24e,LEVEL_01,1,Pokitaru,0x0002BE30,0x09165B30,1,0x0002BF20,0x09165C20,0x09165C28,0x0914805C,0x09147F90,0x0002BF94," 0x09165C18 C60E0004 lwc1 $f14, 4($s0) |  0x09165C1C C60F0008 lwc1 $f15, 8($s0) | >0x09165C20 0C0038D7 jal 0x0914805C |  0x09165C24 46106300 .word 0x46106300 |  0x09165C28 10000008 beq $zero, $zero, 0x09165C4C |  0x09165C2C 00000000 nop",VANILLA,WF-017
99ba6f21bd2768eaf20675803240b2d25011eaf50751c8660e6d6c0e7df0b24e,LEVEL_01,1,Pokitaru,0x0002BE30,0x09165B30,2,0x0002BF44,0x09165C44,0x09165C4C,0x0914805C,0x09147F90,0x0002BFB8," 0x09165C3C 26440020 addiu $a0, $s2, 32 |  0x09165C40 26450024 addiu $a1, $s2, 36 | >0x09165C44 0C0038D7 jal 0x0914805C |  0x09165C48 C60F0008 lwc1 $f15, 8($s0) |  0x09165C4C 10000009 beq $zero, $zero, 0x09165C74 |  0x09165C50 C62C0020 lwc1 $f12, 32($s1)",VANILLA,WF-017
99ba6f21bd2768eaf20675803240b2d25011eaf50751c8660e6d6c0e7df0b24e,LEVEL_01,1,Pokitaru,0x0002BE30,0x09165B30,3,0x0002BF68,0x09165C68,0x09165C70,0x0914805C,0x09147F90,0x0002BFDC," 0x09165C60 26440020 addiu $a0, $s2, 32 |  0x09165C64 26450024 addiu $a1, $s2, 36 | >0x09165C68 0C0038D7 jal 0x0914805C |  0x09165C6C C60F0008 lwc1 $f15, 8($s0) |  0x09165C70 C62C0020 lwc1 $f12, 32($s1) |  0x09165C74 C62D0024 lwc1 $f13, 36($s1)",VANILLA,WF-017
24a2ff0a1557a72e167a4c96b6f9c801d44d4cba5af921ba5669a4084a8edf49,LEVEL_01,1,Pokitaru,0x0004A158,0x09183E58,1,0x0004A3B8,0x091840B8,0x091840C0,0x0914805C,0x09147F90,0x0004A42C," 0x091840B0 26040248 addiu $a0, $s0, 584 |  0x091840B4 26050250 addiu $a1, $s0, 592 | >0x091840B8 0C0038D7 jal 0x0914805C |  0x091840BC C60F025C lwc1 $f15, 604($s0) |  0x091840C0 C60D0248 lwc1 $f13, 584($s0) |  0x091840C4 E7B60048 swc1 $f22, 72($sp)",VANILLA,WF-002
2f3e3c8d94815007925ad67e5ba4c86300ecf57cf262105869a43d99ee6ad1fb,LEVEL_01,1,Pokitaru,0x0004A4F0,0x091841F0,1,0x0004AA94,0x09184794,0x0918479C,0x0914805C,0x09147F90,0x0004AB08," 0x0918478C 26040230 addiu $a0, $s0, 560 |  0x09184790 26050238 addiu $a1, $s0, 568 | >0x09184794 0C0038D7 jal 0x0914805C |  0x09184798 C60F0244 lwc1 $f15, 580($s0) |  0x0918479C 1000000C beq $zero, $zero, 0x091847D0 |  0x091847A0 00000000 nop",VANILLA,WF-001
2f3e3c8d94815007925ad67e5ba4c86300ecf57cf262105869a43d99ee6ad1fb,LEVEL_01,1,Pokitaru,0x0004A4F0,0x091841F0,2,0x0004AAC8,0x091847C8,0x091847D0,0x0914805C,0x09147F90,0x0004AB3C," 0x091847C0 26050238 addiu $a1, $s0, 568 |  0x091847C4 C60E0240 lwc1 $f14, 576($s0) | >0x091847C8 0C0038D7 jal 0x0914805C |  0x091847CC C60F0244 lwc1 $f15, 580($s0) |  0x091847D0 C60C0230 lwc1 $f12, 560($s0) |  0x091847D4 260501F4 addiu $a1, $s0, 500",VANILLA,WF-001
2f3e3c8d94815007925ad67e5ba4c86300ecf57cf262105869a43d99ee6ad1fb,LEVEL_01,1,Pokitaru,0x0004A4F0,0x091841F0,3,0x0004AC44,0x09184944,0x0918494C,0x0914805C,0x09147F90,0x0004ACB8," 0x0918493C 26050238 addiu $a1, $s0, 568 |  0x09184940 C60E0240 lwc1 $f14, 576($s0) | >0x09184944 0C0038D7 jal 0x0914805C |  0x09184948 C60F0244 lwc1 $f15, 580($s0) |  0x0918494C C60C0230 lwc1 $f12, 560($s0) |  0x09184950 260501F4 addiu $a1, $s0, 500",VANILLA,WF-001
a0c9f2348b17b34ae20cd986946e9986592765755ff8bc44e8d82a6df56c3b27,LEVEL_01,1,Pokitaru,0x0004E008,0x09187D08,1,0x0004E8E4,0x091885E4,0x091885EC,0x0914805C,0x09147F90,0x0004E958," 0x091885DC 26040230 addiu $a0, $s0, 560 |  0x091885E0 26050238 addiu $a1, $s0, 568 | >0x091885E4 0C0038D7 jal 0x0914805C |  0x091885E8 C60F0244 lwc1 $f15, 580($s0) |  0x091885EC C60C0230 lwc1 $f12, 560($s0) |  0x091885F0 26050204 addiu $a1, $s0, 516",VANILLA,WF-003
a50a4422a2a0366826d4c2c0aae73049d3e6d44c93e876dda92de2c52118f000,LEVEL_01,1,Pokitaru,0x00056348,0x09190048,1,0x000563A8,0x091900A8,0x091900B0,0x0914805C,0x09147F90,0x0005641C," 0x091900A0 26050238 addiu $a1, $s0, 568 |  0x091900A4 C60E0240 lwc1 $f14, 576($s0) | >0x091900A8 0C0038D7 jal 0x0914805C |  0x091900AC C60F0244 lwc1 $f15, 580($s0) |  0x091900B0 3C110009 lui $s1, 0x0009 |  0x091900B4 2631FE20 addiu $s1, $s1, -480",VANILLA,WF-004
8a86ad12960405935ae334206b60801183e4e8e77418955f63d6f096a15c82de,LEVEL_01,1,Pokitaru,0x0010AFB4,0x09244CB4,1,0x0010B01C,0x09244D1C,0x09244D24,0x0914805C,0x09147F90,0x0010B090," 0x09244D14 26240020 addiu $a0, $s1, 32 |  0x09244D18 26050018 addiu $a1, $s0, 24 | >0x09244D1C 0C0038D7 jal 0x0914805C |  0x09244D20 C68F0008 lwc1 $f15, 8($s4) |  0x09244D24 E6340024 swc1 $f20, 36($s1) |  0x09244D28 C64C0028 lwc1 $f12, 40($s2)",VANILLA,WF-008
8a86ad12960405935ae334206b60801183e4e8e77418955f63d6f096a15c82de,LEVEL_01,1,Pokitaru,0x0010AFB4,0x09244CB4,2,0x0010B03C,0x09244D3C,0x09244D44,0x0914805C,0x09147F90,0x0010B0B0," 0x09244D34 26240028 addiu $a0, $s1, 40 |  0x09244D38 2605001C addiu $a1, $s0, 28 | >0x09244D3C 0C0038D7 jal 0x0914805C |  0x09244D40 C68F0008 lwc1 $f15, 8($s4) |  0x09244D44 C62D0020 lwc1 $f13, 32($s1) |  0x09244D48 C62C0028 lwc1 $f12, 40($s1)",VANILLA,WF-008
968668ccd5198515cf25c2815fcfb186538f5bdd3b910ae8321fe3dde32303e0,LEVEL_01,1,Pokitaru,0x0010B1D0,0x09244ED0,1,0x0010B29C,0x09244F9C,0x09244FA4,0x0914805C,0x09147F90,0x0010B310," 0x09244F94 26240020 addiu $a0, $s1, 32 |  0x09244F98 26050018 addiu $a1, $s0, 24 | >0x09244F9C 0C0038D7 jal 0x0914805C |  0x09244FA0 C68F0008 lwc1 $f15, 8($s4) |  0x09244FA4 E6340024 swc1 $f20, 36($s1) |  0x09244FA8 C7AC002C lwc1 $f12, 44($sp)",VANILLA,WF-009
968668ccd5198515cf25c2815fcfb186538f5bdd3b910ae8321fe3dde32303e0,LEVEL_01,1,Pokitaru,0x0010B1D0,0x09244ED0,2,0x0010B2BC,0x09244FBC,0x09244FC4,0x0914805C,0x09147F90,0x0010B330," 0x09244FB4 26240028 addiu $a0, $s1, 40 |  0x09244FB8 2605001C addiu $a1, $s0, 28 | >0x09244FBC 0C0038D7 jal 0x0914805C |  0x09244FC0 C68F0008 lwc1 $f15, 8($s4) |  0x09244FC4 C62D0020 lwc1 $f13, 32($s1) |  0x09244FC8 C62C0028 lwc1 $f12, 40($s1)",VANILLA,WF-009
b07e66b93323e492431512dbd5e2654d2c18c232cad02595682cefe1704d88b8,LEVEL_01,1,Pokitaru,0x0010B498,0x09245198,1,0x0010B4EC,0x092451EC,0x092451F4,0x0914805C,0x09147F90,0x0010B560," 0x092451E4 2604002C addiu $a0, $s0, 44 |  0x092451E8 26050030 addiu $a1, $s0, 48 | >0x092451EC 0C0038D7 jal 0x0914805C |  0x092451F0 C4CCCEB0 lwc1 $f12, -12624($a2) |  0x092451F4 C7B0002C lwc1 $f16, 44($sp) |  0x092451F8 C60F002C lwc1 $f15, 44($s0)",VANILLA,WF-007
b07e66b93323e492431512dbd5e2654d2c18c232cad02595682cefe1704d88b8,LEVEL_01,1,Pokitaru,0x0010B498,0x09245198,2,0x0010B56C,0x0924526C,0x09245274,0x0914805C,0x09147F90,0x0010B5E0," 0x09245264 46008306 .word 0x46008306 |  0x09245268 C6AE0004 lwc1 $f14, 4($s5) | >0x0924526C 0C0038D7 jal 0x0914805C |  0x09245270 C6AF0008 lwc1 $f15, 8($s5) |  0x09245274 44806000 .word 0x44806000 |  0x09245278 C7AD0028 lwc1 $f13, 40($sp)",VANILLA,WF-007
b07e66b93323e492431512dbd5e2654d2c18c232cad02595682cefe1704d88b8,LEVEL_01,1,Pokitaru,0x0010B498,0x09245198,3,0x0010B594,0x09245294,0x0924529C,0x0914805C,0x09147F90,0x0010B608," 0x0924528C C6AE0004 lwc1 $f14, 4($s5) |  0x09245290 2605001C addiu $a1, $s0, 28 | >0x09245294 0C0038D7 jal 0x0914805C |  0x09245298 C6AF0008 lwc1 $f15, 8($s5) |  0x0924529C C62C0020 lwc1 $f12, 32($s1) |  0x092452A0 C62F0028 lwc1 $f15, 40($s1)",VANILLA,WF-007
b17654bd924dce7abe0f266c545c41586d38f478330125bbd1dd2d5edeb62a1b,LEVEL_01,1,Pokitaru,0x0010DE64,0x09247B64,1,0x0010DF78,0x09247C78,0x09247C80,0x0914805C,0x09147F90,0x0010DFEC," 0x09247C70 2624002C addiu $a0, $s1, 44 |  0x09247C74 26250030 addiu $a1, $s1, 48 | >0x09247C78 0C0038D7 jal 0x0914805C |  0x09247C7C 46106302 .word 0x46106302 |  0x09247C80 C7B3002C lwc1 $f19, 44($sp) |  0x09247C84 C62C002C lwc1 $f12, 44($s1)",VANILLA,WF-010
b17654bd924dce7abe0f266c545c41586d38f478330125bbd1dd2d5edeb62a1b,LEVEL_01,1,Pokitaru,0x0010DE64,0x09247B64,2,0x0010E038,0x09247D38,0x09247D40,0x0914805C,0x09147F90,0x0010E0AC," 0x09247D30 2624002C addiu $a0, $s1, 44 |  0x09247D34 26250030 addiu $a1, $s1, 48 | >0x09247D38 0C0038D7 jal 0x0914805C |  0x09247D3C C4CCCEB0 lwc1 $f12, -12624($a2) |  0x09247D40 C7AC002C lwc1 $f12, 44($sp) |  0x09247D44 C633002C lwc1 $f19, 44($s1)",VANILLA,WF-010
5d1ac536f4f8c454e0a422603b5c31e7772d4571e0ca99b4f210e8aab7aaa475,LEVEL_01,1,Pokitaru,0x00122820,0x0925C520,1,0x00122B44,0x0925C844,0x0925C84C,0x0914805C,0x09147F90,0x00122BB8," 0x0925C83C C6CF0008 lwc1 $f15, 8($s6) |  0x0925C840 26240064 addiu $a0, $s1, 100 | >0x0925C844 0C0038D7 jal 0x0914805C |  0x0925C848 26250060 addiu $a1, $s1, 96 |  0x0925C84C C62C0030 lwc1 $f12, 48($s1) |  0x0925C850 C62D0020 lwc1 $f13, 32($s1)",VANILLA,WF-051
d5ec0eaa0354ff5ec367853f11f4eeff9ca4b9752f268240f932af2fc35b3125,LEVEL_01,1,Pokitaru,0x00128C20,0x09262920,1,0x00128D34,0x09262A34,0x09262A3C,0x0914805C,0x09147F90,0x00128DA8," 0x09262A2C 26240008 addiu $a0, $s1, 8 |  0x09262A30 2625000C addiu $a1, $s1, 12 | >0x09262A34 0C0038D7 jal 0x0914805C |  0x09262A38 C66F0014 lwc1 $f15, 20($s3) |  0x09262A3C C6340008 lwc1 $f20, 8($s1) |  0x09262A40 C62C0004 lwc1 $f12, 4($s1)",VANILLA,WF-031
44f7ae0c83f5f9bdb9819d182c8b3cb4b7b3a66e015bd9bdc936483b2accdddf,LEVEL_01,1,Pokitaru,0x0012E950,0x09268650,1,0x0012E994,0x09268694,0x0926869C,0x0914805C,0x09147F90,0x0012EA08," 0x0926868C 264400A4 addiu $a0, $s2, 164 |  0x09268690 AFBF003C sw $ra, 60($sp) | >0x09268694 0C0038D7 jal 0x0914805C |  0x09268698 264500A8 addiu $a1, $s2, 168 |  0x0926869C C62C0000 lwc1 $f12, 0($s1) |  0x092686A0 C62D0004 lwc1 $f13, 4($s1)",VANILLA,WF-047
1341b84eefd53e1b93c39e140dedffcf20547b0a8c287e4149cd2b4480c60b7c,LEVEL_01,1,Pokitaru,0x0012E9F4,0x092686F4,1,0x0012EA64,0x09268764,0x0926876C,0x0914805C,0x09147F90,0x0012EAD8," 0x0926875C E7BE0054 swc1 $f30, 84($sp) |  0x09268760 AFBF0064 sw $ra, 100($sp) | >0x09268764 0C0038D7 jal 0x0914805C |  0x09268768 02402025 .word 0x02402025 |  0x0926876C C62C0044 lwc1 $f12, 68($s1) |  0x09268770 4600B346 .word 0x4600B346",VANILLA,WF-033
1341b84eefd53e1b93c39e140dedffcf20547b0a8c287e4149cd2b4480c60b7c,LEVEL_01,1,Pokitaru,0x0012E9F4,0x092686F4,2,0x0012EA80,0x09268780,0x09268788,0x0914805C,0x09147F90,0x0012EAF4," 0x09268778 4600C386 .word 0x4600C386 |  0x0926877C 26250054 addiu $a1, $s1, 84 | >0x09268780 0C0038D7 jal 0x0914805C |  0x09268784 4600D3C6 .word 0x4600D3C6 |  0x09268788 C62C0048 lwc1 $f12, 72($s1) |  0x0926878C 4600B346 .word 0x4600B346",VANILLA,WF-033
1341b84eefd53e1b93c39e140dedffcf20547b0a8c287e4149cd2b4480c60b7c,LEVEL_01,1,Pokitaru,0x0012E9F4,0x092686F4,3,0x0012EA9C,0x0926879C,0x092687A4,0x0914805C,0x09147F90,0x0012EB10," 0x09268794 4600C386 .word 0x4600C386 |  0x09268798 26250058 addiu $a1, $s1, 88 | >0x0926879C 0C0038D7 jal 0x0914805C |  0x092687A0 4600D3C6 .word 0x4600D3C6 |  0x092687A4 C60F0020 lwc1 $f15, 32($s0) |  0x092687A8 C60E0024 lwc1 $f14, 36($s0)",VANILLA,WF-033
1341b84eefd53e1b93c39e140dedffcf20547b0a8c287e4149cd2b4480c60b7c,LEVEL_01,1,Pokitaru,0x0012E9F4,0x092686F4,4,0x0012EC0C,0x0926890C,0x09268914,0x0914805C,0x09147F90,0x0012EC80," 0x09268904 4600B346 .word 0x4600B346 |  0x09268908 4600C386 .word 0x4600C386 | >0x0926890C 0C0038D7 jal 0x0914805C |  0x09268910 4600D3C6 .word 0x4600D3C6 |  0x09268914 3C063F80 lui $a2, 0x3F80 |  0x09268918 4600B346 .word 0x4600B346",VANILLA,WF-033
1341b84eefd53e1b93c39e140dedffcf20547b0a8c287e4149cd2b4480c60b7c,LEVEL_01,1,Pokitaru,0x0012E9F4,0x092686F4,5,0x0012EC30,0x09268930,0x09268938,0x0914805C,0x09147F90,0x0012ECA4," 0x09268928 4600C386 .word 0x4600C386 |  0x0926892C 4600D3C6 .word 0x4600D3C6 | >0x09268930 0C0038D7 jal 0x0914805C |  0x09268934 4600A306 .word 0x4600A306 |  0x09268938 27A40028 addiu $a0, $sp, 40 |  0x0926893C 4600F306 .word 0x4600F306",VANILLA,WF-033
1341b84eefd53e1b93c39e140dedffcf20547b0a8c287e4149cd2b4480c60b7c,LEVEL_01,1,Pokitaru,0x0012E9F4,0x092686F4,6,0x0012EC4C,0x0926894C,0x09268954,0x0914805C,0x09147F90,0x0012ECC0," 0x09268944 4600B346 .word 0x4600B346 |  0x09268948 4600C386 .word 0x4600C386 | >0x0926894C 0C0038D7 jal 0x0914805C |  0x09268950 4600D3C6 .word 0x4600D3C6 |  0x09268954 C7AE0020 lwc1 $f14, 32($sp) |  0x09268958 C7AF0024 lwc1 $f15, 36($sp)",VANILLA,WF-033
0645f7b05606ef3a65fb05c30cb28b136525070194503caf482f455e63e6112b,LEVEL_01,1,Pokitaru,0x00143FEC,0x0927DCEC,1,0x001442FC,0x0927DFFC,0x0927E004,0x0914805C,0x09147F90,0x00144370," 0x0927DFF4 26440018 addiu $a0, $s2, 24 |  0x0927DFF8 2645001C addiu $a1, $s2, 28 | >0x0927DFFC 0C0038D7 jal 0x0914805C |  0x0927E000 C4EF0008 lwc1 $f15, 8($a3) |  0x0927E004 C66C0010 lwc1 $f12, 16($s3) |  0x0927E008 C64D0014 lwc1 $f13, 20($s2)",VANILLA,WF-016
0645f7b05606ef3a65fb05c30cb28b136525070194503caf482f455e63e6112b,LEVEL_01,1,Pokitaru,0x00143FEC,0x0927DCEC,2,0x001445A0,0x0927E2A0,0x0927E2A8,0x0914805C,0x09147F90,0x00144614," 0x0927E298 26440018 addiu $a0, $s2, 24 |  0x0927E29C 2645001C addiu $a1, $s2, 28 | >0x0927E2A0 0C0038D7 jal 0x0914805C |  0x0927E2A4 C4EF0008 lwc1 $f15, 8($a3) |  0x0927E2A8 C64C0018 lwc1 $f12, 24($s2) |  0x0927E2AC 44806800 .word 0x44806800",VANILLA,WF-016
818087fd46029ca2bd2243b5550e6d671e05173645c8e095d6ca7f1d67ce1dde,LEVEL_01,1,Pokitaru,0x0014EB68,0x09288868,1,0x0014EF28,0x09288C28,0x09288C30,0x0914805C,0x09147F90,0x0014EF9C," 0x09288C20 26440040 addiu $a0, $s2, 64 |  0x09288C24 2645003C addiu $a1, $s2, 60 | >0x09288C28 0C0038D7 jal 0x0914805C |  0x09288C2C C4CC42DC lwc1 $f12, 17116($a2) |  0x09288C30 8E340020 lw $s4, 32($s1) |  0x09288C34 9244004C lbu $a0, 76($s2)",VANILLA,WF-036
818087fd46029ca2bd2243b5550e6d671e05173645c8e095d6ca7f1d67ce1dde,LEVEL_01,1,Pokitaru,0x0014EB68,0x09288868,2,0x0014F5C4,0x092892C4,0x092892CC,0x0914805C,0x09147F90,0x0014F638," 0x092892BC 26440040 addiu $a0, $s2, 64 |  0x092892C0 2645003C addiu $a1, $s2, 60 | >0x092892C4 0C0038D7 jal 0x0914805C |  0x092892C8 C4EF0008 lwc1 $f15, 8($a3) |  0x092892CC C64C0040 lwc1 $f12, 64($s2) |  0x092892D0 3C04002D lui $a0, 0x002D",VANILLA,WF-036
818087fd46029ca2bd2243b5550e6d671e05173645c8e095d6ca7f1d67ce1dde,LEVEL_01,1,Pokitaru,0x0014EB68,0x09288868,3,0x0014F968,0x09289668,0x09289670,0x0914805C,0x09147F90,0x0014F9DC," 0x09289660 26440040 addiu $a0, $s2, 64 |  0x09289664 2645003C addiu $a1, $s2, 60 | >0x09289668 0C0038D7 jal 0x0914805C |  0x0928966C C4CC42DC lwc1 $f12, 17116($a2) |  0x09289670 9244004C lbu $a0, 76($s2) |  0x09289674 1880007B .word 0x1880007B",VANILLA,WF-036
448072f739c6b34ee54987ad1871ea1a0067a34deb6e2ba4151ecd6e78818177,LEVEL_01,1,Pokitaru,0x0015083C,0x0928A53C,1,0x001508C8,0x0928A5C8,0x0928A5D0,0x0914805C,0x09147F90,0x0015093C," 0x0928A5C0 26240008 addiu $a0, $s1, 8 |  0x0928A5C4 2625000C addiu $a1, $s1, 12 | >0x0928A5C8 0C0038D7 jal 0x0914805C |  0x0928A5CC C4CC44F0 lwc1 $f12, 17648($a2) |  0x0928A5D0 C62C0008 lwc1 $f12, 8($s1) |  0x0928A5D4 C62D0004 lwc1 $f13, 4($s1)",VANILLA,WF-046
cda1f243ed3cc3baced794eea6410c47c7b121cbcf47c828c979d88435d7b6b7,LEVEL_01,1,Pokitaru,0x0015FB68,0x09299868,1,0x0015FBC4,0x092998C4,0x092998CC,0x0914805C,0x09147F90,0x0015FC38," 0x092998BC 2664003C addiu $a0, $s3, 60 |  0x092998C0 26650044 addiu $a1, $s3, 68 | >0x092998C4 0C0038D7 jal 0x0914805C |  0x092998C8 C66F0050 lwc1 $f15, 80($s3) |  0x092998CC C7AC0020 lwc1 $f12, 32($sp) |  0x092998D0 C64D0030 lwc1 $f13, 48($s2)",VANILLA,WF-006
5d54a6ba6887902b05951c6e2acd18585993b61cde7dcbbd896f130f8c09da3a,LEVEL_01,1,Pokitaru,0x0016B830,0x092A5530,1,0x0016B93C,0x092A563C,0x092A5644,0x0914805C,0x09147F90,0x0016B9B0," 0x092A5634 02202825 .word 0x02202825 |  0x092A5638 46006346 .word 0x46006346 | >0x092A563C 0C0038D7 jal 0x0914805C |  0x092A5640 C7AC0020 lwc1 $f12, 32($sp) |  0x092A5644 C7AC0024 lwc1 $f12, 36($sp) |  0x092A5648 C66D7098 lwc1 $f13, 28824($s3)",VANILLA,WF-027
5d54a6ba6887902b05951c6e2acd18585993b61cde7dcbbd896f130f8c09da3a,LEVEL_01,1,Pokitaru,0x0016B830,0x092A5530,2,0x0016B958,0x092A5658,0x092A5660,0x0914805C,0x09147F90,0x0016B9CC," 0x092A5650 26240014 addiu $a0, $s1, 20 |  0x092A5654 26250008 addiu $a1, $s1, 8 | >0x092A5658 0C0038D7 jal 0x0914805C |  0x092A565C C68F0008 lwc1 $f15, 8($s4) |  0x092A5660 C62C0010 lwc1 $f12, 16($s1) |  0x092A5664 C62D0014 lwc1 $f13, 20($s1)",VANILLA,WF-027
5d54a6ba6887902b05951c6e2acd18585993b61cde7dcbbd896f130f8c09da3a,LEVEL_01,1,Pokitaru,0x0016B830,0x092A5530,3,0x0016BC40,0x092A5940,0x092A5948,0x0914805C,0x09147F90,0x0016BCB4," 0x092A5938 46006346 .word 0x46006346 |  0x092A593C 02402025 .word 0x02402025 | >0x092A5940 0C0038D7 jal 0x0914805C |  0x092A5944 C4CC7088 lwc1 $f12, 28808($a2) |  0x092A5948 10000020 beq $zero, $zero, 0x092A59CC |  0x092A594C C62C001C lwc1 $f12, 28($s1)",VANILLA,WF-027
5d54a6ba6887902b05951c6e2acd18585993b61cde7dcbbd896f130f8c09da3a,LEVEL_01,1,Pokitaru,0x0016B830,0x092A5530,4,0x0016BC64,0x092A5964,0x092A596C,0x0914805C,0x09147F90,0x0016BCD8," 0x092A595C 02402025 .word 0x02402025 |  0x092A5960 46006346 .word 0x46006346 | >0x092A5964 0C0038D7 jal 0x0914805C |  0x092A5968 4600C306 .word 0x4600C306 |  0x092A596C C62C001C lwc1 $f12, 28($s1) |  0x092A5970 3C04002D lui $a0, 0x002D",VANILLA,WF-027
5d54a6ba6887902b05951c6e2acd18585993b61cde7dcbbd896f130f8c09da3a,LEVEL_01,1,Pokitaru,0x0016B830,0x092A5530,5,0x0016BD30,0x092A5A30,0x092A5A38,0x0914805C,0x09147F90,0x0016BDA4," 0x092A5A28 2624001C addiu $a0, $s1, 28 |  0x092A5A2C 26250020 addiu $a1, $s1, 32 | >0x092A5A30 0C0038D7 jal 0x0914805C |  0x092A5A34 C4CC7094 lwc1 $f12, 28820($a2) |  0x092A5A38 C6180034 lwc1 $f24, 52($s0) |  0x092A5A3C C62C001C lwc1 $f12, 28($s1)",VANILLA,WF-027
9902f5329d512e1bc1b78c27411c23309a4823f4df8d8669844c51eecb9a9eb1,LEVEL_01,1,Pokitaru,0x0017D49C,0x092B719C,1,0x0017DCAC,0x092B79AC,0x092B79B4,0x0914805C,0x09147F90,0x0017DD20," 0x092B79A4 2624001C addiu $a0, $s1, 28 |  0x092B79A8 26250020 addiu $a1, $s1, 32 | >0x092B79AC 0C0038D7 jal 0x0914805C |  0x092B79B0 C4EF0008 lwc1 $f15, 8($a3) |  0x092B79B4 92440061 lbu $a0, 97($s2) |  0x092B79B8 8E650004 lw $a1, 4($s3)",VANILLA,WF-030
3b907cd5cc656038144a6afcdafb360ea2f974f6c0162e3889eeb8e4aa74e891,LEVEL_01,1,Pokitaru,0x00187614,0x092C1314,1,0x00187724,0x092C1424,0x092C142C,0x0914805C,0x09147F90,0x00187798," 0x092C141C 2644001C addiu $a0, $s2, 28 |  0x092C1420 26450020 addiu $a1, $s2, 32 | >0x092C1424 0C0038D7 jal 0x0914805C |  0x092C1428 C68F0014 lwc1 $f15, 20($s4) |  0x092C142C C654001C lwc1 $f20, 28($s2) |  0x092C1430 C64C0018 lwc1 $f12, 24($s2)",VANILLA,WF-019
3b907cd5cc656038144a6afcdafb360ea2f974f6c0162e3889eeb8e4aa74e891,LEVEL_01,1,Pokitaru,0x00187614,0x092C1314,2,0x001879A4,0x092C16A4,0x092C16AC,0x0914805C,0x09147F90,0x00187A18," 0x092C169C 2644001C addiu $a0, $s2, 28 |  0x092C16A0 26450020 addiu $a1, $s2, 32 | >0x092C16A4 0C0038D7 jal 0x0914805C |  0x092C16A8 C6CF0014 lwc1 $f15, 20($s6) |  0x092C16AC C656001C lwc1 $f22, 28($s2) |  0x092C16B0 C64C0018 lwc1 $f12, 24($s2)",VANILLA,WF-019
4f3d3c79217e7c044187dd74de1846b5567bcf0b2fc562ada0faa98f6b3aac18,LEVEL_01,1,Pokitaru,0x001901F4,0x092C9EF4,1,0x001902AC,0x092C9FAC,0x092C9FB4,0x0914805C,0x09147F90,0x00190320," 0x092C9FA4 26040034 addiu $a0, $s0, 52 |  0x092C9FA8 26050038 addiu $a1, $s0, 56 | >0x092C9FAC 0C0038D7 jal 0x0914805C |  0x092C9FB0 C62F0008 lwc1 $f15, 8($s1) |  0x092C9FB4 26060024 addiu $a2, $s0, 36 |  0x092C9FB8 02802025 .word 0x02802025",VANILLA,WF-012
ef8ce773c105cac024df4f5419052a7e0f7839ec6fc98bfb101f0c2adf2ff27d,LEVEL_01,1,Pokitaru,0x00190948,0x092CA648,1,0x00190998,0x092CA698,0x092CA6A0,0x0914805C,0x09147F90,0x00190A0C," 0x092CA690 E7B4002C swc1 $f20, 44($sp) |  0x092CA694 AFBF0048 sw $ra, 72($sp) | >0x092CA698 0C0038D7 jal 0x0914805C |  0x092CA69C 02602025 .word 0x02602025 |  0x092CA6A0 C6AC0004 lwc1 $f12, 4($s5) |  0x092CA6A4 C68D0000 lwc1 $f13, 0($s4)",VANILLA,WF-011
ef8ce773c105cac024df4f5419052a7e0f7839ec6fc98bfb101f0c2adf2ff27d,LEVEL_01,1,Pokitaru,0x00190948,0x092CA648,2,0x001909B4,0x092CA6B4,0x092CA6BC,0x0914805C,0x09147F90,0x00190A28," 0x092CA6AC 26040028 addiu $a0, $s0, 40 |  0x092CA6B0 26050030 addiu $a1, $s0, 48 | >0x092CA6B4 0C0038D7 jal 0x0914805C |  0x092CA6B8 C68F0008 lwc1 $f15, 8($s4) |  0x092CA6BC C60C0024 lwc1 $f12, 36($s0) |  0x092CA6C0 C60D0028 lwc1 $f13, 40($s0)",VANILLA,WF-011
0de1954f42fe210579d79a0be5f187d13dfc24a29256ecfea2cd306b3a6c1546,LEVEL_02,2,Ryllus,0x0000E558,0x09148258,1,0x0000E58C,0x0914828C,0x09148294,0x09148040,0x09147F74,0x0000E600," 0x09148284 C60D0000 lwc1 $f13, 0($s0) |  0x09148288 C60E0004 lwc1 $f14, 4($s0) | >0x0914828C 0C0038D0 jal 0x09148040 |  0x09148290 C60F0008 lwc1 $f15, 8($s0) |  0x09148294 26640004 addiu $a0, $s3, 4 |  0x09148298 C62C0004 lwc1 $f12, 4($s1)",VANILLA,WF-005
0de1954f42fe210579d79a0be5f187d13dfc24a29256ecfea2cd306b3a6c1546,LEVEL_02,2,Ryllus,0x0000E558,0x09148258,2,0x0000E5A8,0x091482A8,0x091482B0,0x09148040,0x09147F74,0x0000E61C," 0x091482A0 C60D0000 lwc1 $f13, 0($s0) |  0x091482A4 C60E0004 lwc1 $f14, 4($s0) | >0x091482A8 0C0038D0 jal 0x09148040 |  0x091482AC C60F0008 lwc1 $f15, 8($s0) |  0x091482B0 26640008 addiu $a0, $s3, 8 |  0x091482B4 C62C0008 lwc1 $f12, 8($s1)",VANILLA,WF-005
0de1954f42fe210579d79a0be5f187d13dfc24a29256ecfea2cd306b3a6c1546,LEVEL_02,2,Ryllus,0x0000E558,0x09148258,3,0x0000E5C4,0x091482C4,0x091482CC,0x09148040,0x09147F74,0x0000E638," 0x091482BC C60D0000 lwc1 $f13, 0($s0) |  0x091482C0 C60E0004 lwc1 $f14, 4($s0) | >0x091482C4 0C0038D0 jal 0x09148040 |  0x091482C8 C60F0008 lwc1 $f15, 8($s0) |  0x091482CC 8FB00020 lw $s0, 32($sp) |  0x091482D0 8FB10024 lw $s1, 36($sp)",VANILLA,WF-005
79a53dd581d4d0841d3dba3fd01f10e49941c5aef283405a13b839bf117a9831,LEVEL_02,2,Ryllus,0x0000E7CC,0x091484CC,1,0x0000E808,0x09148508,0x09148510,0x09148040,0x09147F74,0x0000E87C," 0x09148500 C62D0000 lwc1 $f13, 0($s1) |  0x09148504 C62E0004 lwc1 $f14, 4($s1) | >0x09148508 0C0038D0 jal 0x09148040 |  0x0914850C C62F0008 lwc1 $f15, 8($s1) |  0x09148510 4480A000 .word 0x4480A000 |  0x09148514 E6140024 swc1 $f20, 36($s0)",VANILLA,WF-013
79a53dd581d4d0841d3dba3fd01f10e49941c5aef283405a13b839bf117a9831,LEVEL_02,2,Ryllus,0x0000E7CC,0x091484CC,2,0x0000E82C,0x0914852C,0x09148534,0x09148040,0x09147F74,0x0000E8A0," 0x09148524 C62E0004 lwc1 $f14, 4($s1) |  0x09148528 C62F0008 lwc1 $f15, 8($s1) | >0x0914852C 0C0038D0 jal 0x09148040 |  0x09148530 02602825 .word 0x02602825 |  0x09148534 C60D0020 lwc1 $f13, 32($s0) |  0x09148538 460D6B02 .word 0x460D6B02",VANILLA,WF-013
752e0b48a9ee282ed55f66baedc8db0a8c289b5a6e9ca07a6da112cd10c178ec,LEVEL_02,2,Ryllus,0x0000E8C8,0x091485C8,1,0x0000E9A8,0x091486A8,0x091486B0,0x09148040,0x09147F74,0x0000EA1C," 0x091486A0 C66F0008 lwc1 $f15, 8($s3) |  0x091486A4 00A02025 .word 0x00A02025 | >0x091486A8 0C0038D0 jal 0x09148040 |  0x091486AC 00C02825 .word 0x00C02825 |  0x091486B0 E6140024 swc1 $f20, 36($s0) |  0x091486B4 C64C0008 lwc1 $f12, 8($s2)",VANILLA,WF-020
752e0b48a9ee282ed55f66baedc8db0a8c289b5a6e9ca07a6da112cd10c178ec,LEVEL_02,2,Ryllus,0x0000E8C8,0x091485C8,2,0x0000E9C8,0x091486C8,0x091486D0,0x09148040,0x09147F74,0x0000EA3C," 0x091486C0 C66E0004 lwc1 $f14, 4($s3) |  0x091486C4 C66F0008 lwc1 $f15, 8($s3) | >0x091486C8 0C0038D0 jal 0x09148040 |  0x091486CC 02202825 .word 0x02202825 |  0x091486D0 C60C0020 lwc1 $f12, 32($s0) |  0x091486D4 460C6382 .word 0x460C6382",VANILLA,WF-020
80d909ccea185b2b92de4eaeda906b378de28efe8a0015d6d7c6ef3382388145,LEVEL_02,2,Ryllus,0x000110E0,0x0914ADE0,1,0x0001137C,0x0914B07C,0x0914B084,0x09148040,0x09147F74,0x000113F0," 0x0914B074 02602025 .word 0x02602025 |  0x0914B078 4600B306 .word 0x4600B306 | >0x0914B07C 0C0038D0 jal 0x09148040 |  0x0914B080 02802825 .word 0x02802825 |  0x0914B084 26040010 addiu $a0, $s0, 16 |  0x0914B088 C66C0000 lwc1 $f12, 0($s3)",VANILLA,WF-015
04dfbfd0e8658f0836f0e5363b70ea615481b1beeaceecab7571875f452a1101,LEVEL_02,2,Ryllus,0x0002923C,0x09162F3C,1,0x00029328,0x09163028,0x09163030,0x09148040,0x09147F74,0x0002939C," 0x09163020 C60E0004 lwc1 $f14, 4($s0) |  0x09163024 C60F0008 lwc1 $f15, 8($s0) | >0x09163028 0C0038D0 jal 0x09148040 |  0x0916302C 46106300 .word 0x46106300 |  0x09163030 10000008 beq $zero, $zero, 0x09163054 |  0x09163034 00000000 nop",VANILLA,WF-014
04dfbfd0e8658f0836f0e5363b70ea615481b1beeaceecab7571875f452a1101,LEVEL_02,2,Ryllus,0x0002923C,0x09162F3C,2,0x0002934C,0x0916304C,0x09163054,0x09148040,0x09147F74,0x000293C0," 0x09163044 C60F0008 lwc1 $f15, 8($s0) |  0x09163048 02402025 .word 0x02402025 | >0x0916304C 0C0038D0 jal 0x09148040 |  0x09163050 02202825 .word 0x02202825 |  0x09163054 10000008 beq $zero, $zero, 0x09163078 |  0x09163058 00000000 nop",VANILLA,WF-014
04dfbfd0e8658f0836f0e5363b70ea615481b1beeaceecab7571875f452a1101,LEVEL_02,2,Ryllus,0x0002923C,0x09162F3C,3,0x00029370,0x09163070,0x09163078,0x09148040,0x09147F74,0x000293E4," 0x09163068 C60F0008 lwc1 $f15, 8($s0) |  0x0916306C 02402025 .word 0x02402025 | >0x09163070 0C0038D0 jal 0x09148040 |  0x09163074 02202825 .word 0x02202825 |  0x09163078 C7B40020 lwc1 $f20, 32($sp) |  0x0916307C 8FB00024 lw $s0, 36($sp)",VANILLA,WF-014
35d0f36a26b74dad46db02b1ada278665ea20e7bd849ac85d72c8646adb2672f,LEVEL_02,2,Ryllus,0x00029850,0x09163550,1,0x0002988C,0x0916358C,0x09163594,0x09148040,0x09147F74,0x00029900," 0x09163584 26650020 addiu $a1, $s3, 32 |  0x09163588 AFBF0030 sw $ra, 48($sp) | >0x0916358C 0C0038D0 jal 0x09148040 |  0x09163590 C4CF0008 lwc1 $f15, 8($a2) |  0x09163594 C66C001C lwc1 $f12, 28($s3) |  0x09163598 02602025 .word 0x02602025",VANILLA,WF-021
99ba6f21bd2768eaf20675803240b2d25011eaf50751c8660e6d6c0e7df0b24e,LEVEL_02,2,Ryllus,0x0002C12C,0x09165E2C,1,0x0002C21C,0x09165F1C,0x09165F24,0x09148040,0x09147F74,0x0002C290," 0x09165F14 C60E0004 lwc1 $f14, 4($s0) |  0x09165F18 C60F0008 lwc1 $f15, 8($s0) | >0x09165F1C 0C0038D0 jal 0x09148040 |  0x09165F20 46106300 .word 0x46106300 |  0x09165F24 10000008 beq $zero, $zero, 0x09165F48 |  0x09165F28 00000000 nop",VANILLA,WF-017
99ba6f21bd2768eaf20675803240b2d25011eaf50751c8660e6d6c0e7df0b24e,LEVEL_02,2,Ryllus,0x0002C12C,0x09165E2C,2,0x0002C240,0x09165F40,0x09165F48,0x09148040,0x09147F74,0x0002C2B4," 0x09165F38 26440020 addiu $a0, $s2, 32 |  0x09165F3C 26450024 addiu $a1, $s2, 36 | >0x09165F40 0C0038D0 jal 0x09148040 |  0x09165F44 C60F0008 lwc1 $f15, 8($s0) |  0x09165F48 10000009 beq $zero, $zero, 0x09165F70 |  0x09165F4C C62C0020 lwc1 $f12, 32($s1)",VANILLA,WF-017
99ba6f21bd2768eaf20675803240b2d25011eaf50751c8660e6d6c0e7df0b24e,LEVEL_02,2,Ryllus,0x0002C12C,0x09165E2C,3,0x0002C264,0x09165F64,0x09165F6C,0x09148040,0x09147F74,0x0002C2D8," 0x09165F5C 26440020 addiu $a0, $s2, 32 |  0x09165F60 26450024 addiu $a1, $s2, 36 | >0x09165F64 0C0038D0 jal 0x09148040 |  0x09165F68 C60F0008 lwc1 $f15, 8($s0) |  0x09165F6C C62C0020 lwc1 $f12, 32($s1) |  0x09165F70 C62D0024 lwc1 $f13, 36($s1)",VANILLA,WF-017
f8ea386972e1b50a30daf2f7db5ba41bb74d52f776f669f8474fee809046ab70,LEVEL_02,2,Ryllus,0x0002D800,0x09167500,1,0x0002D850,0x09167550,0x09167558,0x09148040,0x09147F74,0x0002D8C4," 0x09167548 AFB50080 sw $s5, 128($sp) |  0x0916754C AFBF0084 sw $ra, 132($sp) | >0x09167550 0C0038D0 jal 0x09148040 |  0x09167554 C64F0008 lwc1 $f15, 8($s2) |  0x09167558 32640020 andi $a0, $s3, 32 |  0x0916755C 14800008 bne $a0, $zero, 0x09167580",VANILLA,WF-022
fb5992a0070a91b0201d54bc93235211348c068f2727e605352e5b4579aeafc4,LEVEL_02,2,Ryllus,0x00030648,0x0916A348,1,0x000306B4,0x0916A3B4,0x0916A3BC,0x09148040,0x09147F74,0x00030728," 0x0916A3AC 26040028 addiu $a0, $s0, 40 |  0x0916A3B0 26050048 addiu $a1, $s0, 72 | >0x0916A3B4 0C0038D0 jal 0x09148040 |  0x0916A3B8 C4EF0008 lwc1 $f15, 8($a3) |  0x0916A3BC 27B20020 addiu $s2, $sp, 32 |  0x0916A3C0 C60C0028 lwc1 $f12, 40($s0)",VANILLA,WF-023
fb5992a0070a91b0201d54bc93235211348c068f2727e605352e5b4579aeafc4,LEVEL_02,2,Ryllus,0x00030648,0x0916A348,2,0x0003084C,0x0916A54C,0x0916A554,0x09148040,0x09147F74,0x000308C0," 0x0916A544 C4CD7310 lwc1 $f13, 29456($a2) |  0x0916A548 C4EE0004 lwc1 $f14, 4($a3) | >0x0916A54C 0C0038D0 jal 0x09148040 |  0x0916A550 C4EF0008 lwc1 $f15, 8($a3) |  0x0916A554 27B20044 addiu $s2, $sp, 68 |  0x0916A558 C60C0028 lwc1 $f12, 40($s0)",VANILLA,WF-023
24a2ff0a1557a72e167a4c96b6f9c801d44d4cba5af921ba5669a4084a8edf49,LEVEL_02,2,Ryllus,0x0004EA0C,0x0918870C,1,0x0004EC6C,0x0918896C,0x09188974,0x09148040,0x09147F74,0x0004ECE0," 0x09188964 26040248 addiu $a0, $s0, 584 |  0x09188968 26050250 addiu $a1, $s0, 592 | >0x0918896C 0C0038D0 jal 0x09148040 |  0x09188970 C60F025C lwc1 $f15, 604($s0) |  0x09188974 C60D0248 lwc1 $f13, 584($s0) |  0x09188978 E7B60048 swc1 $f22, 72($sp)",VANILLA,WF-002
2f3e3c8d94815007925ad67e5ba4c86300ecf57cf262105869a43d99ee6ad1fb,LEVEL_02,2,Ryllus,0x0004EDA4,0x09188AA4,1,0x0004F348,0x09189048,0x09189050,0x09148040,0x09147F74,0x0004F3BC," 0x09189040 26040230 addiu $a0, $s0, 560 |  0x09189044 26050238 addiu $a1, $s0, 568 | >0x09189048 0C0038D0 jal 0x09148040 |  0x0918904C C60F0244 lwc1 $f15, 580($s0) |  0x09189050 1000000C beq $zero, $zero, 0x09189084 |  0x09189054 00000000 nop",VANILLA,WF-001
2f3e3c8d94815007925ad67e5ba4c86300ecf57cf262105869a43d99ee6ad1fb,LEVEL_02,2,Ryllus,0x0004EDA4,0x09188AA4,2,0x0004F37C,0x0918907C,0x09189084,0x09148040,0x09147F74,0x0004F3F0," 0x09189074 26050238 addiu $a1, $s0, 568 |  0x09189078 C60E0240 lwc1 $f14, 576($s0) | >0x0918907C 0C0038D0 jal 0x09148040 |  0x09189080 C60F0244 lwc1 $f15, 580($s0) |  0x09189084 C60C0230 lwc1 $f12, 560($s0) |  0x09189088 260501F4 addiu $a1, $s0, 500",VANILLA,WF-001
2f3e3c8d94815007925ad67e5ba4c86300ecf57cf262105869a43d99ee6ad1fb,LEVEL_02,2,Ryllus,0x0004EDA4,0x09188AA4,3,0x0004F4F8,0x091891F8,0x09189200,0x09148040,0x09147F74,0x0004F56C," 0x091891F0 26050238 addiu $a1, $s0, 568 |  0x091891F4 C60E0240 lwc1 $f14, 576($s0) | >0x091891F8 0C0038D0 jal 0x09148040 |  0x091891FC C60F0244 lwc1 $f15, 580($s0) |  0x09189200 C60C0230 lwc1 $f12, 560($s0) |  0x09189204 260501F4 addiu $a1, $s0, 500",VANILLA,WF-001
a0c9f2348b17b34ae20cd986946e9986592765755ff8bc44e8d82a6df56c3b27,LEVEL_02,2,Ryllus,0x000528BC,0x0918C5BC,1,0x00053198,0x0918CE98,0x0918CEA0,0x09148040,0x09147F74,0x0005320C," 0x0918CE90 26040230 addiu $a0, $s0, 560 |  0x0918CE94 26050238 addiu $a1, $s0, 568 | >0x0918CE98 0C0038D0 jal 0x09148040 |  0x0918CE9C C60F0244 lwc1 $f15, 580($s0) |  0x0918CEA0 C60C0230 lwc1 $f12, 560($s0) |  0x0918CEA4 26050204 addiu $a1, $s0, 516",VANILLA,WF-003
a50a4422a2a0366826d4c2c0aae73049d3e6d44c93e876dda92de2c52118f000,LEVEL_02,2,Ryllus,0x0005AD7C,0x09194A7C,1,0x0005ADDC,0x09194ADC,0x09194AE4,0x09148040,0x09147F74,0x0005AE50," 0x09194AD4 26050238 addiu $a1, $s0, 568 |  0x09194AD8 C60E0240 lwc1 $f14, 576($s0) | >0x09194ADC 0C0038D0 jal 0x09148040 |  0x09194AE0 C60F0244 lwc1 $f15, 580($s0) |  0x09194AE4 3C110009 lui $s1, 0x0009 |  0x09194AE8 263101C0 addiu $s1, $s1, 448",VANILLA,WF-004
8a86ad12960405935ae334206b60801183e4e8e77418955f63d6f096a15c82de,LEVEL_02,2,Ryllus,0x00110924,0x0924A624,1,0x0011098C,0x0924A68C,0x0924A694,0x09148040,0x09147F74,0x00110A00," 0x0924A684 26240020 addiu $a0, $s1, 32 |  0x0924A688 26050018 addiu $a1, $s0, 24 | >0x0924A68C 0C0038D0 jal 0x09148040 |  0x0924A690 C68F0008 lwc1 $f15, 8($s4) |  0x0924A694 E6340024 swc1 $f20, 36($s1) |  0x0924A698 C64C0028 lwc1 $f12, 40($s2)",VANILLA,WF-008
8a86ad12960405935ae334206b60801183e4e8e77418955f63d6f096a15c82de,LEVEL_02,2,Ryllus,0x00110924,0x0924A624,2,0x001109AC,0x0924A6AC,0x0924A6B4,0x09148040,0x09147F74,0x00110A20," 0x0924A6A4 26240028 addiu $a0, $s1, 40 |  0x0924A6A8 2605001C addiu $a1, $s0, 28 | >0x0924A6AC 0C0038D0 jal 0x09148040 |  0x0924A6B0 C68F0008 lwc1 $f15, 8($s4) |  0x0924A6B4 C62D0020 lwc1 $f13, 32($s1) |  0x0924A6B8 C62C0028 lwc1 $f12, 40($s1)",VANILLA,WF-008
968668ccd5198515cf25c2815fcfb186538f5bdd3b910ae8321fe3dde32303e0,LEVEL_02,2,Ryllus,0x00110B40,0x0924A840,1,0x00110C0C,0x0924A90C,0x0924A914,0x09148040,0x09147F74,0x00110C80," 0x0924A904 26240020 addiu $a0, $s1, 32 |  0x0924A908 26050018 addiu $a1, $s0, 24 | >0x0924A90C 0C0038D0 jal 0x09148040 |  0x0924A910 C68F0008 lwc1 $f15, 8($s4) |  0x0924A914 E6340024 swc1 $f20, 36($s1) |  0x0924A918 C7AC002C lwc1 $f12, 44($sp)",VANILLA,WF-009
968668ccd5198515cf25c2815fcfb186538f5bdd3b910ae8321fe3dde32303e0,LEVEL_02,2,Ryllus,0x00110B40,0x0924A840,2,0x00110C2C,0x0924A92C,0x0924A934,0x09148040,0x09147F74,0x00110CA0," 0x0924A924 26240028 addiu $a0, $s1, 40 |  0x0924A928 2605001C addiu $a1, $s0, 28 | >0x0924A92C 0C0038D0 jal 0x09148040 |  0x0924A930 C68F0008 lwc1 $f15, 8($s4) |  0x0924A934 C62D0020 lwc1 $f13, 32($s1) |  0x0924A938 C62C0028 lwc1 $f12, 40($s1)",VANILLA,WF-009
b07e66b93323e492431512dbd5e2654d2c18c232cad02595682cefe1704d88b8,LEVEL_02,2,Ryllus,0x00110E08,0x0924AB08,1,0x00110E5C,0x0924AB5C,0x0924AB64,0x09148040,0x09147F74,0x00110ED0," 0x0924AB54 2604002C addiu $a0, $s0, 44 |  0x0924AB58 26050030 addiu $a1, $s0, 48 | >0x0924AB5C 0C0038D0 jal 0x09148040 |  0x0924AB60 C4CC43F8 lwc1 $f12, 17400($a2) |  0x0924AB64 C7B0002C lwc1 $f16, 44($sp) |  0x0924AB68 C60F002C lwc1 $f15, 44($s0)",VANILLA,WF-007
b07e66b93323e492431512dbd5e2654d2c18c232cad02595682cefe1704d88b8,LEVEL_02,2,Ryllus,0x00110E08,0x0924AB08,2,0x00110EDC,0x0924ABDC,0x0924ABE4,0x09148040,0x09147F74,0x00110F50," 0x0924ABD4 46008306 .word 0x46008306 |  0x0924ABD8 C6AE0004 lwc1 $f14, 4($s5) | >0x0924ABDC 0C0038D0 jal 0x09148040 |  0x0924ABE0 C6AF0008 lwc1 $f15, 8($s5) |  0x0924ABE4 44806000 .word 0x44806000 |  0x0924ABE8 C7AD0028 lwc1 $f13, 40($sp)",VANILLA,WF-007
b07e66b93323e492431512dbd5e2654d2c18c232cad02595682cefe1704d88b8,LEVEL_02,2,Ryllus,0x00110E08,0x0924AB08,3,0x00110F04,0x0924AC04,0x0924AC0C,0x09148040,0x09147F74,0x00110F78," 0x0924ABFC C6AE0004 lwc1 $f14, 4($s5) |  0x0924AC00 2605001C addiu $a1, $s0, 28 | >0x0924AC04 0C0038D0 jal 0x09148040 |  0x0924AC08 C6AF0008 lwc1 $f15, 8($s5) |  0x0924AC0C C62C0020 lwc1 $f12, 32($s1) |  0x0924AC10 C62F0028 lwc1 $f15, 40($s1)",VANILLA,WF-007
b17654bd924dce7abe0f266c545c41586d38f478330125bbd1dd2d5edeb62a1b,LEVEL_02,2,Ryllus,0x001137D4,0x0924D4D4,1,0x001138E8,0x0924D5E8,0x0924D5F0,0x09148040,0x09147F74,0x0011395C," 0x0924D5E0 2624002C addiu $a0, $s1, 44 |  0x0924D5E4 26250030 addiu $a1, $s1, 48 | >0x0924D5E8 0C0038D0 jal 0x09148040 |  0x0924D5EC 46106302 .word 0x46106302 |  0x0924D5F0 C7B3002C lwc1 $f19, 44($sp) |  0x0924D5F4 C62C002C lwc1 $f12, 44($s1)",VANILLA,WF-010
b17654bd924dce7abe0f266c545c41586d38f478330125bbd1dd2d5edeb62a1b,LEVEL_02,2,Ryllus,0x001137D4,0x0924D4D4,2,0x001139A8,0x0924D6A8,0x0924D6B0,0x09148040,0x09147F74,0x00113A1C," 0x0924D6A0 2624002C addiu $a0, $s1, 44 |  0x0924D6A4 26250030 addiu $a1, $s1, 48 | >0x0924D6A8 0C0038D0 jal 0x09148040 |  0x0924D6AC C4CC43F8 lwc1 $f12, 17400($a2) |  0x0924D6B0 C7AC002C lwc1 $f12, 44($sp) |  0x0924D6B4 C633002C lwc1 $f19, 44($s1)",VANILLA,WF-010
d0353d804310b3301833e2e32d8c11fe8606d906168c0e8c2651f423e05d91f1,LEVEL_02,2,Ryllus,0x001292F0,0x09262FF0,1,0x001295BC,0x092632BC,0x092632C4,0x09148040,0x09147F74,0x00129630," 0x092632B4 46007B86 .word 0x46007B86 |  0x092632B8 46006BC6 .word 0x46006BC6 | >0x092632BC 0C0038D0 jal 0x09148040 |  0x092632C0 C62D644C lwc1 $f13, 25676($s1) |  0x092632C4 3C04BE4C lui $a0, 0xBE4C |  0x092632C8 C7AC0040 lwc1 $f12, 64($sp)",VANILLA,WF-032
d0353d804310b3301833e2e32d8c11fe8606d906168c0e8c2651f423e05d91f1,LEVEL_02,2,Ryllus,0x001292F0,0x09262FF0,2,0x001295FC,0x092632FC,0x09263304,0x09148040,0x09147F74,0x00129670," 0x092632F4 8FA40060 lw $a0, 96($sp) |  0x092632F8 C68F0008 lwc1 $f15, 8($s4) | >0x092632FC 0C0038D0 jal 0x09148040 |  0x09263300 03C02825 .word 0x03C02825 |  0x09263304 C7AC0044 lwc1 $f12, 68($sp) |  0x09263308 C62D644C lwc1 $f13, 25676($s1)",VANILLA,WF-032
d0353d804310b3301833e2e32d8c11fe8606d906168c0e8c2651f423e05d91f1,LEVEL_02,2,Ryllus,0x001292F0,0x09262FF0,3,0x00129618,0x09263318,0x09263320,0x09148040,0x09147F74,0x0012968C," 0x09263310 C66F0008 lwc1 $f15, 8($s3) |  0x09263314 02E02025 .word 0x02E02025 | >0x09263318 0C0038D0 jal 0x09148040 |  0x0926331C 02C02825 .word 0x02C02825 |  0x09263320 C60C0030 lwc1 $f12, 48($s0) |  0x09263324 C60F0034 lwc1 $f15, 52($s0)",VANILLA,WF-032
d0353d804310b3301833e2e32d8c11fe8606d906168c0e8c2651f423e05d91f1,LEVEL_02,2,Ryllus,0x001292F0,0x09262FF0,4,0x00129654,0x09263354,0x0926335C,0x09148040,0x09147F74,0x001296C8," 0x0926334C 46007306 .word 0x46007306 |  0x09263350 C62D63A4 lwc1 $f13, 25508($s1) | >0x09263354 0C0038D0 jal 0x09148040 |  0x09263358 46008386 .word 0x46008386 |  0x0926335C C7AC0040 lwc1 $f12, 64($sp) |  0x09263360 C6AD63C8 lwc1 $f13, 25544($s5)",VANILLA,WF-032
d0353d804310b3301833e2e32d8c11fe8606d906168c0e8c2651f423e05d91f1,LEVEL_02,2,Ryllus,0x001292F0,0x09262FF0,5,0x00129670,0x09263370,0x09263378,0x09148040,0x09147F74,0x001296E4," 0x09263368 8FA40060 lw $a0, 96($sp) |  0x0926336C C68F0008 lwc1 $f15, 8($s4) | >0x09263370 0C0038D0 jal 0x09148040 |  0x09263374 03C02825 .word 0x03C02825 |  0x09263378 C7AC0044 lwc1 $f12, 68($sp) |  0x0926337C C62D63A4 lwc1 $f13, 25508($s1)",VANILLA,WF-032
d0353d804310b3301833e2e32d8c11fe8606d906168c0e8c2651f423e05d91f1,LEVEL_02,2,Ryllus,0x001292F0,0x09262FF0,6,0x0012968C,0x0926338C,0x09263394,0x09148040,0x09147F74,0x00129700," 0x09263384 C66F0008 lwc1 $f15, 8($s3) |  0x09263388 02E02025 .word 0x02E02025 | >0x0926338C 0C0038D0 jal 0x09148040 |  0x09263390 02C02825 .word 0x02C02825 |  0x09263394 C60C0030 lwc1 $f12, 48($s0) |  0x09263398 C60F0034 lwc1 $f15, 52($s0)",VANILLA,WF-032
d0353d804310b3301833e2e32d8c11fe8606d906168c0e8c2651f423e05d91f1,LEVEL_02,2,Ryllus,0x001292F0,0x09262FF0,7,0x00129864,0x09263564,0x0926356C,0x09148040,0x09147F74,0x001298D8," 0x0926355C 260400A0 addiu $a0, $s0, 160 |  0x09263560 02002825 .word 0x02002825 | >0x09263564 0C0038D0 jal 0x09148040 |  0x09263568 C4CC643C lwc1 $f12, 25660($a2) |  0x0926356C C60C00BC lwc1 $f12, 188($s0) |  0x09263570 3C04002E lui $a0, 0x002E",VANILLA,WF-032
d0353d804310b3301833e2e32d8c11fe8606d906168c0e8c2651f423e05d91f1,LEVEL_02,2,Ryllus,0x001292F0,0x09262FF0,8,0x00129948,0x09263648,0x09263650,0x09148040,0x09147F74,0x001299BC," 0x09263640 26040020 addiu $a0, $s0, 32 |  0x09263644 26050010 addiu $a1, $s0, 16 | >0x09263648 0C0038D0 jal 0x09148040 |  0x0926364C C68F0008 lwc1 $f15, 8($s4) |  0x09263650 C7AC0040 lwc1 $f12, 64($sp) |  0x09263654 C66D6398 lwc1 $f13, 25496($s3)",VANILLA,WF-032
d0353d804310b3301833e2e32d8c11fe8606d906168c0e8c2651f423e05d91f1,LEVEL_02,2,Ryllus,0x001292F0,0x09262FF0,9,0x00129964,0x09263664,0x0926366C,0x09148040,0x09147F74,0x001299D8," 0x0926365C 26040024 addiu $a0, $s0, 36 |  0x09263660 26050014 addiu $a1, $s0, 20 | >0x09263664 0C0038D0 jal 0x09148040 |  0x09263668 C68F0008 lwc1 $f15, 8($s4) |  0x0926366C C7AC0044 lwc1 $f12, 68($sp) |  0x09263670 C66D6398 lwc1 $f13, 25496($s3)",VANILLA,WF-032
d0353d804310b3301833e2e32d8c11fe8606d906168c0e8c2651f423e05d91f1,LEVEL_02,2,Ryllus,0x001292F0,0x09262FF0,10,0x00129980,0x09263680,0x09263688,0x09148040,0x09147F74,0x001299F4," 0x09263678 26040028 addiu $a0, $s0, 40 |  0x0926367C 26050018 addiu $a1, $s0, 24 | >0x09263680 0C0038D0 jal 0x09148040 |  0x09263684 C68F0008 lwc1 $f15, 8($s4) |  0x09263688 8FA50064 lw $a1, 100($sp) |  0x0926368C C60C0020 lwc1 $f12, 32($s0)",VANILLA,WF-032
6b9db198095e448db820c826167fd6d487a30943fcc737a2dd10d6ccaf92d765,LEVEL_02,2,Ryllus,0x0012ABC4,0x092648C4,1,0x0012AD20,0x09264A20,0x09264A28,0x09148040,0x09147F74,0x0012AD94," 0x09264A18 C48F0010 lwc1 $f15, 16($a0) |  0x09264A1C 26250040 addiu $a1, $s1, 64 | >0x09264A20 0C0038D0 jal 0x09148040 |  0x09264A24 00C02025 .word 0x00C02025 |  0x09264A28 3C04002E lui $a0, 0x002E |  0x09264A2C C48C6598 lwc1 $f12, 26008($a0)",VANILLA,WF-026
6af8e220a397c04d359bbc2bbe9a89e9197b54387526b8c510a86ee3a1605bfe,LEVEL_02,2,Ryllus,0x0012AFAC,0x09264CAC,1,0x0012B11C,0x09264E1C,0x09264E24,0x09148040,0x09147F74,0x0012B190," 0x09264E14 C48F0010 lwc1 $f15, 16($a0) |  0x09264E18 26250040 addiu $a1, $s1, 64 | >0x09264E1C 0C0038D0 jal 0x09148040 |  0x09264E20 00C02025 .word 0x00C02025 |  0x09264E24 3C04002E lui $a0, 0x002E |  0x09264E28 C48C6598 lwc1 $f12, 26008($a0)",VANILLA,WF-025
c0ffc4e653d8c76f01330bccf80a7737e135d62765deee198206dba261af0bee,LEVEL_02,2,Ryllus,0x0012B824,0x09265524,1,0x0012B88C,0x0926558C,0x09265594,0x09148040,0x09147F74,0x0012B900," 0x09265584 C48F0008 lwc1 $f15, 8($a0) |  0x09265588 26650014 addiu $a1, $s3, 20 | >0x0926558C 0C0038D0 jal 0x09148040 |  0x09265590 00C02025 .word 0x00C02025 |  0x09265594 44806000 .word 0x44806000 |  0x09265598 E7AC0038 swc1 $f12, 56($sp)",VANILLA,WF-057
d5ec0eaa0354ff5ec367853f11f4eeff9ca4b9752f268240f932af2fc35b3125,LEVEL_02,2,Ryllus,0x0013B798,0x09275498,1,0x0013B8AC,0x092755AC,0x092755B4,0x09148040,0x09147F74,0x0013B920," 0x092755A4 26240008 addiu $a0, $s1, 8 |  0x092755A8 2625000C addiu $a1, $s1, 12 | >0x092755AC 0C0038D0 jal 0x09148040 |  0x092755B0 C66F0014 lwc1 $f15, 20($s3) |  0x092755B4 C6340008 lwc1 $f20, 8($s1) |  0x092755B8 C62C0004 lwc1 $f12, 4($s1)",VANILLA,WF-031
0cc3fcc022b39f3cc2f826294ce473579c61d7f28afeefb85368be5b2f12587e,LEVEL_02,2,Ryllus,0x00141D1C,0x0927BA1C,1,0x00141D84,0x0927BA84,0x0927BA8C,0x09148040,0x09147F74,0x00141DF8," 0x0927BA7C 26440004 addiu $a0, $s2, 4 |  0x0927BA80 26450008 addiu $a1, $s2, 8 | >0x0927BA84 0C0038D0 jal 0x09148040 |  0x0927BA88 C4CC98C4 lwc1 $f12, -26428($a2) |  0x0927BA8C C64C0004 lwc1 $f12, 4($s2) |  0x0927BA90 C60D0020 lwc1 $f13, 32($s0)",VANILLA,WF-043
b40e7b1541eefa240141d102f0a04e7209f1266b3b63f4d479c44bd5e1927de5,LEVEL_02,2,Ryllus,0x00165740,0x0929F440,1,0x001657B4,0x0929F4B4,0x0929F4BC,0x09148040,0x09147F74,0x00165828," 0x0929F4AC 46148D01 .word 0x46148D01 |  0x0929F4B0 C4EF0008 lwc1 $f15, 8($a3) | >0x0929F4B4 0C0038D0 jal 0x09148040 |  0x0929F4B8 460C8B01 .word 0x460C8B01 |  0x0929F4BC 92050044 lbu $a1, 68($s0) |  0x0929F4C0 8E040040 lw $a0, 64($s0)",VANILLA,WF-055
8c9a2dabed0ee86e5c778f78774f6009de1bc6a722c9199b194845f080dd8066,LEVEL_02,2,Ryllus,0x00166100,0x0929FE00,1,0x001661A8,0x0929FEA8,0x0929FEB0,0x09148040,0x09147F74,0x0016621C," 0x0929FEA0 26640010 addiu $a0, $s3, 16 |  0x0929FEA4 26650014 addiu $a1, $s3, 20 | >0x0929FEA8 0C0038D0 jal 0x09148040 |  0x0929FEAC C4CFD7C0 lwc1 $f15, -10304($a2) |  0x0929FEB0 C66C0010 lwc1 $f12, 16($s3) |  0x0929FEB4 C66D0008 lwc1 $f13, 8($s3)",VANILLA,WF-037
8c9a2dabed0ee86e5c778f78774f6009de1bc6a722c9199b194845f080dd8066,LEVEL_02,2,Ryllus,0x00166100,0x0929FE00,2,0x0016648C,0x092A018C,0x092A0194,0x09148040,0x09147F74,0x00166500," 0x092A0184 26640010 addiu $a0, $s3, 16 |  0x092A0188 26650014 addiu $a1, $s3, 20 | >0x092A018C 0C0038D0 jal 0x09148040 |  0x092A0190 C4CFD7C0 lwc1 $f15, -10304($a2) |  0x092A0194 C66D0010 lwc1 $f13, 16($s3) |  0x092A0198 44806000 .word 0x44806000",VANILLA,WF-037
8c9a2dabed0ee86e5c778f78774f6009de1bc6a722c9199b194845f080dd8066,LEVEL_02,2,Ryllus,0x00166100,0x0929FE00,3,0x0016670C,0x092A040C,0x092A0414,0x09148040,0x09147F74,0x00166780," 0x092A0404 26840010 addiu $a0, $s4, 16 |  0x092A0408 26850014 addiu $a1, $s4, 20 | >0x092A040C 0C0038D0 jal 0x09148040 |  0x092A0410 C4CFD7C0 lwc1 $f15, -10304($a2) |  0x092A0414 C68C0010 lwc1 $f12, 16($s4) |  0x092A0418 C68D0008 lwc1 $f13, 8($s4)",VANILLA,WF-037
683068b7ae4dec808f708a88f7afdb08b5cb4d9eaf0cbd57bce3ad8887c75832,LEVEL_02,2,Ryllus,0x0016F880,0x092A9580,1,0x0016F968,0x092A9668,0x092A9670,0x09148040,0x09147F74,0x0016F9DC," 0x092A9660 26440008 addiu $a0, $s2, 8 |  0x092A9664 2645000C addiu $a1, $s2, 12 | >0x092A9668 0C0038D0 jal 0x09148040 |  0x092A966C C66F0014 lwc1 $f15, 20($s3) |  0x092A9670 C64C0008 lwc1 $f12, 8($s2) |  0x092A9674 C64D0004 lwc1 $f13, 4($s2)",VANILLA,WF-053
cda1f243ed3cc3baced794eea6410c47c7b121cbcf47c828c979d88435d7b6b7,LEVEL_02,2,Ryllus,0x001754AC,0x092AF1AC,1,0x00175508,0x092AF208,0x092AF210,0x09148040,0x09147F74,0x0017557C," 0x092AF200 2664003C addiu $a0, $s3, 60 |  0x092AF204 26650044 addiu $a1, $s3, 68 | >0x092AF208 0C0038D0 jal 0x09148040 |  0x092AF20C C66F0050 lwc1 $f15, 80($s3) |  0x092AF210 C7AC0020 lwc1 $f12, 32($sp) |  0x092AF214 C64D0030 lwc1 $f13, 48($s2)",VANILLA,WF-006
4f3d3c79217e7c044187dd74de1846b5567bcf0b2fc562ada0faa98f6b3aac18,LEVEL_02,2,Ryllus,0x001A60F0,0x092DFDF0,1,0x001A61A8,0x092DFEA8,0x092DFEB0,0x09148040,0x09147F74,0x001A621C," 0x092DFEA0 26040034 addiu $a0, $s0, 52 |  0x092DFEA4 26050038 addiu $a1, $s0, 56 | >0x092DFEA8 0C0038D0 jal 0x09148040 |  0x092DFEAC C62F0008 lwc1 $f15, 8($s1) |  0x092DFEB0 26060024 addiu $a2, $s0, 36 |  0x092DFEB4 02802025 .word 0x02802025",VANILLA,WF-012
ef8ce773c105cac024df4f5419052a7e0f7839ec6fc98bfb101f0c2adf2ff27d,LEVEL_02,2,Ryllus,0x001A6844,0x092E0544,1,0x001A6894,0x092E0594,0x092E059C,0x09148040,0x09147F74,0x001A6908," 0x092E058C E7B4002C swc1 $f20, 44($sp) |  0x092E0590 AFBF0048 sw $ra, 72($sp) | >0x092E0594 0C0038D0 jal 0x09148040 |  0x092E0598 02602025 .word 0x02602025 |  0x092E059C C6AC0004 lwc1 $f12, 4($s5) |  0x092E05A0 C68D0000 lwc1 $f13, 0($s4)",VANILLA,WF-011
ef8ce773c105cac024df4f5419052a7e0f7839ec6fc98bfb101f0c2adf2ff27d,LEVEL_02,2,Ryllus,0x001A6844,0x092E0544,2,0x001A68B0,0x092E05B0,0x092E05B8,0x09148040,0x09147F74,0x001A6924," 0x092E05A8 26040028 addiu $a0, $s0, 40 |  0x092E05AC 26050030 addiu $a1, $s0, 48 | >0x092E05B0 0C0038D0 jal 0x09148040 |  0x092E05B4 C68F0008 lwc1 $f15, 8($s4) |  0x092E05B8 C60C0024 lwc1 $f12, 36($s0) |  0x092E05BC C60D0028 lwc1 $f13, 40($s0)",VANILLA,WF-011
0de1954f42fe210579d79a0be5f187d13dfc24a29256ecfea2cd306b3a6c1546,LEVEL_03,3,Kalidon,0x0000E598,0x09148298,1,0x0000E5CC,0x091482CC,0x091482D4,0x09148080,0x09147FB4,0x0000E640," 0x091482C4 C60D0000 lwc1 $f13, 0($s0) |  0x091482C8 C60E0004 lwc1 $f14, 4($s0) | >0x091482CC 0C0038E0 jal 0x09148080 |  0x091482D0 C60F0008 lwc1 $f15, 8($s0) |  0x091482D4 26640004 addiu $a0, $s3, 4 |  0x091482D8 C62C0004 lwc1 $f12, 4($s1)",VANILLA,WF-005
0de1954f42fe210579d79a0be5f187d13dfc24a29256ecfea2cd306b3a6c1546,LEVEL_03,3,Kalidon,0x0000E598,0x09148298,2,0x0000E5E8,0x091482E8,0x091482F0,0x09148080,0x09147FB4,0x0000E65C," 0x091482E0 C60D0000 lwc1 $f13, 0($s0) |  0x091482E4 C60E0004 lwc1 $f14, 4($s0) | >0x091482E8 0C0038E0 jal 0x09148080 |  0x091482EC C60F0008 lwc1 $f15, 8($s0) |  0x091482F0 26640008 addiu $a0, $s3, 8 |  0x091482F4 C62C0008 lwc1 $f12, 8($s1)",VANILLA,WF-005
0de1954f42fe210579d79a0be5f187d13dfc24a29256ecfea2cd306b3a6c1546,LEVEL_03,3,Kalidon,0x0000E598,0x09148298,3,0x0000E604,0x09148304,0x0914830C,0x09148080,0x09147FB4,0x0000E678," 0x091482FC C60D0000 lwc1 $f13, 0($s0) |  0x09148300 C60E0004 lwc1 $f14, 4($s0) | >0x09148304 0C0038E0 jal 0x09148080 |  0x09148308 C60F0008 lwc1 $f15, 8($s0) |  0x0914830C 8FB00020 lw $s0, 32($sp) |  0x09148310 8FB10024 lw $s1, 36($sp)",VANILLA,WF-005
79a53dd581d4d0841d3dba3fd01f10e49941c5aef283405a13b839bf117a9831,LEVEL_03,3,Kalidon,0x0000E80C,0x0914850C,1,0x0000E848,0x09148548,0x09148550,0x09148080,0x09147FB4,0x0000E8BC," 0x09148540 C62D0000 lwc1 $f13, 0($s1) |  0x09148544 C62E0004 lwc1 $f14, 4($s1) | >0x09148548 0C0038E0 jal 0x09148080 |  0x0914854C C62F0008 lwc1 $f15, 8($s1) |  0x09148550 4480A000 .word 0x4480A000 |  0x09148554 E6140024 swc1 $f20, 36($s0)",VANILLA,WF-013
79a53dd581d4d0841d3dba3fd01f10e49941c5aef283405a13b839bf117a9831,LEVEL_03,3,Kalidon,0x0000E80C,0x0914850C,2,0x0000E86C,0x0914856C,0x09148574,0x09148080,0x09147FB4,0x0000E8E0," 0x09148564 C62E0004 lwc1 $f14, 4($s1) |  0x09148568 C62F0008 lwc1 $f15, 8($s1) | >0x0914856C 0C0038E0 jal 0x09148080 |  0x09148570 02602825 .word 0x02602825 |  0x09148574 C60D0020 lwc1 $f13, 32($s0) |  0x09148578 460D6B02 .word 0x460D6B02",VANILLA,WF-013
80d909ccea185b2b92de4eaeda906b378de28efe8a0015d6d7c6ef3382388145,LEVEL_03,3,Kalidon,0x00010B28,0x0914A828,1,0x00010DC4,0x0914AAC4,0x0914AACC,0x09148080,0x09147FB4,0x00010E38," 0x0914AABC 02602025 .word 0x02602025 |  0x0914AAC0 4600B306 .word 0x4600B306 | >0x0914AAC4 0C0038E0 jal 0x09148080 |  0x0914AAC8 02802825 .word 0x02802825 |  0x0914AACC 26040010 addiu $a0, $s0, 16 |  0x0914AAD0 C66C0000 lwc1 $f12, 0($s3)",VANILLA,WF-015
04dfbfd0e8658f0836f0e5363b70ea615481b1beeaceecab7571875f452a1101,LEVEL_03,3,Kalidon,0x00028DCC,0x09162ACC,1,0x00028EB8,0x09162BB8,0x09162BC0,0x09148080,0x09147FB4,0x00028F2C," 0x09162BB0 C60E0004 lwc1 $f14, 4($s0) |  0x09162BB4 C60F0008 lwc1 $f15, 8($s0) | >0x09162BB8 0C0038E0 jal 0x09148080 |  0x09162BBC 46106300 .word 0x46106300 |  0x09162BC0 10000008 beq $zero, $zero, 0x09162BE4 |  0x09162BC4 00000000 nop",VANILLA,WF-014
04dfbfd0e8658f0836f0e5363b70ea615481b1beeaceecab7571875f452a1101,LEVEL_03,3,Kalidon,0x00028DCC,0x09162ACC,2,0x00028EDC,0x09162BDC,0x09162BE4,0x09148080,0x09147FB4,0x00028F50," 0x09162BD4 C60F0008 lwc1 $f15, 8($s0) |  0x09162BD8 02402025 .word 0x02402025 | >0x09162BDC 0C0038E0 jal 0x09148080 |  0x09162BE0 02202825 .word 0x02202825 |  0x09162BE4 10000008 beq $zero, $zero, 0x09162C08 |  0x09162BE8 00000000 nop",VANILLA,WF-014
04dfbfd0e8658f0836f0e5363b70ea615481b1beeaceecab7571875f452a1101,LEVEL_03,3,Kalidon,0x00028DCC,0x09162ACC,3,0x00028F00,0x09162C00,0x09162C08,0x09148080,0x09147FB4,0x00028F74," 0x09162BF8 C60F0008 lwc1 $f15, 8($s0) |  0x09162BFC 02402025 .word 0x02402025 | >0x09162C00 0C0038E0 jal 0x09148080 |  0x09162C04 02202825 .word 0x02202825 |  0x09162C08 C7B40020 lwc1 $f20, 32($sp) |  0x09162C0C 8FB00024 lw $s0, 36($sp)",VANILLA,WF-014
24a2ff0a1557a72e167a4c96b6f9c801d44d4cba5af921ba5669a4084a8edf49,LEVEL_03,3,Kalidon,0x00048718,0x09182418,1,0x00048978,0x09182678,0x09182680,0x09148080,0x09147FB4,0x000489EC," 0x09182670 26040248 addiu $a0, $s0, 584 |  0x09182674 26050250 addiu $a1, $s0, 592 | >0x09182678 0C0038E0 jal 0x09148080 |  0x0918267C C60F025C lwc1 $f15, 604($s0) |  0x09182680 C60D0248 lwc1 $f13, 584($s0) |  0x09182684 E7B60048 swc1 $f22, 72($sp)",VANILLA,WF-002
2f3e3c8d94815007925ad67e5ba4c86300ecf57cf262105869a43d99ee6ad1fb,LEVEL_03,3,Kalidon,0x00048AB0,0x091827B0,1,0x00049054,0x09182D54,0x09182D5C,0x09148080,0x09147FB4,0x000490C8," 0x09182D4C 26040230 addiu $a0, $s0, 560 |  0x09182D50 26050238 addiu $a1, $s0, 568 | >0x09182D54 0C0038E0 jal 0x09148080 |  0x09182D58 C60F0244 lwc1 $f15, 580($s0) |  0x09182D5C 1000000C beq $zero, $zero, 0x09182D90 |  0x09182D60 00000000 nop",VANILLA,WF-001
2f3e3c8d94815007925ad67e5ba4c86300ecf57cf262105869a43d99ee6ad1fb,LEVEL_03,3,Kalidon,0x00048AB0,0x091827B0,2,0x00049088,0x09182D88,0x09182D90,0x09148080,0x09147FB4,0x000490FC," 0x09182D80 26050238 addiu $a1, $s0, 568 |  0x09182D84 C60E0240 lwc1 $f14, 576($s0) | >0x09182D88 0C0038E0 jal 0x09148080 |  0x09182D8C C60F0244 lwc1 $f15, 580($s0) |  0x09182D90 C60C0230 lwc1 $f12, 560($s0) |  0x09182D94 260501F4 addiu $a1, $s0, 500",VANILLA,WF-001
2f3e3c8d94815007925ad67e5ba4c86300ecf57cf262105869a43d99ee6ad1fb,LEVEL_03,3,Kalidon,0x00048AB0,0x091827B0,3,0x00049204,0x09182F04,0x09182F0C,0x09148080,0x09147FB4,0x00049278," 0x09182EFC 26050238 addiu $a1, $s0, 568 |  0x09182F00 C60E0240 lwc1 $f14, 576($s0) | >0x09182F04 0C0038E0 jal 0x09148080 |  0x09182F08 C60F0244 lwc1 $f15, 580($s0) |  0x09182F0C C60C0230 lwc1 $f12, 560($s0) |  0x09182F10 260501F4 addiu $a1, $s0, 500",VANILLA,WF-001
a0c9f2348b17b34ae20cd986946e9986592765755ff8bc44e8d82a6df56c3b27,LEVEL_03,3,Kalidon,0x0004CA50,0x09186750,1,0x0004D32C,0x0918702C,0x09187034,0x09148080,0x09147FB4,0x0004D3A0," 0x09187024 26040230 addiu $a0, $s0, 560 |  0x09187028 26050238 addiu $a1, $s0, 568 | >0x0918702C 0C0038E0 jal 0x09148080 |  0x09187030 C60F0244 lwc1 $f15, 580($s0) |  0x09187034 C60C0230 lwc1 $f12, 560($s0) |  0x09187038 26050204 addiu $a1, $s0, 516",VANILLA,WF-003
a50a4422a2a0366826d4c2c0aae73049d3e6d44c93e876dda92de2c52118f000,LEVEL_03,3,Kalidon,0x00054E4C,0x0918EB4C,1,0x00054EAC,0x0918EBAC,0x0918EBB4,0x09148080,0x09147FB4,0x00054F20," 0x0918EBA4 26050238 addiu $a1, $s0, 568 |  0x0918EBA8 C60E0240 lwc1 $f14, 576($s0) | >0x0918EBAC 0C0038E0 jal 0x09148080 |  0x0918EBB0 C60F0244 lwc1 $f15, 580($s0) |  0x0918EBB4 3C110009 lui $s1, 0x0009 |  0x0918EBB8 26310060 addiu $s1, $s1, 96",VANILLA,WF-004
8a86ad12960405935ae334206b60801183e4e8e77418955f63d6f096a15c82de,LEVEL_03,3,Kalidon,0x0010993C,0x0924363C,1,0x001099A4,0x092436A4,0x092436AC,0x09148080,0x09147FB4,0x00109A18," 0x0924369C 26240020 addiu $a0, $s1, 32 |  0x092436A0 26050018 addiu $a1, $s0, 24 | >0x092436A4 0C0038E0 jal 0x09148080 |  0x092436A8 C68F0008 lwc1 $f15, 8($s4) |  0x092436AC E6340024 swc1 $f20, 36($s1) |  0x092436B0 C64C0028 lwc1 $f12, 40($s2)",VANILLA,WF-008
8a86ad12960405935ae334206b60801183e4e8e77418955f63d6f096a15c82de,LEVEL_03,3,Kalidon,0x0010993C,0x0924363C,2,0x001099C4,0x092436C4,0x092436CC,0x09148080,0x09147FB4,0x00109A38," 0x092436BC 26240028 addiu $a0, $s1, 40 |  0x092436C0 2605001C addiu $a1, $s0, 28 | >0x092436C4 0C0038E0 jal 0x09148080 |  0x092436C8 C68F0008 lwc1 $f15, 8($s4) |  0x092436CC C62D0020 lwc1 $f13, 32($s1) |  0x092436D0 C62C0028 lwc1 $f12, 40($s1)",VANILLA,WF-008
968668ccd5198515cf25c2815fcfb186538f5bdd3b910ae8321fe3dde32303e0,LEVEL_03,3,Kalidon,0x00109B58,0x09243858,1,0x00109C24,0x09243924,0x0924392C,0x09148080,0x09147FB4,0x00109C98," 0x0924391C 26240020 addiu $a0, $s1, 32 |  0x09243920 26050018 addiu $a1, $s0, 24 | >0x09243924 0C0038E0 jal 0x09148080 |  0x09243928 C68F0008 lwc1 $f15, 8($s4) |  0x0924392C E6340024 swc1 $f20, 36($s1) |  0x09243930 C7AC002C lwc1 $f12, 44($sp)",VANILLA,WF-009
968668ccd5198515cf25c2815fcfb186538f5bdd3b910ae8321fe3dde32303e0,LEVEL_03,3,Kalidon,0x00109B58,0x09243858,2,0x00109C44,0x09243944,0x0924394C,0x09148080,0x09147FB4,0x00109CB8," 0x0924393C 26240028 addiu $a0, $s1, 40 |  0x09243940 2605001C addiu $a1, $s0, 28 | >0x09243944 0C0038E0 jal 0x09148080 |  0x09243948 C68F0008 lwc1 $f15, 8($s4) |  0x0924394C C62D0020 lwc1 $f13, 32($s1) |  0x09243950 C62C0028 lwc1 $f12, 40($s1)",VANILLA,WF-009
b07e66b93323e492431512dbd5e2654d2c18c232cad02595682cefe1704d88b8,LEVEL_03,3,Kalidon,0x00109E20,0x09243B20,1,0x00109E74,0x09243B74,0x09243B7C,0x09148080,0x09147FB4,0x00109EE8," 0x09243B6C 2604002C addiu $a0, $s0, 44 |  0x09243B70 26050030 addiu $a1, $s0, 48 | >0x09243B74 0C0038E0 jal 0x09148080 |  0x09243B78 C4CC1498 lwc1 $f12, 5272($a2) |  0x09243B7C C7B0002C lwc1 $f16, 44($sp) |  0x09243B80 C60F002C lwc1 $f15, 44($s0)",VANILLA,WF-007
b07e66b93323e492431512dbd5e2654d2c18c232cad02595682cefe1704d88b8,LEVEL_03,3,Kalidon,0x00109E20,0x09243B20,2,0x00109EF4,0x09243BF4,0x09243BFC,0x09148080,0x09147FB4,0x00109F68," 0x09243BEC 46008306 .word 0x46008306 |  0x09243BF0 C6AE0004 lwc1 $f14, 4($s5) | >0x09243BF4 0C0038E0 jal 0x09148080 |  0x09243BF8 C6AF0008 lwc1 $f15, 8($s5) |  0x09243BFC 44806000 .word 0x44806000 |  0x09243C00 C7AD0028 lwc1 $f13, 40($sp)",VANILLA,WF-007
b07e66b93323e492431512dbd5e2654d2c18c232cad02595682cefe1704d88b8,LEVEL_03,3,Kalidon,0x00109E20,0x09243B20,3,0x00109F1C,0x09243C1C,0x09243C24,0x09148080,0x09147FB4,0x00109F90," 0x09243C14 C6AE0004 lwc1 $f14, 4($s5) |  0x09243C18 2605001C addiu $a1, $s0, 28 | >0x09243C1C 0C0038E0 jal 0x09148080 |  0x09243C20 C6AF0008 lwc1 $f15, 8($s5) |  0x09243C24 C62C0020 lwc1 $f12, 32($s1) |  0x09243C28 C62F0028 lwc1 $f15, 40($s1)",VANILLA,WF-007
b17654bd924dce7abe0f266c545c41586d38f478330125bbd1dd2d5edeb62a1b,LEVEL_03,3,Kalidon,0x0010C7EC,0x092464EC,1,0x0010C900,0x09246600,0x09246608,0x09148080,0x09147FB4,0x0010C974," 0x092465F8 2624002C addiu $a0, $s1, 44 |  0x092465FC 26250030 addiu $a1, $s1, 48 | >0x09246600 0C0038E0 jal 0x09148080 |  0x09246604 46106302 .word 0x46106302 |  0x09246608 C7B3002C lwc1 $f19, 44($sp) |  0x0924660C C62C002C lwc1 $f12, 44($s1)",VANILLA,WF-010
b17654bd924dce7abe0f266c545c41586d38f478330125bbd1dd2d5edeb62a1b,LEVEL_03,3,Kalidon,0x0010C7EC,0x092464EC,2,0x0010C9C0,0x092466C0,0x092466C8,0x09148080,0x09147FB4,0x0010CA34," 0x092466B8 2624002C addiu $a0, $s1, 44 |  0x092466BC 26250030 addiu $a1, $s1, 48 | >0x092466C0 0C0038E0 jal 0x09148080 |  0x092466C4 C4CC1498 lwc1 $f12, 5272($a2) |  0x092466C8 C7AC002C lwc1 $f12, 44($sp) |  0x092466CC C633002C lwc1 $f19, 44($s1)",VANILLA,WF-010
0645f7b05606ef3a65fb05c30cb28b136525070194503caf482f455e63e6112b,LEVEL_03,3,Kalidon,0x00145EE0,0x0927FBE0,1,0x001461F0,0x0927FEF0,0x0927FEF8,0x09148080,0x09147FB4,0x00146264," 0x0927FEE8 26440018 addiu $a0, $s2, 24 |  0x0927FEEC 2645001C addiu $a1, $s2, 28 | >0x0927FEF0 0C0038E0 jal 0x09148080 |  0x0927FEF4 C4EF0008 lwc1 $f15, 8($a3) |  0x0927FEF8 C66C0010 lwc1 $f12, 16($s3) |  0x0927FEFC C64D0014 lwc1 $f13, 20($s2)",VANILLA,WF-016
0645f7b05606ef3a65fb05c30cb28b136525070194503caf482f455e63e6112b,LEVEL_03,3,Kalidon,0x00145EE0,0x0927FBE0,2,0x00146494,0x09280194,0x0928019C,0x09148080,0x09147FB4,0x00146508," 0x0928018C 26440018 addiu $a0, $s2, 24 |  0x09280190 2645001C addiu $a1, $s2, 28 | >0x09280194 0C0038E0 jal 0x09148080 |  0x09280198 C4EF0008 lwc1 $f15, 8($a3) |  0x0928019C C64C0018 lwc1 $f12, 24($s2) |  0x092801A0 44806800 .word 0x44806800",VANILLA,WF-016
20d6c6dc8021189eab580813fd65191e905d12e859c653f6b1d4ec833d88277e,LEVEL_03,3,Kalidon,0x00158A18,0x09292718,1,0x0015AAEC,0x092947EC,0x092947F4,0x09148080,0x09147FB4,0x0015AB60," 0x092947E4 3C063E4C lui $a2, 0x3E4C |  0x092947E8 34C6CCCE ori $a2, $a2, 52430 | >0x092947EC 0C0038E0 jal 0x09148080 |  0x092947F0 44867800 .word 0x44867800 |  0x092947F4 10000004 beq $zero, $zero, 0x09294808 |  0x092947F8 00000000 nop",VANILLA,WF-044
d3bd08bb3703acb919775ecd19683fbc9203a3192fa4d6baddfaeb3b6acd6a7b,LEVEL_03,3,Kalidon,0x0016AE04,0x092A4B04,1,0x0016C2D4,0x092A5FD4,0x092A5FDC,0x09148080,0x09147FB4,0x0016C348," 0x092A5FCC 44866000 .word 0x44866000 |  0x092A5FD0 26250034 addiu $a1, $s1, 52 | >0x092A5FD4 0C0038E0 jal 0x09148080 |  0x092A5FD8 C4EF0008 lwc1 $f15, 8($a3) |  0x092A5FDC C60C0034 lwc1 $f12, 52($s0) |  0x092A5FE0 C62D0030 lwc1 $f13, 48($s1)",VANILLA,WF-058
cda1f243ed3cc3baced794eea6410c47c7b121cbcf47c828c979d88435d7b6b7,LEVEL_03,3,Kalidon,0x00173808,0x092AD508,1,0x00173864,0x092AD564,0x092AD56C,0x09148080,0x09147FB4,0x001738D8," 0x092AD55C 2664003C addiu $a0, $s3, 60 |  0x092AD560 26650044 addiu $a1, $s3, 68 | >0x092AD564 0C0038E0 jal 0x09148080 |  0x092AD568 C66F0050 lwc1 $f15, 80($s3) |  0x092AD56C C7AC0020 lwc1 $f12, 32($sp) |  0x092AD570 C64D0030 lwc1 $f13, 48($s2)",VANILLA,WF-006
2c961f864eab9cbbc8f812799ed3dd9b2c8c46d60f6b6add12d96ae57252139c,LEVEL_03,3,Kalidon,0x00185B3C,0x092BF83C,1,0x00185E60,0x092BFB60,0x092BFB68,0x09148080,0x09147FB4,0x00185ED4," 0x092BFB58 34C64000 ori $a2, $a2, 16384 |  0x092BFB5C 26250038 addiu $a1, $s1, 56 | >0x092BFB60 0C0038E0 jal 0x09148080 |  0x092BFB64 44867800 .word 0x44867800 |  0x092BFB68 C62C0000 lwc1 $f12, 0($s1) |  0x092BFB6C C62D0004 lwc1 $f13, 4($s1)",VANILLA,WF-024
4f3d3c79217e7c044187dd74de1846b5567bcf0b2fc562ada0faa98f6b3aac18,LEVEL_03,3,Kalidon,0x001A19D0,0x092DB6D0,1,0x001A1A88,0x092DB788,0x092DB790,0x09148080,0x09147FB4,0x001A1AFC," 0x092DB780 26040034 addiu $a0, $s0, 52 |  0x092DB784 26050038 addiu $a1, $s0, 56 | >0x092DB788 0C0038E0 jal 0x09148080 |  0x092DB78C C62F0008 lwc1 $f15, 8($s1) |  0x092DB790 26060024 addiu $a2, $s0, 36 |  0x092DB794 02802025 .word 0x02802025",VANILLA,WF-012
ef8ce773c105cac024df4f5419052a7e0f7839ec6fc98bfb101f0c2adf2ff27d,LEVEL_03,3,Kalidon,0x001A2124,0x092DBE24,1,0x001A2174,0x092DBE74,0x092DBE7C,0x09148080,0x09147FB4,0x001A21E8," 0x092DBE6C E7B4002C swc1 $f20, 44($sp) |  0x092DBE70 AFBF0048 sw $ra, 72($sp) | >0x092DBE74 0C0038E0 jal 0x09148080 |  0x092DBE78 02602025 .word 0x02602025 |  0x092DBE7C C6AC0004 lwc1 $f12, 4($s5) |  0x092DBE80 C68D0000 lwc1 $f13, 0($s4)",VANILLA,WF-011
ef8ce773c105cac024df4f5419052a7e0f7839ec6fc98bfb101f0c2adf2ff27d,LEVEL_03,3,Kalidon,0x001A2124,0x092DBE24,2,0x001A2190,0x092DBE90,0x092DBE98,0x09148080,0x09147FB4,0x001A2204," 0x092DBE88 26040028 addiu $a0, $s0, 40 |  0x092DBE8C 26050030 addiu $a1, $s0, 48 | >0x092DBE90 0C0038E0 jal 0x09148080 |  0x092DBE94 C68F0008 lwc1 $f15, 8($s4) |  0x092DBE98 C60C0024 lwc1 $f12, 36($s0) |  0x092DBE9C C60D0028 lwc1 $f13, 40($s0)",VANILLA,WF-011
0de1954f42fe210579d79a0be5f187d13dfc24a29256ecfea2cd306b3a6c1546,LEVEL_04,4,Metalis,0x0000E2EC,0x09147FEC,1,0x0000E320,0x09148020,0x09148028,0x09147E54,0x09147D88,0x0000E394," 0x09148018 C60D0000 lwc1 $f13, 0($s0) |  0x0914801C C60E0004 lwc1 $f14, 4($s0) | >0x09148020 0C003855 jal 0x09147E54 |  0x09148024 C60F0008 lwc1 $f15, 8($s0) |  0x09148028 26640004 addiu $a0, $s3, 4 |  0x0914802C C62C0004 lwc1 $f12, 4($s1)",VANILLA,WF-005
0de1954f42fe210579d79a0be5f187d13dfc24a29256ecfea2cd306b3a6c1546,LEVEL_04,4,Metalis,0x0000E2EC,0x09147FEC,2,0x0000E33C,0x0914803C,0x09148044,0x09147E54,0x09147D88,0x0000E3B0," 0x09148034 C60D0000 lwc1 $f13, 0($s0) |  0x09148038 C60E0004 lwc1 $f14, 4($s0) | >0x0914803C 0C003855 jal 0x09147E54 |  0x09148040 C60F0008 lwc1 $f15, 8($s0) |  0x09148044 26640008 addiu $a0, $s3, 8 |  0x09148048 C62C0008 lwc1 $f12, 8($s1)",VANILLA,WF-005
0de1954f42fe210579d79a0be5f187d13dfc24a29256ecfea2cd306b3a6c1546,LEVEL_04,4,Metalis,0x0000E2EC,0x09147FEC,3,0x0000E358,0x09148058,0x09148060,0x09147E54,0x09147D88,0x0000E3CC," 0x09148050 C60D0000 lwc1 $f13, 0($s0) |  0x09148054 C60E0004 lwc1 $f14, 4($s0) | >0x09148058 0C003855 jal 0x09147E54 |  0x0914805C C60F0008 lwc1 $f15, 8($s0) |  0x09148060 8FB00020 lw $s0, 32($sp) |  0x09148064 8FB10024 lw $s1, 36($sp)",VANILLA,WF-005
79a53dd581d4d0841d3dba3fd01f10e49941c5aef283405a13b839bf117a9831,LEVEL_04,4,Metalis,0x0000E560,0x09148260,1,0x0000E59C,0x0914829C,0x091482A4,0x09147E54,0x09147D88,0x0000E610," 0x09148294 C62D0000 lwc1 $f13, 0($s1) |  0x09148298 C62E0004 lwc1 $f14, 4($s1) | >0x0914829C 0C003855 jal 0x09147E54 |  0x091482A0 C62F0008 lwc1 $f15, 8($s1) |  0x091482A4 4480A000 .word 0x4480A000 |  0x091482A8 E6140024 swc1 $f20, 36($s0)",VANILLA,WF-013
79a53dd581d4d0841d3dba3fd01f10e49941c5aef283405a13b839bf117a9831,LEVEL_04,4,Metalis,0x0000E560,0x09148260,2,0x0000E5C0,0x091482C0,0x091482C8,0x09147E54,0x09147D88,0x0000E634," 0x091482B8 C62E0004 lwc1 $f14, 4($s1) |  0x091482BC C62F0008 lwc1 $f15, 8($s1) | >0x091482C0 0C003855 jal 0x09147E54 |  0x091482C4 02602825 .word 0x02602825 |  0x091482C8 C60D0020 lwc1 $f13, 32($s0) |  0x091482CC 460D6B02 .word 0x460D6B02",VANILLA,WF-013
80d909ccea185b2b92de4eaeda906b378de28efe8a0015d6d7c6ef3382388145,LEVEL_04,4,Metalis,0x00010984,0x0914A684,1,0x00010C20,0x0914A920,0x0914A928,0x09147E54,0x09147D88,0x00010C94," 0x0914A918 02602025 .word 0x02602025 |  0x0914A91C 4600B306 .word 0x4600B306 | >0x0914A920 0C003855 jal 0x09147E54 |  0x0914A924 02802825 .word 0x02802825 |  0x0914A928 26040010 addiu $a0, $s0, 16 |  0x0914A92C C66C0000 lwc1 $f12, 0($s3)",VANILLA,WF-015
04dfbfd0e8658f0836f0e5363b70ea615481b1beeaceecab7571875f452a1101,LEVEL_04,4,Metalis,0x00028A10,0x09162710,1,0x00028AFC,0x091627FC,0x09162804,0x09147E54,0x09147D88,0x00028B70," 0x091627F4 C60E0004 lwc1 $f14, 4($s0) |  0x091627F8 C60F0008 lwc1 $f15, 8($s0) | >0x091627FC 0C003855 jal 0x09147E54 |  0x09162800 46106300 .word 0x46106300 |  0x09162804 10000008 beq $zero, $zero, 0x09162828 |  0x09162808 00000000 nop",VANILLA,WF-014
04dfbfd0e8658f0836f0e5363b70ea615481b1beeaceecab7571875f452a1101,LEVEL_04,4,Metalis,0x00028A10,0x09162710,2,0x00028B20,0x09162820,0x09162828,0x09147E54,0x09147D88,0x00028B94," 0x09162818 C60F0008 lwc1 $f15, 8($s0) |  0x0916281C 02402025 .word 0x02402025 | >0x09162820 0C003855 jal 0x09147E54 |  0x09162824 02202825 .word 0x02202825 |  0x09162828 10000008 beq $zero, $zero, 0x0916284C |  0x0916282C 00000000 nop",VANILLA,WF-014
04dfbfd0e8658f0836f0e5363b70ea615481b1beeaceecab7571875f452a1101,LEVEL_04,4,Metalis,0x00028A10,0x09162710,3,0x00028B44,0x09162844,0x0916284C,0x09147E54,0x09147D88,0x00028BB8," 0x0916283C C60F0008 lwc1 $f15, 8($s0) |  0x09162840 02402025 .word 0x02402025 | >0x09162844 0C003855 jal 0x09147E54 |  0x09162848 02202825 .word 0x02202825 |  0x0916284C C7B40020 lwc1 $f20, 32($sp) |  0x09162850 8FB00024 lw $s0, 36($sp)",VANILLA,WF-014
115f00033622306dcf867e183c9f6642f2f63811e567592db1eae411468321d7,LEVEL_04,4,Metalis,0x0002B91C,0x0916561C,1,0x0002B94C,0x0916564C,0x09165654,0x09147E54,0x09147D88,0x0002B9C0," 0x09165644 C60D0020 lwc1 $f13, 32($s0) |  0x09165648 C60E0024 lwc1 $f14, 36($s0) | >0x0916564C 0C003855 jal 0x09147E54 |  0x09165650 C60F0028 lwc1 $f15, 40($s0) |  0x09165654 C64C0004 lwc1 $f12, 4($s2) |  0x09165658 C60D0008 lwc1 $f13, 8($s0)",VANILLA,WF-029
fb5992a0070a91b0201d54bc93235211348c068f2727e605352e5b4579aeafc4,LEVEL_04,4,Metalis,0x0002DA40,0x09167740,1,0x0002DAAC,0x091677AC,0x091677B4,0x09147E54,0x09147D88,0x0002DB20," 0x091677A4 26040028 addiu $a0, $s0, 40 |  0x091677A8 26050048 addiu $a1, $s0, 72 | >0x091677AC 0C003855 jal 0x09147E54 |  0x091677B0 C4EF0008 lwc1 $f15, 8($a3) |  0x091677B4 27B20020 addiu $s2, $sp, 32 |  0x091677B8 C60C0028 lwc1 $f12, 40($s0)",VANILLA,WF-023
fb5992a0070a91b0201d54bc93235211348c068f2727e605352e5b4579aeafc4,LEVEL_04,4,Metalis,0x0002DA40,0x09167740,2,0x0002DC44,0x09167944,0x0916794C,0x09147E54,0x09147D88,0x0002DCB8," 0x0916793C C4CD2E08 lwc1 $f13, 11784($a2) |  0x09167940 C4EE0004 lwc1 $f14, 4($a3) | >0x09167944 0C003855 jal 0x09147E54 |  0x09167948 C4EF0008 lwc1 $f15, 8($a3) |  0x0916794C 27B20044 addiu $s2, $sp, 68 |  0x09167950 C60C0028 lwc1 $f12, 40($s0)",VANILLA,WF-023
24a2ff0a1557a72e167a4c96b6f9c801d44d4cba5af921ba5669a4084a8edf49,LEVEL_04,4,Metalis,0x0004B750,0x09185450,1,0x0004B9B0,0x091856B0,0x091856B8,0x09147E54,0x09147D88,0x0004BA24," 0x091856A8 26040248 addiu $a0, $s0, 584 |  0x091856AC 26050250 addiu $a1, $s0, 592 | >0x091856B0 0C003855 jal 0x09147E54 |  0x091856B4 C60F025C lwc1 $f15, 604($s0) |  0x091856B8 C60D0248 lwc1 $f13, 584($s0) |  0x091856BC E7B60048 swc1 $f22, 72($sp)",VANILLA,WF-002
2f3e3c8d94815007925ad67e5ba4c86300ecf57cf262105869a43d99ee6ad1fb,LEVEL_04,4,Metalis,0x0004BAE8,0x091857E8,1,0x0004C08C,0x09185D8C,0x09185D94,0x09147E54,0x09147D88,0x0004C100," 0x09185D84 26040230 addiu $a0, $s0, 560 |  0x09185D88 26050238 addiu $a1, $s0, 568 | >0x09185D8C 0C003855 jal 0x09147E54 |  0x09185D90 C60F0244 lwc1 $f15, 580($s0) |  0x09185D94 1000000C beq $zero, $zero, 0x09185DC8 |  0x09185D98 00000000 nop",VANILLA,WF-001
2f3e3c8d94815007925ad67e5ba4c86300ecf57cf262105869a43d99ee6ad1fb,LEVEL_04,4,Metalis,0x0004BAE8,0x091857E8,2,0x0004C0C0,0x09185DC0,0x09185DC8,0x09147E54,0x09147D88,0x0004C134," 0x09185DB8 26050238 addiu $a1, $s0, 568 |  0x09185DBC C60E0240 lwc1 $f14, 576($s0) | >0x09185DC0 0C003855 jal 0x09147E54 |  0x09185DC4 C60F0244 lwc1 $f15, 580($s0) |  0x09185DC8 C60C0230 lwc1 $f12, 560($s0) |  0x09185DCC 260501F4 addiu $a1, $s0, 500",VANILLA,WF-001
2f3e3c8d94815007925ad67e5ba4c86300ecf57cf262105869a43d99ee6ad1fb,LEVEL_04,4,Metalis,0x0004BAE8,0x091857E8,3,0x0004C23C,0x09185F3C,0x09185F44,0x09147E54,0x09147D88,0x0004C2B0," 0x09185F34 26050238 addiu $a1, $s0, 568 |  0x09185F38 C60E0240 lwc1 $f14, 576($s0) | >0x09185F3C 0C003855 jal 0x09147E54 |  0x09185F40 C60F0244 lwc1 $f15, 580($s0) |  0x09185F44 C60C0230 lwc1 $f12, 560($s0) |  0x09185F48 260501F4 addiu $a1, $s0, 500",VANILLA,WF-001
a0c9f2348b17b34ae20cd986946e9986592765755ff8bc44e8d82a6df56c3b27,LEVEL_04,4,Metalis,0x0004F600,0x09189300,1,0x0004FEDC,0x09189BDC,0x09189BE4,0x09147E54,0x09147D88,0x0004FF50," 0x09189BD4 26040230 addiu $a0, $s0, 560 |  0x09189BD8 26050238 addiu $a1, $s0, 568 | >0x09189BDC 0C003855 jal 0x09147E54 |  0x09189BE0 C60F0244 lwc1 $f15, 580($s0) |  0x09189BE4 C60C0230 lwc1 $f12, 560($s0) |  0x09189BE8 26050204 addiu $a1, $s0, 516",VANILLA,WF-003
a50a4422a2a0366826d4c2c0aae73049d3e6d44c93e876dda92de2c52118f000,LEVEL_04,4,Metalis,0x00057A0C,0x0919170C,1,0x00057A6C,0x0919176C,0x09191774,0x09147E54,0x09147D88,0x00057AE0," 0x09191764 26050238 addiu $a1, $s0, 568 |  0x09191768 C60E0240 lwc1 $f14, 576($s0) | >0x0919176C 0C003855 jal 0x09147E54 |  0x09191770 C60F0244 lwc1 $f15, 580($s0) |  0x09191774 3C110009 lui $s1, 0x0009 |  0x09191778 263107B0 addiu $s1, $s1, 1968",VANILLA,WF-004
0ec0cef6f2f6ad0d0161843c3498fd6f948cf213a73f2e1085d897ff4317e3ab,LEVEL_04,4,Metalis,0x000A5D40,0x091DFA40,1,0x000A5DD0,0x091DFAD0,0x091DFAD8,0x09147E54,0x09147D88,0x000A5E44," 0x091DFAC8 00A02025 .word 0x00A02025 |  0x091DFACC 46007B06 .word 0x46007B06 | >0x091DFAD0 0C003855 jal 0x09147E54 |  0x091DFAD4 00C02825 .word 0x00C02825 |  0x091DFAD8 10000008 beq $zero, $zero, 0x091DFAFC |  0x091DFADC 00000000 nop",VANILLA,WF-028
0ec0cef6f2f6ad0d0161843c3498fd6f948cf213a73f2e1085d897ff4317e3ab,LEVEL_04,4,Metalis,0x000A5D40,0x091DFA40,2,0x000A5DF4,0x091DFAF4,0x091DFAFC,0x09147E54,0x09147D88,0x000A5E68," 0x091DFAEC 00A02025 .word 0x00A02025 |  0x091DFAF0 44806000 .word 0x44806000 | >0x091DFAF4 0C003855 jal 0x09147E54 |  0x091DFAF8 00C02825 .word 0x00C02825 |  0x091DFAFC C7B40020 lwc1 $f20, 32($sp) |  0x091DFB00 C7B60024 lwc1 $f22, 36($sp)",VANILLA,WF-028
8a86ad12960405935ae334206b60801183e4e8e77418955f63d6f096a15c82de,LEVEL_04,4,Metalis,0x001126E4,0x0924C3E4,1,0x0011274C,0x0924C44C,0x0924C454,0x09147E54,0x09147D88,0x001127C0," 0x0924C444 26240020 addiu $a0, $s1, 32 |  0x0924C448 26050018 addiu $a1, $s0, 24 | >0x0924C44C 0C003855 jal 0x09147E54 |  0x0924C450 C68F0008 lwc1 $f15, 8($s4) |  0x0924C454 E6340024 swc1 $f20, 36($s1) |  0x0924C458 C64C0028 lwc1 $f12, 40($s2)",VANILLA,WF-008
8a86ad12960405935ae334206b60801183e4e8e77418955f63d6f096a15c82de,LEVEL_04,4,Metalis,0x001126E4,0x0924C3E4,2,0x0011276C,0x0924C46C,0x0924C474,0x09147E54,0x09147D88,0x001127E0," 0x0924C464 26240028 addiu $a0, $s1, 40 |  0x0924C468 2605001C addiu $a1, $s0, 28 | >0x0924C46C 0C003855 jal 0x09147E54 |  0x0924C470 C68F0008 lwc1 $f15, 8($s4) |  0x0924C474 C62D0020 lwc1 $f13, 32($s1) |  0x0924C478 C62C0028 lwc1 $f12, 40($s1)",VANILLA,WF-008
968668ccd5198515cf25c2815fcfb186538f5bdd3b910ae8321fe3dde32303e0,LEVEL_04,4,Metalis,0x00112900,0x0924C600,1,0x001129CC,0x0924C6CC,0x0924C6D4,0x09147E54,0x09147D88,0x00112A40," 0x0924C6C4 26240020 addiu $a0, $s1, 32 |  0x0924C6C8 26050018 addiu $a1, $s0, 24 | >0x0924C6CC 0C003855 jal 0x09147E54 |  0x0924C6D0 C68F0008 lwc1 $f15, 8($s4) |  0x0924C6D4 E6340024 swc1 $f20, 36($s1) |  0x0924C6D8 C7AC002C lwc1 $f12, 44($sp)",VANILLA,WF-009
968668ccd5198515cf25c2815fcfb186538f5bdd3b910ae8321fe3dde32303e0,LEVEL_04,4,Metalis,0x00112900,0x0924C600,2,0x001129EC,0x0924C6EC,0x0924C6F4,0x09147E54,0x09147D88,0x00112A60," 0x0924C6E4 26240028 addiu $a0, $s1, 40 |  0x0924C6E8 2605001C addiu $a1, $s0, 28 | >0x0924C6EC 0C003855 jal 0x09147E54 |  0x0924C6F0 C68F0008 lwc1 $f15, 8($s4) |  0x0924C6F4 C62D0020 lwc1 $f13, 32($s1) |  0x0924C6F8 C62C0028 lwc1 $f12, 40($s1)",VANILLA,WF-009
b07e66b93323e492431512dbd5e2654d2c18c232cad02595682cefe1704d88b8,LEVEL_04,4,Metalis,0x00112BC8,0x0924C8C8,1,0x00112C1C,0x0924C91C,0x0924C924,0x09147E54,0x09147D88,0x00112C90," 0x0924C914 2604002C addiu $a0, $s0, 44 |  0x0924C918 26050030 addiu $a1, $s0, 48 | >0x0924C91C 0C003855 jal 0x09147E54 |  0x0924C920 C4CCFCE0 lwc1 $f12, -800($a2) |  0x0924C924 C7B0002C lwc1 $f16, 44($sp) |  0x0924C928 C60F002C lwc1 $f15, 44($s0)",VANILLA,WF-007
b07e66b93323e492431512dbd5e2654d2c18c232cad02595682cefe1704d88b8,LEVEL_04,4,Metalis,0x00112BC8,0x0924C8C8,2,0x00112C9C,0x0924C99C,0x0924C9A4,0x09147E54,0x09147D88,0x00112D10," 0x0924C994 46008306 .word 0x46008306 |  0x0924C998 C6AE0004 lwc1 $f14, 4($s5) | >0x0924C99C 0C003855 jal 0x09147E54 |  0x0924C9A0 C6AF0008 lwc1 $f15, 8($s5) |  0x0924C9A4 44806000 .word 0x44806000 |  0x0924C9A8 C7AD0028 lwc1 $f13, 40($sp)",VANILLA,WF-007
b07e66b93323e492431512dbd5e2654d2c18c232cad02595682cefe1704d88b8,LEVEL_04,4,Metalis,0x00112BC8,0x0924C8C8,3,0x00112CC4,0x0924C9C4,0x0924C9CC,0x09147E54,0x09147D88,0x00112D38," 0x0924C9BC C6AE0004 lwc1 $f14, 4($s5) |  0x0924C9C0 2605001C addiu $a1, $s0, 28 | >0x0924C9C4 0C003855 jal 0x09147E54 |  0x0924C9C8 C6AF0008 lwc1 $f15, 8($s5) |  0x0924C9CC C62C0020 lwc1 $f12, 32($s1) |  0x0924C9D0 C62F0028 lwc1 $f15, 40($s1)",VANILLA,WF-007
b17654bd924dce7abe0f266c545c41586d38f478330125bbd1dd2d5edeb62a1b,LEVEL_04,4,Metalis,0x00115594,0x0924F294,1,0x001156A8,0x0924F3A8,0x0924F3B0,0x09147E54,0x09147D88,0x0011571C," 0x0924F3A0 2624002C addiu $a0, $s1, 44 |  0x0924F3A4 26250030 addiu $a1, $s1, 48 | >0x0924F3A8 0C003855 jal 0x09147E54 |  0x0924F3AC 46106302 .word 0x46106302 |  0x0924F3B0 C7B3002C lwc1 $f19, 44($sp) |  0x0924F3B4 C62C002C lwc1 $f12, 44($s1)",VANILLA,WF-010
b17654bd924dce7abe0f266c545c41586d38f478330125bbd1dd2d5edeb62a1b,LEVEL_04,4,Metalis,0x00115594,0x0924F294,2,0x00115768,0x0924F468,0x0924F470,0x09147E54,0x09147D88,0x001157DC," 0x0924F460 2624002C addiu $a0, $s1, 44 |  0x0924F464 26250030 addiu $a1, $s1, 48 | >0x0924F468 0C003855 jal 0x09147E54 |  0x0924F46C C4CCFCE0 lwc1 $f12, -800($a2) |  0x0924F470 C7AC002C lwc1 $f12, 44($sp) |  0x0924F474 C633002C lwc1 $f19, 44($s1)",VANILLA,WF-010
6b9db198095e448db820c826167fd6d487a30943fcc737a2dd10d6ccaf92d765,LEVEL_04,4,Metalis,0x001294D4,0x092631D4,1,0x00129630,0x09263330,0x09263338,0x09147E54,0x09147D88,0x001296A4," 0x09263328 C48F0010 lwc1 $f15, 16($a0) |  0x0926332C 26250040 addiu $a1, $s1, 64 | >0x09263330 0C003855 jal 0x09147E54 |  0x09263334 00C02025 .word 0x00C02025 |  0x09263338 3C04002E lui $a0, 0x002E |  0x0926333C C48C1BA8 lwc1 $f12, 7080($a0)",VANILLA,WF-026
6af8e220a397c04d359bbc2bbe9a89e9197b54387526b8c510a86ee3a1605bfe,LEVEL_04,4,Metalis,0x001298BC,0x092635BC,1,0x00129A2C,0x0926372C,0x09263734,0x09147E54,0x09147D88,0x00129AA0," 0x09263724 C48F0010 lwc1 $f15, 16($a0) |  0x09263728 26250040 addiu $a1, $s1, 64 | >0x0926372C 0C003855 jal 0x09147E54 |  0x09263730 00C02025 .word 0x00C02025 |  0x09263734 3C04002E lui $a0, 0x002E |  0x09263738 C48C1BA8 lwc1 $f12, 7080($a0)",VANILLA,WF-025
cda1f243ed3cc3baced794eea6410c47c7b121cbcf47c828c979d88435d7b6b7,LEVEL_04,4,Metalis,0x0016871C,0x092A241C,1,0x00168778,0x092A2478,0x092A2480,0x09147E54,0x09147D88,0x001687EC," 0x092A2470 2664003C addiu $a0, $s3, 60 |  0x092A2474 26650044 addiu $a1, $s3, 68 | >0x092A2478 0C003855 jal 0x09147E54 |  0x092A247C C66F0050 lwc1 $f15, 80($s3) |  0x092A2480 C7AC0020 lwc1 $f12, 32($sp) |  0x092A2484 C64D0030 lwc1 $f13, 48($s2)",VANILLA,WF-006
9902f5329d512e1bc1b78c27411c23309a4823f4df8d8669844c51eecb9a9eb1,LEVEL_04,4,Metalis,0x0018BFE8,0x092C5CE8,1,0x0018C7F8,0x092C64F8,0x092C6500,0x09147E54,0x09147D88,0x0018C86C," 0x092C64F0 2624001C addiu $a0, $s1, 28 |  0x092C64F4 26250020 addiu $a1, $s1, 32 | >0x092C64F8 0C003855 jal 0x09147E54 |  0x092C64FC C4EF0008 lwc1 $f15, 8($a3) |  0x092C6500 92440061 lbu $a0, 97($s2) |  0x092C6504 8E650004 lw $a1, 4($s3)",VANILLA,WF-030
4f3d3c79217e7c044187dd74de1846b5567bcf0b2fc562ada0faa98f6b3aac18,LEVEL_04,4,Metalis,0x001A0BF4,0x092DA8F4,1,0x001A0CAC,0x092DA9AC,0x092DA9B4,0x09147E54,0x09147D88,0x001A0D20," 0x092DA9A4 26040034 addiu $a0, $s0, 52 |  0x092DA9A8 26050038 addiu $a1, $s0, 56 | >0x092DA9AC 0C003855 jal 0x09147E54 |  0x092DA9B0 C62F0008 lwc1 $f15, 8($s1) |  0x092DA9B4 26060024 addiu $a2, $s0, 36 |  0x092DA9B8 02802025 .word 0x02802025",VANILLA,WF-012
ef8ce773c105cac024df4f5419052a7e0f7839ec6fc98bfb101f0c2adf2ff27d,LEVEL_04,4,Metalis,0x001A1348,0x092DB048,1,0x001A1398,0x092DB098,0x092DB0A0,0x09147E54,0x09147D88,0x001A140C," 0x092DB090 E7B4002C swc1 $f20, 44($sp) |  0x092DB094 AFBF0048 sw $ra, 72($sp) | >0x092DB098 0C003855 jal 0x09147E54 |  0x092DB09C 02602025 .word 0x02602025 |  0x092DB0A0 C6AC0004 lwc1 $f12, 4($s5) |  0x092DB0A4 C68D0000 lwc1 $f13, 0($s4)",VANILLA,WF-011
ef8ce773c105cac024df4f5419052a7e0f7839ec6fc98bfb101f0c2adf2ff27d,LEVEL_04,4,Metalis,0x001A1348,0x092DB048,2,0x001A13B4,0x092DB0B4,0x092DB0BC,0x09147E54,0x09147D88,0x001A1428," 0x092DB0AC 26040028 addiu $a0, $s0, 40 |  0x092DB0B0 26050030 addiu $a1, $s0, 48 | >0x092DB0B4 0C003855 jal 0x09147E54 |  0x092DB0B8 C68F0008 lwc1 $f15, 8($s4) |  0x092DB0BC C60C0024 lwc1 $f12, 36($s0) |  0x092DB0C0 C60D0028 lwc1 $f13, 40($s0)",VANILLA,WF-011
0de1954f42fe210579d79a0be5f187d13dfc24a29256ecfea2cd306b3a6c1546,LEVEL_05,5,Dreamtime,0x0000E4F4,0x091481F4,1,0x0000E528,0x09148228,0x09148230,0x0914805C,0x09147F90,0x0000E59C," 0x09148220 C60D0000 lwc1 $f13, 0($s0) |  0x09148224 C60E0004 lwc1 $f14, 4($s0) | >0x09148228 0C0038D7 jal 0x0914805C |  0x0914822C C60F0008 lwc1 $f15, 8($s0) |  0x09148230 26640004 addiu $a0, $s3, 4 |  0x09148234 C62C0004 lwc1 $f12, 4($s1)",VANILLA,WF-005
0de1954f42fe210579d79a0be5f187d13dfc24a29256ecfea2cd306b3a6c1546,LEVEL_05,5,Dreamtime,0x0000E4F4,0x091481F4,2,0x0000E544,0x09148244,0x0914824C,0x0914805C,0x09147F90,0x0000E5B8," 0x0914823C C60D0000 lwc1 $f13, 0($s0) |  0x09148240 C60E0004 lwc1 $f14, 4($s0) | >0x09148244 0C0038D7 jal 0x0914805C |  0x09148248 C60F0008 lwc1 $f15, 8($s0) |  0x0914824C 26640008 addiu $a0, $s3, 8 |  0x09148250 C62C0008 lwc1 $f12, 8($s1)",VANILLA,WF-005
0de1954f42fe210579d79a0be5f187d13dfc24a29256ecfea2cd306b3a6c1546,LEVEL_05,5,Dreamtime,0x0000E4F4,0x091481F4,3,0x0000E560,0x09148260,0x09148268,0x0914805C,0x09147F90,0x0000E5D4," 0x09148258 C60D0000 lwc1 $f13, 0($s0) |  0x0914825C C60E0004 lwc1 $f14, 4($s0) | >0x09148260 0C0038D7 jal 0x0914805C |  0x09148264 C60F0008 lwc1 $f15, 8($s0) |  0x09148268 8FB00020 lw $s0, 32($sp) |  0x0914826C 8FB10024 lw $s1, 36($sp)",VANILLA,WF-005
82989a6c4eecfb1fd80f59b58fa5d389533ed73d0be2863bb998cf157d578327,LEVEL_05,5,Dreamtime,0x0000E584,0x09148284,1,0x0000E5B8,0x091482B8,0x091482C0,0x0914805C,0x09147F90,0x0000E62C," 0x091482B0 C60D0000 lwc1 $f13, 0($s0) |  0x091482B4 C60E0004 lwc1 $f14, 4($s0) | >0x091482B8 0C0038D7 jal 0x0914805C |  0x091482BC C60F0008 lwc1 $f15, 8($s0) |  0x091482C0 26640004 addiu $a0, $s3, 4 |  0x091482C4 C62C0004 lwc1 $f12, 4($s1)",VANILLA,WF-018
82989a6c4eecfb1fd80f59b58fa5d389533ed73d0be2863bb998cf157d578327,LEVEL_05,5,Dreamtime,0x0000E584,0x09148284,2,0x0000E5D4,0x091482D4,0x091482DC,0x0914805C,0x09147F90,0x0000E648," 0x091482CC C60D0000 lwc1 $f13, 0($s0) |  0x091482D0 C60E0004 lwc1 $f14, 4($s0) | >0x091482D4 0C0038D7 jal 0x0914805C |  0x091482D8 C60F0008 lwc1 $f15, 8($s0) |  0x091482DC 8FB00020 lw $s0, 32($sp) |  0x091482E0 8FB10024 lw $s1, 36($sp)",VANILLA,WF-018
79a53dd581d4d0841d3dba3fd01f10e49941c5aef283405a13b839bf117a9831,LEVEL_05,5,Dreamtime,0x0000E7DC,0x091484DC,1,0x0000E818,0x09148518,0x09148520,0x0914805C,0x09147F90,0x0000E88C," 0x09148510 C62D0000 lwc1 $f13, 0($s1) |  0x09148514 C62E0004 lwc1 $f14, 4($s1) | >0x09148518 0C0038D7 jal 0x0914805C |  0x0914851C C62F0008 lwc1 $f15, 8($s1) |  0x09148520 4480A000 .word 0x4480A000 |  0x09148524 E6140024 swc1 $f20, 36($s0)",VANILLA,WF-013
79a53dd581d4d0841d3dba3fd01f10e49941c5aef283405a13b839bf117a9831,LEVEL_05,5,Dreamtime,0x0000E7DC,0x091484DC,2,0x0000E83C,0x0914853C,0x09148544,0x0914805C,0x09147F90,0x0000E8B0," 0x09148534 C62E0004 lwc1 $f14, 4($s1) |  0x09148538 C62F0008 lwc1 $f15, 8($s1) | >0x0914853C 0C0038D7 jal 0x0914805C |  0x09148540 02602825 .word 0x02602825 |  0x09148544 C60D0020 lwc1 $f13, 32($s0) |  0x09148548 460D6B02 .word 0x460D6B02",VANILLA,WF-013
752e0b48a9ee282ed55f66baedc8db0a8c289b5a6e9ca07a6da112cd10c178ec,LEVEL_05,5,Dreamtime,0x0000E8D8,0x091485D8,1,0x0000E9B8,0x091486B8,0x091486C0,0x0914805C,0x09147F90,0x0000EA2C," 0x091486B0 C66F0008 lwc1 $f15, 8($s3) |  0x091486B4 00A02025 .word 0x00A02025 | >0x091486B8 0C0038D7 jal 0x0914805C |  0x091486BC 00C02825 .word 0x00C02825 |  0x091486C0 E6140024 swc1 $f20, 36($s0) |  0x091486C4 C64C0008 lwc1 $f12, 8($s2)",VANILLA,WF-020
752e0b48a9ee282ed55f66baedc8db0a8c289b5a6e9ca07a6da112cd10c178ec,LEVEL_05,5,Dreamtime,0x0000E8D8,0x091485D8,2,0x0000E9D8,0x091486D8,0x091486E0,0x0914805C,0x09147F90,0x0000EA4C," 0x091486D0 C66E0004 lwc1 $f14, 4($s3) |  0x091486D4 C66F0008 lwc1 $f15, 8($s3) | >0x091486D8 0C0038D7 jal 0x0914805C |  0x091486DC 02202825 .word 0x02202825 |  0x091486E0 C60C0020 lwc1 $f12, 32($s0) |  0x091486E4 460C6382 .word 0x460C6382",VANILLA,WF-020
99ba6f21bd2768eaf20675803240b2d25011eaf50751c8660e6d6c0e7df0b24e,LEVEL_05,5,Dreamtime,0x00028870,0x09162570,1,0x00028960,0x09162660,0x09162668,0x0914805C,0x09147F90,0x000289D4," 0x09162658 C60E0004 lwc1 $f14, 4($s0) |  0x0916265C C60F0008 lwc1 $f15, 8($s0) | >0x09162660 0C0038D7 jal 0x0914805C |  0x09162664 46106300 .word 0x46106300 |  0x09162668 10000008 beq $zero, $zero, 0x0916268C |  0x0916266C 00000000 nop",VANILLA,WF-017
99ba6f21bd2768eaf20675803240b2d25011eaf50751c8660e6d6c0e7df0b24e,LEVEL_05,5,Dreamtime,0x00028870,0x09162570,2,0x00028984,0x09162684,0x0916268C,0x0914805C,0x09147F90,0x000289F8," 0x0916267C 26440020 addiu $a0, $s2, 32 |  0x09162680 26450024 addiu $a1, $s2, 36 | >0x09162684 0C0038D7 jal 0x0914805C |  0x09162688 C60F0008 lwc1 $f15, 8($s0) |  0x0916268C 10000009 beq $zero, $zero, 0x091626B4 |  0x09162690 C62C0020 lwc1 $f12, 32($s1)",VANILLA,WF-017
99ba6f21bd2768eaf20675803240b2d25011eaf50751c8660e6d6c0e7df0b24e,LEVEL_05,5,Dreamtime,0x00028870,0x09162570,3,0x000289A8,0x091626A8,0x091626B0,0x0914805C,0x09147F90,0x00028A1C," 0x091626A0 26440020 addiu $a0, $s2, 32 |  0x091626A4 26450024 addiu $a1, $s2, 36 | >0x091626A8 0C0038D7 jal 0x0914805C |  0x091626AC C60F0008 lwc1 $f15, 8($s0) |  0x091626B0 C62C0020 lwc1 $f12, 32($s1) |  0x091626B4 C62D0024 lwc1 $f13, 36($s1)",VANILLA,WF-017
f8ea386972e1b50a30daf2f7db5ba41bb74d52f776f669f8474fee809046ab70,LEVEL_05,5,Dreamtime,0x0002992C,0x0916362C,1,0x0002997C,0x0916367C,0x09163684,0x0914805C,0x09147F90,0x000299F0," 0x09163674 AFB50080 sw $s5, 128($sp) |  0x09163678 AFBF0084 sw $ra, 132($sp) | >0x0916367C 0C0038D7 jal 0x0914805C |  0x09163680 C64F0008 lwc1 $f15, 8($s2) |  0x09163684 32640020 andi $a0, $s3, 32 |  0x09163688 14800008 bne $a0, $zero, 0x091636AC",VANILLA,WF-022
24a2ff0a1557a72e167a4c96b6f9c801d44d4cba5af921ba5669a4084a8edf49,LEVEL_05,5,Dreamtime,0x00047CD8,0x091819D8,1,0x00047F38,0x09181C38,0x09181C40,0x0914805C,0x09147F90,0x00047FAC," 0x09181C30 26040248 addiu $a0, $s0, 584 |  0x09181C34 26050250 addiu $a1, $s0, 592 | >0x09181C38 0C0038D7 jal 0x0914805C |  0x09181C3C C60F025C lwc1 $f15, 604($s0) |  0x09181C40 C60D0248 lwc1 $f13, 584($s0) |  0x09181C44 E7B60048 swc1 $f22, 72($sp)",VANILLA,WF-002
2f3e3c8d94815007925ad67e5ba4c86300ecf57cf262105869a43d99ee6ad1fb,LEVEL_05,5,Dreamtime,0x00048070,0x09181D70,1,0x00048614,0x09182314,0x0918231C,0x0914805C,0x09147F90,0x00048688," 0x0918230C 26040230 addiu $a0, $s0, 560 |  0x09182310 26050238 addiu $a1, $s0, 568 | >0x09182314 0C0038D7 jal 0x0914805C |  0x09182318 C60F0244 lwc1 $f15, 580($s0) |  0x0918231C 1000000C beq $zero, $zero, 0x09182350 |  0x09182320 00000000 nop",VANILLA,WF-001
2f3e3c8d94815007925ad67e5ba4c86300ecf57cf262105869a43d99ee6ad1fb,LEVEL_05,5,Dreamtime,0x00048070,0x09181D70,2,0x00048648,0x09182348,0x09182350,0x0914805C,0x09147F90,0x000486BC," 0x09182340 26050238 addiu $a1, $s0, 568 |  0x09182344 C60E0240 lwc1 $f14, 576($s0) | >0x09182348 0C0038D7 jal 0x0914805C |  0x0918234C C60F0244 lwc1 $f15, 580($s0) |  0x09182350 C60C0230 lwc1 $f12, 560($s0) |  0x09182354 260501F4 addiu $a1, $s0, 500",VANILLA,WF-001
2f3e3c8d94815007925ad67e5ba4c86300ecf57cf262105869a43d99ee6ad1fb,LEVEL_05,5,Dreamtime,0x00048070,0x09181D70,3,0x000487C4,0x091824C4,0x091824CC,0x0914805C,0x09147F90,0x00048838," 0x091824BC 26050238 addiu $a1, $s0, 568 |  0x091824C0 C60E0240 lwc1 $f14, 576($s0) | >0x091824C4 0C0038D7 jal 0x0914805C |  0x091824C8 C60F0244 lwc1 $f15, 580($s0) |  0x091824CC C60C0230 lwc1 $f12, 560($s0) |  0x091824D0 260501F4 addiu $a1, $s0, 500",VANILLA,WF-001
a0c9f2348b17b34ae20cd986946e9986592765755ff8bc44e8d82a6df56c3b27,LEVEL_05,5,Dreamtime,0x0004BB88,0x09185888,1,0x0004C464,0x09186164,0x0918616C,0x0914805C,0x09147F90,0x0004C4D8," 0x0918615C 26040230 addiu $a0, $s0, 560 |  0x09186160 26050238 addiu $a1, $s0, 568 | >0x09186164 0C0038D7 jal 0x0914805C |  0x09186168 C60F0244 lwc1 $f15, 580($s0) |  0x0918616C C60C0230 lwc1 $f12, 560($s0) |  0x09186170 26050204 addiu $a1, $s0, 516",VANILLA,WF-003
a50a4422a2a0366826d4c2c0aae73049d3e6d44c93e876dda92de2c52118f000,LEVEL_05,5,Dreamtime,0x00053F78,0x0918DC78,1,0x00053FD8,0x0918DCD8,0x0918DCE0,0x0914805C,0x09147F90,0x0005404C," 0x0918DCD0 26050238 addiu $a1, $s0, 568 |  0x0918DCD4 C60E0240 lwc1 $f14, 576($s0) | >0x0918DCD8 0C0038D7 jal 0x0914805C |  0x0918DCDC C60F0244 lwc1 $f15, 580($s0) |  0x0918DCE0 3C11000A lui $s1, 0x000A |  0x0918DCE4 2631B060 addiu $s1, $s1, -20384",VANILLA,WF-004
8a86ad12960405935ae334206b60801183e4e8e77418955f63d6f096a15c82de,LEVEL_05,5,Dreamtime,0x0010747C,0x0924117C,1,0x001074E4,0x092411E4,0x092411EC,0x0914805C,0x09147F90,0x00107558," 0x092411DC 26240020 addiu $a0, $s1, 32 |  0x092411E0 26050018 addiu $a1, $s0, 24 | >0x092411E4 0C0038D7 jal 0x0914805C |  0x092411E8 C68F0008 lwc1 $f15, 8($s4) |  0x092411EC E6340024 swc1 $f20, 36($s1) |  0x092411F0 C64C0028 lwc1 $f12, 40($s2)",VANILLA,WF-008
8a86ad12960405935ae334206b60801183e4e8e77418955f63d6f096a15c82de,LEVEL_05,5,Dreamtime,0x0010747C,0x0924117C,2,0x00107504,0x09241204,0x0924120C,0x0914805C,0x09147F90,0x00107578," 0x092411FC 26240028 addiu $a0, $s1, 40 |  0x09241200 2605001C addiu $a1, $s0, 28 | >0x09241204 0C0038D7 jal 0x0914805C |  0x09241208 C68F0008 lwc1 $f15, 8($s4) |  0x0924120C C62D0020 lwc1 $f13, 32($s1) |  0x09241210 C62C0028 lwc1 $f12, 40($s1)",VANILLA,WF-008
968668ccd5198515cf25c2815fcfb186538f5bdd3b910ae8321fe3dde32303e0,LEVEL_05,5,Dreamtime,0x00107698,0x09241398,1,0x00107764,0x09241464,0x0924146C,0x0914805C,0x09147F90,0x001077D8," 0x0924145C 26240020 addiu $a0, $s1, 32 |  0x09241460 26050018 addiu $a1, $s0, 24 | >0x09241464 0C0038D7 jal 0x0914805C |  0x09241468 C68F0008 lwc1 $f15, 8($s4) |  0x0924146C E6340024 swc1 $f20, 36($s1) |  0x09241470 C7AC002C lwc1 $f12, 44($sp)",VANILLA,WF-009
968668ccd5198515cf25c2815fcfb186538f5bdd3b910ae8321fe3dde32303e0,LEVEL_05,5,Dreamtime,0x00107698,0x09241398,2,0x00107784,0x09241484,0x0924148C,0x0914805C,0x09147F90,0x001077F8," 0x0924147C 26240028 addiu $a0, $s1, 40 |  0x09241480 2605001C addiu $a1, $s0, 28 | >0x09241484 0C0038D7 jal 0x0914805C |  0x09241488 C68F0008 lwc1 $f15, 8($s4) |  0x0924148C C62D0020 lwc1 $f13, 32($s1) |  0x09241490 C62C0028 lwc1 $f12, 40($s1)",VANILLA,WF-009
b07e66b93323e492431512dbd5e2654d2c18c232cad02595682cefe1704d88b8,LEVEL_05,5,Dreamtime,0x00107960,0x09241660,1,0x001079B4,0x092416B4,0x092416BC,0x0914805C,0x09147F90,0x00107A28," 0x092416AC 2604002C addiu $a0, $s0, 44 |  0x092416B0 26050030 addiu $a1, $s0, 48 | >0x092416B4 0C0038D7 jal 0x0914805C |  0x092416B8 C4CCA160 lwc1 $f12, -24224($a2) |  0x092416BC C7B0002C lwc1 $f16, 44($sp) |  0x092416C0 C60F002C lwc1 $f15, 44($s0)",VANILLA,WF-007
b07e66b93323e492431512dbd5e2654d2c18c232cad02595682cefe1704d88b8,LEVEL_05,5,Dreamtime,0x00107960,0x09241660,2,0x00107A34,0x09241734,0x0924173C,0x0914805C,0x09147F90,0x00107AA8," 0x0924172C 46008306 .word 0x46008306 |  0x09241730 C6AE0004 lwc1 $f14, 4($s5) | >0x09241734 0C0038D7 jal 0x0914805C |  0x09241738 C6AF0008 lwc1 $f15, 8($s5) |  0x0924173C 44806000 .word 0x44806000 |  0x09241740 C7AD0028 lwc1 $f13, 40($sp)",VANILLA,WF-007
b07e66b93323e492431512dbd5e2654d2c18c232cad02595682cefe1704d88b8,LEVEL_05,5,Dreamtime,0x00107960,0x09241660,3,0x00107A5C,0x0924175C,0x09241764,0x0914805C,0x09147F90,0x00107AD0," 0x09241754 C6AE0004 lwc1 $f14, 4($s5) |  0x09241758 2605001C addiu $a1, $s0, 28 | >0x0924175C 0C0038D7 jal 0x0914805C |  0x09241760 C6AF0008 lwc1 $f15, 8($s5) |  0x09241764 C62C0020 lwc1 $f12, 32($s1) |  0x09241768 C62F0028 lwc1 $f15, 40($s1)",VANILLA,WF-007
b17654bd924dce7abe0f266c545c41586d38f478330125bbd1dd2d5edeb62a1b,LEVEL_05,5,Dreamtime,0x0010A32C,0x0924402C,1,0x0010A440,0x09244140,0x09244148,0x0914805C,0x09147F90,0x0010A4B4," 0x09244138 2624002C addiu $a0, $s1, 44 |  0x0924413C 26250030 addiu $a1, $s1, 48 | >0x09244140 0C0038D7 jal 0x0914805C |  0x09244144 46106302 .word 0x46106302 |  0x09244148 C7B3002C lwc1 $f19, 44($sp) |  0x0924414C C62C002C lwc1 $f12, 44($s1)",VANILLA,WF-010
b17654bd924dce7abe0f266c545c41586d38f478330125bbd1dd2d5edeb62a1b,LEVEL_05,5,Dreamtime,0x0010A32C,0x0924402C,2,0x0010A500,0x09244200,0x09244208,0x0914805C,0x09147F90,0x0010A574," 0x092441F8 2624002C addiu $a0, $s1, 44 |  0x092441FC 26250030 addiu $a1, $s1, 48 | >0x09244200 0C0038D7 jal 0x0914805C |  0x09244204 C4CCA160 lwc1 $f12, -24224($a2) |  0x09244208 C7AC002C lwc1 $f12, 44($sp) |  0x0924420C C633002C lwc1 $f19, 44($s1)",VANILLA,WF-010
543663c4f67a7b1458895453dc1287f2b1a80a65373c0c291eb5cfe71ab20f10,LEVEL_05,5,Dreamtime,0x001338A4,0x0926D5A4,1,0x001338F0,0x0926D5F0,0x0926D5F8,0x0914805C,0x09147F90,0x00133964," 0x0926D5E8 AFB60074 sw $s6, 116($sp) |  0x0926D5EC AFBF0078 sw $ra, 120($sp) | >0x0926D5F0 0C0038D7 jal 0x0914805C |  0x0926D5F4 C4EF0008 lwc1 $f15, 8($a3) |  0x0926D5F8 27A5002C addiu $a1, $sp, 44 |  0x0926D5FC 0C04CF9F jal 0x0926DB7C",VANILLA,WF-050
48c3524504537787da8776a92574bfc8ec9a075d454b983643cc737acfb93d30,LEVEL_05,5,Dreamtime,0x00143354,0x0927D054,1,0x00143390,0x0927D090,0x0927D098,0x0914805C,0x09147F90,0x00143404," 0x0927D088 AFB20068 sw $s2, 104($sp) |  0x0927D08C AFBF006C sw $ra, 108($sp) | >0x0927D090 0C0038D7 jal 0x0914805C |  0x0927D094 C4CC04A4 lwc1 $f12, 1188($a2) |  0x0927D098 27B20020 addiu $s2, $sp, 32 |  0x0927D09C 3C06002C lui $a2, 0x002C",VANILLA,WF-048
b78973eea2db01817d93c7539546d186135abd26640f3a89700ba1a705c375ca,LEVEL_05,5,Dreamtime,0x00143D14,0x0927DA14,1,0x00143EF4,0x0927DBF4,0x0927DBFC,0x0914805C,0x09147F90,0x00143F68," 0x0927DBEC 26040070 addiu $a0, $s0, 112 |  0x0927DBF0 2645002C addiu $a1, $s2, 44 | >0x0927DBF4 0C0038D7 jal 0x0914805C |  0x0927DBF8 C4CC05D4 lwc1 $f12, 1492($a2) |  0x0927DBFC 26450024 addiu $a1, $s2, 36 |  0x0927DC00 26460028 addiu $a2, $s2, 40",VANILLA,WF-056
cda1f243ed3cc3baced794eea6410c47c7b121cbcf47c828c979d88435d7b6b7,LEVEL_05,5,Dreamtime,0x0015BB4C,0x0929584C,1,0x0015BBA8,0x092958A8,0x092958B0,0x0914805C,0x09147F90,0x0015BC1C," 0x092958A0 2664003C addiu $a0, $s3, 60 |  0x092958A4 26650044 addiu $a1, $s3, 68 | >0x092958A8 0C0038D7 jal 0x0914805C |  0x092958AC C66F0050 lwc1 $f15, 80($s3) |  0x092958B0 C7AC0020 lwc1 $f12, 32($sp) |  0x092958B4 C64D0030 lwc1 $f13, 48($s2)",VANILLA,WF-006
5d54a6ba6887902b05951c6e2acd18585993b61cde7dcbbd896f130f8c09da3a,LEVEL_05,5,Dreamtime,0x0016669C,0x092A039C,1,0x001667A8,0x092A04A8,0x092A04B0,0x0914805C,0x09147F90,0x0016681C," 0x092A04A0 02202825 .word 0x02202825 |  0x092A04A4 46006346 .word 0x46006346 | >0x092A04A8 0C0038D7 jal 0x0914805C |  0x092A04AC C7AC0020 lwc1 $f12, 32($sp) |  0x092A04B0 C7AC0024 lwc1 $f12, 36($sp) |  0x092A04B4 C66D3130 lwc1 $f13, 12592($s3)",VANILLA,WF-027
5d54a6ba6887902b05951c6e2acd18585993b61cde7dcbbd896f130f8c09da3a,LEVEL_05,5,Dreamtime,0x0016669C,0x092A039C,2,0x001667C4,0x092A04C4,0x092A04CC,0x0914805C,0x09147F90,0x00166838," 0x092A04BC 26240014 addiu $a0, $s1, 20 |  0x092A04C0 26250008 addiu $a1, $s1, 8 | >0x092A04C4 0C0038D7 jal 0x0914805C |  0x092A04C8 C68F0008 lwc1 $f15, 8($s4) |  0x092A04CC C62C0010 lwc1 $f12, 16($s1) |  0x092A04D0 C62D0014 lwc1 $f13, 20($s1)",VANILLA,WF-027
5d54a6ba6887902b05951c6e2acd18585993b61cde7dcbbd896f130f8c09da3a,LEVEL_05,5,Dreamtime,0x0016669C,0x092A039C,3,0x00166AAC,0x092A07AC,0x092A07B4,0x0914805C,0x09147F90,0x00166B20," 0x092A07A4 46006346 .word 0x46006346 |  0x092A07A8 02402025 .word 0x02402025 | >0x092A07AC 0C0038D7 jal 0x0914805C |  0x092A07B0 C4CC3120 lwc1 $f12, 12576($a2) |  0x092A07B4 10000020 beq $zero, $zero, 0x092A0838 |  0x092A07B8 C62C001C lwc1 $f12, 28($s1)",VANILLA,WF-027
5d54a6ba6887902b05951c6e2acd18585993b61cde7dcbbd896f130f8c09da3a,LEVEL_05,5,Dreamtime,0x0016669C,0x092A039C,4,0x00166AD0,0x092A07D0,0x092A07D8,0x0914805C,0x09147F90,0x00166B44," 0x092A07C8 02402025 .word 0x02402025 |  0x092A07CC 46006346 .word 0x46006346 | >0x092A07D0 0C0038D7 jal 0x0914805C |  0x092A07D4 4600C306 .word 0x4600C306 |  0x092A07D8 C62C001C lwc1 $f12, 28($s1) |  0x092A07DC 3C04002C lui $a0, 0x002C",VANILLA,WF-027
5d54a6ba6887902b05951c6e2acd18585993b61cde7dcbbd896f130f8c09da3a,LEVEL_05,5,Dreamtime,0x0016669C,0x092A039C,5,0x00166B9C,0x092A089C,0x092A08A4,0x0914805C,0x09147F90,0x00166C10," 0x092A0894 2624001C addiu $a0, $s1, 28 |  0x092A0898 26250020 addiu $a1, $s1, 32 | >0x092A089C 0C0038D7 jal 0x0914805C |  0x092A08A0 C4CC312C lwc1 $f12, 12588($a2) |  0x092A08A4 C6180034 lwc1 $f24, 52($s0) |  0x092A08A8 C62C001C lwc1 $f12, 28($s1)",VANILLA,WF-027
4f3d3c79217e7c044187dd74de1846b5567bcf0b2fc562ada0faa98f6b3aac18,LEVEL_05,5,Dreamtime,0x0017F84C,0x092B954C,1,0x0017F904,0x092B9604,0x092B960C,0x0914805C,0x09147F90,0x0017F978," 0x092B95FC 26040034 addiu $a0, $s0, 52 |  0x092B9600 26050038 addiu $a1, $s0, 56 | >0x092B9604 0C0038D7 jal 0x0914805C |  0x092B9608 C62F0008 lwc1 $f15, 8($s1) |  0x092B960C 26060024 addiu $a2, $s0, 36 |  0x092B9610 02802025 .word 0x02802025",VANILLA,WF-012
ef8ce773c105cac024df4f5419052a7e0f7839ec6fc98bfb101f0c2adf2ff27d,LEVEL_05,5,Dreamtime,0x0017FFA0,0x092B9CA0,1,0x0017FFF0,0x092B9CF0,0x092B9CF8,0x0914805C,0x09147F90,0x00180064," 0x092B9CE8 E7B4002C swc1 $f20, 44($sp) |  0x092B9CEC AFBF0048 sw $ra, 72($sp) | >0x092B9CF0 0C0038D7 jal 0x0914805C |  0x092B9CF4 02602025 .word 0x02602025 |  0x092B9CF8 C6AC0004 lwc1 $f12, 4($s5) |  0x092B9CFC C68D0000 lwc1 $f13, 0($s4)",VANILLA,WF-011
ef8ce773c105cac024df4f5419052a7e0f7839ec6fc98bfb101f0c2adf2ff27d,LEVEL_05,5,Dreamtime,0x0017FFA0,0x092B9CA0,2,0x0018000C,0x092B9D0C,0x092B9D14,0x0914805C,0x09147F90,0x00180080," 0x092B9D04 26040028 addiu $a0, $s0, 40 |  0x092B9D08 26050030 addiu $a1, $s0, 48 | >0x092B9D0C 0C0038D7 jal 0x0914805C |  0x092B9D10 C68F0008 lwc1 $f15, 8($s4) |  0x092B9D14 C60C0024 lwc1 $f12, 36($s0) |  0x092B9D18 C60D0028 lwc1 $f13, 40($s0)",VANILLA,WF-011
0de1954f42fe210579d79a0be5f187d13dfc24a29256ecfea2cd306b3a6c1546,LEVEL_06,6,Medical Outpost Omega,0x0000E35C,0x0914805C,1,0x0000E390,0x09148090,0x09148098,0x09147EC4,0x09147DF8,0x0000E404," 0x09148088 C60D0000 lwc1 $f13, 0($s0) |  0x0914808C C60E0004 lwc1 $f14, 4($s0) | >0x09148090 0C003871 jal 0x09147EC4 |  0x09148094 C60F0008 lwc1 $f15, 8($s0) |  0x09148098 26640004 addiu $a0, $s3, 4 |  0x0914809C C62C0004 lwc1 $f12, 4($s1)",VANILLA,WF-005
0de1954f42fe210579d79a0be5f187d13dfc24a29256ecfea2cd306b3a6c1546,LEVEL_06,6,Medical Outpost Omega,0x0000E35C,0x0914805C,2,0x0000E3AC,0x091480AC,0x091480B4,0x09147EC4,0x09147DF8,0x0000E420," 0x091480A4 C60D0000 lwc1 $f13, 0($s0) |  0x091480A8 C60E0004 lwc1 $f14, 4($s0) | >0x091480AC 0C003871 jal 0x09147EC4 |  0x091480B0 C60F0008 lwc1 $f15, 8($s0) |  0x091480B4 26640008 addiu $a0, $s3, 8 |  0x091480B8 C62C0008 lwc1 $f12, 8($s1)",VANILLA,WF-005
0de1954f42fe210579d79a0be5f187d13dfc24a29256ecfea2cd306b3a6c1546,LEVEL_06,6,Medical Outpost Omega,0x0000E35C,0x0914805C,3,0x0000E3C8,0x091480C8,0x091480D0,0x09147EC4,0x09147DF8,0x0000E43C," 0x091480C0 C60D0000 lwc1 $f13, 0($s0) |  0x091480C4 C60E0004 lwc1 $f14, 4($s0) | >0x091480C8 0C003871 jal 0x09147EC4 |  0x091480CC C60F0008 lwc1 $f15, 8($s0) |  0x091480D0 8FB00020 lw $s0, 32($sp) |  0x091480D4 8FB10024 lw $s1, 36($sp)",VANILLA,WF-005
79a53dd581d4d0841d3dba3fd01f10e49941c5aef283405a13b839bf117a9831,LEVEL_06,6,Medical Outpost Omega,0x0000E5D0,0x091482D0,1,0x0000E60C,0x0914830C,0x09148314,0x09147EC4,0x09147DF8,0x0000E680," 0x09148304 C62D0000 lwc1 $f13, 0($s1) |  0x09148308 C62E0004 lwc1 $f14, 4($s1) | >0x0914830C 0C003871 jal 0x09147EC4 |  0x09148310 C62F0008 lwc1 $f15, 8($s1) |  0x09148314 4480A000 .word 0x4480A000 |  0x09148318 E6140024 swc1 $f20, 36($s0)",VANILLA,WF-013
79a53dd581d4d0841d3dba3fd01f10e49941c5aef283405a13b839bf117a9831,LEVEL_06,6,Medical Outpost Omega,0x0000E5D0,0x091482D0,2,0x0000E630,0x09148330,0x09148338,0x09147EC4,0x09147DF8,0x0000E6A4," 0x09148328 C62E0004 lwc1 $f14, 4($s1) |  0x0914832C C62F0008 lwc1 $f15, 8($s1) | >0x09148330 0C003871 jal 0x09147EC4 |  0x09148334 02602825 .word 0x02602825 |  0x09148338 C60D0020 lwc1 $f13, 32($s0) |  0x0914833C 460D6B02 .word 0x460D6B02",VANILLA,WF-013
04dfbfd0e8658f0836f0e5363b70ea615481b1beeaceecab7571875f452a1101,LEVEL_06,6,Medical Outpost Omega,0x00027688,0x09161388,1,0x00027774,0x09161474,0x0916147C,0x09147EC4,0x09147DF8,0x000277E8," 0x0916146C C60E0004 lwc1 $f14, 4($s0) |  0x09161470 C60F0008 lwc1 $f15, 8($s0) | >0x09161474 0C003871 jal 0x09147EC4 |  0x09161478 46106300 .word 0x46106300 |  0x0916147C 10000008 beq $zero, $zero, 0x091614A0 |  0x09161480 00000000 nop",VANILLA,WF-014
04dfbfd0e8658f0836f0e5363b70ea615481b1beeaceecab7571875f452a1101,LEVEL_06,6,Medical Outpost Omega,0x00027688,0x09161388,2,0x00027798,0x09161498,0x091614A0,0x09147EC4,0x09147DF8,0x0002780C," 0x09161490 C60F0008 lwc1 $f15, 8($s0) |  0x09161494 02402025 .word 0x02402025 | >0x09161498 0C003871 jal 0x09147EC4 |  0x0916149C 02202825 .word 0x02202825 |  0x091614A0 10000008 beq $zero, $zero, 0x091614C4 |  0x091614A4 00000000 nop",VANILLA,WF-014
04dfbfd0e8658f0836f0e5363b70ea615481b1beeaceecab7571875f452a1101,LEVEL_06,6,Medical Outpost Omega,0x00027688,0x09161388,3,0x000277BC,0x091614BC,0x091614C4,0x09147EC4,0x09147DF8,0x00027830," 0x091614B4 C60F0008 lwc1 $f15, 8($s0) |  0x091614B8 02402025 .word 0x02402025 | >0x091614BC 0C003871 jal 0x09147EC4 |  0x091614C0 02202825 .word 0x02202825 |  0x091614C4 C7B40020 lwc1 $f20, 32($sp) |  0x091614C8 8FB00024 lw $s0, 36($sp)",VANILLA,WF-014
24a2ff0a1557a72e167a4c96b6f9c801d44d4cba5af921ba5669a4084a8edf49,LEVEL_06,6,Medical Outpost Omega,0x00046E34,0x09180B34,1,0x00047094,0x09180D94,0x09180D9C,0x09147EC4,0x09147DF8,0x00047108," 0x09180D8C 26040248 addiu $a0, $s0, 584 |  0x09180D90 26050250 addiu $a1, $s0, 592 | >0x09180D94 0C003871 jal 0x09147EC4 |  0x09180D98 C60F025C lwc1 $f15, 604($s0) |  0x09180D9C C60D0248 lwc1 $f13, 584($s0) |  0x09180DA0 E7B60048 swc1 $f22, 72($sp)",VANILLA,WF-002
2f3e3c8d94815007925ad67e5ba4c86300ecf57cf262105869a43d99ee6ad1fb,LEVEL_06,6,Medical Outpost Omega,0x000471CC,0x09180ECC,1,0x00047770,0x09181470,0x09181478,0x09147EC4,0x09147DF8,0x000477E4," 0x09181468 26040230 addiu $a0, $s0, 560 |  0x0918146C 26050238 addiu $a1, $s0, 568 | >0x09181470 0C003871 jal 0x09147EC4 |  0x09181474 C60F0244 lwc1 $f15, 580($s0) |  0x09181478 1000000C beq $zero, $zero, 0x091814AC |  0x0918147C 00000000 nop",VANILLA,WF-001
2f3e3c8d94815007925ad67e5ba4c86300ecf57cf262105869a43d99ee6ad1fb,LEVEL_06,6,Medical Outpost Omega,0x000471CC,0x09180ECC,2,0x000477A4,0x091814A4,0x091814AC,0x09147EC4,0x09147DF8,0x00047818," 0x0918149C 26050238 addiu $a1, $s0, 568 |  0x091814A0 C60E0240 lwc1 $f14, 576($s0) | >0x091814A4 0C003871 jal 0x09147EC4 |  0x091814A8 C60F0244 lwc1 $f15, 580($s0) |  0x091814AC C60C0230 lwc1 $f12, 560($s0) |  0x091814B0 260501F4 addiu $a1, $s0, 500",VANILLA,WF-001
2f3e3c8d94815007925ad67e5ba4c86300ecf57cf262105869a43d99ee6ad1fb,LEVEL_06,6,Medical Outpost Omega,0x000471CC,0x09180ECC,3,0x00047920,0x09181620,0x09181628,0x09147EC4,0x09147DF8,0x00047994," 0x09181618 26050238 addiu $a1, $s0, 568 |  0x0918161C C60E0240 lwc1 $f14, 576($s0) | >0x09181620 0C003871 jal 0x09147EC4 |  0x09181624 C60F0244 lwc1 $f15, 580($s0) |  0x09181628 C60C0230 lwc1 $f12, 560($s0) |  0x0918162C 260501F4 addiu $a1, $s0, 500",VANILLA,WF-001
a0c9f2348b17b34ae20cd986946e9986592765755ff8bc44e8d82a6df56c3b27,LEVEL_06,6,Medical Outpost Omega,0x0004B16C,0x09184E6C,1,0x0004BA48,0x09185748,0x09185750,0x09147EC4,0x09147DF8,0x0004BABC," 0x09185740 26040230 addiu $a0, $s0, 560 |  0x09185744 26050238 addiu $a1, $s0, 568 | >0x09185748 0C003871 jal 0x09147EC4 |  0x0918574C C60F0244 lwc1 $f15, 580($s0) |  0x09185750 C60C0230 lwc1 $f12, 560($s0) |  0x09185754 26050204 addiu $a1, $s0, 516",VANILLA,WF-003
a50a4422a2a0366826d4c2c0aae73049d3e6d44c93e876dda92de2c52118f000,LEVEL_06,6,Medical Outpost Omega,0x0005355C,0x0918D25C,1,0x000535BC,0x0918D2BC,0x0918D2C4,0x09147EC4,0x09147DF8,0x00053630," 0x0918D2B4 26050238 addiu $a1, $s0, 568 |  0x0918D2B8 C60E0240 lwc1 $f14, 576($s0) | >0x0918D2BC 0C003871 jal 0x09147EC4 |  0x0918D2C0 C60F0244 lwc1 $f15, 580($s0) |  0x0918D2C4 3C110009 lui $s1, 0x0009 |  0x0918D2C8 2631FE20 addiu $s1, $s1, -480",VANILLA,WF-004
8a86ad12960405935ae334206b60801183e4e8e77418955f63d6f096a15c82de,LEVEL_06,6,Medical Outpost Omega,0x00102CF8,0x0923C9F8,1,0x00102D60,0x0923CA60,0x0923CA68,0x09147EC4,0x09147DF8,0x00102DD4," 0x0923CA58 26240020 addiu $a0, $s1, 32 |  0x0923CA5C 26050018 addiu $a1, $s0, 24 | >0x0923CA60 0C003871 jal 0x09147EC4 |  0x0923CA64 C68F0008 lwc1 $f15, 8($s4) |  0x0923CA68 E6340024 swc1 $f20, 36($s1) |  0x0923CA6C C64C0028 lwc1 $f12, 40($s2)",VANILLA,WF-008
8a86ad12960405935ae334206b60801183e4e8e77418955f63d6f096a15c82de,LEVEL_06,6,Medical Outpost Omega,0x00102CF8,0x0923C9F8,2,0x00102D80,0x0923CA80,0x0923CA88,0x09147EC4,0x09147DF8,0x00102DF4," 0x0923CA78 26240028 addiu $a0, $s1, 40 |  0x0923CA7C 2605001C addiu $a1, $s0, 28 | >0x0923CA80 0C003871 jal 0x09147EC4 |  0x0923CA84 C68F0008 lwc1 $f15, 8($s4) |  0x0923CA88 C62D0020 lwc1 $f13, 32($s1) |  0x0923CA8C C62C0028 lwc1 $f12, 40($s1)",VANILLA,WF-008
968668ccd5198515cf25c2815fcfb186538f5bdd3b910ae8321fe3dde32303e0,LEVEL_06,6,Medical Outpost Omega,0x00102F14,0x0923CC14,1,0x00102FE0,0x0923CCE0,0x0923CCE8,0x09147EC4,0x09147DF8,0x00103054," 0x0923CCD8 26240020 addiu $a0, $s1, 32 |  0x0923CCDC 26050018 addiu $a1, $s0, 24 | >0x0923CCE0 0C003871 jal 0x09147EC4 |  0x0923CCE4 C68F0008 lwc1 $f15, 8($s4) |  0x0923CCE8 E6340024 swc1 $f20, 36($s1) |  0x0923CCEC C7AC002C lwc1 $f12, 44($sp)",VANILLA,WF-009
968668ccd5198515cf25c2815fcfb186538f5bdd3b910ae8321fe3dde32303e0,LEVEL_06,6,Medical Outpost Omega,0x00102F14,0x0923CC14,2,0x00103000,0x0923CD00,0x0923CD08,0x09147EC4,0x09147DF8,0x00103074," 0x0923CCF8 26240028 addiu $a0, $s1, 40 |  0x0923CCFC 2605001C addiu $a1, $s0, 28 | >0x0923CD00 0C003871 jal 0x09147EC4 |  0x0923CD04 C68F0008 lwc1 $f15, 8($s4) |  0x0923CD08 C62D0020 lwc1 $f13, 32($s1) |  0x0923CD0C C62C0028 lwc1 $f12, 40($s1)",VANILLA,WF-009
b07e66b93323e492431512dbd5e2654d2c18c232cad02595682cefe1704d88b8,LEVEL_06,6,Medical Outpost Omega,0x001031DC,0x0923CEDC,1,0x00103230,0x0923CF30,0x0923CF38,0x09147EC4,0x09147DF8,0x001032A4," 0x0923CF28 2604002C addiu $a0, $s0, 44 |  0x0923CF2C 26050030 addiu $a1, $s0, 48 | >0x0923CF30 0C003871 jal 0x09147EC4 |  0x0923CF34 C4CCC798 lwc1 $f12, -14440($a2) |  0x0923CF38 C7B0002C lwc1 $f16, 44($sp) |  0x0923CF3C C60F002C lwc1 $f15, 44($s0)",VANILLA,WF-007
b07e66b93323e492431512dbd5e2654d2c18c232cad02595682cefe1704d88b8,LEVEL_06,6,Medical Outpost Omega,0x001031DC,0x0923CEDC,2,0x001032B0,0x0923CFB0,0x0923CFB8,0x09147EC4,0x09147DF8,0x00103324," 0x0923CFA8 46008306 .word 0x46008306 |  0x0923CFAC C6AE0004 lwc1 $f14, 4($s5) | >0x0923CFB0 0C003871 jal 0x09147EC4 |  0x0923CFB4 C6AF0008 lwc1 $f15, 8($s5) |  0x0923CFB8 44806000 .word 0x44806000 |  0x0923CFBC C7AD0028 lwc1 $f13, 40($sp)",VANILLA,WF-007
b07e66b93323e492431512dbd5e2654d2c18c232cad02595682cefe1704d88b8,LEVEL_06,6,Medical Outpost Omega,0x001031DC,0x0923CEDC,3,0x001032D8,0x0923CFD8,0x0923CFE0,0x09147EC4,0x09147DF8,0x0010334C," 0x0923CFD0 C6AE0004 lwc1 $f14, 4($s5) |  0x0923CFD4 2605001C addiu $a1, $s0, 28 | >0x0923CFD8 0C003871 jal 0x09147EC4 |  0x0923CFDC C6AF0008 lwc1 $f15, 8($s5) |  0x0923CFE0 C62C0020 lwc1 $f12, 32($s1) |  0x0923CFE4 C62F0028 lwc1 $f15, 40($s1)",VANILLA,WF-007
b17654bd924dce7abe0f266c545c41586d38f478330125bbd1dd2d5edeb62a1b,LEVEL_06,6,Medical Outpost Omega,0x00105BA8,0x0923F8A8,1,0x00105CBC,0x0923F9BC,0x0923F9C4,0x09147EC4,0x09147DF8,0x00105D30," 0x0923F9B4 2624002C addiu $a0, $s1, 44 |  0x0923F9B8 26250030 addiu $a1, $s1, 48 | >0x0923F9BC 0C003871 jal 0x09147EC4 |  0x0923F9C0 46106302 .word 0x46106302 |  0x0923F9C4 C7B3002C lwc1 $f19, 44($sp) |  0x0923F9C8 C62C002C lwc1 $f12, 44($s1)",VANILLA,WF-010
b17654bd924dce7abe0f266c545c41586d38f478330125bbd1dd2d5edeb62a1b,LEVEL_06,6,Medical Outpost Omega,0x00105BA8,0x0923F8A8,2,0x00105D7C,0x0923FA7C,0x0923FA84,0x09147EC4,0x09147DF8,0x00105DF0," 0x0923FA74 2624002C addiu $a0, $s1, 44 |  0x0923FA78 26250030 addiu $a1, $s1, 48 | >0x0923FA7C 0C003871 jal 0x09147EC4 |  0x0923FA80 C4CCC798 lwc1 $f12, -14440($a2) |  0x0923FA84 C7AC002C lwc1 $f12, 44($sp) |  0x0923FA88 C633002C lwc1 $f19, 44($s1)",VANILLA,WF-010
0645f7b05606ef3a65fb05c30cb28b136525070194503caf482f455e63e6112b,LEVEL_06,6,Medical Outpost Omega,0x001394BC,0x092731BC,1,0x001397CC,0x092734CC,0x092734D4,0x09147EC4,0x09147DF8,0x00139840," 0x092734C4 26440018 addiu $a0, $s2, 24 |  0x092734C8 2645001C addiu $a1, $s2, 28 | >0x092734CC 0C003871 jal 0x09147EC4 |  0x092734D0 C4EF0008 lwc1 $f15, 8($a3) |  0x092734D4 C66C0010 lwc1 $f12, 16($s3) |  0x092734D8 C64D0014 lwc1 $f13, 20($s2)",VANILLA,WF-016
0645f7b05606ef3a65fb05c30cb28b136525070194503caf482f455e63e6112b,LEVEL_06,6,Medical Outpost Omega,0x001394BC,0x092731BC,2,0x00139A70,0x09273770,0x09273778,0x09147EC4,0x09147DF8,0x00139AE4," 0x09273768 26440018 addiu $a0, $s2, 24 |  0x0927376C 2645001C addiu $a1, $s2, 28 | >0x09273770 0C003871 jal 0x09147EC4 |  0x09273774 C4EF0008 lwc1 $f15, 8($a3) |  0x09273778 C64C0018 lwc1 $f12, 24($s2) |  0x0927377C 44806800 .word 0x44806800",VANILLA,WF-016
c883dc2e5a188aa750faecaf76924f0984aa9e92e11aa1fad82001690edbb300,LEVEL_06,6,Medical Outpost Omega,0x00148788,0x09282488,1,0x001488BC,0x092825BC,0x092825C4,0x09147EC4,0x09147DF8,0x00148930," 0x092825B4 46007346 .word 0x46007346 |  0x092825B8 46008386 .word 0x46008386 | >0x092825BC 0C003871 jal 0x09147EC4 |  0x092825C0 46008BC6 .word 0x46008BC6 |  0x092825C4 C7AC0024 lwc1 $f12, 36($sp) |  0x092825C8 C64D3CBC lwc1 $f13, 15548($s2)",VANILLA,WF-034
c883dc2e5a188aa750faecaf76924f0984aa9e92e11aa1fad82001690edbb300,LEVEL_06,6,Medical Outpost Omega,0x00148788,0x09282488,2,0x001488D8,0x092825D8,0x092825E0,0x09147EC4,0x09147DF8,0x0014894C," 0x092825D0 2664003C addiu $a0, $s3, 60 |  0x092825D4 2665009C addiu $a1, $s3, 156 | >0x092825D8 0C003871 jal 0x09147EC4 |  0x092825DC C62F0008 lwc1 $f15, 8($s1) |  0x092825E0 C7AC0028 lwc1 $f12, 40($sp) |  0x092825E4 C64D3CBC lwc1 $f13, 15548($s2)",VANILLA,WF-034
c883dc2e5a188aa750faecaf76924f0984aa9e92e11aa1fad82001690edbb300,LEVEL_06,6,Medical Outpost Omega,0x00148788,0x09282488,3,0x001488F4,0x092825F4,0x092825FC,0x09147EC4,0x09147DF8,0x00148968," 0x092825EC 26640040 addiu $a0, $s3, 64 |  0x092825F0 266500A0 addiu $a1, $s3, 160 | >0x092825F4 0C003871 jal 0x09147EC4 |  0x092825F8 C62F0008 lwc1 $f15, 8($s1) |  0x092825FC C7AC002C lwc1 $f12, 44($sp) |  0x09282600 C64D3CBC lwc1 $f13, 15548($s2)",VANILLA,WF-034
c883dc2e5a188aa750faecaf76924f0984aa9e92e11aa1fad82001690edbb300,LEVEL_06,6,Medical Outpost Omega,0x00148788,0x09282488,4,0x00148910,0x09282610,0x09282618,0x09147EC4,0x09147DF8,0x00148984," 0x09282608 26640044 addiu $a0, $s3, 68 |  0x0928260C 266500A4 addiu $a1, $s3, 164 | >0x09282610 0C003871 jal 0x09147EC4 |  0x09282614 C62F0008 lwc1 $f15, 8($s1) |  0x09282618 C7B40040 lwc1 $f20, 64($sp) |  0x0928261C 8FB00044 lw $s0, 68($sp)",VANILLA,WF-034
cda1f243ed3cc3baced794eea6410c47c7b121cbcf47c828c979d88435d7b6b7,LEVEL_06,6,Medical Outpost Omega,0x00158268,0x09291F68,1,0x001582C4,0x09291FC4,0x09291FCC,0x09147EC4,0x09147DF8,0x00158338," 0x09291FBC 2664003C addiu $a0, $s3, 60 |  0x09291FC0 26650044 addiu $a1, $s3, 68 | >0x09291FC4 0C003871 jal 0x09147EC4 |  0x09291FC8 C66F0050 lwc1 $f15, 80($s3) |  0x09291FCC C7AC0020 lwc1 $f12, 32($sp) |  0x09291FD0 C64D0030 lwc1 $f13, 48($s2)",VANILLA,WF-006
4f3d3c79217e7c044187dd74de1846b5567bcf0b2fc562ada0faa98f6b3aac18,LEVEL_06,6,Medical Outpost Omega,0x0017F788,0x092B9488,1,0x0017F840,0x092B9540,0x092B9548,0x09147EC4,0x09147DF8,0x0017F8B4," 0x092B9538 26040034 addiu $a0, $s0, 52 |  0x092B953C 26050038 addiu $a1, $s0, 56 | >0x092B9540 0C003871 jal 0x09147EC4 |  0x092B9544 C62F0008 lwc1 $f15, 8($s1) |  0x092B9548 26060024 addiu $a2, $s0, 36 |  0x092B954C 02802025 .word 0x02802025",VANILLA,WF-012
ef8ce773c105cac024df4f5419052a7e0f7839ec6fc98bfb101f0c2adf2ff27d,LEVEL_06,6,Medical Outpost Omega,0x0017FEDC,0x092B9BDC,1,0x0017FF2C,0x092B9C2C,0x092B9C34,0x09147EC4,0x09147DF8,0x0017FFA0," 0x092B9C24 E7B4002C swc1 $f20, 44($sp) |  0x092B9C28 AFBF0048 sw $ra, 72($sp) | >0x092B9C2C 0C003871 jal 0x09147EC4 |  0x092B9C30 02602025 .word 0x02602025 |  0x092B9C34 C6AC0004 lwc1 $f12, 4($s5) |  0x092B9C38 C68D0000 lwc1 $f13, 0($s4)",VANILLA,WF-011
ef8ce773c105cac024df4f5419052a7e0f7839ec6fc98bfb101f0c2adf2ff27d,LEVEL_06,6,Medical Outpost Omega,0x0017FEDC,0x092B9BDC,2,0x0017FF48,0x092B9C48,0x092B9C50,0x09147EC4,0x09147DF8,0x0017FFBC," 0x092B9C40 26040028 addiu $a0, $s0, 40 |  0x092B9C44 26050030 addiu $a1, $s0, 48 | >0x092B9C48 0C003871 jal 0x09147EC4 |  0x092B9C4C C68F0008 lwc1 $f15, 8($s4) |  0x092B9C50 C60C0024 lwc1 $f12, 36($s0) |  0x092B9C54 C60D0028 lwc1 $f13, 40($s0)",VANILLA,WF-011
0de1954f42fe210579d79a0be5f187d13dfc24a29256ecfea2cd306b3a6c1546,LEVEL_07,7,Challax,0x0000E4F4,0x091481F4,1,0x0000E528,0x09148228,0x09148230,0x0914805C,0x09147F90,0x0000E59C," 0x09148220 C60D0000 lwc1 $f13, 0($s0) |  0x09148224 C60E0004 lwc1 $f14, 4($s0) | >0x09148228 0C0038D7 jal 0x0914805C |  0x0914822C C60F0008 lwc1 $f15, 8($s0) |  0x09148230 26640004 addiu $a0, $s3, 4 |  0x09148234 C62C0004 lwc1 $f12, 4($s1)",VANILLA,WF-005
0de1954f42fe210579d79a0be5f187d13dfc24a29256ecfea2cd306b3a6c1546,LEVEL_07,7,Challax,0x0000E4F4,0x091481F4,2,0x0000E544,0x09148244,0x0914824C,0x0914805C,0x09147F90,0x0000E5B8," 0x0914823C C60D0000 lwc1 $f13, 0($s0) |  0x09148240 C60E0004 lwc1 $f14, 4($s0) | >0x09148244 0C0038D7 jal 0x0914805C |  0x09148248 C60F0008 lwc1 $f15, 8($s0) |  0x0914824C 26640008 addiu $a0, $s3, 8 |  0x09148250 C62C0008 lwc1 $f12, 8($s1)",VANILLA,WF-005
0de1954f42fe210579d79a0be5f187d13dfc24a29256ecfea2cd306b3a6c1546,LEVEL_07,7,Challax,0x0000E4F4,0x091481F4,3,0x0000E560,0x09148260,0x09148268,0x0914805C,0x09147F90,0x0000E5D4," 0x09148258 C60D0000 lwc1 $f13, 0($s0) |  0x0914825C C60E0004 lwc1 $f14, 4($s0) | >0x09148260 0C0038D7 jal 0x0914805C |  0x09148264 C60F0008 lwc1 $f15, 8($s0) |  0x09148268 8FB00020 lw $s0, 32($sp) |  0x0914826C 8FB10024 lw $s1, 36($sp)",VANILLA,WF-005
82989a6c4eecfb1fd80f59b58fa5d389533ed73d0be2863bb998cf157d578327,LEVEL_07,7,Challax,0x0000E584,0x09148284,1,0x0000E5B8,0x091482B8,0x091482C0,0x0914805C,0x09147F90,0x0000E62C," 0x091482B0 C60D0000 lwc1 $f13, 0($s0) |  0x091482B4 C60E0004 lwc1 $f14, 4($s0) | >0x091482B8 0C0038D7 jal 0x0914805C |  0x091482BC C60F0008 lwc1 $f15, 8($s0) |  0x091482C0 26640004 addiu $a0, $s3, 4 |  0x091482C4 C62C0004 lwc1 $f12, 4($s1)",VANILLA,WF-018
82989a6c4eecfb1fd80f59b58fa5d389533ed73d0be2863bb998cf157d578327,LEVEL_07,7,Challax,0x0000E584,0x09148284,2,0x0000E5D4,0x091482D4,0x091482DC,0x0914805C,0x09147F90,0x0000E648," 0x091482CC C60D0000 lwc1 $f13, 0($s0) |  0x091482D0 C60E0004 lwc1 $f14, 4($s0) | >0x091482D4 0C0038D7 jal 0x0914805C |  0x091482D8 C60F0008 lwc1 $f15, 8($s0) |  0x091482DC 8FB00020 lw $s0, 32($sp) |  0x091482E0 8FB10024 lw $s1, 36($sp)",VANILLA,WF-018
79a53dd581d4d0841d3dba3fd01f10e49941c5aef283405a13b839bf117a9831,LEVEL_07,7,Challax,0x0000E7DC,0x091484DC,1,0x0000E818,0x09148518,0x09148520,0x0914805C,0x09147F90,0x0000E88C," 0x09148510 C62D0000 lwc1 $f13, 0($s1) |  0x09148514 C62E0004 lwc1 $f14, 4($s1) | >0x09148518 0C0038D7 jal 0x0914805C |  0x0914851C C62F0008 lwc1 $f15, 8($s1) |  0x09148520 4480A000 .word 0x4480A000 |  0x09148524 E6140024 swc1 $f20, 36($s0)",VANILLA,WF-013
79a53dd581d4d0841d3dba3fd01f10e49941c5aef283405a13b839bf117a9831,LEVEL_07,7,Challax,0x0000E7DC,0x091484DC,2,0x0000E83C,0x0914853C,0x09148544,0x0914805C,0x09147F90,0x0000E8B0," 0x09148534 C62E0004 lwc1 $f14, 4($s1) |  0x09148538 C62F0008 lwc1 $f15, 8($s1) | >0x0914853C 0C0038D7 jal 0x0914805C |  0x09148540 02602825 .word 0x02602825 |  0x09148544 C60D0020 lwc1 $f13, 32($s0) |  0x09148548 460D6B02 .word 0x460D6B02",VANILLA,WF-013
752e0b48a9ee282ed55f66baedc8db0a8c289b5a6e9ca07a6da112cd10c178ec,LEVEL_07,7,Challax,0x0000E8D8,0x091485D8,1,0x0000E9B8,0x091486B8,0x091486C0,0x0914805C,0x09147F90,0x0000EA2C," 0x091486B0 C66F0008 lwc1 $f15, 8($s3) |  0x091486B4 00A02025 .word 0x00A02025 | >0x091486B8 0C0038D7 jal 0x0914805C |  0x091486BC 00C02825 .word 0x00C02825 |  0x091486C0 E6140024 swc1 $f20, 36($s0) |  0x091486C4 C64C0008 lwc1 $f12, 8($s2)",VANILLA,WF-020
752e0b48a9ee282ed55f66baedc8db0a8c289b5a6e9ca07a6da112cd10c178ec,LEVEL_07,7,Challax,0x0000E8D8,0x091485D8,2,0x0000E9D8,0x091486D8,0x091486E0,0x0914805C,0x09147F90,0x0000EA4C," 0x091486D0 C66E0004 lwc1 $f14, 4($s3) |  0x091486D4 C66F0008 lwc1 $f15, 8($s3) | >0x091486D8 0C0038D7 jal 0x0914805C |  0x091486DC 02202825 .word 0x02202825 |  0x091486E0 C60C0020 lwc1 $f12, 32($s0) |  0x091486E4 460C6382 .word 0x460C6382",VANILLA,WF-020
80d909ccea185b2b92de4eaeda906b378de28efe8a0015d6d7c6ef3382388145,LEVEL_07,7,Challax,0x00010D1C,0x0914AA1C,1,0x00010FB8,0x0914ACB8,0x0914ACC0,0x0914805C,0x09147F90,0x0001102C," 0x0914ACB0 02602025 .word 0x02602025 |  0x0914ACB4 4600B306 .word 0x4600B306 | >0x0914ACB8 0C0038D7 jal 0x0914805C |  0x0914ACBC 02802825 .word 0x02802825 |  0x0914ACC0 26040010 addiu $a0, $s0, 16 |  0x0914ACC4 C66C0000 lwc1 $f12, 0($s3)",VANILLA,WF-015
04dfbfd0e8658f0836f0e5363b70ea615481b1beeaceecab7571875f452a1101,LEVEL_07,7,Challax,0x00028BE8,0x091628E8,1,0x00028CD4,0x091629D4,0x091629DC,0x0914805C,0x09147F90,0x00028D48," 0x091629CC C60E0004 lwc1 $f14, 4($s0) |  0x091629D0 C60F0008 lwc1 $f15, 8($s0) | >0x091629D4 0C0038D7 jal 0x0914805C |  0x091629D8 46106300 .word 0x46106300 |  0x091629DC 10000008 beq $zero, $zero, 0x09162A00 |  0x091629E0 00000000 nop",VANILLA,WF-014
04dfbfd0e8658f0836f0e5363b70ea615481b1beeaceecab7571875f452a1101,LEVEL_07,7,Challax,0x00028BE8,0x091628E8,2,0x00028CF8,0x091629F8,0x09162A00,0x0914805C,0x09147F90,0x00028D6C," 0x091629F0 C60F0008 lwc1 $f15, 8($s0) |  0x091629F4 02402025 .word 0x02402025 | >0x091629F8 0C0038D7 jal 0x0914805C |  0x091629FC 02202825 .word 0x02202825 |  0x09162A00 10000008 beq $zero, $zero, 0x09162A24 |  0x09162A04 00000000 nop",VANILLA,WF-014
04dfbfd0e8658f0836f0e5363b70ea615481b1beeaceecab7571875f452a1101,LEVEL_07,7,Challax,0x00028BE8,0x091628E8,3,0x00028D1C,0x09162A1C,0x09162A24,0x0914805C,0x09147F90,0x00028D90," 0x09162A14 C60F0008 lwc1 $f15, 8($s0) |  0x09162A18 02402025 .word 0x02402025 | >0x09162A1C 0C0038D7 jal 0x0914805C |  0x09162A20 02202825 .word 0x02202825 |  0x09162A24 C7B40020 lwc1 $f20, 32($sp) |  0x09162A28 8FB00024 lw $s0, 36($sp)",VANILLA,WF-014
99ba6f21bd2768eaf20675803240b2d25011eaf50751c8660e6d6c0e7df0b24e,LEVEL_07,7,Challax,0x0002AC48,0x09164948,1,0x0002AD38,0x09164A38,0x09164A40,0x0914805C,0x09147F90,0x0002ADAC," 0x09164A30 C60E0004 lwc1 $f14, 4($s0) |  0x09164A34 C60F0008 lwc1 $f15, 8($s0) | >0x09164A38 0C0038D7 jal 0x0914805C |  0x09164A3C 46106300 .word 0x46106300 |  0x09164A40 10000008 beq $zero, $zero, 0x09164A64 |  0x09164A44 00000000 nop",VANILLA,WF-017
99ba6f21bd2768eaf20675803240b2d25011eaf50751c8660e6d6c0e7df0b24e,LEVEL_07,7,Challax,0x0002AC48,0x09164948,2,0x0002AD5C,0x09164A5C,0x09164A64,0x0914805C,0x09147F90,0x0002ADD0," 0x09164A54 26440020 addiu $a0, $s2, 32 |  0x09164A58 26450024 addiu $a1, $s2, 36 | >0x09164A5C 0C0038D7 jal 0x0914805C |  0x09164A60 C60F0008 lwc1 $f15, 8($s0) |  0x09164A64 10000009 beq $zero, $zero, 0x09164A8C |  0x09164A68 C62C0020 lwc1 $f12, 32($s1)",VANILLA,WF-017
99ba6f21bd2768eaf20675803240b2d25011eaf50751c8660e6d6c0e7df0b24e,LEVEL_07,7,Challax,0x0002AC48,0x09164948,3,0x0002AD80,0x09164A80,0x09164A88,0x0914805C,0x09147F90,0x0002ADF4," 0x09164A78 26440020 addiu $a0, $s2, 32 |  0x09164A7C 26450024 addiu $a1, $s2, 36 | >0x09164A80 0C0038D7 jal 0x0914805C |  0x09164A84 C60F0008 lwc1 $f15, 8($s0) |  0x09164A88 C62C0020 lwc1 $f12, 32($s1) |  0x09164A8C C62D0024 lwc1 $f13, 36($s1)",VANILLA,WF-017
f8ea386972e1b50a30daf2f7db5ba41bb74d52f776f669f8474fee809046ab70,LEVEL_07,7,Challax,0x0002BD04,0x09165A04,1,0x0002BD54,0x09165A54,0x09165A5C,0x0914805C,0x09147F90,0x0002BDC8," 0x09165A4C AFB50080 sw $s5, 128($sp) |  0x09165A50 AFBF0084 sw $ra, 132($sp) | >0x09165A54 0C0038D7 jal 0x0914805C |  0x09165A58 C64F0008 lwc1 $f15, 8($s2) |  0x09165A5C 32640020 andi $a0, $s3, 32 |  0x09165A60 14800008 bne $a0, $zero, 0x09165A84",VANILLA,WF-022
24a2ff0a1557a72e167a4c96b6f9c801d44d4cba5af921ba5669a4084a8edf49,LEVEL_07,7,Challax,0x0004A4F8,0x091841F8,1,0x0004A758,0x09184458,0x09184460,0x0914805C,0x09147F90,0x0004A7CC," 0x09184450 26040248 addiu $a0, $s0, 584 |  0x09184454 26050250 addiu $a1, $s0, 592 | >0x09184458 0C0038D7 jal 0x0914805C |  0x0918445C C60F025C lwc1 $f15, 604($s0) |  0x09184460 C60D0248 lwc1 $f13, 584($s0) |  0x09184464 E7B60048 swc1 $f22, 72($sp)",VANILLA,WF-002
2f3e3c8d94815007925ad67e5ba4c86300ecf57cf262105869a43d99ee6ad1fb,LEVEL_07,7,Challax,0x0004A890,0x09184590,1,0x0004AE34,0x09184B34,0x09184B3C,0x0914805C,0x09147F90,0x0004AEA8," 0x09184B2C 26040230 addiu $a0, $s0, 560 |  0x09184B30 26050238 addiu $a1, $s0, 568 | >0x09184B34 0C0038D7 jal 0x0914805C |  0x09184B38 C60F0244 lwc1 $f15, 580($s0) |  0x09184B3C 1000000C beq $zero, $zero, 0x09184B70 |  0x09184B40 00000000 nop",VANILLA,WF-001
2f3e3c8d94815007925ad67e5ba4c86300ecf57cf262105869a43d99ee6ad1fb,LEVEL_07,7,Challax,0x0004A890,0x09184590,2,0x0004AE68,0x09184B68,0x09184B70,0x0914805C,0x09147F90,0x0004AEDC," 0x09184B60 26050238 addiu $a1, $s0, 568 |  0x09184B64 C60E0240 lwc1 $f14, 576($s0) | >0x09184B68 0C0038D7 jal 0x0914805C |  0x09184B6C C60F0244 lwc1 $f15, 580($s0) |  0x09184B70 C60C0230 lwc1 $f12, 560($s0) |  0x09184B74 260501F4 addiu $a1, $s0, 500",VANILLA,WF-001
2f3e3c8d94815007925ad67e5ba4c86300ecf57cf262105869a43d99ee6ad1fb,LEVEL_07,7,Challax,0x0004A890,0x09184590,3,0x0004AFE4,0x09184CE4,0x09184CEC,0x0914805C,0x09147F90,0x0004B058," 0x09184CDC 26050238 addiu $a1, $s0, 568 |  0x09184CE0 C60E0240 lwc1 $f14, 576($s0) | >0x09184CE4 0C0038D7 jal 0x0914805C |  0x09184CE8 C60F0244 lwc1 $f15, 580($s0) |  0x09184CEC C60C0230 lwc1 $f12, 560($s0) |  0x09184CF0 260501F4 addiu $a1, $s0, 500",VANILLA,WF-001
a0c9f2348b17b34ae20cd986946e9986592765755ff8bc44e8d82a6df56c3b27,LEVEL_07,7,Challax,0x0004E830,0x09188530,1,0x0004F10C,0x09188E0C,0x09188E14,0x0914805C,0x09147F90,0x0004F180," 0x09188E04 26040230 addiu $a0, $s0, 560 |  0x09188E08 26050238 addiu $a1, $s0, 568 | >0x09188E0C 0C0038D7 jal 0x0914805C |  0x09188E10 C60F0244 lwc1 $f15, 580($s0) |  0x09188E14 C60C0230 lwc1 $f12, 560($s0) |  0x09188E18 26050204 addiu $a1, $s0, 516",VANILLA,WF-003
a50a4422a2a0366826d4c2c0aae73049d3e6d44c93e876dda92de2c52118f000,LEVEL_07,7,Challax,0x00056C3C,0x0919093C,1,0x00056C9C,0x0919099C,0x091909A4,0x0914805C,0x09147F90,0x00056D10," 0x09190994 26050238 addiu $a1, $s0, 568 |  0x09190998 C60E0240 lwc1 $f14, 576($s0) | >0x0919099C 0C0038D7 jal 0x0914805C |  0x091909A0 C60F0244 lwc1 $f15, 580($s0) |  0x091909A4 3C110009 lui $s1, 0x0009 |  0x091909A8 2631FF20 addiu $s1, $s1, -224",VANILLA,WF-004
8a86ad12960405935ae334206b60801183e4e8e77418955f63d6f096a15c82de,LEVEL_07,7,Challax,0x0010D248,0x09246F48,1,0x0010D2B0,0x09246FB0,0x09246FB8,0x0914805C,0x09147F90,0x0010D324," 0x09246FA8 26240020 addiu $a0, $s1, 32 |  0x09246FAC 26050018 addiu $a1, $s0, 24 | >0x09246FB0 0C0038D7 jal 0x0914805C |  0x09246FB4 C68F0008 lwc1 $f15, 8($s4) |  0x09246FB8 E6340024 swc1 $f20, 36($s1) |  0x09246FBC C64C0028 lwc1 $f12, 40($s2)",VANILLA,WF-008
8a86ad12960405935ae334206b60801183e4e8e77418955f63d6f096a15c82de,LEVEL_07,7,Challax,0x0010D248,0x09246F48,2,0x0010D2D0,0x09246FD0,0x09246FD8,0x0914805C,0x09147F90,0x0010D344," 0x09246FC8 26240028 addiu $a0, $s1, 40 |  0x09246FCC 2605001C addiu $a1, $s0, 28 | >0x09246FD0 0C0038D7 jal 0x0914805C |  0x09246FD4 C68F0008 lwc1 $f15, 8($s4) |  0x09246FD8 C62D0020 lwc1 $f13, 32($s1) |  0x09246FDC C62C0028 lwc1 $f12, 40($s1)",VANILLA,WF-008
968668ccd5198515cf25c2815fcfb186538f5bdd3b910ae8321fe3dde32303e0,LEVEL_07,7,Challax,0x0010D464,0x09247164,1,0x0010D530,0x09247230,0x09247238,0x0914805C,0x09147F90,0x0010D5A4," 0x09247228 26240020 addiu $a0, $s1, 32 |  0x0924722C 26050018 addiu $a1, $s0, 24 | >0x09247230 0C0038D7 jal 0x0914805C |  0x09247234 C68F0008 lwc1 $f15, 8($s4) |  0x09247238 E6340024 swc1 $f20, 36($s1) |  0x0924723C C7AC002C lwc1 $f12, 44($sp)",VANILLA,WF-009
968668ccd5198515cf25c2815fcfb186538f5bdd3b910ae8321fe3dde32303e0,LEVEL_07,7,Challax,0x0010D464,0x09247164,2,0x0010D550,0x09247250,0x09247258,0x0914805C,0x09147F90,0x0010D5C4," 0x09247248 26240028 addiu $a0, $s1, 40 |  0x0924724C 2605001C addiu $a1, $s0, 28 | >0x09247250 0C0038D7 jal 0x0914805C |  0x09247254 C68F0008 lwc1 $f15, 8($s4) |  0x09247258 C62D0020 lwc1 $f13, 32($s1) |  0x0924725C C62C0028 lwc1 $f12, 40($s1)",VANILLA,WF-009
b07e66b93323e492431512dbd5e2654d2c18c232cad02595682cefe1704d88b8,LEVEL_07,7,Challax,0x0010D72C,0x0924742C,1,0x0010D780,0x09247480,0x09247488,0x0914805C,0x09147F90,0x0010D7F4," 0x09247478 2604002C addiu $a0, $s0, 44 |  0x0924747C 26050030 addiu $a1, $s0, 48 | >0x09247480 0C0038D7 jal 0x0914805C |  0x09247484 C4CCC918 lwc1 $f12, -14056($a2) |  0x09247488 C7B0002C lwc1 $f16, 44($sp) |  0x0924748C C60F002C lwc1 $f15, 44($s0)",VANILLA,WF-007
b07e66b93323e492431512dbd5e2654d2c18c232cad02595682cefe1704d88b8,LEVEL_07,7,Challax,0x0010D72C,0x0924742C,2,0x0010D800,0x09247500,0x09247508,0x0914805C,0x09147F90,0x0010D874," 0x092474F8 46008306 .word 0x46008306 |  0x092474FC C6AE0004 lwc1 $f14, 4($s5) | >0x09247500 0C0038D7 jal 0x0914805C |  0x09247504 C6AF0008 lwc1 $f15, 8($s5) |  0x09247508 44806000 .word 0x44806000 |  0x0924750C C7AD0028 lwc1 $f13, 40($sp)",VANILLA,WF-007
b07e66b93323e492431512dbd5e2654d2c18c232cad02595682cefe1704d88b8,LEVEL_07,7,Challax,0x0010D72C,0x0924742C,3,0x0010D828,0x09247528,0x09247530,0x0914805C,0x09147F90,0x0010D89C," 0x09247520 C6AE0004 lwc1 $f14, 4($s5) |  0x09247524 2605001C addiu $a1, $s0, 28 | >0x09247528 0C0038D7 jal 0x0914805C |  0x0924752C C6AF0008 lwc1 $f15, 8($s5) |  0x09247530 C62C0020 lwc1 $f12, 32($s1) |  0x09247534 C62F0028 lwc1 $f15, 40($s1)",VANILLA,WF-007
b17654bd924dce7abe0f266c545c41586d38f478330125bbd1dd2d5edeb62a1b,LEVEL_07,7,Challax,0x001100F8,0x09249DF8,1,0x0011020C,0x09249F0C,0x09249F14,0x0914805C,0x09147F90,0x00110280," 0x09249F04 2624002C addiu $a0, $s1, 44 |  0x09249F08 26250030 addiu $a1, $s1, 48 | >0x09249F0C 0C0038D7 jal 0x0914805C |  0x09249F10 46106302 .word 0x46106302 |  0x09249F14 C7B3002C lwc1 $f19, 44($sp) |  0x09249F18 C62C002C lwc1 $f12, 44($s1)",VANILLA,WF-010
b17654bd924dce7abe0f266c545c41586d38f478330125bbd1dd2d5edeb62a1b,LEVEL_07,7,Challax,0x001100F8,0x09249DF8,2,0x001102CC,0x09249FCC,0x09249FD4,0x0914805C,0x09147F90,0x00110340," 0x09249FC4 2624002C addiu $a0, $s1, 44 |  0x09249FC8 26250030 addiu $a1, $s1, 48 | >0x09249FCC 0C0038D7 jal 0x0914805C |  0x09249FD0 C4CCC918 lwc1 $f12, -14056($a2) |  0x09249FD4 C7AC002C lwc1 $f12, 44($sp) |  0x09249FD8 C633002C lwc1 $f19, 44($s1)",VANILLA,WF-010
29b75da10856def5ee975f63890eeac707d56562cf40b4416bd804588547d6dc,LEVEL_07,7,Challax,0x001302C0,0x09269FC0,1,0x0013038C,0x0926A08C,0x0926A094,0x0914805C,0x09147F90,0x00130400," 0x0926A084 24C69FE8 addiu $a2, $a2, -24600 |  0x0926A088 C4CE0004 lwc1 $f14, 4($a2) | >0x0926A08C 0C0038D7 jal 0x0914805C |  0x0926A090 C4CF0008 lwc1 $f15, 8($a2) |  0x0926A094 0C071709 jal 0x092FF924 |  0x0926A098 4600A306 .word 0x4600A306",VANILLA,WF-045
0545985b21e1f620c1938196351aed7a3c1a3a219a57d83a6413541f8e0a3caf,LEVEL_07,7,Challax,0x00130B1C,0x0926A81C,1,0x00130BD4,0x0926A8D4,0x0926A8DC,0x0914805C,0x09147F90,0x00130C48," 0x0926A8CC 24C69FE8 addiu $a2, $a2, -24600 |  0x0926A8D0 C4CE0004 lwc1 $f14, 4($a2) | >0x0926A8D4 0C0038D7 jal 0x0914805C |  0x0926A8D8 C4CF0008 lwc1 $f15, 8($a2) |  0x0926A8DC 0C071709 jal 0x092FF924 |  0x0926A8E0 4600A306 .word 0x4600A306",VANILLA,WF-042
47a07056845b319021baf2d27ae7077582d0e12aab04b91820f7051b3573b54f,LEVEL_07,7,Challax,0x001311E8,0x0926AEE8,1,0x00131444,0x0926B144,0x0926B14C,0x0914805C,0x09147F90,0x001314B8," 0x0926B13C 24C69FE8 addiu $a2, $a2, -24600 |  0x0926B140 C4CE0004 lwc1 $f14, 4($a2) | >0x0926B144 0C0038D7 jal 0x0914805C |  0x0926B148 C4CF0008 lwc1 $f15, 8($a2) |  0x0926B14C C62C00BC lwc1 $f12, 188($s1) |  0x0926B150 4614603E .word 0x4614603E",VANILLA,WF-039
47a07056845b319021baf2d27ae7077582d0e12aab04b91820f7051b3573b54f,LEVEL_07,7,Challax,0x001311E8,0x0926AEE8,2,0x00131A50,0x0926B750,0x0926B758,0x0914805C,0x09147F90,0x00131AC4," 0x0926B748 3C04447A lui $a0, 0x447A |  0x0926B74C 44847800 .word 0x44847800 | >0x0926B750 0C0038D7 jal 0x0914805C |  0x0926B754 02402025 .word 0x02402025 |  0x0926B758 34040001 ori $a0, $zero, 1 |  0x0926B75C A224010C sb $a0, 268($s1)",VANILLA,WF-039
0645f7b05606ef3a65fb05c30cb28b136525070194503caf482f455e63e6112b,LEVEL_07,7,Challax,0x0014F3C8,0x092890C8,1,0x0014F6D8,0x092893D8,0x092893E0,0x0914805C,0x09147F90,0x0014F74C," 0x092893D0 26440018 addiu $a0, $s2, 24 |  0x092893D4 2645001C addiu $a1, $s2, 28 | >0x092893D8 0C0038D7 jal 0x0914805C |  0x092893DC C4EF0008 lwc1 $f15, 8($a3) |  0x092893E0 C66C0010 lwc1 $f12, 16($s3) |  0x092893E4 C64D0014 lwc1 $f13, 20($s2)",VANILLA,WF-016
0645f7b05606ef3a65fb05c30cb28b136525070194503caf482f455e63e6112b,LEVEL_07,7,Challax,0x0014F3C8,0x092890C8,2,0x0014F97C,0x0928967C,0x09289684,0x0914805C,0x09147F90,0x0014F9F0," 0x09289674 26440018 addiu $a0, $s2, 24 |  0x09289678 2645001C addiu $a1, $s2, 28 | >0x0928967C 0C0038D7 jal 0x0914805C |  0x09289680 C4EF0008 lwc1 $f15, 8($a3) |  0x09289684 C64C0018 lwc1 $f12, 24($s2) |  0x09289688 44806800 .word 0x44806800",VANILLA,WF-016
676360ba37e8ae2da7c3a64676d1caab0c2d7184f881c4078e1dd5e576bb1f07,LEVEL_07,7,Challax,0x0015DAE8,0x092977E8,1,0x0015E5DC,0x092982DC,0x092982E4,0x0914805C,0x09147F90,0x0015E650," 0x092982D4 26440014 addiu $a0, $s2, 20 |  0x092982D8 26450018 addiu $a1, $s2, 24 | >0x092982DC 0C0038D7 jal 0x0914805C |  0x092982E0 C4CC4E8C lwc1 $f12, 20108($a2) |  0x092982E4 C64C001C lwc1 $f12, 28($s2) |  0x092982E8 3C04002E lui $a0, 0x002E",VANILLA,WF-052
52b17118958fe65bcd4a650bf54b20448b1b6fb3b00f902fa42465222b9ed269,LEVEL_07,7,Challax,0x00160EB4,0x0929ABB4,1,0x00161050,0x0929AD50,0x0929AD58,0x0914805C,0x09147F90,0x001610C4," 0x0929AD48 C4CD551C lwc1 $f13, 21788($a2) |  0x0929AD4C C4EE0004 lwc1 $f14, 4($a3) | >0x0929AD50 0C0038D7 jal 0x0914805C |  0x0929AD54 C4EF0008 lwc1 $f15, 8($a3) |  0x0929AD58 C64C0008 lwc1 $f12, 8($s2) |  0x0929AD5C 3C053727 lui $a1, 0x3727",VANILLA,WF-049
cda1f243ed3cc3baced794eea6410c47c7b121cbcf47c828c979d88435d7b6b7,LEVEL_07,7,Challax,0x0016FC30,0x092A9930,1,0x0016FC8C,0x092A998C,0x092A9994,0x0914805C,0x09147F90,0x0016FD00," 0x092A9984 2664003C addiu $a0, $s3, 60 |  0x092A9988 26650044 addiu $a1, $s3, 68 | >0x092A998C 0C0038D7 jal 0x0914805C |  0x092A9990 C66F0050 lwc1 $f15, 80($s3) |  0x092A9994 C7AC0020 lwc1 $f12, 32($sp) |  0x092A9998 C64D0030 lwc1 $f13, 48($s2)",VANILLA,WF-006
3b907cd5cc656038144a6afcdafb360ea2f974f6c0162e3889eeb8e4aa74e891,LEVEL_07,7,Challax,0x00192ECC,0x092CCBCC,1,0x00192FDC,0x092CCCDC,0x092CCCE4,0x0914805C,0x09147F90,0x00193050," 0x092CCCD4 2644001C addiu $a0, $s2, 28 |  0x092CCCD8 26450020 addiu $a1, $s2, 32 | >0x092CCCDC 0C0038D7 jal 0x0914805C |  0x092CCCE0 C68F0014 lwc1 $f15, 20($s4) |  0x092CCCE4 C654001C lwc1 $f20, 28($s2) |  0x092CCCE8 C64C0018 lwc1 $f12, 24($s2)",VANILLA,WF-019
3b907cd5cc656038144a6afcdafb360ea2f974f6c0162e3889eeb8e4aa74e891,LEVEL_07,7,Challax,0x00192ECC,0x092CCBCC,2,0x0019325C,0x092CCF5C,0x092CCF64,0x0914805C,0x09147F90,0x001932D0," 0x092CCF54 2644001C addiu $a0, $s2, 28 |  0x092CCF58 26450020 addiu $a1, $s2, 32 | >0x092CCF5C 0C0038D7 jal 0x0914805C |  0x092CCF60 C6CF0014 lwc1 $f15, 20($s6) |  0x092CCF64 C656001C lwc1 $f22, 28($s2) |  0x092CCF68 C64C0018 lwc1 $f12, 24($s2)",VANILLA,WF-019
4f3d3c79217e7c044187dd74de1846b5567bcf0b2fc562ada0faa98f6b3aac18,LEVEL_07,7,Challax,0x0019B740,0x092D5440,1,0x0019B7F8,0x092D54F8,0x092D5500,0x0914805C,0x09147F90,0x0019B86C," 0x092D54F0 26040034 addiu $a0, $s0, 52 |  0x092D54F4 26050038 addiu $a1, $s0, 56 | >0x092D54F8 0C0038D7 jal 0x0914805C |  0x092D54FC C62F0008 lwc1 $f15, 8($s1) |  0x092D5500 26060024 addiu $a2, $s0, 36 |  0x092D5504 02802025 .word 0x02802025",VANILLA,WF-012
ef8ce773c105cac024df4f5419052a7e0f7839ec6fc98bfb101f0c2adf2ff27d,LEVEL_07,7,Challax,0x0019BE94,0x092D5B94,1,0x0019BEE4,0x092D5BE4,0x092D5BEC,0x0914805C,0x09147F90,0x0019BF58," 0x092D5BDC E7B4002C swc1 $f20, 44($sp) |  0x092D5BE0 AFBF0048 sw $ra, 72($sp) | >0x092D5BE4 0C0038D7 jal 0x0914805C |  0x092D5BE8 02602025 .word 0x02602025 |  0x092D5BEC C6AC0004 lwc1 $f12, 4($s5) |  0x092D5BF0 C68D0000 lwc1 $f13, 0($s4)",VANILLA,WF-011
ef8ce773c105cac024df4f5419052a7e0f7839ec6fc98bfb101f0c2adf2ff27d,LEVEL_07,7,Challax,0x0019BE94,0x092D5B94,2,0x0019BF00,0x092D5C00,0x092D5C08,0x0914805C,0x09147F90,0x0019BF74," 0x092D5BF8 26040028 addiu $a0, $s0, 40 |  0x092D5BFC 26050030 addiu $a1, $s0, 48 | >0x092D5C00 0C0038D7 jal 0x0914805C |  0x092D5C04 C68F0008 lwc1 $f15, 8($s4) |  0x092D5C08 C60C0024 lwc1 $f12, 36($s0) |  0x092D5C0C C60D0028 lwc1 $f13, 40($s0)",VANILLA,WF-011
0de1954f42fe210579d79a0be5f187d13dfc24a29256ecfea2cd306b3a6c1546,LEVEL_08,8,Dayni Moon,0x0000E550,0x09148250,1,0x0000E584,0x09148284,0x0914828C,0x091480B8,0x09147FEC,0x0000E5F8," 0x0914827C C60D0000 lwc1 $f13, 0($s0) |  0x09148280 C60E0004 lwc1 $f14, 4($s0) | >0x09148284 0C0038EE jal 0x091480B8 |  0x09148288 C60F0008 lwc1 $f15, 8($s0) |  0x0914828C 26640004 addiu $a0, $s3, 4 |  0x09148290 C62C0004 lwc1 $f12, 4($s1)",VANILLA,WF-005
0de1954f42fe210579d79a0be5f187d13dfc24a29256ecfea2cd306b3a6c1546,LEVEL_08,8,Dayni Moon,0x0000E550,0x09148250,2,0x0000E5A0,0x091482A0,0x091482A8,0x091480B8,0x09147FEC,0x0000E614," 0x09148298 C60D0000 lwc1 $f13, 0($s0) |  0x0914829C C60E0004 lwc1 $f14, 4($s0) | >0x091482A0 0C0038EE jal 0x091480B8 |  0x091482A4 C60F0008 lwc1 $f15, 8($s0) |  0x091482A8 26640008 addiu $a0, $s3, 8 |  0x091482AC C62C0008 lwc1 $f12, 8($s1)",VANILLA,WF-005
0de1954f42fe210579d79a0be5f187d13dfc24a29256ecfea2cd306b3a6c1546,LEVEL_08,8,Dayni Moon,0x0000E550,0x09148250,3,0x0000E5BC,0x091482BC,0x091482C4,0x091480B8,0x09147FEC,0x0000E630," 0x091482B4 C60D0000 lwc1 $f13, 0($s0) |  0x091482B8 C60E0004 lwc1 $f14, 4($s0) | >0x091482BC 0C0038EE jal 0x091480B8 |  0x091482C0 C60F0008 lwc1 $f15, 8($s0) |  0x091482C4 8FB00020 lw $s0, 32($sp) |  0x091482C8 8FB10024 lw $s1, 36($sp)",VANILLA,WF-005
82989a6c4eecfb1fd80f59b58fa5d389533ed73d0be2863bb998cf157d578327,LEVEL_08,8,Dayni Moon,0x0000E5E0,0x091482E0,1,0x0000E614,0x09148314,0x0914831C,0x091480B8,0x09147FEC,0x0000E688," 0x0914830C C60D0000 lwc1 $f13, 0($s0) |  0x09148310 C60E0004 lwc1 $f14, 4($s0) | >0x09148314 0C0038EE jal 0x091480B8 |  0x09148318 C60F0008 lwc1 $f15, 8($s0) |  0x0914831C 26640004 addiu $a0, $s3, 4 |  0x09148320 C62C0004 lwc1 $f12, 4($s1)",VANILLA,WF-018
82989a6c4eecfb1fd80f59b58fa5d389533ed73d0be2863bb998cf157d578327,LEVEL_08,8,Dayni Moon,0x0000E5E0,0x091482E0,2,0x0000E630,0x09148330,0x09148338,0x091480B8,0x09147FEC,0x0000E6A4," 0x09148328 C60D0000 lwc1 $f13, 0($s0) |  0x0914832C C60E0004 lwc1 $f14, 4($s0) | >0x09148330 0C0038EE jal 0x091480B8 |  0x09148334 C60F0008 lwc1 $f15, 8($s0) |  0x09148338 8FB00020 lw $s0, 32($sp) |  0x0914833C 8FB10024 lw $s1, 36($sp)",VANILLA,WF-018
79a53dd581d4d0841d3dba3fd01f10e49941c5aef283405a13b839bf117a9831,LEVEL_08,8,Dayni Moon,0x0000E838,0x09148538,1,0x0000E874,0x09148574,0x0914857C,0x091480B8,0x09147FEC,0x0000E8E8," 0x0914856C C62D0000 lwc1 $f13, 0($s1) |  0x09148570 C62E0004 lwc1 $f14, 4($s1) | >0x09148574 0C0038EE jal 0x091480B8 |  0x09148578 C62F0008 lwc1 $f15, 8($s1) |  0x0914857C 4480A000 .word 0x4480A000 |  0x09148580 E6140024 swc1 $f20, 36($s0)",VANILLA,WF-013
79a53dd581d4d0841d3dba3fd01f10e49941c5aef283405a13b839bf117a9831,LEVEL_08,8,Dayni Moon,0x0000E838,0x09148538,2,0x0000E898,0x09148598,0x091485A0,0x091480B8,0x09147FEC,0x0000E90C," 0x09148590 C62E0004 lwc1 $f14, 4($s1) |  0x09148594 C62F0008 lwc1 $f15, 8($s1) | >0x09148598 0C0038EE jal 0x091480B8 |  0x0914859C 02602825 .word 0x02602825 |  0x091485A0 C60D0020 lwc1 $f13, 32($s0) |  0x091485A4 460D6B02 .word 0x460D6B02",VANILLA,WF-013
752e0b48a9ee282ed55f66baedc8db0a8c289b5a6e9ca07a6da112cd10c178ec,LEVEL_08,8,Dayni Moon,0x0000E934,0x09148634,1,0x0000EA14,0x09148714,0x0914871C,0x091480B8,0x09147FEC,0x0000EA88," 0x0914870C C66F0008 lwc1 $f15, 8($s3) |  0x09148710 00A02025 .word 0x00A02025 | >0x09148714 0C0038EE jal 0x091480B8 |  0x09148718 00C02825 .word 0x00C02825 |  0x0914871C E6140024 swc1 $f20, 36($s0) |  0x09148720 C64C0008 lwc1 $f12, 8($s2)",VANILLA,WF-020
752e0b48a9ee282ed55f66baedc8db0a8c289b5a6e9ca07a6da112cd10c178ec,LEVEL_08,8,Dayni Moon,0x0000E934,0x09148634,2,0x0000EA34,0x09148734,0x0914873C,0x091480B8,0x09147FEC,0x0000EAA8," 0x0914872C C66E0004 lwc1 $f14, 4($s3) |  0x09148730 C66F0008 lwc1 $f15, 8($s3) | >0x09148734 0C0038EE jal 0x091480B8 |  0x09148738 02202825 .word 0x02202825 |  0x0914873C C60C0020 lwc1 $f12, 32($s0) |  0x09148740 460C6382 .word 0x460C6382",VANILLA,WF-020
80d909ccea185b2b92de4eaeda906b378de28efe8a0015d6d7c6ef3382388145,LEVEL_08,8,Dayni Moon,0x00011138,0x0914AE38,1,0x000113D4,0x0914B0D4,0x0914B0DC,0x091480B8,0x09147FEC,0x00011448," 0x0914B0CC 02602025 .word 0x02602025 |  0x0914B0D0 4600B306 .word 0x4600B306 | >0x0914B0D4 0C0038EE jal 0x091480B8 |  0x0914B0D8 02802825 .word 0x02802825 |  0x0914B0DC 26040010 addiu $a0, $s0, 16 |  0x0914B0E0 C66C0000 lwc1 $f12, 0($s3)",VANILLA,WF-015
04dfbfd0e8658f0836f0e5363b70ea615481b1beeaceecab7571875f452a1101,LEVEL_08,8,Dayni Moon,0x0002932C,0x0916302C,1,0x00029418,0x09163118,0x09163120,0x091480B8,0x09147FEC,0x0002948C," 0x09163110 C60E0004 lwc1 $f14, 4($s0) |  0x09163114 C60F0008 lwc1 $f15, 8($s0) | >0x09163118 0C0038EE jal 0x091480B8 |  0x0916311C 46106300 .word 0x46106300 |  0x09163120 10000008 beq $zero, $zero, 0x09163144 |  0x09163124 00000000 nop",VANILLA,WF-014
04dfbfd0e8658f0836f0e5363b70ea615481b1beeaceecab7571875f452a1101,LEVEL_08,8,Dayni Moon,0x0002932C,0x0916302C,2,0x0002943C,0x0916313C,0x09163144,0x091480B8,0x09147FEC,0x000294B0," 0x09163134 C60F0008 lwc1 $f15, 8($s0) |  0x09163138 02402025 .word 0x02402025 | >0x0916313C 0C0038EE jal 0x091480B8 |  0x09163140 02202825 .word 0x02202825 |  0x09163144 10000008 beq $zero, $zero, 0x09163168 |  0x09163148 00000000 nop",VANILLA,WF-014
04dfbfd0e8658f0836f0e5363b70ea615481b1beeaceecab7571875f452a1101,LEVEL_08,8,Dayni Moon,0x0002932C,0x0916302C,3,0x00029460,0x09163160,0x09163168,0x091480B8,0x09147FEC,0x000294D4," 0x09163158 C60F0008 lwc1 $f15, 8($s0) |  0x0916315C 02402025 .word 0x02402025 | >0x09163160 0C0038EE jal 0x091480B8 |  0x09163164 02202825 .word 0x02202825 |  0x09163168 C7B40020 lwc1 $f20, 32($sp) |  0x0916316C 8FB00024 lw $s0, 36($sp)",VANILLA,WF-014
35d0f36a26b74dad46db02b1ada278665ea20e7bd849ac85d72c8646adb2672f,LEVEL_08,8,Dayni Moon,0x00029A44,0x09163744,1,0x00029A80,0x09163780,0x09163788,0x091480B8,0x09147FEC,0x00029AF4," 0x09163778 26650020 addiu $a1, $s3, 32 |  0x0916377C AFBF0030 sw $ra, 48($sp) | >0x09163780 0C0038EE jal 0x091480B8 |  0x09163784 C4CF0008 lwc1 $f15, 8($a2) |  0x09163788 C66C001C lwc1 $f12, 28($s3) |  0x0916378C 02602025 .word 0x02602025",VANILLA,WF-021
99ba6f21bd2768eaf20675803240b2d25011eaf50751c8660e6d6c0e7df0b24e,LEVEL_08,8,Dayni Moon,0x0002BBB4,0x091658B4,1,0x0002BCA4,0x091659A4,0x091659AC,0x091480B8,0x09147FEC,0x0002BD18," 0x0916599C C60E0004 lwc1 $f14, 4($s0) |  0x091659A0 C60F0008 lwc1 $f15, 8($s0) | >0x091659A4 0C0038EE jal 0x091480B8 |  0x091659A8 46106300 .word 0x46106300 |  0x091659AC 10000008 beq $zero, $zero, 0x091659D0 |  0x091659B0 00000000 nop",VANILLA,WF-017
99ba6f21bd2768eaf20675803240b2d25011eaf50751c8660e6d6c0e7df0b24e,LEVEL_08,8,Dayni Moon,0x0002BBB4,0x091658B4,2,0x0002BCC8,0x091659C8,0x091659D0,0x091480B8,0x09147FEC,0x0002BD3C," 0x091659C0 26440020 addiu $a0, $s2, 32 |  0x091659C4 26450024 addiu $a1, $s2, 36 | >0x091659C8 0C0038EE jal 0x091480B8 |  0x091659CC C60F0008 lwc1 $f15, 8($s0) |  0x091659D0 10000009 beq $zero, $zero, 0x091659F8 |  0x091659D4 C62C0020 lwc1 $f12, 32($s1)",VANILLA,WF-017
99ba6f21bd2768eaf20675803240b2d25011eaf50751c8660e6d6c0e7df0b24e,LEVEL_08,8,Dayni Moon,0x0002BBB4,0x091658B4,3,0x0002BCEC,0x091659EC,0x091659F4,0x091480B8,0x09147FEC,0x0002BD60," 0x091659E4 26440020 addiu $a0, $s2, 32 |  0x091659E8 26450024 addiu $a1, $s2, 36 | >0x091659EC 0C0038EE jal 0x091480B8 |  0x091659F0 C60F0008 lwc1 $f15, 8($s0) |  0x091659F4 C62C0020 lwc1 $f12, 32($s1) |  0x091659F8 C62D0024 lwc1 $f13, 36($s1)",VANILLA,WF-017
f8ea386972e1b50a30daf2f7db5ba41bb74d52f776f669f8474fee809046ab70,LEVEL_08,8,Dayni Moon,0x0002CC70,0x09166970,1,0x0002CCC0,0x091669C0,0x091669C8,0x091480B8,0x09147FEC,0x0002CD34," 0x091669B8 AFB50080 sw $s5, 128($sp) |  0x091669BC AFBF0084 sw $ra, 132($sp) | >0x091669C0 0C0038EE jal 0x091480B8 |  0x091669C4 C64F0008 lwc1 $f15, 8($s2) |  0x091669C8 32640020 andi $a0, $s3, 32 |  0x091669CC 14800008 bne $a0, $zero, 0x091669F0",VANILLA,WF-022
115f00033622306dcf867e183c9f6642f2f63811e567592db1eae411468321d7,LEVEL_08,8,Dayni Moon,0x0002E998,0x09168698,1,0x0002E9C8,0x091686C8,0x091686D0,0x091480B8,0x09147FEC,0x0002EA3C," 0x091686C0 C60D0020 lwc1 $f13, 32($s0) |  0x091686C4 C60E0024 lwc1 $f14, 36($s0) | >0x091686C8 0C0038EE jal 0x091480B8 |  0x091686CC C60F0028 lwc1 $f15, 40($s0) |  0x091686D0 C64C0004 lwc1 $f12, 4($s2) |  0x091686D4 C60D0008 lwc1 $f13, 8($s0)",VANILLA,WF-029
fb5992a0070a91b0201d54bc93235211348c068f2727e605352e5b4579aeafc4,LEVEL_08,8,Dayni Moon,0x00030ABC,0x0916A7BC,1,0x00030B28,0x0916A828,0x0916A830,0x091480B8,0x09147FEC,0x00030B9C," 0x0916A820 26040028 addiu $a0, $s0, 40 |  0x0916A824 26050048 addiu $a1, $s0, 72 | >0x0916A828 0C0038EE jal 0x091480B8 |  0x0916A82C C4EF0008 lwc1 $f15, 8($a3) |  0x0916A830 27B20020 addiu $s2, $sp, 32 |  0x0916A834 C60C0028 lwc1 $f12, 40($s0)",VANILLA,WF-023
fb5992a0070a91b0201d54bc93235211348c068f2727e605352e5b4579aeafc4,LEVEL_08,8,Dayni Moon,0x00030ABC,0x0916A7BC,2,0x00030CC0,0x0916A9C0,0x0916A9C8,0x091480B8,0x09147FEC,0x00030D34," 0x0916A9B8 C4CDEC30 lwc1 $f13, -5072($a2) |  0x0916A9BC C4EE0004 lwc1 $f14, 4($a3) | >0x0916A9C0 0C0038EE jal 0x091480B8 |  0x0916A9C4 C4EF0008 lwc1 $f15, 8($a3) |  0x0916A9C8 27B20044 addiu $s2, $sp, 68 |  0x0916A9CC C60C0028 lwc1 $f12, 40($s0)",VANILLA,WF-023
24a2ff0a1557a72e167a4c96b6f9c801d44d4cba5af921ba5669a4084a8edf49,LEVEL_08,8,Dayni Moon,0x0004EFB8,0x09188CB8,1,0x0004F218,0x09188F18,0x09188F20,0x091480B8,0x09147FEC,0x0004F28C," 0x09188F10 26040248 addiu $a0, $s0, 584 |  0x09188F14 26050250 addiu $a1, $s0, 592 | >0x09188F18 0C0038EE jal 0x091480B8 |  0x09188F1C C60F025C lwc1 $f15, 604($s0) |  0x09188F20 C60D0248 lwc1 $f13, 584($s0) |  0x09188F24 E7B60048 swc1 $f22, 72($sp)",VANILLA,WF-002
2f3e3c8d94815007925ad67e5ba4c86300ecf57cf262105869a43d99ee6ad1fb,LEVEL_08,8,Dayni Moon,0x0004F350,0x09189050,1,0x0004F8F4,0x091895F4,0x091895FC,0x091480B8,0x09147FEC,0x0004F968," 0x091895EC 26040230 addiu $a0, $s0, 560 |  0x091895F0 26050238 addiu $a1, $s0, 568 | >0x091895F4 0C0038EE jal 0x091480B8 |  0x091895F8 C60F0244 lwc1 $f15, 580($s0) |  0x091895FC 1000000C beq $zero, $zero, 0x09189630 |  0x09189600 00000000 nop",VANILLA,WF-001
2f3e3c8d94815007925ad67e5ba4c86300ecf57cf262105869a43d99ee6ad1fb,LEVEL_08,8,Dayni Moon,0x0004F350,0x09189050,2,0x0004F928,0x09189628,0x09189630,0x091480B8,0x09147FEC,0x0004F99C," 0x09189620 26050238 addiu $a1, $s0, 568 |  0x09189624 C60E0240 lwc1 $f14, 576($s0) | >0x09189628 0C0038EE jal 0x091480B8 |  0x0918962C C60F0244 lwc1 $f15, 580($s0) |  0x09189630 C60C0230 lwc1 $f12, 560($s0) |  0x09189634 260501F4 addiu $a1, $s0, 500",VANILLA,WF-001
2f3e3c8d94815007925ad67e5ba4c86300ecf57cf262105869a43d99ee6ad1fb,LEVEL_08,8,Dayni Moon,0x0004F350,0x09189050,3,0x0004FAA4,0x091897A4,0x091897AC,0x091480B8,0x09147FEC,0x0004FB18," 0x0918979C 26050238 addiu $a1, $s0, 568 |  0x091897A0 C60E0240 lwc1 $f14, 576($s0) | >0x091897A4 0C0038EE jal 0x091480B8 |  0x091897A8 C60F0244 lwc1 $f15, 580($s0) |  0x091897AC C60C0230 lwc1 $f12, 560($s0) |  0x091897B0 260501F4 addiu $a1, $s0, 500",VANILLA,WF-001
a0c9f2348b17b34ae20cd986946e9986592765755ff8bc44e8d82a6df56c3b27,LEVEL_08,8,Dayni Moon,0x000532F0,0x0918CFF0,1,0x00053BCC,0x0918D8CC,0x0918D8D4,0x091480B8,0x09147FEC,0x00053C40," 0x0918D8C4 26040230 addiu $a0, $s0, 560 |  0x0918D8C8 26050238 addiu $a1, $s0, 568 | >0x0918D8CC 0C0038EE jal 0x091480B8 |  0x0918D8D0 C60F0244 lwc1 $f15, 580($s0) |  0x0918D8D4 C60C0230 lwc1 $f12, 560($s0) |  0x0918D8D8 26050204 addiu $a1, $s0, 516",VANILLA,WF-003
a50a4422a2a0366826d4c2c0aae73049d3e6d44c93e876dda92de2c52118f000,LEVEL_08,8,Dayni Moon,0x0005B6E0,0x091953E0,1,0x0005B740,0x09195440,0x09195448,0x091480B8,0x09147FEC,0x0005B7B4," 0x09195438 26050238 addiu $a1, $s0, 568 |  0x0919543C C60E0240 lwc1 $f14, 576($s0) | >0x09195440 0C0038EE jal 0x091480B8 |  0x09195444 C60F0244 lwc1 $f15, 580($s0) |  0x09195448 3C110009 lui $s1, 0x0009 |  0x0919544C 263122F0 addiu $s1, $s1, 8944",VANILLA,WF-004
0ec0cef6f2f6ad0d0161843c3498fd6f948cf213a73f2e1085d897ff4317e3ab,LEVEL_08,8,Dayni Moon,0x000AAF58,0x091E4C58,1,0x000AAFE8,0x091E4CE8,0x091E4CF0,0x091480B8,0x09147FEC,0x000AB05C," 0x091E4CE0 00A02025 .word 0x00A02025 |  0x091E4CE4 46007B06 .word 0x46007B06 | >0x091E4CE8 0C0038EE jal 0x091480B8 |  0x091E4CEC 00C02825 .word 0x00C02825 |  0x091E4CF0 10000008 beq $zero, $zero, 0x091E4D14 |  0x091E4CF4 00000000 nop",VANILLA,WF-028
0ec0cef6f2f6ad0d0161843c3498fd6f948cf213a73f2e1085d897ff4317e3ab,LEVEL_08,8,Dayni Moon,0x000AAF58,0x091E4C58,2,0x000AB00C,0x091E4D0C,0x091E4D14,0x091480B8,0x09147FEC,0x000AB080," 0x091E4D04 00A02025 .word 0x00A02025 |  0x091E4D08 44806000 .word 0x44806000 | >0x091E4D0C 0C0038EE jal 0x091480B8 |  0x091E4D10 00C02825 .word 0x00C02825 |  0x091E4D14 C7B40020 lwc1 $f20, 32($sp) |  0x091E4D18 C7B60024 lwc1 $f22, 36($sp)",VANILLA,WF-028
8a86ad12960405935ae334206b60801183e4e8e77418955f63d6f096a15c82de,LEVEL_08,8,Dayni Moon,0x00117650,0x09251350,1,0x001176B8,0x092513B8,0x092513C0,0x091480B8,0x09147FEC,0x0011772C," 0x092513B0 26240020 addiu $a0, $s1, 32 |  0x092513B4 26050018 addiu $a1, $s0, 24 | >0x092513B8 0C0038EE jal 0x091480B8 |  0x092513BC C68F0008 lwc1 $f15, 8($s4) |  0x092513C0 E6340024 swc1 $f20, 36($s1) |  0x092513C4 C64C0028 lwc1 $f12, 40($s2)",VANILLA,WF-008
8a86ad12960405935ae334206b60801183e4e8e77418955f63d6f096a15c82de,LEVEL_08,8,Dayni Moon,0x00117650,0x09251350,2,0x001176D8,0x092513D8,0x092513E0,0x091480B8,0x09147FEC,0x0011774C," 0x092513D0 26240028 addiu $a0, $s1, 40 |  0x092513D4 2605001C addiu $a1, $s0, 28 | >0x092513D8 0C0038EE jal 0x091480B8 |  0x092513DC C68F0008 lwc1 $f15, 8($s4) |  0x092513E0 C62D0020 lwc1 $f13, 32($s1) |  0x092513E4 C62C0028 lwc1 $f12, 40($s1)",VANILLA,WF-008
968668ccd5198515cf25c2815fcfb186538f5bdd3b910ae8321fe3dde32303e0,LEVEL_08,8,Dayni Moon,0x0011786C,0x0925156C,1,0x00117938,0x09251638,0x09251640,0x091480B8,0x09147FEC,0x001179AC," 0x09251630 26240020 addiu $a0, $s1, 32 |  0x09251634 26050018 addiu $a1, $s0, 24 | >0x09251638 0C0038EE jal 0x091480B8 |  0x0925163C C68F0008 lwc1 $f15, 8($s4) |  0x09251640 E6340024 swc1 $f20, 36($s1) |  0x09251644 C7AC002C lwc1 $f12, 44($sp)",VANILLA,WF-009
968668ccd5198515cf25c2815fcfb186538f5bdd3b910ae8321fe3dde32303e0,LEVEL_08,8,Dayni Moon,0x0011786C,0x0925156C,2,0x00117958,0x09251658,0x09251660,0x091480B8,0x09147FEC,0x001179CC," 0x09251650 26240028 addiu $a0, $s1, 40 |  0x09251654 2605001C addiu $a1, $s0, 28 | >0x09251658 0C0038EE jal 0x091480B8 |  0x0925165C C68F0008 lwc1 $f15, 8($s4) |  0x09251660 C62D0020 lwc1 $f13, 32($s1) |  0x09251664 C62C0028 lwc1 $f12, 40($s1)",VANILLA,WF-009
b07e66b93323e492431512dbd5e2654d2c18c232cad02595682cefe1704d88b8,LEVEL_08,8,Dayni Moon,0x00117B34,0x09251834,1,0x00117B88,0x09251888,0x09251890,0x091480B8,0x09147FEC,0x00117BFC," 0x09251880 2604002C addiu $a0, $s0, 44 |  0x09251884 26050030 addiu $a1, $s0, 48 | >0x09251888 0C0038EE jal 0x091480B8 |  0x0925188C C4CCBD90 lwc1 $f12, -17008($a2) |  0x09251890 C7B0002C lwc1 $f16, 44($sp) |  0x09251894 C60F002C lwc1 $f15, 44($s0)",VANILLA,WF-007
b07e66b93323e492431512dbd5e2654d2c18c232cad02595682cefe1704d88b8,LEVEL_08,8,Dayni Moon,0x00117B34,0x09251834,2,0x00117C08,0x09251908,0x09251910,0x091480B8,0x09147FEC,0x00117C7C," 0x09251900 46008306 .word 0x46008306 |  0x09251904 C6AE0004 lwc1 $f14, 4($s5) | >0x09251908 0C0038EE jal 0x091480B8 |  0x0925190C C6AF0008 lwc1 $f15, 8($s5) |  0x09251910 44806000 .word 0x44806000 |  0x09251914 C7AD0028 lwc1 $f13, 40($sp)",VANILLA,WF-007
b07e66b93323e492431512dbd5e2654d2c18c232cad02595682cefe1704d88b8,LEVEL_08,8,Dayni Moon,0x00117B34,0x09251834,3,0x00117C30,0x09251930,0x09251938,0x091480B8,0x09147FEC,0x00117CA4," 0x09251928 C6AE0004 lwc1 $f14, 4($s5) |  0x0925192C 2605001C addiu $a1, $s0, 28 | >0x09251930 0C0038EE jal 0x091480B8 |  0x09251934 C6AF0008 lwc1 $f15, 8($s5) |  0x09251938 C62C0020 lwc1 $f12, 32($s1) |  0x0925193C C62F0028 lwc1 $f15, 40($s1)",VANILLA,WF-007
b17654bd924dce7abe0f266c545c41586d38f478330125bbd1dd2d5edeb62a1b,LEVEL_08,8,Dayni Moon,0x0011A500,0x09254200,1,0x0011A614,0x09254314,0x0925431C,0x091480B8,0x09147FEC,0x0011A688," 0x0925430C 2624002C addiu $a0, $s1, 44 |  0x09254310 26250030 addiu $a1, $s1, 48 | >0x09254314 0C0038EE jal 0x091480B8 |  0x09254318 46106302 .word 0x46106302 |  0x0925431C C7B3002C lwc1 $f19, 44($sp) |  0x09254320 C62C002C lwc1 $f12, 44($s1)",VANILLA,WF-010
b17654bd924dce7abe0f266c545c41586d38f478330125bbd1dd2d5edeb62a1b,LEVEL_08,8,Dayni Moon,0x0011A500,0x09254200,2,0x0011A6D4,0x092543D4,0x092543DC,0x091480B8,0x09147FEC,0x0011A748," 0x092543CC 2624002C addiu $a0, $s1, 44 |  0x092543D0 26250030 addiu $a1, $s1, 48 | >0x092543D4 0C0038EE jal 0x091480B8 |  0x092543D8 C4CCBD90 lwc1 $f12, -17008($a2) |  0x092543DC C7AC002C lwc1 $f12, 44($sp) |  0x092543E0 C633002C lwc1 $f19, 44($s1)",VANILLA,WF-010
6b9db198095e448db820c826167fd6d487a30943fcc737a2dd10d6ccaf92d765,LEVEL_08,8,Dayni Moon,0x0012F220,0x09268F20,1,0x0012F37C,0x0926907C,0x09269084,0x091480B8,0x09147FEC,0x0012F3F0," 0x09269074 C48F0010 lwc1 $f15, 16($a0) |  0x09269078 26250040 addiu $a1, $s1, 64 | >0x0926907C 0C0038EE jal 0x091480B8 |  0x09269080 00C02025 .word 0x00C02025 |  0x09269084 3C040031 lui $a0, 0x0031 |  0x09269088 C48CDDA0 lwc1 $f12, -8800($a0)",VANILLA,WF-026
6af8e220a397c04d359bbc2bbe9a89e9197b54387526b8c510a86ee3a1605bfe,LEVEL_08,8,Dayni Moon,0x0012F608,0x09269308,1,0x0012F778,0x09269478,0x09269480,0x091480B8,0x09147FEC,0x0012F7EC," 0x09269470 C48F0010 lwc1 $f15, 16($a0) |  0x09269474 26250040 addiu $a1, $s1, 64 | >0x09269478 0C0038EE jal 0x091480B8 |  0x0926947C 00C02025 .word 0x00C02025 |  0x09269480 3C040031 lui $a0, 0x0031 |  0x09269484 C48CDDA0 lwc1 $f12, -8800($a0)",VANILLA,WF-025
ea3f82224684c190e1fff1449ff1e0cfc19ec2402c146c9ec00d7a22ff3363c3,LEVEL_08,8,Dayni Moon,0x0016D768,0x092A7468,1,0x0016D83C,0x092A753C,0x092A7544,0x091480B8,0x09147FEC,0x0016D8B0," 0x092A7534 26240018 addiu $a0, $s1, 24 |  0x092A7538 2625001C addiu $a1, $s1, 28 | >0x092A753C 0C0038EE jal 0x091480B8 |  0x092A7540 C4CC4F60 lwc1 $f12, 20320($a2) |  0x092A7544 C62C0018 lwc1 $f12, 24($s1) |  0x092A7548 C62D0020 lwc1 $f13, 32($s1)",VANILLA,WF-041
ea3f82224684c190e1fff1449ff1e0cfc19ec2402c146c9ec00d7a22ff3363c3,LEVEL_08,8,Dayni Moon,0x0016D768,0x092A7468,2,0x0016DA64,0x092A7764,0x092A776C,0x091480B8,0x09147FEC,0x0016DAD8," 0x092A775C 26240018 addiu $a0, $s1, 24 |  0x092A7760 2625001C addiu $a1, $s1, 28 | >0x092A7764 0C0038EE jal 0x091480B8 |  0x092A7768 C4CC4F60 lwc1 $f12, 20320($a2) |  0x092A776C C62C0018 lwc1 $f12, 24($s1) |  0x092A7770 44807000 .word 0x44807000",VANILLA,WF-041
44b7277b3cb1b90bb38928c2373215bc6413cdfce1d31d151f5bf2ca21689b17,LEVEL_08,8,Dayni Moon,0x00171748,0x092AB448,1,0x0017188C,0x092AB58C,0x092AB594,0x091480B8,0x09147FEC,0x00171900," 0x092AB584 24C6572C addiu $a2, $a2, 22316 |  0x092AB588 C4CE0004 lwc1 $f14, 4($a2) | >0x092AB58C 0C0038EE jal 0x091480B8 |  0x092AB590 C4CF0008 lwc1 $f15, 8($a2) |  0x092AB594 C64D03AC lwc1 $f13, 940($s2) |  0x092AB598 C64C03BC lwc1 $f12, 956($s2)",VANILLA,WF-038
44b7277b3cb1b90bb38928c2373215bc6413cdfce1d31d151f5bf2ca21689b17,LEVEL_08,8,Dayni Moon,0x00171748,0x092AB448,2,0x00171910,0x092AB610,0x092AB618,0x091480B8,0x09147FEC,0x00171984," 0x092AB608 24C65738 addiu $a2, $a2, 22328 |  0x092AB60C C4CE0004 lwc1 $f14, 4($a2) | >0x092AB610 0C0038EE jal 0x091480B8 |  0x092AB614 C4CF0008 lwc1 $f15, 8($a2) |  0x092AB618 8E120058 lw $s2, 88($s0) |  0x092AB61C C65403AC lwc1 $f20, 940($s2)",VANILLA,WF-038
6cb1cbc16e85f6bf9016760d852f70e5fc8b146116cd03cd6b4218291b2f1db9,LEVEL_08,8,Dayni Moon,0x00173114,0x092ACE14,1,0x00173178,0x092ACE78,0x092ACE80,0x091480B8,0x09147FEC,0x001731EC," 0x092ACE70 24C65634 addiu $a2, $a2, 22068 |  0x092ACE74 C4CE0004 lwc1 $f14, 4($a2) | >0x092ACE78 0C0038EE jal 0x091480B8 |  0x092ACE7C C4CF0008 lwc1 $f15, 8($a2) |  0x092ACE80 C60C0038 lwc1 $f12, 56($s0) |  0x092ACE84 3C110031 lui $s1, 0x0031",VANILLA,WF-054
58f2bd5ffbf92ac1ca556acd08584b07135c2160af2270bff3e09b8ff74d1da8,LEVEL_08,8,Dayni Moon,0x00173764,0x092AD464,1,0x00173824,0x092AD524,0x092AD52C,0x091480B8,0x09147FEC,0x00173898," 0x092AD51C 46007346 .word 0x46007346 |  0x092AD520 46007B86 .word 0x46007B86 | >0x092AD524 0C0038EE jal 0x091480B8 |  0x092AD528 460083C6 .word 0x460083C6 |  0x092AD52C C60C0038 lwc1 $f12, 56($s0) |  0x092AD530 3C150031 lui $s5, 0x0031",VANILLA,WF-040
58f2bd5ffbf92ac1ca556acd08584b07135c2160af2270bff3e09b8ff74d1da8,LEVEL_08,8,Dayni Moon,0x00173764,0x092AD464,2,0x00173954,0x092AD654,0x092AD65C,0x091480B8,0x09147FEC,0x001739C8," 0x092AD64C 46007346 .word 0x46007346 |  0x092AD650 46007B86 .word 0x46007B86 | >0x092AD654 0C0038EE jal 0x091480B8 |  0x092AD658 460083C6 .word 0x460083C6 |  0x092AD65C 34050000 ori $a1, $zero, 0 |  0x092AD660 C62C03BC lwc1 $f12, 956($s1)",VANILLA,WF-040
f1cc695fe649ce19b5cc47f5d02319aebc6fe39e30cb944077d7a1798d9d0b19,LEVEL_08,8,Dayni Moon,0x00173AD0,0x092AD7D0,1,0x00173D74,0x092ADA74,0x092ADA7C,0x091480B8,0x09147FEC,0x00173DE8," 0x092ADA6C C62F0008 lwc1 $f15, 8($s1) |  0x092ADA70 02E02025 .word 0x02E02025 | >0x092ADA74 0C0038EE jal 0x091480B8 |  0x092ADA78 02C02825 .word 0x02C02825 |  0x092ADA7C 8FB100B0 lw $s1, 176($sp) |  0x092ADA80 C62C0108 lwc1 $f12, 264($s1)",VANILLA,WF-035
f1cc695fe649ce19b5cc47f5d02319aebc6fe39e30cb944077d7a1798d9d0b19,LEVEL_08,8,Dayni Moon,0x00173AD0,0x092AD7D0,2,0x00173D94,0x092ADA94,0x092ADA9C,0x091480B8,0x09147FEC,0x00173E08," 0x092ADA8C C60F0008 lwc1 $f15, 8($s0) |  0x092ADA90 02A02025 .word 0x02A02025 | >0x092ADA94 0C0038EE jal 0x091480B8 |  0x092ADA98 02802825 .word 0x02802825 |  0x092ADA9C 8FA400AC lw $a0, 172($sp) |  0x092ADAA0 C62D03BC lwc1 $f13, 956($s1)",VANILLA,WF-035
f1cc695fe649ce19b5cc47f5d02319aebc6fe39e30cb944077d7a1798d9d0b19,LEVEL_08,8,Dayni Moon,0x00173AD0,0x092AD7D0,3,0x00173E7C,0x092ADB7C,0x092ADB84,0x091480B8,0x09147FEC,0x00173EF0," 0x092ADB74 02A02025 .word 0x02A02025 |  0x092ADB78 4600B306 .word 0x4600B306 | >0x092ADB7C 0C0038EE jal 0x091480B8 |  0x092ADB80 02802825 .word 0x02802825 |  0x092ADB84 8FB000B0 lw $s0, 176($sp) |  0x092ADB88 8FB200AC lw $s2, 172($sp)",VANILLA,WF-035
f1cc695fe649ce19b5cc47f5d02319aebc6fe39e30cb944077d7a1798d9d0b19,LEVEL_08,8,Dayni Moon,0x00173AD0,0x092AD7D0,4,0x00173EEC,0x092ADBEC,0x092ADBF4,0x091480B8,0x09147FEC,0x00173F60," 0x092ADBE4 C62F0008 lwc1 $f15, 8($s1) |  0x092ADBE8 02E02025 .word 0x02E02025 | >0x092ADBEC 0C0038EE jal 0x091480B8 |  0x092ADBF0 02C02825 .word 0x02C02825 |  0x092ADBF4 260503A0 addiu $a1, $s0, 928 |  0x092ADBF8 260603A4 addiu $a2, $s0, 932",VANILLA,WF-035
cda1f243ed3cc3baced794eea6410c47c7b121cbcf47c828c979d88435d7b6b7,LEVEL_08,8,Dayni Moon,0x0018C114,0x092C5E14,1,0x0018C170,0x092C5E70,0x092C5E78,0x091480B8,0x09147FEC,0x0018C1E4," 0x092C5E68 2664003C addiu $a0, $s3, 60 |  0x092C5E6C 26650044 addiu $a1, $s3, 68 | >0x092C5E70 0C0038EE jal 0x091480B8 |  0x092C5E74 C66F0050 lwc1 $f15, 80($s3) |  0x092C5E78 C7AC0020 lwc1 $f12, 32($sp) |  0x092C5E7C C64D0030 lwc1 $f13, 48($s2)",VANILLA,WF-006
3b907cd5cc656038144a6afcdafb360ea2f974f6c0162e3889eeb8e4aa74e891,LEVEL_08,8,Dayni Moon,0x001B3938,0x092ED638,1,0x001B3A48,0x092ED748,0x092ED750,0x091480B8,0x09147FEC,0x001B3ABC," 0x092ED740 2644001C addiu $a0, $s2, 28 |  0x092ED744 26450020 addiu $a1, $s2, 32 | >0x092ED748 0C0038EE jal 0x091480B8 |  0x092ED74C C68F0014 lwc1 $f15, 20($s4) |  0x092ED750 C654001C lwc1 $f20, 28($s2) |  0x092ED754 C64C0018 lwc1 $f12, 24($s2)",VANILLA,WF-019
3b907cd5cc656038144a6afcdafb360ea2f974f6c0162e3889eeb8e4aa74e891,LEVEL_08,8,Dayni Moon,0x001B3938,0x092ED638,2,0x001B3CC8,0x092ED9C8,0x092ED9D0,0x091480B8,0x09147FEC,0x001B3D3C," 0x092ED9C0 2644001C addiu $a0, $s2, 28 |  0x092ED9C4 26450020 addiu $a1, $s2, 32 | >0x092ED9C8 0C0038EE jal 0x091480B8 |  0x092ED9CC C6CF0014 lwc1 $f15, 20($s6) |  0x092ED9D0 C656001C lwc1 $f22, 28($s2) |  0x092ED9D4 C64C0018 lwc1 $f12, 24($s2)",VANILLA,WF-019
4f3d3c79217e7c044187dd74de1846b5567bcf0b2fc562ada0faa98f6b3aac18,LEVEL_08,8,Dayni Moon,0x001C4DD8,0x092FEAD8,1,0x001C4E90,0x092FEB90,0x092FEB98,0x091480B8,0x09147FEC,0x001C4F04," 0x092FEB88 26040034 addiu $a0, $s0, 52 |  0x092FEB8C 26050038 addiu $a1, $s0, 56 | >0x092FEB90 0C0038EE jal 0x091480B8 |  0x092FEB94 C62F0008 lwc1 $f15, 8($s1) |  0x092FEB98 26060024 addiu $a2, $s0, 36 |  0x092FEB9C 02802025 .word 0x02802025",VANILLA,WF-012
ef8ce773c105cac024df4f5419052a7e0f7839ec6fc98bfb101f0c2adf2ff27d,LEVEL_08,8,Dayni Moon,0x001C552C,0x092FF22C,1,0x001C557C,0x092FF27C,0x092FF284,0x091480B8,0x09147FEC,0x001C55F0," 0x092FF274 E7B4002C swc1 $f20, 44($sp) |  0x092FF278 AFBF0048 sw $ra, 72($sp) | >0x092FF27C 0C0038EE jal 0x091480B8 |  0x092FF280 02602025 .word 0x02602025 |  0x092FF284 C6AC0004 lwc1 $f12, 4($s5) |  0x092FF288 C68D0000 lwc1 $f13, 0($s4)",VANILLA,WF-011
ef8ce773c105cac024df4f5419052a7e0f7839ec6fc98bfb101f0c2adf2ff27d,LEVEL_08,8,Dayni Moon,0x001C552C,0x092FF22C,2,0x001C5598,0x092FF298,0x092FF2A0,0x091480B8,0x09147FEC,0x001C560C," 0x092FF290 26040028 addiu $a0, $s0, 40 |  0x092FF294 26050030 addiu $a1, $s0, 48 | >0x092FF298 0C0038EE jal 0x091480B8 |  0x092FF29C C68F0008 lwc1 $f15, 8($s4) |  0x092FF2A0 C60C0024 lwc1 $f12, 36($s0) |  0x092FF2A4 C60D0028 lwc1 $f13, 40($s0)",VANILLA,WF-011
0de1954f42fe210579d79a0be5f187d13dfc24a29256ecfea2cd306b3a6c1546,LEVEL_09,9,Inside Clank,0x0000E4F4,0x091481F4,1,0x0000E528,0x09148228,0x09148230,0x0914805C,0x09147F90,0x0000E59C," 0x09148220 C60D0000 lwc1 $f13, 0($s0) |  0x09148224 C60E0004 lwc1 $f14, 4($s0) | >0x09148228 0C0038D7 jal 0x0914805C |  0x0914822C C60F0008 lwc1 $f15, 8($s0) |  0x09148230 26640004 addiu $a0, $s3, 4 |  0x09148234 C62C0004 lwc1 $f12, 4($s1)",VANILLA,WF-005
0de1954f42fe210579d79a0be5f187d13dfc24a29256ecfea2cd306b3a6c1546,LEVEL_09,9,Inside Clank,0x0000E4F4,0x091481F4,2,0x0000E544,0x09148244,0x0914824C,0x0914805C,0x09147F90,0x0000E5B8," 0x0914823C C60D0000 lwc1 $f13, 0($s0) |  0x09148240 C60E0004 lwc1 $f14, 4($s0) | >0x09148244 0C0038D7 jal 0x0914805C |  0x09148248 C60F0008 lwc1 $f15, 8($s0) |  0x0914824C 26640008 addiu $a0, $s3, 8 |  0x09148250 C62C0008 lwc1 $f12, 8($s1)",VANILLA,WF-005
0de1954f42fe210579d79a0be5f187d13dfc24a29256ecfea2cd306b3a6c1546,LEVEL_09,9,Inside Clank,0x0000E4F4,0x091481F4,3,0x0000E560,0x09148260,0x09148268,0x0914805C,0x09147F90,0x0000E5D4," 0x09148258 C60D0000 lwc1 $f13, 0($s0) |  0x0914825C C60E0004 lwc1 $f14, 4($s0) | >0x09148260 0C0038D7 jal 0x0914805C |  0x09148264 C60F0008 lwc1 $f15, 8($s0) |  0x09148268 8FB00020 lw $s0, 32($sp) |  0x0914826C 8FB10024 lw $s1, 36($sp)",VANILLA,WF-005
82989a6c4eecfb1fd80f59b58fa5d389533ed73d0be2863bb998cf157d578327,LEVEL_09,9,Inside Clank,0x0000E584,0x09148284,1,0x0000E5B8,0x091482B8,0x091482C0,0x0914805C,0x09147F90,0x0000E62C," 0x091482B0 C60D0000 lwc1 $f13, 0($s0) |  0x091482B4 C60E0004 lwc1 $f14, 4($s0) | >0x091482B8 0C0038D7 jal 0x0914805C |  0x091482BC C60F0008 lwc1 $f15, 8($s0) |  0x091482C0 26640004 addiu $a0, $s3, 4 |  0x091482C4 C62C0004 lwc1 $f12, 4($s1)",VANILLA,WF-018
82989a6c4eecfb1fd80f59b58fa5d389533ed73d0be2863bb998cf157d578327,LEVEL_09,9,Inside Clank,0x0000E584,0x09148284,2,0x0000E5D4,0x091482D4,0x091482DC,0x0914805C,0x09147F90,0x0000E648," 0x091482CC C60D0000 lwc1 $f13, 0($s0) |  0x091482D0 C60E0004 lwc1 $f14, 4($s0) | >0x091482D4 0C0038D7 jal 0x0914805C |  0x091482D8 C60F0008 lwc1 $f15, 8($s0) |  0x091482DC 8FB00020 lw $s0, 32($sp) |  0x091482E0 8FB10024 lw $s1, 36($sp)",VANILLA,WF-018
79a53dd581d4d0841d3dba3fd01f10e49941c5aef283405a13b839bf117a9831,LEVEL_09,9,Inside Clank,0x0000E7DC,0x091484DC,1,0x0000E818,0x09148518,0x09148520,0x0914805C,0x09147F90,0x0000E88C," 0x09148510 C62D0000 lwc1 $f13, 0($s1) |  0x09148514 C62E0004 lwc1 $f14, 4($s1) | >0x09148518 0C0038D7 jal 0x0914805C |  0x0914851C C62F0008 lwc1 $f15, 8($s1) |  0x09148520 4480A000 .word 0x4480A000 |  0x09148524 E6140024 swc1 $f20, 36($s0)",VANILLA,WF-013
79a53dd581d4d0841d3dba3fd01f10e49941c5aef283405a13b839bf117a9831,LEVEL_09,9,Inside Clank,0x0000E7DC,0x091484DC,2,0x0000E83C,0x0914853C,0x09148544,0x0914805C,0x09147F90,0x0000E8B0," 0x09148534 C62E0004 lwc1 $f14, 4($s1) |  0x09148538 C62F0008 lwc1 $f15, 8($s1) | >0x0914853C 0C0038D7 jal 0x0914805C |  0x09148540 02602825 .word 0x02602825 |  0x09148544 C60D0020 lwc1 $f13, 32($s0) |  0x09148548 460D6B02 .word 0x460D6B02",VANILLA,WF-013
04dfbfd0e8658f0836f0e5363b70ea615481b1beeaceecab7571875f452a1101,LEVEL_09,9,Inside Clank,0x00027D78,0x09161A78,1,0x00027E64,0x09161B64,0x09161B6C,0x0914805C,0x09147F90,0x00027ED8," 0x09161B5C C60E0004 lwc1 $f14, 4($s0) |  0x09161B60 C60F0008 lwc1 $f15, 8($s0) | >0x09161B64 0C0038D7 jal 0x0914805C |  0x09161B68 46106300 .word 0x46106300 |  0x09161B6C 10000008 beq $zero, $zero, 0x09161B90 |  0x09161B70 00000000 nop",VANILLA,WF-014
04dfbfd0e8658f0836f0e5363b70ea615481b1beeaceecab7571875f452a1101,LEVEL_09,9,Inside Clank,0x00027D78,0x09161A78,2,0x00027E88,0x09161B88,0x09161B90,0x0914805C,0x09147F90,0x00027EFC," 0x09161B80 C60F0008 lwc1 $f15, 8($s0) |  0x09161B84 02402025 .word 0x02402025 | >0x09161B88 0C0038D7 jal 0x0914805C |  0x09161B8C 02202825 .word 0x02202825 |  0x09161B90 10000008 beq $zero, $zero, 0x09161BB4 |  0x09161B94 00000000 nop",VANILLA,WF-014
04dfbfd0e8658f0836f0e5363b70ea615481b1beeaceecab7571875f452a1101,LEVEL_09,9,Inside Clank,0x00027D78,0x09161A78,3,0x00027EAC,0x09161BAC,0x09161BB4,0x0914805C,0x09147F90,0x00027F20," 0x09161BA4 C60F0008 lwc1 $f15, 8($s0) |  0x09161BA8 02402025 .word 0x02402025 | >0x09161BAC 0C0038D7 jal 0x0914805C |  0x09161BB0 02202825 .word 0x02202825 |  0x09161BB4 C7B40020 lwc1 $f20, 32($sp) |  0x09161BB8 8FB00024 lw $s0, 36($sp)",VANILLA,WF-014
24a2ff0a1557a72e167a4c96b6f9c801d44d4cba5af921ba5669a4084a8edf49,LEVEL_09,9,Inside Clank,0x00046A20,0x09180720,1,0x00046C80,0x09180980,0x09180988,0x0914805C,0x09147F90,0x00046CF4," 0x09180978 26040248 addiu $a0, $s0, 584 |  0x0918097C 26050250 addiu $a1, $s0, 592 | >0x09180980 0C0038D7 jal 0x0914805C |  0x09180984 C60F025C lwc1 $f15, 604($s0) |  0x09180988 C60D0248 lwc1 $f13, 584($s0) |  0x0918098C E7B60048 swc1 $f22, 72($sp)",VANILLA,WF-002
2f3e3c8d94815007925ad67e5ba4c86300ecf57cf262105869a43d99ee6ad1fb,LEVEL_09,9,Inside Clank,0x00046DB8,0x09180AB8,1,0x0004735C,0x0918105C,0x09181064,0x0914805C,0x09147F90,0x000473D0," 0x09181054 26040230 addiu $a0, $s0, 560 |  0x09181058 26050238 addiu $a1, $s0, 568 | >0x0918105C 0C0038D7 jal 0x0914805C |  0x09181060 C60F0244 lwc1 $f15, 580($s0) |  0x09181064 1000000C beq $zero, $zero, 0x09181098 |  0x09181068 00000000 nop",VANILLA,WF-001
2f3e3c8d94815007925ad67e5ba4c86300ecf57cf262105869a43d99ee6ad1fb,LEVEL_09,9,Inside Clank,0x00046DB8,0x09180AB8,2,0x00047390,0x09181090,0x09181098,0x0914805C,0x09147F90,0x00047404," 0x09181088 26050238 addiu $a1, $s0, 568 |  0x0918108C C60E0240 lwc1 $f14, 576($s0) | >0x09181090 0C0038D7 jal 0x0914805C |  0x09181094 C60F0244 lwc1 $f15, 580($s0) |  0x09181098 C60C0230 lwc1 $f12, 560($s0) |  0x0918109C 260501F4 addiu $a1, $s0, 500",VANILLA,WF-001
2f3e3c8d94815007925ad67e5ba4c86300ecf57cf262105869a43d99ee6ad1fb,LEVEL_09,9,Inside Clank,0x00046DB8,0x09180AB8,3,0x0004750C,0x0918120C,0x09181214,0x0914805C,0x09147F90,0x00047580," 0x09181204 26050238 addiu $a1, $s0, 568 |  0x09181208 C60E0240 lwc1 $f14, 576($s0) | >0x0918120C 0C0038D7 jal 0x0914805C |  0x09181210 C60F0244 lwc1 $f15, 580($s0) |  0x09181214 C60C0230 lwc1 $f12, 560($s0) |  0x09181218 260501F4 addiu $a1, $s0, 500",VANILLA,WF-001
a0c9f2348b17b34ae20cd986946e9986592765755ff8bc44e8d82a6df56c3b27,LEVEL_09,9,Inside Clank,0x0004AD58,0x09184A58,1,0x0004B634,0x09185334,0x0918533C,0x0914805C,0x09147F90,0x0004B6A8," 0x0918532C 26040230 addiu $a0, $s0, 560 |  0x09185330 26050238 addiu $a1, $s0, 568 | >0x09185334 0C0038D7 jal 0x0914805C |  0x09185338 C60F0244 lwc1 $f15, 580($s0) |  0x0918533C C60C0230 lwc1 $f12, 560($s0) |  0x09185340 26050204 addiu $a1, $s0, 516",VANILLA,WF-003
a50a4422a2a0366826d4c2c0aae73049d3e6d44c93e876dda92de2c52118f000,LEVEL_09,9,Inside Clank,0x00053148,0x0918CE48,1,0x000531A8,0x0918CEA8,0x0918CEB0,0x0914805C,0x09147F90,0x0005321C," 0x0918CEA0 26050238 addiu $a1, $s0, 568 |  0x0918CEA4 C60E0240 lwc1 $f14, 576($s0) | >0x0918CEA8 0C0038D7 jal 0x0914805C |  0x0918CEAC C60F0244 lwc1 $f15, 580($s0) |  0x0918CEB0 3C110009 lui $s1, 0x0009 |  0x0918CEB4 2631FFE0 addiu $s1, $s1, -32",VANILLA,WF-004
8a86ad12960405935ae334206b60801183e4e8e77418955f63d6f096a15c82de,LEVEL_09,9,Inside Clank,0x00104CA0,0x0923E9A0,1,0x00104D08,0x0923EA08,0x0923EA10,0x0914805C,0x09147F90,0x00104D7C," 0x0923EA00 26240020 addiu $a0, $s1, 32 |  0x0923EA04 26050018 addiu $a1, $s0, 24 | >0x0923EA08 0C0038D7 jal 0x0914805C |  0x0923EA0C C68F0008 lwc1 $f15, 8($s4) |  0x0923EA10 E6340024 swc1 $f20, 36($s1) |  0x0923EA14 C64C0028 lwc1 $f12, 40($s2)",VANILLA,WF-008
8a86ad12960405935ae334206b60801183e4e8e77418955f63d6f096a15c82de,LEVEL_09,9,Inside Clank,0x00104CA0,0x0923E9A0,2,0x00104D28,0x0923EA28,0x0923EA30,0x0914805C,0x09147F90,0x00104D9C," 0x0923EA20 26240028 addiu $a0, $s1, 40 |  0x0923EA24 2605001C addiu $a1, $s0, 28 | >0x0923EA28 0C0038D7 jal 0x0914805C |  0x0923EA2C C68F0008 lwc1 $f15, 8($s4) |  0x0923EA30 C62D0020 lwc1 $f13, 32($s1) |  0x0923EA34 C62C0028 lwc1 $f12, 40($s1)",VANILLA,WF-008
968668ccd5198515cf25c2815fcfb186538f5bdd3b910ae8321fe3dde32303e0,LEVEL_09,9,Inside Clank,0x00104EBC,0x0923EBBC,1,0x00104F88,0x0923EC88,0x0923EC90,0x0914805C,0x09147F90,0x00104FFC," 0x0923EC80 26240020 addiu $a0, $s1, 32 |  0x0923EC84 26050018 addiu $a1, $s0, 24 | >0x0923EC88 0C0038D7 jal 0x0914805C |  0x0923EC8C C68F0008 lwc1 $f15, 8($s4) |  0x0923EC90 E6340024 swc1 $f20, 36($s1) |  0x0923EC94 C7AC002C lwc1 $f12, 44($sp)",VANILLA,WF-009
968668ccd5198515cf25c2815fcfb186538f5bdd3b910ae8321fe3dde32303e0,LEVEL_09,9,Inside Clank,0x00104EBC,0x0923EBBC,2,0x00104FA8,0x0923ECA8,0x0923ECB0,0x0914805C,0x09147F90,0x0010501C," 0x0923ECA0 26240028 addiu $a0, $s1, 40 |  0x0923ECA4 2605001C addiu $a1, $s0, 28 | >0x0923ECA8 0C0038D7 jal 0x0914805C |  0x0923ECAC C68F0008 lwc1 $f15, 8($s4) |  0x0923ECB0 C62D0020 lwc1 $f13, 32($s1) |  0x0923ECB4 C62C0028 lwc1 $f12, 40($s1)",VANILLA,WF-009
b07e66b93323e492431512dbd5e2654d2c18c232cad02595682cefe1704d88b8,LEVEL_09,9,Inside Clank,0x00105184,0x0923EE84,1,0x001051D8,0x0923EED8,0x0923EEE0,0x0914805C,0x09147F90,0x0010524C," 0x0923EED0 2604002C addiu $a0, $s0, 44 |  0x0923EED4 26050030 addiu $a1, $s0, 48 | >0x0923EED8 0C0038D7 jal 0x0914805C |  0x0923EEDC C4CC7070 lwc1 $f12, 28784($a2) |  0x0923EEE0 C7B0002C lwc1 $f16, 44($sp) |  0x0923EEE4 C60F002C lwc1 $f15, 44($s0)",VANILLA,WF-007
b07e66b93323e492431512dbd5e2654d2c18c232cad02595682cefe1704d88b8,LEVEL_09,9,Inside Clank,0x00105184,0x0923EE84,2,0x00105258,0x0923EF58,0x0923EF60,0x0914805C,0x09147F90,0x001052CC," 0x0923EF50 46008306 .word 0x46008306 |  0x0923EF54 C6AE0004 lwc1 $f14, 4($s5) | >0x0923EF58 0C0038D7 jal 0x0914805C |  0x0923EF5C C6AF0008 lwc1 $f15, 8($s5) |  0x0923EF60 44806000 .word 0x44806000 |  0x0923EF64 C7AD0028 lwc1 $f13, 40($sp)",VANILLA,WF-007
b07e66b93323e492431512dbd5e2654d2c18c232cad02595682cefe1704d88b8,LEVEL_09,9,Inside Clank,0x00105184,0x0923EE84,3,0x00105280,0x0923EF80,0x0923EF88,0x0914805C,0x09147F90,0x001052F4," 0x0923EF78 C6AE0004 lwc1 $f14, 4($s5) |  0x0923EF7C 2605001C addiu $a1, $s0, 28 | >0x0923EF80 0C0038D7 jal 0x0914805C |  0x0923EF84 C6AF0008 lwc1 $f15, 8($s5) |  0x0923EF88 C62C0020 lwc1 $f12, 32($s1) |  0x0923EF8C C62F0028 lwc1 $f15, 40($s1)",VANILLA,WF-007
b17654bd924dce7abe0f266c545c41586d38f478330125bbd1dd2d5edeb62a1b,LEVEL_09,9,Inside Clank,0x00107B50,0x09241850,1,0x00107C64,0x09241964,0x0924196C,0x0914805C,0x09147F90,0x00107CD8," 0x0924195C 2624002C addiu $a0, $s1, 44 |  0x09241960 26250030 addiu $a1, $s1, 48 | >0x09241964 0C0038D7 jal 0x0914805C |  0x09241968 46106302 .word 0x46106302 |  0x0924196C C7B3002C lwc1 $f19, 44($sp) |  0x09241970 C62C002C lwc1 $f12, 44($s1)",VANILLA,WF-010
b17654bd924dce7abe0f266c545c41586d38f478330125bbd1dd2d5edeb62a1b,LEVEL_09,9,Inside Clank,0x00107B50,0x09241850,2,0x00107D24,0x09241A24,0x09241A2C,0x0914805C,0x09147F90,0x00107D98," 0x09241A1C 2624002C addiu $a0, $s1, 44 |  0x09241A20 26250030 addiu $a1, $s1, 48 | >0x09241A24 0C0038D7 jal 0x0914805C |  0x09241A28 C4CC7070 lwc1 $f12, 28784($a2) |  0x09241A2C C7AC002C lwc1 $f12, 44($sp) |  0x09241A30 C633002C lwc1 $f19, 44($s1)",VANILLA,WF-010
0645f7b05606ef3a65fb05c30cb28b136525070194503caf482f455e63e6112b,LEVEL_09,9,Inside Clank,0x00139510,0x09273210,1,0x00139820,0x09273520,0x09273528,0x0914805C,0x09147F90,0x00139894," 0x09273518 26440018 addiu $a0, $s2, 24 |  0x0927351C 2645001C addiu $a1, $s2, 28 | >0x09273520 0C0038D7 jal 0x0914805C |  0x09273524 C4EF0008 lwc1 $f15, 8($a3) |  0x09273528 C66C0010 lwc1 $f12, 16($s3) |  0x0927352C C64D0014 lwc1 $f13, 20($s2)",VANILLA,WF-016
0645f7b05606ef3a65fb05c30cb28b136525070194503caf482f455e63e6112b,LEVEL_09,9,Inside Clank,0x00139510,0x09273210,2,0x00139AC4,0x092737C4,0x092737CC,0x0914805C,0x09147F90,0x00139B38," 0x092737BC 26440018 addiu $a0, $s2, 24 |  0x092737C0 2645001C addiu $a1, $s2, 28 | >0x092737C4 0C0038D7 jal 0x0914805C |  0x092737C8 C4EF0008 lwc1 $f15, 8($a3) |  0x092737CC C64C0018 lwc1 $f12, 24($s2) |  0x092737D0 44806800 .word 0x44806800",VANILLA,WF-016
cda1f243ed3cc3baced794eea6410c47c7b121cbcf47c828c979d88435d7b6b7,LEVEL_09,9,Inside Clank,0x00155F5C,0x0928FC5C,1,0x00155FB8,0x0928FCB8,0x0928FCC0,0x0914805C,0x09147F90,0x0015602C," 0x0928FCB0 2664003C addiu $a0, $s3, 60 |  0x0928FCB4 26650044 addiu $a1, $s3, 68 | >0x0928FCB8 0C0038D7 jal 0x0914805C |  0x0928FCBC C66F0050 lwc1 $f15, 80($s3) |  0x0928FCC0 C7AC0020 lwc1 $f12, 32($sp) |  0x0928FCC4 C64D0030 lwc1 $f13, 48($s2)",VANILLA,WF-006
4f3d3c79217e7c044187dd74de1846b5567bcf0b2fc562ada0faa98f6b3aac18,LEVEL_09,9,Inside Clank,0x001798FC,0x092B35FC,1,0x001799B4,0x092B36B4,0x092B36BC,0x0914805C,0x09147F90,0x00179A28," 0x092B36AC 26040034 addiu $a0, $s0, 52 |  0x092B36B0 26050038 addiu $a1, $s0, 56 | >0x092B36B4 0C0038D7 jal 0x0914805C |  0x092B36B8 C62F0008 lwc1 $f15, 8($s1) |  0x092B36BC 26060024 addiu $a2, $s0, 36 |  0x092B36C0 02802025 .word 0x02802025",VANILLA,WF-012
ef8ce773c105cac024df4f5419052a7e0f7839ec6fc98bfb101f0c2adf2ff27d,LEVEL_09,9,Inside Clank,0x0017A050,0x092B3D50,1,0x0017A0A0,0x092B3DA0,0x092B3DA8,0x0914805C,0x09147F90,0x0017A114," 0x092B3D98 E7B4002C swc1 $f20, 44($sp) |  0x092B3D9C AFBF0048 sw $ra, 72($sp) | >0x092B3DA0 0C0038D7 jal 0x0914805C |  0x092B3DA4 02602025 .word 0x02602025 |  0x092B3DA8 C6AC0004 lwc1 $f12, 4($s5) |  0x092B3DAC C68D0000 lwc1 $f13, 0($s4)",VANILLA,WF-011
ef8ce773c105cac024df4f5419052a7e0f7839ec6fc98bfb101f0c2adf2ff27d,LEVEL_09,9,Inside Clank,0x0017A050,0x092B3D50,2,0x0017A0BC,0x092B3DBC,0x092B3DC4,0x0914805C,0x09147F90,0x0017A130," 0x092B3DB4 26040028 addiu $a0, $s0, 40 |  0x092B3DB8 26050030 addiu $a1, $s0, 48 | >0x092B3DBC 0C0038D7 jal 0x0914805C |  0x092B3DC0 C68F0008 lwc1 $f15, 8($s4) |  0x092B3DC4 C60C0024 lwc1 $f12, 36($s0) |  0x092B3DC8 C60D0028 lwc1 $f13, 40($s0)",VANILLA,WF-011
0de1954f42fe210579d79a0be5f187d13dfc24a29256ecfea2cd306b3a6c1546,LEVEL_10,10,Quadrona,0x0000E2F0,0x09147FF0,1,0x0000E324,0x09148024,0x0914802C,0x09147DD8,0x09147D0C,0x0000E398," 0x0914801C C60D0000 lwc1 $f13, 0($s0) |  0x09148020 C60E0004 lwc1 $f14, 4($s0) | >0x09148024 0C003836 jal 0x09147DD8 |  0x09148028 C60F0008 lwc1 $f15, 8($s0) |  0x0914802C 26640004 addiu $a0, $s3, 4 |  0x09148030 C62C0004 lwc1 $f12, 4($s1)",VANILLA,WF-005
0de1954f42fe210579d79a0be5f187d13dfc24a29256ecfea2cd306b3a6c1546,LEVEL_10,10,Quadrona,0x0000E2F0,0x09147FF0,2,0x0000E340,0x09148040,0x09148048,0x09147DD8,0x09147D0C,0x0000E3B4," 0x09148038 C60D0000 lwc1 $f13, 0($s0) |  0x0914803C C60E0004 lwc1 $f14, 4($s0) | >0x09148040 0C003836 jal 0x09147DD8 |  0x09148044 C60F0008 lwc1 $f15, 8($s0) |  0x09148048 26640008 addiu $a0, $s3, 8 |  0x0914804C C62C0008 lwc1 $f12, 8($s1)",VANILLA,WF-005
0de1954f42fe210579d79a0be5f187d13dfc24a29256ecfea2cd306b3a6c1546,LEVEL_10,10,Quadrona,0x0000E2F0,0x09147FF0,3,0x0000E35C,0x0914805C,0x09148064,0x09147DD8,0x09147D0C,0x0000E3D0," 0x09148054 C60D0000 lwc1 $f13, 0($s0) |  0x09148058 C60E0004 lwc1 $f14, 4($s0) | >0x0914805C 0C003836 jal 0x09147DD8 |  0x09148060 C60F0008 lwc1 $f15, 8($s0) |  0x09148064 8FB00020 lw $s0, 32($sp) |  0x09148068 8FB10024 lw $s1, 36($sp)",VANILLA,WF-005
82989a6c4eecfb1fd80f59b58fa5d389533ed73d0be2863bb998cf157d578327,LEVEL_10,10,Quadrona,0x0000E380,0x09148080,1,0x0000E3B4,0x091480B4,0x091480BC,0x09147DD8,0x09147D0C,0x0000E428," 0x091480AC C60D0000 lwc1 $f13, 0($s0) |  0x091480B0 C60E0004 lwc1 $f14, 4($s0) | >0x091480B4 0C003836 jal 0x09147DD8 |  0x091480B8 C60F0008 lwc1 $f15, 8($s0) |  0x091480BC 26640004 addiu $a0, $s3, 4 |  0x091480C0 C62C0004 lwc1 $f12, 4($s1)",VANILLA,WF-018
82989a6c4eecfb1fd80f59b58fa5d389533ed73d0be2863bb998cf157d578327,LEVEL_10,10,Quadrona,0x0000E380,0x09148080,2,0x0000E3D0,0x091480D0,0x091480D8,0x09147DD8,0x09147D0C,0x0000E444," 0x091480C8 C60D0000 lwc1 $f13, 0($s0) |  0x091480CC C60E0004 lwc1 $f14, 4($s0) | >0x091480D0 0C003836 jal 0x09147DD8 |  0x091480D4 C60F0008 lwc1 $f15, 8($s0) |  0x091480D8 8FB00020 lw $s0, 32($sp) |  0x091480DC 8FB10024 lw $s1, 36($sp)",VANILLA,WF-018
79a53dd581d4d0841d3dba3fd01f10e49941c5aef283405a13b839bf117a9831,LEVEL_10,10,Quadrona,0x0000E5D8,0x091482D8,1,0x0000E614,0x09148314,0x0914831C,0x09147DD8,0x09147D0C,0x0000E688," 0x0914830C C62D0000 lwc1 $f13, 0($s1) |  0x09148310 C62E0004 lwc1 $f14, 4($s1) | >0x09148314 0C003836 jal 0x09147DD8 |  0x09148318 C62F0008 lwc1 $f15, 8($s1) |  0x0914831C 4480A000 .word 0x4480A000 |  0x09148320 E6140024 swc1 $f20, 36($s0)",VANILLA,WF-013
79a53dd581d4d0841d3dba3fd01f10e49941c5aef283405a13b839bf117a9831,LEVEL_10,10,Quadrona,0x0000E5D8,0x091482D8,2,0x0000E638,0x09148338,0x09148340,0x09147DD8,0x09147D0C,0x0000E6AC," 0x09148330 C62E0004 lwc1 $f14, 4($s1) |  0x09148334 C62F0008 lwc1 $f15, 8($s1) | >0x09148338 0C003836 jal 0x09147DD8 |  0x0914833C 02602825 .word 0x02602825 |  0x09148340 C60D0020 lwc1 $f13, 32($s0) |  0x09148344 460D6B02 .word 0x460D6B02",VANILLA,WF-013
04dfbfd0e8658f0836f0e5363b70ea615481b1beeaceecab7571875f452a1101,LEVEL_10,10,Quadrona,0x00028ED8,0x09162BD8,1,0x00028FC4,0x09162CC4,0x09162CCC,0x09147DD8,0x09147D0C,0x00029038," 0x09162CBC C60E0004 lwc1 $f14, 4($s0) |  0x09162CC0 C60F0008 lwc1 $f15, 8($s0) | >0x09162CC4 0C003836 jal 0x09147DD8 |  0x09162CC8 46106300 .word 0x46106300 |  0x09162CCC 10000008 beq $zero, $zero, 0x09162CF0 |  0x09162CD0 00000000 nop",VANILLA,WF-014
04dfbfd0e8658f0836f0e5363b70ea615481b1beeaceecab7571875f452a1101,LEVEL_10,10,Quadrona,0x00028ED8,0x09162BD8,2,0x00028FE8,0x09162CE8,0x09162CF0,0x09147DD8,0x09147D0C,0x0002905C," 0x09162CE0 C60F0008 lwc1 $f15, 8($s0) |  0x09162CE4 02402025 .word 0x02402025 | >0x09162CE8 0C003836 jal 0x09147DD8 |  0x09162CEC 02202825 .word 0x02202825 |  0x09162CF0 10000008 beq $zero, $zero, 0x09162D14 |  0x09162CF4 00000000 nop",VANILLA,WF-014
04dfbfd0e8658f0836f0e5363b70ea615481b1beeaceecab7571875f452a1101,LEVEL_10,10,Quadrona,0x00028ED8,0x09162BD8,3,0x0002900C,0x09162D0C,0x09162D14,0x09147DD8,0x09147D0C,0x00029080," 0x09162D04 C60F0008 lwc1 $f15, 8($s0) |  0x09162D08 02402025 .word 0x02402025 | >0x09162D0C 0C003836 jal 0x09147DD8 |  0x09162D10 02202825 .word 0x02202825 |  0x09162D14 C7B40020 lwc1 $f20, 32($sp) |  0x09162D18 8FB00024 lw $s0, 36($sp)",VANILLA,WF-014
35d0f36a26b74dad46db02b1ada278665ea20e7bd849ac85d72c8646adb2672f,LEVEL_10,10,Quadrona,0x000294EC,0x091631EC,1,0x00029528,0x09163228,0x09163230,0x09147DD8,0x09147D0C,0x0002959C," 0x09163220 26650020 addiu $a1, $s3, 32 |  0x09163224 AFBF0030 sw $ra, 48($sp) | >0x09163228 0C003836 jal 0x09147DD8 |  0x0916322C C4CF0008 lwc1 $f15, 8($a2) |  0x09163230 C66C001C lwc1 $f12, 28($s3) |  0x09163234 02602025 .word 0x02602025",VANILLA,WF-021
e50e32e7117369f2524e1da89ff0e22c09d3f12a2ad4d55284c91af63497f884,LEVEL_10,10,Quadrona,0x0002AA28,0x09164728,1,0x0002AB7C,0x0916487C,0x09164884,0x09147DD8,0x09147D0C,0x0002ABF0," 0x09164874 2684001C addiu $a0, $s4, 28 |  0x09164878 26850020 addiu $a1, $s4, 32 | >0x0916487C 0C003836 jal 0x09147DD8 |  0x09164880 C62F0008 lwc1 $f15, 8($s1) |  0x09164884 12A0002A beq $s5, $zero, 0x09164930 |  0x09164888 C68C001C lwc1 $f12, 28($s4)",VANILLA,WF-059
24a2ff0a1557a72e167a4c96b6f9c801d44d4cba5af921ba5669a4084a8edf49,LEVEL_10,10,Quadrona,0x00048A88,0x09182788,1,0x00048CE8,0x091829E8,0x091829F0,0x09147DD8,0x09147D0C,0x00048D5C," 0x091829E0 26040248 addiu $a0, $s0, 584 |  0x091829E4 26050250 addiu $a1, $s0, 592 | >0x091829E8 0C003836 jal 0x09147DD8 |  0x091829EC C60F025C lwc1 $f15, 604($s0) |  0x091829F0 C60D0248 lwc1 $f13, 584($s0) |  0x091829F4 E7B60048 swc1 $f22, 72($sp)",VANILLA,WF-002
2f3e3c8d94815007925ad67e5ba4c86300ecf57cf262105869a43d99ee6ad1fb,LEVEL_10,10,Quadrona,0x00048E20,0x09182B20,1,0x000493C4,0x091830C4,0x091830CC,0x09147DD8,0x09147D0C,0x00049438," 0x091830BC 26040230 addiu $a0, $s0, 560 |  0x091830C0 26050238 addiu $a1, $s0, 568 | >0x091830C4 0C003836 jal 0x09147DD8 |  0x091830C8 C60F0244 lwc1 $f15, 580($s0) |  0x091830CC 1000000C beq $zero, $zero, 0x09183100 |  0x091830D0 00000000 nop",VANILLA,WF-001
2f3e3c8d94815007925ad67e5ba4c86300ecf57cf262105869a43d99ee6ad1fb,LEVEL_10,10,Quadrona,0x00048E20,0x09182B20,2,0x000493F8,0x091830F8,0x09183100,0x09147DD8,0x09147D0C,0x0004946C," 0x091830F0 26050238 addiu $a1, $s0, 568 |  0x091830F4 C60E0240 lwc1 $f14, 576($s0) | >0x091830F8 0C003836 jal 0x09147DD8 |  0x091830FC C60F0244 lwc1 $f15, 580($s0) |  0x09183100 C60C0230 lwc1 $f12, 560($s0) |  0x09183104 260501F4 addiu $a1, $s0, 500",VANILLA,WF-001
2f3e3c8d94815007925ad67e5ba4c86300ecf57cf262105869a43d99ee6ad1fb,LEVEL_10,10,Quadrona,0x00048E20,0x09182B20,3,0x00049574,0x09183274,0x0918327C,0x09147DD8,0x09147D0C,0x000495E8," 0x0918326C 26050238 addiu $a1, $s0, 568 |  0x09183270 C60E0240 lwc1 $f14, 576($s0) | >0x09183274 0C003836 jal 0x09147DD8 |  0x09183278 C60F0244 lwc1 $f15, 580($s0) |  0x0918327C C60C0230 lwc1 $f12, 560($s0) |  0x09183280 260501F4 addiu $a1, $s0, 500",VANILLA,WF-001
a0c9f2348b17b34ae20cd986946e9986592765755ff8bc44e8d82a6df56c3b27,LEVEL_10,10,Quadrona,0x0004CDC0,0x09186AC0,1,0x0004D69C,0x0918739C,0x091873A4,0x09147DD8,0x09147D0C,0x0004D710," 0x09187394 26040230 addiu $a0, $s0, 560 |  0x09187398 26050238 addiu $a1, $s0, 568 | >0x0918739C 0C003836 jal 0x09147DD8 |  0x091873A0 C60F0244 lwc1 $f15, 580($s0) |  0x091873A4 C60C0230 lwc1 $f12, 560($s0) |  0x091873A8 26050204 addiu $a1, $s0, 516",VANILLA,WF-003
a50a4422a2a0366826d4c2c0aae73049d3e6d44c93e876dda92de2c52118f000,LEVEL_10,10,Quadrona,0x00055218,0x0918EF18,1,0x00055278,0x0918EF78,0x0918EF80,0x09147DD8,0x09147D0C,0x000552EC," 0x0918EF70 26050238 addiu $a1, $s0, 568 |  0x0918EF74 C60E0240 lwc1 $f14, 576($s0) | >0x0918EF78 0C003836 jal 0x09147DD8 |  0x0918EF7C C60F0244 lwc1 $f15, 580($s0) |  0x0918EF80 3C110009 lui $s1, 0x0009 |  0x0918EF84 26310360 addiu $s1, $s1, 864",VANILLA,WF-004
8a86ad12960405935ae334206b60801183e4e8e77418955f63d6f096a15c82de,LEVEL_10,10,Quadrona,0x00109210,0x09242F10,1,0x00109278,0x09242F78,0x09242F80,0x09147DD8,0x09147D0C,0x001092EC," 0x09242F70 26240020 addiu $a0, $s1, 32 |  0x09242F74 26050018 addiu $a1, $s0, 24 | >0x09242F78 0C003836 jal 0x09147DD8 |  0x09242F7C C68F0008 lwc1 $f15, 8($s4) |  0x09242F80 E6340024 swc1 $f20, 36($s1) |  0x09242F84 C64C0028 lwc1 $f12, 40($s2)",VANILLA,WF-008
8a86ad12960405935ae334206b60801183e4e8e77418955f63d6f096a15c82de,LEVEL_10,10,Quadrona,0x00109210,0x09242F10,2,0x00109298,0x09242F98,0x09242FA0,0x09147DD8,0x09147D0C,0x0010930C," 0x09242F90 26240028 addiu $a0, $s1, 40 |  0x09242F94 2605001C addiu $a1, $s0, 28 | >0x09242F98 0C003836 jal 0x09147DD8 |  0x09242F9C C68F0008 lwc1 $f15, 8($s4) |  0x09242FA0 C62D0020 lwc1 $f13, 32($s1) |  0x09242FA4 C62C0028 lwc1 $f12, 40($s1)",VANILLA,WF-008
968668ccd5198515cf25c2815fcfb186538f5bdd3b910ae8321fe3dde32303e0,LEVEL_10,10,Quadrona,0x0010942C,0x0924312C,1,0x001094F8,0x092431F8,0x09243200,0x09147DD8,0x09147D0C,0x0010956C," 0x092431F0 26240020 addiu $a0, $s1, 32 |  0x092431F4 26050018 addiu $a1, $s0, 24 | >0x092431F8 0C003836 jal 0x09147DD8 |  0x092431FC C68F0008 lwc1 $f15, 8($s4) |  0x09243200 E6340024 swc1 $f20, 36($s1) |  0x09243204 C7AC002C lwc1 $f12, 44($sp)",VANILLA,WF-009
968668ccd5198515cf25c2815fcfb186538f5bdd3b910ae8321fe3dde32303e0,LEVEL_10,10,Quadrona,0x0010942C,0x0924312C,2,0x00109518,0x09243218,0x09243220,0x09147DD8,0x09147D0C,0x0010958C," 0x09243210 26240028 addiu $a0, $s1, 40 |  0x09243214 2605001C addiu $a1, $s0, 28 | >0x09243218 0C003836 jal 0x09147DD8 |  0x0924321C C68F0008 lwc1 $f15, 8($s4) |  0x09243220 C62D0020 lwc1 $f13, 32($s1) |  0x09243224 C62C0028 lwc1 $f12, 40($s1)",VANILLA,WF-009
b07e66b93323e492431512dbd5e2654d2c18c232cad02595682cefe1704d88b8,LEVEL_10,10,Quadrona,0x001096F4,0x092433F4,1,0x00109748,0x09243448,0x09243450,0x09147DD8,0x09147D0C,0x001097BC," 0x09243440 2604002C addiu $a0, $s0, 44 |  0x09243444 26050030 addiu $a1, $s0, 48 | >0x09243448 0C003836 jal 0x09147DD8 |  0x0924344C C4CC4470 lwc1 $f12, 17520($a2) |  0x09243450 C7B0002C lwc1 $f16, 44($sp) |  0x09243454 C60F002C lwc1 $f15, 44($s0)",VANILLA,WF-007
b07e66b93323e492431512dbd5e2654d2c18c232cad02595682cefe1704d88b8,LEVEL_10,10,Quadrona,0x001096F4,0x092433F4,2,0x001097C8,0x092434C8,0x092434D0,0x09147DD8,0x09147D0C,0x0010983C," 0x092434C0 46008306 .word 0x46008306 |  0x092434C4 C6AE0004 lwc1 $f14, 4($s5) | >0x092434C8 0C003836 jal 0x09147DD8 |  0x092434CC C6AF0008 lwc1 $f15, 8($s5) |  0x092434D0 44806000 .word 0x44806000 |  0x092434D4 C7AD0028 lwc1 $f13, 40($sp)",VANILLA,WF-007
b07e66b93323e492431512dbd5e2654d2c18c232cad02595682cefe1704d88b8,LEVEL_10,10,Quadrona,0x001096F4,0x092433F4,3,0x001097F0,0x092434F0,0x092434F8,0x09147DD8,0x09147D0C,0x00109864," 0x092434E8 C6AE0004 lwc1 $f14, 4($s5) |  0x092434EC 2605001C addiu $a1, $s0, 28 | >0x092434F0 0C003836 jal 0x09147DD8 |  0x092434F4 C6AF0008 lwc1 $f15, 8($s5) |  0x092434F8 C62C0020 lwc1 $f12, 32($s1) |  0x092434FC C62F0028 lwc1 $f15, 40($s1)",VANILLA,WF-007
b17654bd924dce7abe0f266c545c41586d38f478330125bbd1dd2d5edeb62a1b,LEVEL_10,10,Quadrona,0x0010C0C0,0x09245DC0,1,0x0010C1D4,0x09245ED4,0x09245EDC,0x09147DD8,0x09147D0C,0x0010C248," 0x09245ECC 2624002C addiu $a0, $s1, 44 |  0x09245ED0 26250030 addiu $a1, $s1, 48 | >0x09245ED4 0C003836 jal 0x09147DD8 |  0x09245ED8 46106302 .word 0x46106302 |  0x09245EDC C7B3002C lwc1 $f19, 44($sp) |  0x09245EE0 C62C002C lwc1 $f12, 44($s1)",VANILLA,WF-010
b17654bd924dce7abe0f266c545c41586d38f478330125bbd1dd2d5edeb62a1b,LEVEL_10,10,Quadrona,0x0010C0C0,0x09245DC0,2,0x0010C294,0x09245F94,0x09245F9C,0x09147DD8,0x09147D0C,0x0010C308," 0x09245F8C 2624002C addiu $a0, $s1, 44 |  0x09245F90 26250030 addiu $a1, $s1, 48 | >0x09245F94 0C003836 jal 0x09147DD8 |  0x09245F98 C4CC4470 lwc1 $f12, 17520($a2) |  0x09245F9C C7AC002C lwc1 $f12, 44($sp) |  0x09245FA0 C633002C lwc1 $f19, 44($s1)",VANILLA,WF-010
0645f7b05606ef3a65fb05c30cb28b136525070194503caf482f455e63e6112b,LEVEL_10,10,Quadrona,0x00145B88,0x0927F888,1,0x00145E98,0x0927FB98,0x0927FBA0,0x09147DD8,0x09147D0C,0x00145F0C," 0x0927FB90 26440018 addiu $a0, $s2, 24 |  0x0927FB94 2645001C addiu $a1, $s2, 28 | >0x0927FB98 0C003836 jal 0x09147DD8 |  0x0927FB9C C4EF0008 lwc1 $f15, 8($a3) |  0x0927FBA0 C66C0010 lwc1 $f12, 16($s3) |  0x0927FBA4 C64D0014 lwc1 $f13, 20($s2)",VANILLA,WF-016
0645f7b05606ef3a65fb05c30cb28b136525070194503caf482f455e63e6112b,LEVEL_10,10,Quadrona,0x00145B88,0x0927F888,2,0x0014613C,0x0927FE3C,0x0927FE44,0x09147DD8,0x09147D0C,0x001461B0," 0x0927FE34 26440018 addiu $a0, $s2, 24 |  0x0927FE38 2645001C addiu $a1, $s2, 28 | >0x0927FE3C 0C003836 jal 0x09147DD8 |  0x0927FE40 C4EF0008 lwc1 $f15, 8($a3) |  0x0927FE44 C64C0018 lwc1 $f12, 24($s2) |  0x0927FE48 44806800 .word 0x44806800",VANILLA,WF-016
cda1f243ed3cc3baced794eea6410c47c7b121cbcf47c828c979d88435d7b6b7,LEVEL_10,10,Quadrona,0x00167144,0x092A0E44,1,0x001671A0,0x092A0EA0,0x092A0EA8,0x09147DD8,0x09147D0C,0x00167214," 0x092A0E98 2664003C addiu $a0, $s3, 60 |  0x092A0E9C 26650044 addiu $a1, $s3, 68 | >0x092A0EA0 0C003836 jal 0x09147DD8 |  0x092A0EA4 C66F0050 lwc1 $f15, 80($s3) |  0x092A0EA8 C7AC0020 lwc1 $f12, 32($sp) |  0x092A0EAC C64D0030 lwc1 $f13, 48($s2)",VANILLA,WF-006
3b907cd5cc656038144a6afcdafb360ea2f974f6c0162e3889eeb8e4aa74e891,LEVEL_10,10,Quadrona,0x0018A570,0x092C4270,1,0x0018A680,0x092C4380,0x092C4388,0x09147DD8,0x09147D0C,0x0018A6F4," 0x092C4378 2644001C addiu $a0, $s2, 28 |  0x092C437C 26450020 addiu $a1, $s2, 32 | >0x092C4380 0C003836 jal 0x09147DD8 |  0x092C4384 C68F0014 lwc1 $f15, 20($s4) |  0x092C4388 C654001C lwc1 $f20, 28($s2) |  0x092C438C C64C0018 lwc1 $f12, 24($s2)",VANILLA,WF-019
3b907cd5cc656038144a6afcdafb360ea2f974f6c0162e3889eeb8e4aa74e891,LEVEL_10,10,Quadrona,0x0018A570,0x092C4270,2,0x0018A900,0x092C4600,0x092C4608,0x09147DD8,0x09147D0C,0x0018A974," 0x092C45F8 2644001C addiu $a0, $s2, 28 |  0x092C45FC 26450020 addiu $a1, $s2, 32 | >0x092C4600 0C003836 jal 0x09147DD8 |  0x092C4604 C6CF0014 lwc1 $f15, 20($s6) |  0x092C4608 C656001C lwc1 $f22, 28($s2) |  0x092C460C C64C0018 lwc1 $f12, 24($s2)",VANILLA,WF-019
4f3d3c79217e7c044187dd74de1846b5567bcf0b2fc562ada0faa98f6b3aac18,LEVEL_10,10,Quadrona,0x00193BB8,0x092CD8B8,1,0x00193C70,0x092CD970,0x092CD978,0x09147DD8,0x09147D0C,0x00193CE4," 0x092CD968 26040034 addiu $a0, $s0, 52 |  0x092CD96C 26050038 addiu $a1, $s0, 56 | >0x092CD970 0C003836 jal 0x09147DD8 |  0x092CD974 C62F0008 lwc1 $f15, 8($s1) |  0x092CD978 26060024 addiu $a2, $s0, 36 |  0x092CD97C 02802025 .word 0x02802025",VANILLA,WF-012
ef8ce773c105cac024df4f5419052a7e0f7839ec6fc98bfb101f0c2adf2ff27d,LEVEL_10,10,Quadrona,0x0019430C,0x092CE00C,1,0x0019435C,0x092CE05C,0x092CE064,0x09147DD8,0x09147D0C,0x001943D0," 0x092CE054 E7B4002C swc1 $f20, 44($sp) |  0x092CE058 AFBF0048 sw $ra, 72($sp) | >0x092CE05C 0C003836 jal 0x09147DD8 |  0x092CE060 02602025 .word 0x02602025 |  0x092CE064 C6AC0004 lwc1 $f12, 4($s5) |  0x092CE068 C68D0000 lwc1 $f13, 0($s4)",VANILLA,WF-011
ef8ce773c105cac024df4f5419052a7e0f7839ec6fc98bfb101f0c2adf2ff27d,LEVEL_10,10,Quadrona,0x0019430C,0x092CE00C,2,0x00194378,0x092CE078,0x092CE080,0x09147DD8,0x09147D0C,0x001943EC," 0x092CE070 26040028 addiu $a0, $s0, 40 |  0x092CE074 26050030 addiu $a1, $s0, 48 | >0x092CE078 0C003836 jal 0x09147DD8 |  0x092CE07C C68F0008 lwc1 $f15, 8($s4) |  0x092CE080 C60C0024 lwc1 $f12, 36($s0) |  0x092CE084 C60D0028 lwc1 $f13, 40($s0)",VANILLA,WF-011
24a2ff0a1557a72e167a4c96b6f9c801d44d4cba5af921ba5669a4084a8edf49,LEVEL_15,15,Giant Clank — niveau 4,0x0003C5CC,0x091762CC,1,0x0003C82C,0x0917652C,0x09176534,0x091475E8,0x0914751C,0x0003C8A0," 0x09176524 26040248 addiu $a0, $s0, 584 |  0x09176528 26050250 addiu $a1, $s0, 592 | >0x0917652C 0C00363A jal 0x091475E8 |  0x09176530 C60F025C lwc1 $f15, 604($s0) |  0x09176534 C60D0248 lwc1 $f13, 584($s0) |  0x09176538 E7B60048 swc1 $f22, 72($sp)",VANILLA,WF-002
2f3e3c8d94815007925ad67e5ba4c86300ecf57cf262105869a43d99ee6ad1fb,LEVEL_15,15,Giant Clank — niveau 4,0x0003C964,0x09176664,1,0x0003CF08,0x09176C08,0x09176C10,0x091475E8,0x0914751C,0x0003CF7C," 0x09176C00 26040230 addiu $a0, $s0, 560 |  0x09176C04 26050238 addiu $a1, $s0, 568 | >0x09176C08 0C00363A jal 0x091475E8 |  0x09176C0C C60F0244 lwc1 $f15, 580($s0) |  0x09176C10 1000000C beq $zero, $zero, 0x09176C44 |  0x09176C14 00000000 nop",VANILLA,WF-001
2f3e3c8d94815007925ad67e5ba4c86300ecf57cf262105869a43d99ee6ad1fb,LEVEL_15,15,Giant Clank — niveau 4,0x0003C964,0x09176664,2,0x0003CF3C,0x09176C3C,0x09176C44,0x091475E8,0x0914751C,0x0003CFB0," 0x09176C34 26050238 addiu $a1, $s0, 568 |  0x09176C38 C60E0240 lwc1 $f14, 576($s0) | >0x09176C3C 0C00363A jal 0x091475E8 |  0x09176C40 C60F0244 lwc1 $f15, 580($s0) |  0x09176C44 C60C0230 lwc1 $f12, 560($s0) |  0x09176C48 260501F4 addiu $a1, $s0, 500",VANILLA,WF-001
2f3e3c8d94815007925ad67e5ba4c86300ecf57cf262105869a43d99ee6ad1fb,LEVEL_15,15,Giant Clank — niveau 4,0x0003C964,0x09176664,3,0x0003D0B8,0x09176DB8,0x09176DC0,0x091475E8,0x0914751C,0x0003D12C," 0x09176DB0 26050238 addiu $a1, $s0, 568 |  0x09176DB4 C60E0240 lwc1 $f14, 576($s0) | >0x09176DB8 0C00363A jal 0x091475E8 |  0x09176DBC C60F0244 lwc1 $f15, 580($s0) |  0x09176DC0 C60C0230 lwc1 $f12, 560($s0) |  0x09176DC4 260501F4 addiu $a1, $s0, 500",VANILLA,WF-001
a0c9f2348b17b34ae20cd986946e9986592765755ff8bc44e8d82a6df56c3b27,LEVEL_15,15,Giant Clank — niveau 4,0x0004047C,0x0917A17C,1,0x00040D58,0x0917AA58,0x0917AA60,0x091475E8,0x0914751C,0x00040DCC," 0x0917AA50 26040230 addiu $a0, $s0, 560 |  0x0917AA54 26050238 addiu $a1, $s0, 568 | >0x0917AA58 0C00363A jal 0x091475E8 |  0x0917AA5C C60F0244 lwc1 $f15, 580($s0) |  0x0917AA60 C60C0230 lwc1 $f12, 560($s0) |  0x0917AA64 26050204 addiu $a1, $s0, 516",VANILLA,WF-003
a50a4422a2a0366826d4c2c0aae73049d3e6d44c93e876dda92de2c52118f000,LEVEL_15,15,Giant Clank — niveau 4,0x000487BC,0x091824BC,1,0x0004881C,0x0918251C,0x09182524,0x091475E8,0x0914751C,0x00048890," 0x09182514 26050238 addiu $a1, $s0, 568 |  0x09182518 C60E0240 lwc1 $f14, 576($s0) | >0x0918251C 0C00363A jal 0x091475E8 |  0x09182520 C60F0244 lwc1 $f15, 580($s0) |  0x09182524 3C110009 lui $s1, 0x0009 |  0x09182528 26311D20 addiu $s1, $s1, 7456",VANILLA,WF-004
24a2ff0a1557a72e167a4c96b6f9c801d44d4cba5af921ba5669a4084a8edf49,LEVEL_21,21,Giant Clank — niveau 7,0x0003C5CC,0x091762CC,1,0x0003C82C,0x0917652C,0x09176534,0x091475E8,0x0914751C,0x0003C8A0," 0x09176524 26040248 addiu $a0, $s0, 584 |  0x09176528 26050250 addiu $a1, $s0, 592 | >0x0917652C 0C00363A jal 0x091475E8 |  0x09176530 C60F025C lwc1 $f15, 604($s0) |  0x09176534 C60D0248 lwc1 $f13, 584($s0) |  0x09176538 E7B60048 swc1 $f22, 72($sp)",VANILLA,WF-002
2f3e3c8d94815007925ad67e5ba4c86300ecf57cf262105869a43d99ee6ad1fb,LEVEL_21,21,Giant Clank — niveau 7,0x0003C964,0x09176664,1,0x0003CF08,0x09176C08,0x09176C10,0x091475E8,0x0914751C,0x0003CF7C," 0x09176C00 26040230 addiu $a0, $s0, 560 |  0x09176C04 26050238 addiu $a1, $s0, 568 | >0x09176C08 0C00363A jal 0x091475E8 |  0x09176C0C C60F0244 lwc1 $f15, 580($s0) |  0x09176C10 1000000C beq $zero, $zero, 0x09176C44 |  0x09176C14 00000000 nop",VANILLA,WF-001
2f3e3c8d94815007925ad67e5ba4c86300ecf57cf262105869a43d99ee6ad1fb,LEVEL_21,21,Giant Clank — niveau 7,0x0003C964,0x09176664,2,0x0003CF3C,0x09176C3C,0x09176C44,0x091475E8,0x0914751C,0x0003CFB0," 0x09176C34 26050238 addiu $a1, $s0, 568 |  0x09176C38 C60E0240 lwc1 $f14, 576($s0) | >0x09176C3C 0C00363A jal 0x091475E8 |  0x09176C40 C60F0244 lwc1 $f15, 580($s0) |  0x09176C44 C60C0230 lwc1 $f12, 560($s0) |  0x09176C48 260501F4 addiu $a1, $s0, 500",VANILLA,WF-001
2f3e3c8d94815007925ad67e5ba4c86300ecf57cf262105869a43d99ee6ad1fb,LEVEL_21,21,Giant Clank — niveau 7,0x0003C964,0x09176664,3,0x0003D0B8,0x09176DB8,0x09176DC0,0x091475E8,0x0914751C,0x0003D12C," 0x09176DB0 26050238 addiu $a1, $s0, 568 |  0x09176DB4 C60E0240 lwc1 $f14, 576($s0) | >0x09176DB8 0C00363A jal 0x091475E8 |  0x09176DBC C60F0244 lwc1 $f15, 580($s0) |  0x09176DC0 C60C0230 lwc1 $f12, 560($s0) |  0x09176DC4 260501F4 addiu $a1, $s0, 500",VANILLA,WF-001
a0c9f2348b17b34ae20cd986946e9986592765755ff8bc44e8d82a6df56c3b27,LEVEL_21,21,Giant Clank — niveau 7,0x0004047C,0x0917A17C,1,0x00040D58,0x0917AA58,0x0917AA60,0x091475E8,0x0914751C,0x00040DCC," 0x0917AA50 26040230 addiu $a0, $s0, 560 |  0x0917AA54 26050238 addiu $a1, $s0, 568 | >0x0917AA58 0C00363A jal 0x091475E8 |  0x0917AA5C C60F0244 lwc1 $f15, 580($s0) |  0x0917AA60 C60C0230 lwc1 $f12, 560($s0) |  0x0917AA64 26050204 addiu $a1, $s0, 516",VANILLA,WF-003
a50a4422a2a0366826d4c2c0aae73049d3e6d44c93e876dda92de2c52118f000,LEVEL_21,21,Giant Clank — niveau 7,0x000487BC,0x091824BC,1,0x0004881C,0x0918251C,0x09182524,0x091475E8,0x0914751C,0x00048890," 0x09182514 26050238 addiu $a1, $s0, 568 |  0x09182518 C60E0240 lwc1 $f14, 576($s0) | >0x0918251C 0C00363A jal 0x091475E8 |  0x09182520 C60F0244 lwc1 $f15, 580($s0) |  0x09182524 3C110009 lui $s1, 0x0009 |  0x09182528 26311D20 addiu $s1, $s1, 7456",VANILLA,WF-004
0de1954f42fe210579d79a0be5f187d13dfc24a29256ecfea2cd306b3a6c1546,LEVEL_22,22,Airboard — niveau 3,0x0000DDA8,0x09147AA8,1,0x0000DDDC,0x09147ADC,0x09147AE4,0x09147890,0x091477C4,0x0000DE50," 0x09147AD4 C60D0000 lwc1 $f13, 0($s0) |  0x09147AD8 C60E0004 lwc1 $f14, 4($s0) | >0x09147ADC 0C0036E4 jal 0x09147890 |  0x09147AE0 C60F0008 lwc1 $f15, 8($s0) |  0x09147AE4 26640004 addiu $a0, $s3, 4 |  0x09147AE8 C62C0004 lwc1 $f12, 4($s1)",VANILLA,WF-005
0de1954f42fe210579d79a0be5f187d13dfc24a29256ecfea2cd306b3a6c1546,LEVEL_22,22,Airboard — niveau 3,0x0000DDA8,0x09147AA8,2,0x0000DDF8,0x09147AF8,0x09147B00,0x09147890,0x091477C4,0x0000DE6C," 0x09147AF0 C60D0000 lwc1 $f13, 0($s0) |  0x09147AF4 C60E0004 lwc1 $f14, 4($s0) | >0x09147AF8 0C0036E4 jal 0x09147890 |  0x09147AFC C60F0008 lwc1 $f15, 8($s0) |  0x09147B00 26640008 addiu $a0, $s3, 8 |  0x09147B04 C62C0008 lwc1 $f12, 8($s1)",VANILLA,WF-005
0de1954f42fe210579d79a0be5f187d13dfc24a29256ecfea2cd306b3a6c1546,LEVEL_22,22,Airboard — niveau 3,0x0000DDA8,0x09147AA8,3,0x0000DE14,0x09147B14,0x09147B1C,0x09147890,0x091477C4,0x0000DE88," 0x09147B0C C60D0000 lwc1 $f13, 0($s0) |  0x09147B10 C60E0004 lwc1 $f14, 4($s0) | >0x09147B14 0C0036E4 jal 0x09147890 |  0x09147B18 C60F0008 lwc1 $f15, 8($s0) |  0x09147B1C 8FB00020 lw $s0, 32($sp) |  0x09147B20 8FB10024 lw $s1, 36($sp)",VANILLA,WF-005
24a2ff0a1557a72e167a4c96b6f9c801d44d4cba5af921ba5669a4084a8edf49,LEVEL_22,22,Airboard — niveau 3,0x00040450,0x0917A150,1,0x000406B0,0x0917A3B0,0x0917A3B8,0x09147890,0x091477C4,0x00040724," 0x0917A3A8 26040248 addiu $a0, $s0, 584 |  0x0917A3AC 26050250 addiu $a1, $s0, 592 | >0x0917A3B0 0C0036E4 jal 0x09147890 |  0x0917A3B4 C60F025C lwc1 $f15, 604($s0) |  0x0917A3B8 C60D0248 lwc1 $f13, 584($s0) |  0x0917A3BC E7B60048 swc1 $f22, 72($sp)",VANILLA,WF-002
2f3e3c8d94815007925ad67e5ba4c86300ecf57cf262105869a43d99ee6ad1fb,LEVEL_22,22,Airboard — niveau 3,0x000407E8,0x0917A4E8,1,0x00040D8C,0x0917AA8C,0x0917AA94,0x09147890,0x091477C4,0x00040E00," 0x0917AA84 26040230 addiu $a0, $s0, 560 |  0x0917AA88 26050238 addiu $a1, $s0, 568 | >0x0917AA8C 0C0036E4 jal 0x09147890 |  0x0917AA90 C60F0244 lwc1 $f15, 580($s0) |  0x0917AA94 1000000C beq $zero, $zero, 0x0917AAC8 |  0x0917AA98 00000000 nop",VANILLA,WF-001
2f3e3c8d94815007925ad67e5ba4c86300ecf57cf262105869a43d99ee6ad1fb,LEVEL_22,22,Airboard — niveau 3,0x000407E8,0x0917A4E8,2,0x00040DC0,0x0917AAC0,0x0917AAC8,0x09147890,0x091477C4,0x00040E34," 0x0917AAB8 26050238 addiu $a1, $s0, 568 |  0x0917AABC C60E0240 lwc1 $f14, 576($s0) | >0x0917AAC0 0C0036E4 jal 0x09147890 |  0x0917AAC4 C60F0244 lwc1 $f15, 580($s0) |  0x0917AAC8 C60C0230 lwc1 $f12, 560($s0) |  0x0917AACC 260501F4 addiu $a1, $s0, 500",VANILLA,WF-001
2f3e3c8d94815007925ad67e5ba4c86300ecf57cf262105869a43d99ee6ad1fb,LEVEL_22,22,Airboard — niveau 3,0x000407E8,0x0917A4E8,3,0x00040F3C,0x0917AC3C,0x0917AC44,0x09147890,0x091477C4,0x00040FB0," 0x0917AC34 26050238 addiu $a1, $s0, 568 |  0x0917AC38 C60E0240 lwc1 $f14, 576($s0) | >0x0917AC3C 0C0036E4 jal 0x09147890 |  0x0917AC40 C60F0244 lwc1 $f15, 580($s0) |  0x0917AC44 C60C0230 lwc1 $f12, 560($s0) |  0x0917AC48 260501F4 addiu $a1, $s0, 500",VANILLA,WF-001
a0c9f2348b17b34ae20cd986946e9986592765755ff8bc44e8d82a6df56c3b27,LEVEL_22,22,Airboard — niveau 3,0x00044300,0x0917E000,1,0x00044BDC,0x0917E8DC,0x0917E8E4,0x09147890,0x091477C4,0x00044C50," 0x0917E8D4 26040230 addiu $a0, $s0, 560 |  0x0917E8D8 26050238 addiu $a1, $s0, 568 | >0x0917E8DC 0C0036E4 jal 0x09147890 |  0x0917E8E0 C60F0244 lwc1 $f15, 580($s0) |  0x0917E8E4 C60C0230 lwc1 $f12, 560($s0) |  0x0917E8E8 26050204 addiu $a1, $s0, 516",VANILLA,WF-003
a50a4422a2a0366826d4c2c0aae73049d3e6d44c93e876dda92de2c52118f000,LEVEL_22,22,Airboard — niveau 3,0x0004CA58,0x09186758,1,0x0004CAB8,0x091867B8,0x091867C0,0x09147890,0x091477C4,0x0004CB2C," 0x091867B0 26050238 addiu $a1, $s0, 568 |  0x091867B4 C60E0240 lwc1 $f14, 576($s0) | >0x091867B8 0C0036E4 jal 0x09147890 |  0x091867BC C60F0244 lwc1 $f15, 580($s0) |  0x091867C0 3C110009 lui $s1, 0x0009 |  0x091867C4 2631EFE0 addiu $s1, $s1, -4128",VANILLA,WF-004
cda1f243ed3cc3baced794eea6410c47c7b121cbcf47c828c979d88435d7b6b7,LEVEL_22,22,Airboard — niveau 3,0x00104614,0x0923E314,1,0x00104670,0x0923E370,0x0923E378,0x09147890,0x091477C4,0x001046E4," 0x0923E368 2664003C addiu $a0, $s3, 60 |  0x0923E36C 26650044 addiu $a1, $s3, 68 | >0x0923E370 0C0036E4 jal 0x09147890 |  0x0923E374 C66F0050 lwc1 $f15, 80($s3) |  0x0923E378 C7AC0020 lwc1 $f12, 32($sp) |  0x0923E37C C64D0030 lwc1 $f13, 48($s2)",VANILLA,WF-006
2c961f864eab9cbbc8f812799ed3dd9b2c8c46d60f6b6add12d96ae57252139c,LEVEL_22,22,Airboard — niveau 3,0x00108F50,0x09242C50,1,0x00109274,0x09242F74,0x09242F7C,0x09147890,0x091477C4,0x001092E8," 0x09242F6C 34C64000 ori $a2, $a2, 16384 |  0x09242F70 26250038 addiu $a1, $s1, 56 | >0x09242F74 0C0036E4 jal 0x09147890 |  0x09242F78 44867800 .word 0x44867800 |  0x09242F7C C62C0000 lwc1 $f12, 0($s1) |  0x09242F80 C62D0004 lwc1 $f13, 4($s1)",VANILLA,WF-024
0de1954f42fe210579d79a0be5f187d13dfc24a29256ecfea2cd306b3a6c1546,LEVEL_23,23,Airboard — niveau 6,0x0000E3EC,0x091480EC,1,0x0000E420,0x09148120,0x09148128,0x09147ED4,0x09147E08,0x0000E494," 0x09148118 C60D0000 lwc1 $f13, 0($s0) |  0x0914811C C60E0004 lwc1 $f14, 4($s0) | >0x09148120 0C003875 jal 0x09147ED4 |  0x09148124 C60F0008 lwc1 $f15, 8($s0) |  0x09148128 26640004 addiu $a0, $s3, 4 |  0x0914812C C62C0004 lwc1 $f12, 4($s1)",VANILLA,WF-005
0de1954f42fe210579d79a0be5f187d13dfc24a29256ecfea2cd306b3a6c1546,LEVEL_23,23,Airboard — niveau 6,0x0000E3EC,0x091480EC,2,0x0000E43C,0x0914813C,0x09148144,0x09147ED4,0x09147E08,0x0000E4B0," 0x09148134 C60D0000 lwc1 $f13, 0($s0) |  0x09148138 C60E0004 lwc1 $f14, 4($s0) | >0x0914813C 0C003875 jal 0x09147ED4 |  0x09148140 C60F0008 lwc1 $f15, 8($s0) |  0x09148144 26640008 addiu $a0, $s3, 8 |  0x09148148 C62C0008 lwc1 $f12, 8($s1)",VANILLA,WF-005
0de1954f42fe210579d79a0be5f187d13dfc24a29256ecfea2cd306b3a6c1546,LEVEL_23,23,Airboard — niveau 6,0x0000E3EC,0x091480EC,3,0x0000E458,0x09148158,0x09148160,0x09147ED4,0x09147E08,0x0000E4CC," 0x09148150 C60D0000 lwc1 $f13, 0($s0) |  0x09148154 C60E0004 lwc1 $f14, 4($s0) | >0x09148158 0C003875 jal 0x09147ED4 |  0x0914815C C60F0008 lwc1 $f15, 8($s0) |  0x09148160 8FB00020 lw $s0, 32($sp) |  0x09148164 8FB10024 lw $s1, 36($sp)",VANILLA,WF-005
80d909ccea185b2b92de4eaeda906b378de28efe8a0015d6d7c6ef3382388145,LEVEL_23,23,Airboard — niveau 6,0x0000FDBC,0x09149ABC,1,0x00010058,0x09149D58,0x09149D60,0x09147ED4,0x09147E08,0x000100CC," 0x09149D50 02602025 .word 0x02602025 |  0x09149D54 4600B306 .word 0x4600B306 | >0x09149D58 0C003875 jal 0x09147ED4 |  0x09149D5C 02802825 .word 0x02802825 |  0x09149D60 26040010 addiu $a0, $s0, 16 |  0x09149D64 C66C0000 lwc1 $f12, 0($s3)",VANILLA,WF-015
24a2ff0a1557a72e167a4c96b6f9c801d44d4cba5af921ba5669a4084a8edf49,LEVEL_23,23,Airboard — niveau 6,0x00043694,0x0917D394,1,0x000438F4,0x0917D5F4,0x0917D5FC,0x09147ED4,0x09147E08,0x00043968," 0x0917D5EC 26040248 addiu $a0, $s0, 584 |  0x0917D5F0 26050250 addiu $a1, $s0, 592 | >0x0917D5F4 0C003875 jal 0x09147ED4 |  0x0917D5F8 C60F025C lwc1 $f15, 604($s0) |  0x0917D5FC C60D0248 lwc1 $f13, 584($s0) |  0x0917D600 E7B60048 swc1 $f22, 72($sp)",VANILLA,WF-002
2f3e3c8d94815007925ad67e5ba4c86300ecf57cf262105869a43d99ee6ad1fb,LEVEL_23,23,Airboard — niveau 6,0x00043A2C,0x0917D72C,1,0x00043FD0,0x0917DCD0,0x0917DCD8,0x09147ED4,0x09147E08,0x00044044," 0x0917DCC8 26040230 addiu $a0, $s0, 560 |  0x0917DCCC 26050238 addiu $a1, $s0, 568 | >0x0917DCD0 0C003875 jal 0x09147ED4 |  0x0917DCD4 C60F0244 lwc1 $f15, 580($s0) |  0x0917DCD8 1000000C beq $zero, $zero, 0x0917DD0C |  0x0917DCDC 00000000 nop",VANILLA,WF-001
2f3e3c8d94815007925ad67e5ba4c86300ecf57cf262105869a43d99ee6ad1fb,LEVEL_23,23,Airboard — niveau 6,0x00043A2C,0x0917D72C,2,0x00044004,0x0917DD04,0x0917DD0C,0x09147ED4,0x09147E08,0x00044078," 0x0917DCFC 26050238 addiu $a1, $s0, 568 |  0x0917DD00 C60E0240 lwc1 $f14, 576($s0) | >0x0917DD04 0C003875 jal 0x09147ED4 |  0x0917DD08 C60F0244 lwc1 $f15, 580($s0) |  0x0917DD0C C60C0230 lwc1 $f12, 560($s0) |  0x0917DD10 260501F4 addiu $a1, $s0, 500",VANILLA,WF-001
2f3e3c8d94815007925ad67e5ba4c86300ecf57cf262105869a43d99ee6ad1fb,LEVEL_23,23,Airboard — niveau 6,0x00043A2C,0x0917D72C,3,0x00044180,0x0917DE80,0x0917DE88,0x09147ED4,0x09147E08,0x000441F4," 0x0917DE78 26050238 addiu $a1, $s0, 568 |  0x0917DE7C C60E0240 lwc1 $f14, 576($s0) | >0x0917DE80 0C003875 jal 0x09147ED4 |  0x0917DE84 C60F0244 lwc1 $f15, 580($s0) |  0x0917DE88 C60C0230 lwc1 $f12, 560($s0) |  0x0917DE8C 260501F4 addiu $a1, $s0, 500",VANILLA,WF-001
a0c9f2348b17b34ae20cd986946e9986592765755ff8bc44e8d82a6df56c3b27,LEVEL_23,23,Airboard — niveau 6,0x00047544,0x09181244,1,0x00047E20,0x09181B20,0x09181B28,0x09147ED4,0x09147E08,0x00047E94," 0x09181B18 26040230 addiu $a0, $s0, 560 |  0x09181B1C 26050238 addiu $a1, $s0, 568 | >0x09181B20 0C003875 jal 0x09147ED4 |  0x09181B24 C60F0244 lwc1 $f15, 580($s0) |  0x09181B28 C60C0230 lwc1 $f12, 560($s0) |  0x09181B2C 26050204 addiu $a1, $s0, 516",VANILLA,WF-003
a50a4422a2a0366826d4c2c0aae73049d3e6d44c93e876dda92de2c52118f000,LEVEL_23,23,Airboard — niveau 6,0x0004FD34,0x09189A34,1,0x0004FD94,0x09189A94,0x09189A9C,0x09147ED4,0x09147E08,0x0004FE08," 0x09189A8C 26050238 addiu $a1, $s0, 568 |  0x09189A90 C60E0240 lwc1 $f14, 576($s0) | >0x09189A94 0C003875 jal 0x09147ED4 |  0x09189A98 C60F0244 lwc1 $f15, 580($s0) |  0x09189A9C 3C110009 lui $s1, 0x0009 |  0x09189AA0 2631FD20 addiu $s1, $s1, -736",VANILLA,WF-004
8a86ad12960405935ae334206b60801183e4e8e77418955f63d6f096a15c82de,LEVEL_23,23,Airboard — niveau 6,0x000FEC20,0x09238920,1,0x000FEC88,0x09238988,0x09238990,0x09147ED4,0x09147E08,0x000FECFC," 0x09238980 26240020 addiu $a0, $s1, 32 |  0x09238984 26050018 addiu $a1, $s0, 24 | >0x09238988 0C003875 jal 0x09147ED4 |  0x0923898C C68F0008 lwc1 $f15, 8($s4) |  0x09238990 E6340024 swc1 $f20, 36($s1) |  0x09238994 C64C0028 lwc1 $f12, 40($s2)",VANILLA,WF-008
8a86ad12960405935ae334206b60801183e4e8e77418955f63d6f096a15c82de,LEVEL_23,23,Airboard — niveau 6,0x000FEC20,0x09238920,2,0x000FECA8,0x092389A8,0x092389B0,0x09147ED4,0x09147E08,0x000FED1C," 0x092389A0 26240028 addiu $a0, $s1, 40 |  0x092389A4 2605001C addiu $a1, $s0, 28 | >0x092389A8 0C003875 jal 0x09147ED4 |  0x092389AC C68F0008 lwc1 $f15, 8($s4) |  0x092389B0 C62D0020 lwc1 $f13, 32($s1) |  0x092389B4 C62C0028 lwc1 $f12, 40($s1)",VANILLA,WF-008
968668ccd5198515cf25c2815fcfb186538f5bdd3b910ae8321fe3dde32303e0,LEVEL_23,23,Airboard — niveau 6,0x000FEE3C,0x09238B3C,1,0x000FEF08,0x09238C08,0x09238C10,0x09147ED4,0x09147E08,0x000FEF7C," 0x09238C00 26240020 addiu $a0, $s1, 32 |  0x09238C04 26050018 addiu $a1, $s0, 24 | >0x09238C08 0C003875 jal 0x09147ED4 |  0x09238C0C C68F0008 lwc1 $f15, 8($s4) |  0x09238C10 E6340024 swc1 $f20, 36($s1) |  0x09238C14 C7AC002C lwc1 $f12, 44($sp)",VANILLA,WF-009
968668ccd5198515cf25c2815fcfb186538f5bdd3b910ae8321fe3dde32303e0,LEVEL_23,23,Airboard — niveau 6,0x000FEE3C,0x09238B3C,2,0x000FEF28,0x09238C28,0x09238C30,0x09147ED4,0x09147E08,0x000FEF9C," 0x09238C20 26240028 addiu $a0, $s1, 40 |  0x09238C24 2605001C addiu $a1, $s0, 28 | >0x09238C28 0C003875 jal 0x09147ED4 |  0x09238C2C C68F0008 lwc1 $f15, 8($s4) |  0x09238C30 C62D0020 lwc1 $f13, 32($s1) |  0x09238C34 C62C0028 lwc1 $f12, 40($s1)",VANILLA,WF-009
b07e66b93323e492431512dbd5e2654d2c18c232cad02595682cefe1704d88b8,LEVEL_23,23,Airboard — niveau 6,0x000FF104,0x09238E04,1,0x000FF158,0x09238E58,0x09238E60,0x09147ED4,0x09147E08,0x000FF1CC," 0x09238E50 2604002C addiu $a0, $s0, 44 |  0x09238E54 26050030 addiu $a1, $s0, 48 | >0x09238E58 0C003875 jal 0x09147ED4 |  0x09238E5C C4CCFD60 lwc1 $f12, -672($a2) |  0x09238E60 C7B0002C lwc1 $f16, 44($sp) |  0x09238E64 C60F002C lwc1 $f15, 44($s0)",VANILLA,WF-007
b07e66b93323e492431512dbd5e2654d2c18c232cad02595682cefe1704d88b8,LEVEL_23,23,Airboard — niveau 6,0x000FF104,0x09238E04,2,0x000FF1D8,0x09238ED8,0x09238EE0,0x09147ED4,0x09147E08,0x000FF24C," 0x09238ED0 46008306 .word 0x46008306 |  0x09238ED4 C6AE0004 lwc1 $f14, 4($s5) | >0x09238ED8 0C003875 jal 0x09147ED4 |  0x09238EDC C6AF0008 lwc1 $f15, 8($s5) |  0x09238EE0 44806000 .word 0x44806000 |  0x09238EE4 C7AD0028 lwc1 $f13, 40($sp)",VANILLA,WF-007
b07e66b93323e492431512dbd5e2654d2c18c232cad02595682cefe1704d88b8,LEVEL_23,23,Airboard — niveau 6,0x000FF104,0x09238E04,3,0x000FF200,0x09238F00,0x09238F08,0x09147ED4,0x09147E08,0x000FF274," 0x09238EF8 C6AE0004 lwc1 $f14, 4($s5) |  0x09238EFC 2605001C addiu $a1, $s0, 28 | >0x09238F00 0C003875 jal 0x09147ED4 |  0x09238F04 C6AF0008 lwc1 $f15, 8($s5) |  0x09238F08 C62C0020 lwc1 $f12, 32($s1) |  0x09238F0C C62F0028 lwc1 $f15, 40($s1)",VANILLA,WF-007
b17654bd924dce7abe0f266c545c41586d38f478330125bbd1dd2d5edeb62a1b,LEVEL_23,23,Airboard — niveau 6,0x00101AD0,0x0923B7D0,1,0x00101BE4,0x0923B8E4,0x0923B8EC,0x09147ED4,0x09147E08,0x00101C58," 0x0923B8DC 2624002C addiu $a0, $s1, 44 |  0x0923B8E0 26250030 addiu $a1, $s1, 48 | >0x0923B8E4 0C003875 jal 0x09147ED4 |  0x0923B8E8 46106302 .word 0x46106302 |  0x0923B8EC C7B3002C lwc1 $f19, 44($sp) |  0x0923B8F0 C62C002C lwc1 $f12, 44($s1)",VANILLA,WF-010
b17654bd924dce7abe0f266c545c41586d38f478330125bbd1dd2d5edeb62a1b,LEVEL_23,23,Airboard — niveau 6,0x00101AD0,0x0923B7D0,2,0x00101CA4,0x0923B9A4,0x0923B9AC,0x09147ED4,0x09147E08,0x00101D18," 0x0923B99C 2624002C addiu $a0, $s1, 44 |  0x0923B9A0 26250030 addiu $a1, $s1, 48 | >0x0923B9A4 0C003875 jal 0x09147ED4 |  0x0923B9A8 C4CCFD60 lwc1 $f12, -672($a2) |  0x0923B9AC C7AC002C lwc1 $f12, 44($sp) |  0x0923B9B0 C633002C lwc1 $f19, 44($s1)",VANILLA,WF-010
cda1f243ed3cc3baced794eea6410c47c7b121cbcf47c828c979d88435d7b6b7,LEVEL_23,23,Airboard — niveau 6,0x00144B4C,0x0927E84C,1,0x00144BA8,0x0927E8A8,0x0927E8B0,0x09147ED4,0x09147E08,0x00144C1C," 0x0927E8A0 2664003C addiu $a0, $s3, 60 |  0x0927E8A4 26650044 addiu $a1, $s3, 68 | >0x0927E8A8 0C003875 jal 0x09147ED4 |  0x0927E8AC C66F0050 lwc1 $f15, 80($s3) |  0x0927E8B0 C7AC0020 lwc1 $f12, 32($sp) |  0x0927E8B4 C64D0030 lwc1 $f13, 48($s2)",VANILLA,WF-006
2c961f864eab9cbbc8f812799ed3dd9b2c8c46d60f6b6add12d96ae57252139c,LEVEL_23,23,Airboard — niveau 6,0x00156A68,0x09290768,1,0x00156D8C,0x09290A8C,0x09290A94,0x09147ED4,0x09147E08,0x00156E00," 0x09290A84 34C64000 ori $a2, $a2, 16384 |  0x09290A88 26250038 addiu $a1, $s1, 56 | >0x09290A8C 0C003875 jal 0x09147ED4 |  0x09290A90 44867800 .word 0x44867800 |  0x09290A94 C62C0000 lwc1 $f12, 0($s1) |  0x09290A98 C62D0004 lwc1 $f13, 4($s1)",VANILLA,WF-024
4f3d3c79217e7c044187dd74de1846b5567bcf0b2fc562ada0faa98f6b3aac18,LEVEL_23,23,Airboard — niveau 6,0x00164AF4,0x0929E7F4,1,0x00164BAC,0x0929E8AC,0x0929E8B4,0x09147ED4,0x09147E08,0x00164C20," 0x0929E8A4 26040034 addiu $a0, $s0, 52 |  0x0929E8A8 26050038 addiu $a1, $s0, 56 | >0x0929E8AC 0C003875 jal 0x09147ED4 |  0x0929E8B0 C62F0008 lwc1 $f15, 8($s1) |  0x0929E8B4 26060024 addiu $a2, $s0, 36 |  0x0929E8B8 02802025 .word 0x02802025",VANILLA,WF-012
ef8ce773c105cac024df4f5419052a7e0f7839ec6fc98bfb101f0c2adf2ff27d,LEVEL_23,23,Airboard — niveau 6,0x00165248,0x0929EF48,1,0x00165298,0x0929EF98,0x0929EFA0,0x09147ED4,0x09147E08,0x0016530C," 0x0929EF90 E7B4002C swc1 $f20, 44($sp) |  0x0929EF94 AFBF0048 sw $ra, 72($sp) | >0x0929EF98 0C003875 jal 0x09147ED4 |  0x0929EF9C 02602025 .word 0x02602025 |  0x0929EFA0 C6AC0004 lwc1 $f12, 4($s5) |  0x0929EFA4 C68D0000 lwc1 $f13, 0($s4)",VANILLA,WF-011
ef8ce773c105cac024df4f5419052a7e0f7839ec6fc98bfb101f0c2adf2ff27d,LEVEL_23,23,Airboard — niveau 6,0x00165248,0x0929EF48,2,0x001652B4,0x0929EFB4,0x0929EFBC,0x09147ED4,0x09147E08,0x00165328," 0x0929EFAC 26040028 addiu $a0, $s0, 40 |  0x0929EFB0 26050030 addiu $a1, $s0, 48 | >0x0929EFB4 0C003875 jal 0x09147ED4 |  0x0929EFB8 C68F0008 lwc1 $f15, 8($s4) |  0x0929EFBC C60C0024 lwc1 $f12, 36($s0) |  0x0929EFC0 C60D0028 lwc1 $f13, 40($s0)",VANILLA,WF-011
0de1954f42fe210579d79a0be5f187d13dfc24a29256ecfea2cd306b3a6c1546,LEVEL_24,24,HIG Treehouse,0x0000E00C,0x09147D0C,1,0x0000E040,0x09147D40,0x09147D48,0x09147B74,0x09147AA8,0x0000E0B4," 0x09147D38 C60D0000 lwc1 $f13, 0($s0) |  0x09147D3C C60E0004 lwc1 $f14, 4($s0) | >0x09147D40 0C00379D jal 0x09147B74 |  0x09147D44 C60F0008 lwc1 $f15, 8($s0) |  0x09147D48 26640004 addiu $a0, $s3, 4 |  0x09147D4C C62C0004 lwc1 $f12, 4($s1)",VANILLA,WF-005
0de1954f42fe210579d79a0be5f187d13dfc24a29256ecfea2cd306b3a6c1546,LEVEL_24,24,HIG Treehouse,0x0000E00C,0x09147D0C,2,0x0000E05C,0x09147D5C,0x09147D64,0x09147B74,0x09147AA8,0x0000E0D0," 0x09147D54 C60D0000 lwc1 $f13, 0($s0) |  0x09147D58 C60E0004 lwc1 $f14, 4($s0) | >0x09147D5C 0C00379D jal 0x09147B74 |  0x09147D60 C60F0008 lwc1 $f15, 8($s0) |  0x09147D64 26640008 addiu $a0, $s3, 8 |  0x09147D68 C62C0008 lwc1 $f12, 8($s1)",VANILLA,WF-005
0de1954f42fe210579d79a0be5f187d13dfc24a29256ecfea2cd306b3a6c1546,LEVEL_24,24,HIG Treehouse,0x0000E00C,0x09147D0C,3,0x0000E078,0x09147D78,0x09147D80,0x09147B74,0x09147AA8,0x0000E0EC," 0x09147D70 C60D0000 lwc1 $f13, 0($s0) |  0x09147D74 C60E0004 lwc1 $f14, 4($s0) | >0x09147D78 0C00379D jal 0x09147B74 |  0x09147D7C C60F0008 lwc1 $f15, 8($s0) |  0x09147D80 8FB00020 lw $s0, 32($sp) |  0x09147D84 8FB10024 lw $s1, 36($sp)",VANILLA,WF-005
80d909ccea185b2b92de4eaeda906b378de28efe8a0015d6d7c6ef3382388145,LEVEL_24,24,HIG Treehouse,0x0000FCD0,0x091499D0,1,0x0000FF6C,0x09149C6C,0x09149C74,0x09147B74,0x09147AA8,0x0000FFE0," 0x09149C64 02602025 .word 0x02602025 |  0x09149C68 4600B306 .word 0x4600B306 | >0x09149C6C 0C00379D jal 0x09147B74 |  0x09149C70 02802825 .word 0x02802825 |  0x09149C74 26040010 addiu $a0, $s0, 16 |  0x09149C78 C66C0000 lwc1 $f12, 0($s3)",VANILLA,WF-015
24a2ff0a1557a72e167a4c96b6f9c801d44d4cba5af921ba5669a4084a8edf49,LEVEL_24,24,HIG Treehouse,0x000434A0,0x0917D1A0,1,0x00043700,0x0917D400,0x0917D408,0x09147B74,0x09147AA8,0x00043774," 0x0917D3F8 26040248 addiu $a0, $s0, 584 |  0x0917D3FC 26050250 addiu $a1, $s0, 592 | >0x0917D400 0C00379D jal 0x09147B74 |  0x0917D404 C60F025C lwc1 $f15, 604($s0) |  0x0917D408 C60D0248 lwc1 $f13, 584($s0) |  0x0917D40C E7B60048 swc1 $f22, 72($sp)",VANILLA,WF-002
2f3e3c8d94815007925ad67e5ba4c86300ecf57cf262105869a43d99ee6ad1fb,LEVEL_24,24,HIG Treehouse,0x00043838,0x0917D538,1,0x00043DDC,0x0917DADC,0x0917DAE4,0x09147B74,0x09147AA8,0x00043E50," 0x0917DAD4 26040230 addiu $a0, $s0, 560 |  0x0917DAD8 26050238 addiu $a1, $s0, 568 | >0x0917DADC 0C00379D jal 0x09147B74 |  0x0917DAE0 C60F0244 lwc1 $f15, 580($s0) |  0x0917DAE4 1000000C beq $zero, $zero, 0x0917DB18 |  0x0917DAE8 00000000 nop",VANILLA,WF-001
2f3e3c8d94815007925ad67e5ba4c86300ecf57cf262105869a43d99ee6ad1fb,LEVEL_24,24,HIG Treehouse,0x00043838,0x0917D538,2,0x00043E10,0x0917DB10,0x0917DB18,0x09147B74,0x09147AA8,0x00043E84," 0x0917DB08 26050238 addiu $a1, $s0, 568 |  0x0917DB0C C60E0240 lwc1 $f14, 576($s0) | >0x0917DB10 0C00379D jal 0x09147B74 |  0x0917DB14 C60F0244 lwc1 $f15, 580($s0) |  0x0917DB18 C60C0230 lwc1 $f12, 560($s0) |  0x0917DB1C 260501F4 addiu $a1, $s0, 500",VANILLA,WF-001
2f3e3c8d94815007925ad67e5ba4c86300ecf57cf262105869a43d99ee6ad1fb,LEVEL_24,24,HIG Treehouse,0x00043838,0x0917D538,3,0x00043F8C,0x0917DC8C,0x0917DC94,0x09147B74,0x09147AA8,0x00044000," 0x0917DC84 26050238 addiu $a1, $s0, 568 |  0x0917DC88 C60E0240 lwc1 $f14, 576($s0) | >0x0917DC8C 0C00379D jal 0x09147B74 |  0x0917DC90 C60F0244 lwc1 $f15, 580($s0) |  0x0917DC94 C60C0230 lwc1 $f12, 560($s0) |  0x0917DC98 260501F4 addiu $a1, $s0, 500",VANILLA,WF-001
a0c9f2348b17b34ae20cd986946e9986592765755ff8bc44e8d82a6df56c3b27,LEVEL_24,24,HIG Treehouse,0x000477D8,0x091814D8,1,0x000480B4,0x09181DB4,0x09181DBC,0x09147B74,0x09147AA8,0x00048128," 0x09181DAC 26040230 addiu $a0, $s0, 560 |  0x09181DB0 26050238 addiu $a1, $s0, 568 | >0x09181DB4 0C00379D jal 0x09147B74 |  0x09181DB8 C60F0244 lwc1 $f15, 580($s0) |  0x09181DBC C60C0230 lwc1 $f12, 560($s0) |  0x09181DC0 26050204 addiu $a1, $s0, 516",VANILLA,WF-003
a50a4422a2a0366826d4c2c0aae73049d3e6d44c93e876dda92de2c52118f000,LEVEL_24,24,HIG Treehouse,0x0004FBC8,0x091898C8,1,0x0004FC28,0x09189928,0x09189930,0x09147B74,0x09147AA8,0x0004FC9C," 0x09189920 26050238 addiu $a1, $s0, 568 |  0x09189924 C60E0240 lwc1 $f14, 576($s0) | >0x09189928 0C00379D jal 0x09147B74 |  0x0918992C C60F0244 lwc1 $f15, 580($s0) |  0x09189930 3C110009 lui $s1, 0x0009 |  0x09189934 2631FEA0 addiu $s1, $s1, -352",VANILLA,WF-004
8a86ad12960405935ae334206b60801183e4e8e77418955f63d6f096a15c82de,LEVEL_24,24,HIG Treehouse,0x0010150C,0x0923B20C,1,0x00101574,0x0923B274,0x0923B27C,0x09147B74,0x09147AA8,0x001015E8," 0x0923B26C 26240020 addiu $a0, $s1, 32 |  0x0923B270 26050018 addiu $a1, $s0, 24 | >0x0923B274 0C00379D jal 0x09147B74 |  0x0923B278 C68F0008 lwc1 $f15, 8($s4) |  0x0923B27C E6340024 swc1 $f20, 36($s1) |  0x0923B280 C64C0028 lwc1 $f12, 40($s2)",VANILLA,WF-008
8a86ad12960405935ae334206b60801183e4e8e77418955f63d6f096a15c82de,LEVEL_24,24,HIG Treehouse,0x0010150C,0x0923B20C,2,0x00101594,0x0923B294,0x0923B29C,0x09147B74,0x09147AA8,0x00101608," 0x0923B28C 26240028 addiu $a0, $s1, 40 |  0x0923B290 2605001C addiu $a1, $s0, 28 | >0x0923B294 0C00379D jal 0x09147B74 |  0x0923B298 C68F0008 lwc1 $f15, 8($s4) |  0x0923B29C C62D0020 lwc1 $f13, 32($s1) |  0x0923B2A0 C62C0028 lwc1 $f12, 40($s1)",VANILLA,WF-008
968668ccd5198515cf25c2815fcfb186538f5bdd3b910ae8321fe3dde32303e0,LEVEL_24,24,HIG Treehouse,0x00101728,0x0923B428,1,0x001017F4,0x0923B4F4,0x0923B4FC,0x09147B74,0x09147AA8,0x00101868," 0x0923B4EC 26240020 addiu $a0, $s1, 32 |  0x0923B4F0 26050018 addiu $a1, $s0, 24 | >0x0923B4F4 0C00379D jal 0x09147B74 |  0x0923B4F8 C68F0008 lwc1 $f15, 8($s4) |  0x0923B4FC E6340024 swc1 $f20, 36($s1) |  0x0923B500 C7AC002C lwc1 $f12, 44($sp)",VANILLA,WF-009
968668ccd5198515cf25c2815fcfb186538f5bdd3b910ae8321fe3dde32303e0,LEVEL_24,24,HIG Treehouse,0x00101728,0x0923B428,2,0x00101814,0x0923B514,0x0923B51C,0x09147B74,0x09147AA8,0x00101888," 0x0923B50C 26240028 addiu $a0, $s1, 40 |  0x0923B510 2605001C addiu $a1, $s0, 28 | >0x0923B514 0C00379D jal 0x09147B74 |  0x0923B518 C68F0008 lwc1 $f15, 8($s4) |  0x0923B51C C62D0020 lwc1 $f13, 32($s1) |  0x0923B520 C62C0028 lwc1 $f12, 40($s1)",VANILLA,WF-009
b07e66b93323e492431512dbd5e2654d2c18c232cad02595682cefe1704d88b8,LEVEL_24,24,HIG Treehouse,0x001019F0,0x0923B6F0,1,0x00101A44,0x0923B744,0x0923B74C,0x09147B74,0x09147AA8,0x00101AB8," 0x0923B73C 2604002C addiu $a0, $s0, 44 |  0x0923B740 26050030 addiu $a1, $s0, 48 | >0x0923B744 0C00379D jal 0x09147B74 |  0x0923B748 C4CCC558 lwc1 $f12, -15016($a2) |  0x0923B74C C7B0002C lwc1 $f16, 44($sp) |  0x0923B750 C60F002C lwc1 $f15, 44($s0)",VANILLA,WF-007
b07e66b93323e492431512dbd5e2654d2c18c232cad02595682cefe1704d88b8,LEVEL_24,24,HIG Treehouse,0x001019F0,0x0923B6F0,2,0x00101AC4,0x0923B7C4,0x0923B7CC,0x09147B74,0x09147AA8,0x00101B38," 0x0923B7BC 46008306 .word 0x46008306 |  0x0923B7C0 C6AE0004 lwc1 $f14, 4($s5) | >0x0923B7C4 0C00379D jal 0x09147B74 |  0x0923B7C8 C6AF0008 lwc1 $f15, 8($s5) |  0x0923B7CC 44806000 .word 0x44806000 |  0x0923B7D0 C7AD0028 lwc1 $f13, 40($sp)",VANILLA,WF-007
b07e66b93323e492431512dbd5e2654d2c18c232cad02595682cefe1704d88b8,LEVEL_24,24,HIG Treehouse,0x001019F0,0x0923B6F0,3,0x00101AEC,0x0923B7EC,0x0923B7F4,0x09147B74,0x09147AA8,0x00101B60," 0x0923B7E4 C6AE0004 lwc1 $f14, 4($s5) |  0x0923B7E8 2605001C addiu $a1, $s0, 28 | >0x0923B7EC 0C00379D jal 0x09147B74 |  0x0923B7F0 C6AF0008 lwc1 $f15, 8($s5) |  0x0923B7F4 C62C0020 lwc1 $f12, 32($s1) |  0x0923B7F8 C62F0028 lwc1 $f15, 40($s1)",VANILLA,WF-007
b17654bd924dce7abe0f266c545c41586d38f478330125bbd1dd2d5edeb62a1b,LEVEL_24,24,HIG Treehouse,0x001043BC,0x0923E0BC,1,0x001044D0,0x0923E1D0,0x0923E1D8,0x09147B74,0x09147AA8,0x00104544," 0x0923E1C8 2624002C addiu $a0, $s1, 44 |  0x0923E1CC 26250030 addiu $a1, $s1, 48 | >0x0923E1D0 0C00379D jal 0x09147B74 |  0x0923E1D4 46106302 .word 0x46106302 |  0x0923E1D8 C7B3002C lwc1 $f19, 44($sp) |  0x0923E1DC C62C002C lwc1 $f12, 44($s1)",VANILLA,WF-010
b17654bd924dce7abe0f266c545c41586d38f478330125bbd1dd2d5edeb62a1b,LEVEL_24,24,HIG Treehouse,0x001043BC,0x0923E0BC,2,0x00104590,0x0923E290,0x0923E298,0x09147B74,0x09147AA8,0x00104604," 0x0923E288 2624002C addiu $a0, $s1, 44 |  0x0923E28C 26250030 addiu $a1, $s1, 48 | >0x0923E290 0C00379D jal 0x09147B74 |  0x0923E294 C4CCC558 lwc1 $f12, -15016($a2) |  0x0923E298 C7AC002C lwc1 $f12, 44($sp) |  0x0923E29C C633002C lwc1 $f19, 44($s1)",VANILLA,WF-010
cda1f243ed3cc3baced794eea6410c47c7b121cbcf47c828c979d88435d7b6b7,LEVEL_24,24,HIG Treehouse,0x001430E0,0x0927CDE0,1,0x0014313C,0x0927CE3C,0x0927CE44,0x09147B74,0x09147AA8,0x001431B0," 0x0927CE34 2664003C addiu $a0, $s3, 60 |  0x0927CE38 26650044 addiu $a1, $s3, 68 | >0x0927CE3C 0C00379D jal 0x09147B74 |  0x0927CE40 C66F0050 lwc1 $f15, 80($s3) |  0x0927CE44 C7AC0020 lwc1 $f12, 32($sp) |  0x0927CE48 C64D0030 lwc1 $f13, 48($s2)",VANILLA,WF-006
4f3d3c79217e7c044187dd74de1846b5567bcf0b2fc562ada0faa98f6b3aac18,LEVEL_24,24,HIG Treehouse,0x00162798,0x0929C498,1,0x00162850,0x0929C550,0x0929C558,0x09147B74,0x09147AA8,0x001628C4," 0x0929C548 26040034 addiu $a0, $s0, 52 |  0x0929C54C 26050038 addiu $a1, $s0, 56 | >0x0929C550 0C00379D jal 0x09147B74 |  0x0929C554 C62F0008 lwc1 $f15, 8($s1) |  0x0929C558 26060024 addiu $a2, $s0, 36 |  0x0929C55C 02802025 .word 0x02802025",VANILLA,WF-012
ef8ce773c105cac024df4f5419052a7e0f7839ec6fc98bfb101f0c2adf2ff27d,LEVEL_24,24,HIG Treehouse,0x00162EEC,0x0929CBEC,1,0x00162F3C,0x0929CC3C,0x0929CC44,0x09147B74,0x09147AA8,0x00162FB0," 0x0929CC34 E7B4002C swc1 $f20, 44($sp) |  0x0929CC38 AFBF0048 sw $ra, 72($sp) | >0x0929CC3C 0C00379D jal 0x09147B74 |  0x0929CC40 02602025 .word 0x02602025 |  0x0929CC44 C6AC0004 lwc1 $f12, 4($s5) |  0x0929CC48 C68D0000 lwc1 $f13, 0($s4)",VANILLA,WF-011
ef8ce773c105cac024df4f5419052a7e0f7839ec6fc98bfb101f0c2adf2ff27d,LEVEL_24,24,HIG Treehouse,0x00162EEC,0x0929CBEC,2,0x00162F58,0x0929CC58,0x0929CC60,0x09147B74,0x09147AA8,0x00162FCC," 0x0929CC50 26040028 addiu $a0, $s0, 40 |  0x0929CC54 26050030 addiu $a1, $s0, 48 | >0x0929CC58 0C00379D jal 0x09147B74 |  0x0929CC5C C68F0008 lwc1 $f15, 8($s4) |  0x0929CC60 C60C0024 lwc1 $f12, 36($s0) |  0x0929CC64 C60D0028 lwc1 $f13, 40($s0)",VANILLA,WF-011
