"module_index","module_key","offset_hex","offset_dec","original_hex","patched_hex","flags","flags_noms","layer","layer_nom","ecrit_statiquement"
"1","LEVEL_01","0x361C","13852","0x3C043D08","0x3C043C88","16","CODE","1","socle","oui"
"1","LEVEL_01","0x3634","13876","0x3C04BD08","0x3C04BC88","16","CODE","1","socle","oui"
"1","LEVEL_01","0x151E0","86496","0x3C043D08","0x3C043C88","16","CODE","1","socle","oui"
"1","LEVEL_01","0x2832C","164652","0x27BDFFC0","0x00000007","20","CODE+CAVE_JUMP","4","cassables/boulons","oui"
"1","LEVEL_01","0x28330","164656","0xAFB00028","0x00000000","16","CODE","4","cassables/boulons","oui"
"1","LEVEL_01","0x283C4","164804","0x46107380","0x00000000","16","CODE","4","cassables/boulons","oui"
"1","LEVEL_01","0x2EC54","191572","0x46166300","0x461C6300","16","CODE","4","cassables/boulons","oui"
"1","LEVEL_01","0x2EC74","191604","0x46166301","0x461C6301","16","CODE","4","cassables/boulons","oui"
"1","LEVEL_01","0x2EE0C","192012","0x46166300","0x461C6300","16","CODE","4","cassables/boulons","oui"
"1","LEVEL_01","0x2FBBC","195516","0x46006506","0x460C6500","16","CODE","1","socle","oui"
"1","LEVEL_01","0x2FCFC","195836","0x2A240002","0x2A240001","16","CODE","1","socle","oui"
"1","LEVEL_01","0x4F490","324752","0x3C04BF80","0x3C04BF00","16","CODE","8","particules","oui"
"1","LEVEL_01","0x4F6FC","325372","0x3C05BF80","0x3C05BF00","16","CODE","8","particules","oui"
"1","LEVEL_01","0x4FACC","326348","0x3C05BF80","0x3C05BF00","16","CODE","8","particules","oui"
"1","LEVEL_01","0x10768C","1078924","0x460F6300","0x00000000","20","CODE+CAVE_JUMP","2","armes","oui"
"1","LEVEL_01","0x107690","1078928","0xE60C0030","0x00000000","16","CODE","2","armes","oui"
"1","LEVEL_01","0x1099E0","1087968","0x3C06BF80","0x3C06BF00","16","CODE","2","armes","oui"
"1","LEVEL_01","0x1099FC","1087996","0x3C06BF80","0x3C06BF00","16","CODE","2","armes","oui"
"1","LEVEL_01","0x10E408","1106952","0x3C073F80","0x3C073F00","16","CODE","8","particules","oui"
"1","LEVEL_01","0x10FDE8","1113576","0x3C04BF80","0x3C04BF00","16","CODE","2","armes","oui"
"1","LEVEL_01","0x110050","1114192","0x3C04BF80","0x3C04BF00","16","CODE","2","armes","oui"
"1","LEVEL_01","0x1107D4","1116116","0x3C05BF80","0x3C05BF00","16","CODE","2","armes","oui"
"1","LEVEL_01","0x110A48","1116744","0x460D6300","0x00000001","20","CODE+CAVE_JUMP","2","armes","oui"
"1","LEVEL_01","0x110A4C","1116748","0xE62C0004","0x00000000","16","CODE","2","armes","oui"
"1","LEVEL_01","0x111CA4","1121444","0x3C063D08","0x3C063C88","16","CODE","2","armes","oui"
"1","LEVEL_01","0x115124","1134884","0x3C043F80","0x3C043F00","16","CODE","2","armes","oui"
"1","LEVEL_01","0x115224","1135140","0x3C043F80","0x3C043F00","16","CODE","2","armes","oui"
"1","LEVEL_01","0x117B70","1145712","0x3C0641F0","0x3C064270","16","CODE","2","armes","oui"
"1","LEVEL_01","0x118144","1147204","0x3C053F80","0x3C053F00","16","CODE","2","armes","oui"
"1","LEVEL_01","0x11C1F0","1163760","0x3C053F80","0x3C053F00","16","CODE","2","armes","oui"
"1","LEVEL_01","0x11ED84","1174916","0x3C053F80","0x3C053F00","16","CODE","4","cassables/boulons","oui"
"1","LEVEL_01","0x11F5DC","1177052","0x24040002","0x24040004","16","CODE","4","cassables/boulons","oui"
"1","LEVEL_01","0x12CE80","1232512","0x3C04BF80","0x3C04BF00","16","CODE","2","armes","oui"
"1","LEVEL_01","0x12D6A0","1234592","0x3C043F80","0x3C043F00","16","CODE","2","armes","oui"
"1","LEVEL_01","0x12D714","1234708","0x3C043F80","0x3C043F00","16","CODE","2","armes","oui"
"1","LEVEL_01","0x12E208","1237512","0x3C04BF80","0x3C04BF00","16","CODE","2","armes","oui"
"1","LEVEL_01","0x13B960","1292640","0x3C043F80","0x3C043F00","16","CODE","2","armes","oui"
"1","LEVEL_01","0x13BC00","1293312","0x3C06BF80","0x3C06BF00","16","CODE","2","armes","oui"
"1","LEVEL_01","0x13BD58","1293656","0x34040003","0x34040006","16","CODE","2","armes","oui"
"1","LEVEL_01","0x148E04","1347076","0x46146301","0x00000004","20","CODE+CAVE_JUMP","2","armes","oui"
"1","LEVEL_01","0x148E08","1347080","0xE62C0008","0x00000000","16","CODE","2","armes","oui"
"1","LEVEL_01","0x168CF8","1477880","0x3C04BF80","0x3C04BF00","16","CODE","2","armes","oui"
"1","LEVEL_01","0x1696A0","1480352","0x3C053F80","0x3C053F00","16","CODE","2","armes","oui"
"1","LEVEL_01","0x16CC5C","1494108","0x3C04BF80","0x3C04BF00","16","CODE","2","armes","oui"
"1","LEVEL_01","0x16D014","1495060","0x3C043D08","0x3C043C88","16","CODE","2","armes","oui"
"1","LEVEL_01","0x16D05C","1495132","0x3C04BF80","0x3C04BF00","16","CODE","2","armes","oui"
"1","LEVEL_01","0x16FA6C","1505900","0x46148B01","0x00000002","20","CODE+CAVE_JUMP","2","armes","oui"
"1","LEVEL_01","0x16FA98","1505944","0x46146301","0x00000003","20","CODE+CAVE_JUMP","2","armes","oui"
"1","LEVEL_01","0x16FA9C","1505948","0x4616603C","0x00000000","16","CODE","2","armes","oui"
"1","LEVEL_01","0x1765B4","1533364","0xC62C0010","0x00000005","20","CODE+CAVE_JUMP","2","armes","oui"
"1","LEVEL_01","0x1765B8","1533368","0x46166301","0x00000000","16","CODE","2","armes","oui"
"1","LEVEL_01","0x179F68","1548136","0x3C04BF80","0x3C04BF00","16","CODE","8","particules","oui"
"1","LEVEL_01","0x17A0BC","1548476","0x3C04BF80","0x3C04BF00","16","CODE","8","particules","oui"
"1","LEVEL_01","0x17B78C","1554316","0x3C044000","0x3C043F80","16","CODE","1","socle","oui"
"1","LEVEL_01","0x19AFC8","1683400","0xC6EC0008","0x00000006","20","CODE+CAVE_JUMP","2","armes","oui"
"1","LEVEL_01","0x19AFCC","1683404","0xC7CD0010","0x00000000","16","CODE","2","armes","oui"
"1","LEVEL_01","0x2CCEC8","2936520","0x42700000","0x42F00000","0","","2","armes","oui"
"1","LEVEL_01","0x2CCECC","2936524","0x42700000","0x42F00000","0","","2","armes","oui"
"1","LEVEL_01","0x2CD5E8","2938344","0x40000000","0x3F800000","0","","2","armes","oui"
"1","LEVEL_01","0x2CDAA0","2939552","0x3C360B62","0x3BB60B62","0","","2","armes","oui"
"1","LEVEL_01","0x2CDAA4","2939556","0x41880000","0x41080000","0","","8","particules","oui"
"1","LEVEL_01","0x2CDAAC","2939564","0x3DD67751","0x3D567751","0","","2","armes","oui"
"1","LEVEL_01","0x2CDAB0","2939568","0x3E567751","0x3DD67751","0","","2","armes","oui"
"1","LEVEL_01","0x2CDAB8","2939576","0x3DCCCCCD","0x3D4CCCCD","0","","2","armes","oui"
"1","LEVEL_01","0x2CDABC","2939580","0x3E800000","0x3E000000","0","","2","armes","oui"
"1","LEVEL_01","0x2CE5B4","2942388","0x3C23D657","0x3BA3D6DE","1","CONTINUOUS","4","cassables/boulons","non (surveillance)"
"1","LEVEL_01","0x2CE5B8","2942392","0x3F7FFCB9","0x3F7FFF2E","1","CONTINUOUS","4","cassables/boulons","non (surveillance)"
"1","LEVEL_01","0x2CE5C0","2942400","0x3CF5B920","0x3C75C033","1","CONTINUOUS","4","cassables/boulons","non (surveillance)"
"1","LEVEL_01","0x2CE5C4","2942404","0x3F7FE283","0x3F7FF8A1","1","CONTINUOUS","4","cassables/boulons","non (surveillance)"
"1","LEVEL_01","0x2CE5CC","2942412","0x41700000","0x41F00000","0","","4","cassables/boulons","oui"
"1","LEVEL_01","0x2CE760","2942816","0x3D75C291","0x3CF5C28F","0","","4","cassables/boulons","oui"
"1","LEVEL_01","0x2CE768","2942824","0x3DF5C28F","0x3D7D9C85","0","","4","cassables/boulons","oui"
"1","LEVEL_01","0x2CE770","2942832","0x3C888889","0x3C088889","1","CONTINUOUS","4","cassables/boulons","non (surveillance)"
"1","LEVEL_01","0x2CE778","2942840","0x3DCC7578","0x3D4CB6F5","1","CONTINUOUS","4","cassables/boulons","non (surveillance)"
"1","LEVEL_01","0x2CE77C","2942844","0x3F7EB898","0x3F7FAE19","1","CONTINUOUS","4","cassables/boulons","non (surveillance)"
"1","LEVEL_01","0x2D1708","2955016","0x3F2AAAAB","0x3EAAAAAB","0","","8","particules","oui"
"1","LEVEL_01","0x2D2DD4","2960852","0x41700000","0x41F00000","0","","2","armes","oui"
"1","LEVEL_01","0x2D2DD8","2960856","0x40C00000","0x41400000","0","","2","armes","oui"
"1","LEVEL_01","0x2D55D8","2971096","0x3BF2B9D6","0x3B72B9D6","0","","2","armes","oui"
"1","LEVEL_01","0x2D55DC","2971100","0x3C360B61","0x3BB60B61","0","","2","armes","oui"
"1","LEVEL_01","0x2D55E0","2971104","0x3C888889","0x3C088889","0","","2","armes","oui"
"1","LEVEL_01","0x2D55E4","2971108","0x3D088889","0x3C888889","0","","2","armes","oui"
"1","LEVEL_01","0x2D55E8","2971112","0x3D088889","0x3C888889","0","","2","armes","oui"
"1","LEVEL_01","0x2D55EC","2971116","0x3D088889","0x3C888889","0","","2","armes","oui"
"1","LEVEL_01","0x2D55F0","2971120","0x3D088889","0x3C888889","0","","2","armes","oui"
"1","LEVEL_01","0x2D55F4","2971124","0x3D088889","0x3C888889","0","","2","armes","oui"
"1","LEVEL_01","0x2D6B80","2976640","0x3EC19D7F","0x3E419D7F","0","","2","armes","oui"
"1","LEVEL_01","0x2D6B84","2976644","0x3EC19D7F","0x3E419D7F","0","","2","armes","oui"
"1","LEVEL_01","0x2D6B88","2976648","0x3F20D97C","0x3EA0D97C","0","","2","armes","oui"
"1","LEVEL_01","0x2D6B8C","2976652","0x3F20D97C","0x3EA0D97C","0","","2","armes","oui"
"1","LEVEL_01","0x2D6B98","2976664","0x3F19999A","0x3E99999A","0","","2","armes","oui"
"1","LEVEL_01","0x2D725C","2978396","0x42F00000","0x43700000","0","","2","armes","oui"
"1","LEVEL_01","0x2D7464","2978916","0x40400000","0x3FC00000","0","","2","armes","oui"
"1","LEVEL_01","0x2D7468","2978920","0x40400000","0x3FC00000","0","","2","armes","oui"
"1","LEVEL_01","0x2D746C","2978924","0x40400000","0x3FC00000","0","","2","armes","oui"
"1","LEVEL_01","0x2D7470","2978928","0x40400000","0x3FC00000","0","","2","armes","oui"
"1","LEVEL_01","0x2D7474","2978932","0x40400000","0x3FC00000","0","","2","armes","oui"
"1","LEVEL_01","0x2D7478","2978936","0x40400000","0x3FC00000","0","","2","armes","oui"
"1","LEVEL_01","0x2D747C","2978940","0x40400000","0x3FC00000","0","","2","armes","oui"
"1","LEVEL_01","0x2D74A0","2978976","0x3DA0D97C","0x3D20D97C","0","","2","armes","oui"
"1","LEVEL_01","0x2D74A4","2978980","0x3DA0D97C","0x3D20D97C","0","","2","armes","oui"
"1","LEVEL_01","0x2D74A8","2978984","0x3E20D97C","0x3DA0D97C","0","","2","armes","oui"
"1","LEVEL_01","0x2D74AC","2978988","0x3E20D97C","0x3DA0D97C","0","","2","armes","oui"
"1","LEVEL_01","0x2D74B0","2978992","0x3E20D97C","0x3DA0D97C","0","","2","armes","oui"
"1","LEVEL_01","0x2D74B4","2978996","0x3E20D97C","0x3DA0D97C","0","","2","armes","oui"
"1","LEVEL_01","0x2D74B8","2979000","0x3E20D97C","0x3DA0D97C","0","","2","armes","oui"
"1","LEVEL_01","0x2D74BC","2979004","0x3E20D97C","0x3DA0D97C","0","","2","armes","oui"
"1","LEVEL_01","0x2D74C4","2979012","0x42700000","0x42F00000","0","","2","armes","oui"
"1","LEVEL_01","0x2D74D0","2979024","0x41700000","0x41F00000","0","","2","armes","oui"
"1","LEVEL_01","0x2D7E80","2981504","0x3E19999A","0x3D99999A","0","","2","armes","oui"
"1","LEVEL_01","0x2D8608","2983432","0x3E75C28F","0x3DF5C28F","0","","1","socle","oui"
"1","LEVEL_01","0x2DA704","2991876","0x41F00000","0x42700000","0","","2","armes","oui"
"1","LEVEL_01","0x96650","616016","0x0E4BE449","0x00000000","50","UNLOCK+CODE+OLD_JUMP","1","socle","oui"
"2","LEVEL_02","0x361C","13852","0x3C043D08","0x3C043C88","16","CODE","1","socle","oui"
"2","LEVEL_02","0x3634","13876","0x3C04BD08","0x3C04BC88","16","CODE","1","socle","oui"
"2","LEVEL_02","0x155E4","87524","0x3C043D08","0x3C043C88","16","CODE","1","socle","oui"
"2","LEVEL_02","0x285B0","165296","0x27BDFFC0","0x00000007","20","CODE+CAVE_JUMP","4","cassables/boulons","oui"
"2","LEVEL_02","0x285B4","165300","0xAFB00028","0x00000000","16","CODE","4","cassables/boulons","oui"
"2","LEVEL_02","0x28648","165448","0x46107380","0x00000000","16","CODE","4","cassables/boulons","oui"
"2","LEVEL_02","0x330B8","209080","0x46166300","0x461C6300","16","CODE","4","cassables/boulons","oui"
"2","LEVEL_02","0x330D8","209112","0x46166301","0x461C6301","16","CODE","4","cassables/boulons","oui"
"2","LEVEL_02","0x33270","209520","0x46166300","0x461C6300","16","CODE","4","cassables/boulons","oui"
"2","LEVEL_02","0x34020","213024","0x46006506","0x460C6500","16","CODE","1","socle","oui"
"2","LEVEL_02","0x34160","213344","0x2A240002","0x2A240001","16","CODE","1","socle","oui"
"2","LEVEL_02","0x53D44","343364","0x3C04BF80","0x3C04BF00","16","CODE","8","particules","oui"
"2","LEVEL_02","0x53FB0","343984","0x3C05BF80","0x3C05BF00","16","CODE","8","particules","oui"
"2","LEVEL_02","0x54380","344960","0x3C05BF80","0x3C05BF00","16","CODE","8","particules","oui"
"2","LEVEL_02","0x10CFFC","1101820","0x460F6300","0x00000000","20","CODE+CAVE_JUMP","2","armes","oui"
"2","LEVEL_02","0x10D000","1101824","0xE60C0030","0x00000000","16","CODE","2","armes","oui"
"2","LEVEL_02","0x10F350","1110864","0x3C06BF80","0x3C06BF00","16","CODE","2","armes","oui"
"2","LEVEL_02","0x10F36C","1110892","0x3C06BF80","0x3C06BF00","16","CODE","2","armes","oui"
"2","LEVEL_02","0x113D78","1129848","0x3C073F80","0x3C073F00","16","CODE","8","particules","oui"
"2","LEVEL_02","0x115758","1136472","0x3C04BF80","0x3C04BF00","16","CODE","2","armes","oui"
"2","LEVEL_02","0x1159C0","1137088","0x3C04BF80","0x3C04BF00","16","CODE","2","armes","oui"
"2","LEVEL_02","0x116144","1139012","0x3C05BF80","0x3C05BF00","16","CODE","2","armes","oui"
"2","LEVEL_02","0x1163B8","1139640","0x460D6300","0x00000001","20","CODE+CAVE_JUMP","2","armes","oui"
"2","LEVEL_02","0x1163BC","1139644","0xE62C0004","0x00000000","16","CODE","2","armes","oui"
"2","LEVEL_02","0x117614","1144340","0x3C063D08","0x3C063C88","16","CODE","2","armes","oui"
"2","LEVEL_02","0x11AFB8","1159096","0x3C043F80","0x3C043F00","16","CODE","2","armes","oui"
"2","LEVEL_02","0x11B0B8","1159352","0x3C043F80","0x3C043F00","16","CODE","2","armes","oui"
"2","LEVEL_02","0x11DA04","1169924","0x3C0641F0","0x3C064270","16","CODE","2","armes","oui"
"2","LEVEL_02","0x11DFD8","1171416","0x3C053F80","0x3C053F00","16","CODE","2","armes","oui"
"2","LEVEL_02","0x122084","1187972","0x3C053F80","0x3C053F00","16","CODE","2","armes","oui"
"2","LEVEL_02","0x124C30","1199152","0x3C053F80","0x3C053F00","16","CODE","4","cassables/boulons","oui"
"2","LEVEL_02","0x125488","1201288","0x24040002","0x24040004","16","CODE","4","cassables/boulons","oui"
"2","LEVEL_02","0x1401B0","1311152","0x3C04BF80","0x3C04BF00","16","CODE","2","armes","oui"
"2","LEVEL_02","0x1409D0","1313232","0x3C043F80","0x3C043F00","16","CODE","2","armes","oui"
"2","LEVEL_02","0x140A44","1313348","0x3C043F80","0x3C043F00","16","CODE","2","armes","oui"
"2","LEVEL_02","0x141538","1316152","0x3C04BF80","0x3C04BF00","16","CODE","2","armes","oui"
"2","LEVEL_02","0x14F4FC","1373436","0x3C043F80","0x3C043F00","16","CODE","2","armes","oui"
"2","LEVEL_02","0x14F79C","1374108","0x3C06BF80","0x3C06BF00","16","CODE","2","armes","oui"
"2","LEVEL_02","0x14F8F4","1374452","0x34040003","0x34040006","16","CODE","2","armes","oui"
"2","LEVEL_02","0x15D798","1431448","0x46146301","0x00000004","20","CODE+CAVE_JUMP","2","armes","oui"
"2","LEVEL_02","0x15D79C","1431452","0xE62C0008","0x00000000","16","CODE","2","armes","oui"
"2","LEVEL_02","0x18901C","1609756","0x3C04BF80","0x3C04BF00","16","CODE","2","armes","oui"
"2","LEVEL_02","0x1899C4","1612228","0x3C053F80","0x3C053F00","16","CODE","2","armes","oui"
"2","LEVEL_02","0x18BAB0","1620656","0x3C04BF80","0x3C04BF00","16","CODE","2","armes","oui"
"2","LEVEL_02","0x18BE68","1621608","0x3C043D08","0x3C043C88","16","CODE","2","armes","oui"
"2","LEVEL_02","0x18BEB0","1621680","0x3C04BF80","0x3C04BF00","16","CODE","2","armes","oui"
"2","LEVEL_02","0x18E8C0","1632448","0x46148B01","0x00000002","20","CODE+CAVE_JUMP","2","armes","oui"
"2","LEVEL_02","0x18E8EC","1632492","0x46146301","0x00000003","20","CODE+CAVE_JUMP","2","armes","oui"
"2","LEVEL_02","0x18E8F0","1632496","0x4616603C","0x00000000","16","CODE","2","armes","oui"
"2","LEVEL_02","0x199B2C","1678124","0xC62C0010","0x00000005","20","CODE+CAVE_JUMP","2","armes","oui"
"2","LEVEL_02","0x199B30","1678128","0x46166301","0x00000000","16","CODE","2","armes","oui"
"2","LEVEL_02","0x19D794","1693588","0x3C04BF80","0x3C04BF00","16","CODE","8","particules","oui"
"2","LEVEL_02","0x19D8E8","1693928","0x3C04BF80","0x3C04BF00","16","CODE","8","particules","oui"
"2","LEVEL_02","0x19E5D4","1697236","0x3C044000","0x3C043F80","16","CODE","1","socle","oui"
"2","LEVEL_02","0x1B0AAC","1772204","0xC6EC0008","0x00000006","20","CODE+CAVE_JUMP","2","armes","oui"
"2","LEVEL_02","0x1B0AB0","1772208","0xC7CD0010","0x00000000","16","CODE","2","armes","oui"
"2","LEVEL_02","0x2E4410","3032080","0x42700000","0x42F00000","0","","2","armes","oui"
"2","LEVEL_02","0x2E4414","3032084","0x42700000","0x42F00000","0","","2","armes","oui"
"2","LEVEL_02","0x2E4B30","3033904","0x40000000","0x3F800000","0","","2","armes","oui"
"2","LEVEL_02","0x2E5158","3035480","0x3C360B62","0x3BB60B62","0","","2","armes","oui"
"2","LEVEL_02","0x2E515C","3035484","0x41880000","0x41080000","0","","8","particules","oui"
"2","LEVEL_02","0x2E5164","3035492","0x3DD67751","0x3D567751","0","","2","armes","oui"
"2","LEVEL_02","0x2E5168","3035496","0x3E567751","0x3DD67751","0","","2","armes","oui"
"2","LEVEL_02","0x2E5170","3035504","0x3DCCCCCD","0x3D4CCCCD","0","","2","armes","oui"
"2","LEVEL_02","0x2E5174","3035508","0x3E800000","0x3E000000","0","","2","armes","oui"
"2","LEVEL_02","0x2E5C6C","3038316","0x3C23D657","0x3BA3D6DE","1","CONTINUOUS","4","cassables/boulons","non (surveillance)"
"2","LEVEL_02","0x2E5C70","3038320","0x3F7FFCB9","0x3F7FFF2E","1","CONTINUOUS","4","cassables/boulons","non (surveillance)"
"2","LEVEL_02","0x2E5C78","3038328","0x3CF5B920","0x3C75C033","1","CONTINUOUS","4","cassables/boulons","non (surveillance)"
"2","LEVEL_02","0x2E5C7C","3038332","0x3F7FE283","0x3F7FF8A1","1","CONTINUOUS","4","cassables/boulons","non (surveillance)"
"2","LEVEL_02","0x2E5C84","3038340","0x41700000","0x41F00000","0","","4","cassables/boulons","oui"
"2","LEVEL_02","0x2E5E18","3038744","0x3D75C291","0x3CF5C28F","0","","4","cassables/boulons","oui"
"2","LEVEL_02","0x2E5E20","3038752","0x3DF5C28F","0x3D7D9C85","0","","4","cassables/boulons","oui"
"2","LEVEL_02","0x2E5E28","3038760","0x3C888889","0x3C088889","1","CONTINUOUS","4","cassables/boulons","non (surveillance)"
"2","LEVEL_02","0x2E5E30","3038768","0x3DCC7578","0x3D4CB6F5","1","CONTINUOUS","4","cassables/boulons","non (surveillance)"
"2","LEVEL_02","0x2E5E34","3038772","0x3F7EB898","0x3F7FAE19","1","CONTINUOUS","4","cassables/boulons","non (surveillance)"
"2","LEVEL_02","0x2EBBDC","3062748","0x41700000","0x41F00000","0","","2","armes","oui"
"2","LEVEL_02","0x2EBBE0","3062752","0x40C00000","0x41400000","0","","2","armes","oui"
"2","LEVEL_02","0x2EE738","3073848","0x3BF2B9D6","0x3B72B9D6","0","","2","armes","oui"
"2","LEVEL_02","0x2EE73C","3073852","0x3C360B61","0x3BB60B61","0","","2","armes","oui"
"2","LEVEL_02","0x2EE740","3073856","0x3C888889","0x3C088889","0","","2","armes","oui"
"2","LEVEL_02","0x2EE744","3073860","0x3D088889","0x3C888889","0","","2","armes","oui"
"2","LEVEL_02","0x2EE748","3073864","0x3D088889","0x3C888889","0","","2","armes","oui"
"2","LEVEL_02","0x2EE74C","3073868","0x3D088889","0x3C888889","0","","2","armes","oui"
"2","LEVEL_02","0x2EE750","3073872","0x3D088889","0x3C888889","0","","2","armes","oui"
"2","LEVEL_02","0x2EE754","3073876","0x3D088889","0x3C888889","0","","2","armes","oui"
"2","LEVEL_02","0x2F0A20","3082784","0x3EC19D7F","0x3E419D7F","0","","2","armes","oui"
"2","LEVEL_02","0x2F0A24","3082788","0x3EC19D7F","0x3E419D7F","0","","2","armes","oui"
"2","LEVEL_02","0x2F0A28","3082792","0x3F20D97C","0x3EA0D97C","0","","2","armes","oui"
"2","LEVEL_02","0x2F0A2C","3082796","0x3F20D97C","0x3EA0D97C","0","","2","armes","oui"
"2","LEVEL_02","0x2F0A38","3082808","0x3F19999A","0x3E99999A","0","","2","armes","oui"
"2","LEVEL_02","0x2F0DE4","3083748","0x42F00000","0x43700000","0","","2","armes","oui"
"2","LEVEL_02","0x2F0FEC","3084268","0x40400000","0x3FC00000","0","","2","armes","oui"
"2","LEVEL_02","0x2F0FF0","3084272","0x40400000","0x3FC00000","0","","2","armes","oui"
"2","LEVEL_02","0x2F0FF4","3084276","0x40400000","0x3FC00000","0","","2","armes","oui"
"2","LEVEL_02","0x2F0FF8","3084280","0x40400000","0x3FC00000","0","","2","armes","oui"
"2","LEVEL_02","0x2F0FFC","3084284","0x40400000","0x3FC00000","0","","2","armes","oui"
"2","LEVEL_02","0x2F1000","3084288","0x40400000","0x3FC00000","0","","2","armes","oui"
"2","LEVEL_02","0x2F1004","3084292","0x40400000","0x3FC00000","0","","2","armes","oui"
"2","LEVEL_02","0x2F1028","3084328","0x3DA0D97C","0x3D20D97C","0","","2","armes","oui"
"2","LEVEL_02","0x2F102C","3084332","0x3DA0D97C","0x3D20D97C","0","","2","armes","oui"
"2","LEVEL_02","0x2F1030","3084336","0x3E20D97C","0x3DA0D97C","0","","2","armes","oui"
"2","LEVEL_02","0x2F1034","3084340","0x3E20D97C","0x3DA0D97C","0","","2","armes","oui"
"2","LEVEL_02","0x2F1038","3084344","0x3E20D97C","0x3DA0D97C","0","","2","armes","oui"
"2","LEVEL_02","0x2F103C","3084348","0x3E20D97C","0x3DA0D97C","0","","2","armes","oui"
"2","LEVEL_02","0x2F1040","3084352","0x3E20D97C","0x3DA0D97C","0","","2","armes","oui"
"2","LEVEL_02","0x2F1044","3084356","0x3E20D97C","0x3DA0D97C","0","","2","armes","oui"
"2","LEVEL_02","0x2F104C","3084364","0x42700000","0x42F00000","0","","2","armes","oui"
"2","LEVEL_02","0x2F1058","3084376","0x41700000","0x41F00000","0","","2","armes","oui"
"2","LEVEL_02","0x2F1E90","3088016","0x3E19999A","0x3D99999A","0","","2","armes","oui"
"2","LEVEL_02","0x2F2458","3089496","0x3E75C28F","0x3DF5C28F","0","","1","socle","oui"
"2","LEVEL_02","0x2F34B4","3093684","0x41F00000","0x42700000","0","","2","armes","oui"
"2","LEVEL_02","0x9C478","640120","0x0E4C3ACB","0x00000000","50","UNLOCK+CODE+OLD_JUMP","1","socle","oui"
"3","LEVEL_03","0x365C","13916","0x3C043D08","0x3C043C88","16","CODE","1","socle","oui"
"3","LEVEL_03","0x3674","13940","0x3C04BD08","0x3C04BC88","16","CODE","1","socle","oui"
"3","LEVEL_03","0x14FD4","85972","0x3C043D08","0x3C043C88","16","CODE","1","socle","oui"
"3","LEVEL_03","0x28140","164160","0x27BDFFC0","0x00000007","20","CODE+CAVE_JUMP","4","cassables/boulons","oui"
"3","LEVEL_03","0x28144","164164","0xAFB00028","0x00000000","16","CODE","4","cassables/boulons","oui"
"3","LEVEL_03","0x281D8","164312","0x46107380","0x00000000","16","CODE","4","cassables/boulons","oui"
"3","LEVEL_03","0x2CFFC","184316","0x46166300","0x461C6300","16","CODE","4","cassables/boulons","oui"
"3","LEVEL_03","0x2D01C","184348","0x46166301","0x461C6301","16","CODE","4","cassables/boulons","oui"
"3","LEVEL_03","0x2D1B4","184756","0x46166300","0x461C6300","16","CODE","4","cassables/boulons","oui"
"3","LEVEL_03","0x2DF64","188260","0x46006506","0x460C6500","16","CODE","1","socle","oui"
"3","LEVEL_03","0x2E0A4","188580","0x2A240002","0x2A240001","16","CODE","1","socle","oui"
"3","LEVEL_03","0x4DED8","319192","0x3C04BF80","0x3C04BF00","16","CODE","8","particules","oui"
"3","LEVEL_03","0x4E144","319812","0x3C05BF80","0x3C05BF00","16","CODE","8","particules","oui"
"3","LEVEL_03","0x4E514","320788","0x3C05BF80","0x3C05BF00","16","CODE","8","particules","oui"
"3","LEVEL_03","0x105F4C","1072972","0x460F6300","0x00000000","20","CODE+CAVE_JUMP","2","armes","oui"
"3","LEVEL_03","0x105F50","1072976","0xE60C0030","0x00000000","16","CODE","2","armes","oui"
"3","LEVEL_03","0x108368","1082216","0x3C06BF80","0x3C06BF00","16","CODE","2","armes","oui"
"3","LEVEL_03","0x108384","1082244","0x3C06BF80","0x3C06BF00","16","CODE","2","armes","oui"
"3","LEVEL_03","0x10CD90","1101200","0x3C073F80","0x3C073F00","16","CODE","8","particules","oui"
"3","LEVEL_03","0x10E770","1107824","0x3C04BF80","0x3C04BF00","16","CODE","2","armes","oui"
"3","LEVEL_03","0x10E9D8","1108440","0x3C04BF80","0x3C04BF00","16","CODE","2","armes","oui"
"3","LEVEL_03","0x10F15C","1110364","0x3C05BF80","0x3C05BF00","16","CODE","2","armes","oui"
"3","LEVEL_03","0x10F3D0","1110992","0x460D6300","0x00000001","20","CODE+CAVE_JUMP","2","armes","oui"
"3","LEVEL_03","0x10F3D4","1110996","0xE62C0004","0x00000000","16","CODE","2","armes","oui"
"3","LEVEL_03","0x11062C","1115692","0x3C063D08","0x3C063C88","16","CODE","2","armes","oui"
"3","LEVEL_03","0x114D44","1133892","0x3C043F80","0x3C043F00","16","CODE","2","armes","oui"
"3","LEVEL_03","0x114E44","1134148","0x3C043F80","0x3C043F00","16","CODE","2","armes","oui"
"3","LEVEL_03","0x117790","1144720","0x3C0641F0","0x3C064270","16","CODE","2","armes","oui"
"3","LEVEL_03","0x117D64","1146212","0x3C053F80","0x3C053F00","16","CODE","2","armes","oui"
"3","LEVEL_03","0x11BE10","1162768","0x3C053F80","0x3C053F00","16","CODE","2","armes","oui"
"3","LEVEL_03","0x11E9A4","1173924","0x3C053F80","0x3C053F00","16","CODE","4","cassables/boulons","oui"
"3","LEVEL_03","0x11F1FC","1176060","0x24040002","0x24040004","16","CODE","4","cassables/boulons","oui"
"3","LEVEL_03","0x128388","1213320","0x3C04BF80","0x3C04BF00","16","CODE","2","armes","oui"
"3","LEVEL_03","0x128BA8","1215400","0x3C043F80","0x3C043F00","16","CODE","2","armes","oui"
"3","LEVEL_03","0x128C1C","1215516","0x3C043F80","0x3C043F00","16","CODE","2","armes","oui"
"3","LEVEL_03","0x129710","1218320","0x3C04BF80","0x3C04BF00","16","CODE","2","armes","oui"
"3","LEVEL_03","0x1399B0","1284528","0x3C043F80","0x3C043F00","16","CODE","2","armes","oui"
"3","LEVEL_03","0x139C50","1285200","0x3C06BF80","0x3C06BF00","16","CODE","2","armes","oui"
"3","LEVEL_03","0x139DA8","1285544","0x34040003","0x34040006","16","CODE","2","armes","oui"
"3","LEVEL_03","0x14AACC","1354444","0x46146301","0x00000004","20","CODE+CAVE_JUMP","2","armes","oui"
"3","LEVEL_03","0x14AAD0","1354448","0xE62C0008","0x00000000","16","CODE","2","armes","oui"
"3","LEVEL_03","0x17C9CC","1558988","0x3C04BF80","0x3C04BF00","16","CODE","2","armes","oui"
"3","LEVEL_03","0x17D374","1561460","0x3C053F80","0x3C053F00","16","CODE","2","armes","oui"
"3","LEVEL_03","0x17F460","1569888","0x3C04BF80","0x3C04BF00","16","CODE","2","armes","oui"
"3","LEVEL_03","0x17F818","1570840","0x3C043D08","0x3C043C88","16","CODE","2","armes","oui"
"3","LEVEL_03","0x17F860","1570912","0x3C04BF80","0x3C04BF00","16","CODE","2","armes","oui"
"3","LEVEL_03","0x182270","1581680","0x46148B01","0x00000002","20","CODE+CAVE_JUMP","2","armes","oui"
"3","LEVEL_03","0x18229C","1581724","0x46146301","0x00000003","20","CODE+CAVE_JUMP","2","armes","oui"
"3","LEVEL_03","0x1822A0","1581728","0x4616603C","0x00000000","16","CODE","2","armes","oui"
"3","LEVEL_03","0x18BEEC","1621740","0xC62C0010","0x00000005","20","CODE+CAVE_JUMP","2","armes","oui"
"3","LEVEL_03","0x18BEF0","1621744","0x46166301","0x00000000","16","CODE","2","armes","oui"
"3","LEVEL_03","0x18F8A0","1636512","0x3C04BF80","0x3C04BF00","16","CODE","8","particules","oui"
"3","LEVEL_03","0x18F9F4","1636852","0x3C04BF80","0x3C04BF00","16","CODE","8","particules","oui"
"3","LEVEL_03","0x1910C4","1642692","0x3C044000","0x3C043F80","16","CODE","1","socle","oui"
"3","LEVEL_03","0x1AD828","1759272","0xC6EC0008","0x00000006","20","CODE+CAVE_JUMP","2","armes","oui"
"3","LEVEL_03","0x1AD82C","1759276","0xC7CD0010","0x00000000","16","CODE","2","armes","oui"
"3","LEVEL_03","0x2E14B0","3019952","0x42700000","0x42F00000","0","","2","armes","oui"
"3","LEVEL_03","0x2E14B4","3019956","0x42700000","0x42F00000","0","","2","armes","oui"
"3","LEVEL_03","0x2E1BD0","3021776","0x40000000","0x3F800000","0","","2","armes","oui"
"3","LEVEL_03","0x2E22E8","3023592","0x3C360B62","0x3BB60B62","0","","2","armes","oui"
"3","LEVEL_03","0x2E22EC","3023596","0x41880000","0x41080000","0","","8","particules","oui"
"3","LEVEL_03","0x2E22F4","3023604","0x3DD67751","0x3D567751","0","","2","armes","oui"
"3","LEVEL_03","0x2E22F8","3023608","0x3E567751","0x3DD67751","0","","2","armes","oui"
"3","LEVEL_03","0x2E2300","3023616","0x3DCCCCCD","0x3D4CCCCD","0","","2","armes","oui"
"3","LEVEL_03","0x2E2304","3023620","0x3E800000","0x3E000000","0","","2","armes","oui"
"3","LEVEL_03","0x2E2DFC","3026428","0x3C23D657","0x3BA3D6DE","1","CONTINUOUS","4","cassables/boulons","non (surveillance)"
"3","LEVEL_03","0x2E2E00","3026432","0x3F7FFCB9","0x3F7FFF2E","1","CONTINUOUS","4","cassables/boulons","non (surveillance)"
"3","LEVEL_03","0x2E2E08","3026440","0x3CF5B920","0x3C75C033","1","CONTINUOUS","4","cassables/boulons","non (surveillance)"
"3","LEVEL_03","0x2E2E0C","3026444","0x3F7FE283","0x3F7FF8A1","1","CONTINUOUS","4","cassables/boulons","non (surveillance)"
"3","LEVEL_03","0x2E2E14","3026452","0x41700000","0x41F00000","0","","4","cassables/boulons","oui"
"3","LEVEL_03","0x2E2FA8","3026856","0x3D75C291","0x3CF5C28F","0","","4","cassables/boulons","oui"
"3","LEVEL_03","0x2E2FB0","3026864","0x3DF5C28F","0x3D7D9C85","0","","4","cassables/boulons","oui"
"3","LEVEL_03","0x2E2FB8","3026872","0x3C888889","0x3C088889","1","CONTINUOUS","4","cassables/boulons","non (surveillance)"
"3","LEVEL_03","0x2E2FC0","3026880","0x3DCC7578","0x3D4CB6F5","1","CONTINUOUS","4","cassables/boulons","non (surveillance)"
"3","LEVEL_03","0x2E2FC4","3026884","0x3F7EB898","0x3F7FAE19","1","CONTINUOUS","4","cassables/boulons","non (surveillance)"
"3","LEVEL_03","0x2E7954","3045716","0x41700000","0x41F00000","0","","2","armes","oui"
"3","LEVEL_03","0x2E7958","3045720","0x40C00000","0x41400000","0","","2","armes","oui"
"3","LEVEL_03","0x2EB218","3060248","0x3BF2B9D6","0x3B72B9D6","0","","2","armes","oui"
"3","LEVEL_03","0x2EB21C","3060252","0x3C360B61","0x3BB60B61","0","","2","armes","oui"
"3","LEVEL_03","0x2EB220","3060256","0x3C888889","0x3C088889","0","","2","armes","oui"
"3","LEVEL_03","0x2EB224","3060260","0x3D088889","0x3C888889","0","","2","armes","oui"
"3","LEVEL_03","0x2EB228","3060264","0x3D088889","0x3C888889","0","","2","armes","oui"
"3","LEVEL_03","0x2EB22C","3060268","0x3D088889","0x3C888889","0","","2","armes","oui"
"3","LEVEL_03","0x2EB230","3060272","0x3D088889","0x3C888889","0","","2","armes","oui"
"3","LEVEL_03","0x2EB234","3060276","0x3D088889","0x3C888889","0","","2","armes","oui"
"3","LEVEL_03","0x2ED508","3069192","0x3EC19D7F","0x3E419D7F","0","","2","armes","oui"
"3","LEVEL_03","0x2ED50C","3069196","0x3EC19D7F","0x3E419D7F","0","","2","armes","oui"
"3","LEVEL_03","0x2ED510","3069200","0x3F20D97C","0x3EA0D97C","0","","2","armes","oui"
"3","LEVEL_03","0x2ED514","3069204","0x3F20D97C","0x3EA0D97C","0","","2","armes","oui"
"3","LEVEL_03","0x2ED520","3069216","0x3F19999A","0x3E99999A","0","","2","armes","oui"
"3","LEVEL_03","0x2ED8CC","3070156","0x42F00000","0x43700000","0","","2","armes","oui"
"3","LEVEL_03","0x2EDAD4","3070676","0x40400000","0x3FC00000","0","","2","armes","oui"
"3","LEVEL_03","0x2EDAD8","3070680","0x40400000","0x3FC00000","0","","2","armes","oui"
"3","LEVEL_03","0x2EDADC","3070684","0x40400000","0x3FC00000","0","","2","armes","oui"
"3","LEVEL_03","0x2EDAE0","3070688","0x40400000","0x3FC00000","0","","2","armes","oui"
"3","LEVEL_03","0x2EDAE4","3070692","0x40400000","0x3FC00000","0","","2","armes","oui"
"3","LEVEL_03","0x2EDAE8","3070696","0x40400000","0x3FC00000","0","","2","armes","oui"
"3","LEVEL_03","0x2EDAEC","3070700","0x40400000","0x3FC00000","0","","2","armes","oui"
"3","LEVEL_03","0x2EDB10","3070736","0x3DA0D97C","0x3D20D97C","0","","2","armes","oui"
"3","LEVEL_03","0x2EDB14","3070740","0x3DA0D97C","0x3D20D97C","0","","2","armes","oui"
"3","LEVEL_03","0x2EDB18","3070744","0x3E20D97C","0x3DA0D97C","0","","2","armes","oui"
"3","LEVEL_03","0x2EDB1C","3070748","0x3E20D97C","0x3DA0D97C","0","","2","armes","oui"
"3","LEVEL_03","0x2EDB20","3070752","0x3E20D97C","0x3DA0D97C","0","","2","armes","oui"
"3","LEVEL_03","0x2EDB24","3070756","0x3E20D97C","0x3DA0D97C","0","","2","armes","oui"
"3","LEVEL_03","0x2EDB28","3070760","0x3E20D97C","0x3DA0D97C","0","","2","armes","oui"
"3","LEVEL_03","0x2EDB2C","3070764","0x3E20D97C","0x3DA0D97C","0","","2","armes","oui"
"3","LEVEL_03","0x2EDB34","3070772","0x42700000","0x42F00000","0","","2","armes","oui"
"3","LEVEL_03","0x2EDB40","3070784","0x41700000","0x41F00000","0","","2","armes","oui"
"3","LEVEL_03","0x2EE5D0","3073488","0x3E19999A","0x3D99999A","0","","2","armes","oui"
"3","LEVEL_03","0x2EED58","3075416","0x3E75C28F","0x3DF5C28F","0","","1","socle","oui"
"3","LEVEL_03","0x2F05E4","3081700","0x41F00000","0x42700000","0","","2","armes","oui"
"3","LEVEL_03","0x9630C","615180","0x0E4C35F2","0x00000000","50","UNLOCK+CODE+OLD_JUMP","1","socle","oui"
"4","LEVEL_04","0x3430","13360","0x3C043D08","0x3C043C88","16","CODE","1","socle","oui"
"4","LEVEL_04","0x3448","13384","0x3C04BD08","0x3C04BC88","16","CODE","1","socle","oui"
"4","LEVEL_04","0x14E50","85584","0x3C043D08","0x3C043C88","16","CODE","1","socle","oui"
"4","LEVEL_04","0x27EA0","163488","0x27BDFFC0","0x00000007","20","CODE+CAVE_JUMP","4","cassables/boulons","oui"
"4","LEVEL_04","0x27EA4","163492","0xAFB00028","0x00000000","16","CODE","4","cassables/boulons","oui"
"4","LEVEL_04","0x27F38","163640","0x46107380","0x00000000","16","CODE","4","cassables/boulons","oui"
"4","LEVEL_04","0x2FF5C","196444","0x46166300","0x461C6300","16","CODE","4","cassables/boulons","oui"
"4","LEVEL_04","0x2FF7C","196476","0x46166301","0x461C6301","16","CODE","4","cassables/boulons","oui"
"4","LEVEL_04","0x30114","196884","0x46166300","0x461C6300","16","CODE","4","cassables/boulons","oui"
"4","LEVEL_04","0x30EC4","200388","0x46006506","0x460C6500","16","CODE","1","socle","oui"
"4","LEVEL_04","0x31004","200708","0x2A240002","0x2A240001","16","CODE","1","socle","oui"
"4","LEVEL_04","0x50A88","330376","0x3C04BF80","0x3C04BF00","16","CODE","8","particules","oui"
"4","LEVEL_04","0x50CF4","330996","0x3C05BF80","0x3C05BF00","16","CODE","8","particules","oui"
"4","LEVEL_04","0x510C4","331972","0x3C05BF80","0x3C05BF00","16","CODE","8","particules","oui"
"4","LEVEL_04","0x67060","421984","0x3C063D08","0x3C063C88","16","CODE","2","armes","oui"
"4","LEVEL_04","0x10EDBC","1109436","0x460F6300","0x00000000","20","CODE+CAVE_JUMP","2","armes","oui"
"4","LEVEL_04","0x10EDC0","1109440","0xE60C0030","0x00000000","16","CODE","2","armes","oui"
"4","LEVEL_04","0x111110","1118480","0x3C06BF80","0x3C06BF00","16","CODE","2","armes","oui"
"4","LEVEL_04","0x11112C","1118508","0x3C06BF80","0x3C06BF00","16","CODE","2","armes","oui"
"4","LEVEL_04","0x115B38","1137464","0x3C073F80","0x3C073F00","16","CODE","8","particules","oui"
"4","LEVEL_04","0x117518","1144088","0x3C04BF80","0x3C04BF00","16","CODE","2","armes","oui"
"4","LEVEL_04","0x117780","1144704","0x3C04BF80","0x3C04BF00","16","CODE","2","armes","oui"
"4","LEVEL_04","0x117F04","1146628","0x3C05BF80","0x3C05BF00","16","CODE","2","armes","oui"
"4","LEVEL_04","0x118178","1147256","0x460D6300","0x00000001","20","CODE+CAVE_JUMP","2","armes","oui"
"4","LEVEL_04","0x11817C","1147260","0xE62C0004","0x00000000","16","CODE","2","armes","oui"
"4","LEVEL_04","0x1193D4","1151956","0x3C063D08","0x3C063C88","16","CODE","2","armes","oui"
"4","LEVEL_04","0x11CB58","1166168","0x3C043F80","0x3C043F00","16","CODE","2","armes","oui"
"4","LEVEL_04","0x11CC58","1166424","0x3C043F80","0x3C043F00","16","CODE","2","armes","oui"
"4","LEVEL_04","0x11F5A4","1176996","0x3C0641F0","0x3C064270","16","CODE","2","armes","oui"
"4","LEVEL_04","0x11FB78","1178488","0x3C053F80","0x3C053F00","16","CODE","2","armes","oui"
"4","LEVEL_04","0x123C24","1195044","0x3C053F80","0x3C053F00","16","CODE","2","armes","oui"
"4","LEVEL_04","0x1267D0","1206224","0x3C053F80","0x3C053F00","16","CODE","4","cassables/boulons","oui"
"4","LEVEL_04","0x127028","1208360","0x24040002","0x24040004","16","CODE","4","cassables/boulons","oui"
"4","LEVEL_04","0x12CF9C","1232796","0x3C05BF80","0x3C05BF00","16","CODE","2","armes","oui"
"4","LEVEL_04","0x130898","1247384","0x3C04BF80","0x3C04BF00","16","CODE","2","armes","oui"
"4","LEVEL_04","0x1310B8","1249464","0x3C043F80","0x3C043F00","16","CODE","2","armes","oui"
"4","LEVEL_04","0x13112C","1249580","0x3C043F80","0x3C043F00","16","CODE","2","armes","oui"
"4","LEVEL_04","0x131C20","1252384","0x3C04BF80","0x3C04BF00","16","CODE","2","armes","oui"
"4","LEVEL_04","0x1340A4","1261732","0x3C05BF80","0x3C05BF00","16","CODE","2","armes","oui"
"4","LEVEL_04","0x1352FC","1266428","0x3C04BF80","0x3C04BF00","16","CODE","2","armes","oui"
"4","LEVEL_04","0x13579C","1267612","0x3C04BF80","0x3C04BF00","16","CODE","2","armes","oui"
"4","LEVEL_04","0x135CF0","1268976","0x3C04BF80","0x3C04BF00","16","CODE","2","armes","oui"
"4","LEVEL_04","0x13F584","1308036","0x3C04BF80","0x3C04BF00","16","CODE","2","armes","oui"
"4","LEVEL_04","0x13F688","1308296","0x3C04BF80","0x3C04BF00","16","CODE","2","armes","oui"
"4","LEVEL_04","0x140940","1313088","0x3C04BF80","0x3C04BF00","16","CODE","2","armes","oui"
"4","LEVEL_04","0x140A8C","1313420","0x3C04BF80","0x3C04BF00","16","CODE","2","armes","oui"
"4","LEVEL_04","0x1451C4","1331652","0x3C043F80","0x3C043F00","16","CODE","2","armes","oui"
"4","LEVEL_04","0x145464","1332324","0x3C06BF80","0x3C06BF00","16","CODE","2","armes","oui"
"4","LEVEL_04","0x1455BC","1332668","0x34040003","0x34040006","16","CODE","2","armes","oui"
"4","LEVEL_04","0x150944","1378628","0x46146301","0x00000004","20","CODE+CAVE_JUMP","2","armes","oui"
"4","LEVEL_04","0x150948","1378632","0xE62C0008","0x00000000","16","CODE","2","armes","oui"
"4","LEVEL_04","0x165A30","1464880","0x3C04BF80","0x3C04BF00","16","CODE","2","armes","oui"
"4","LEVEL_04","0x16686C","1468524","0x3C07BF80","0x3C07BF00","16","CODE","2","armes","oui"
"4","LEVEL_04","0x171614","1512980","0x3C04BF80","0x3C04BF00","16","CODE","2","armes","oui"
"4","LEVEL_04","0x171FBC","1515452","0x3C053F80","0x3C053F00","16","CODE","2","armes","oui"
"4","LEVEL_04","0x1750E0","1528032","0x3C04BF80","0x3C04BF00","16","CODE","2","armes","oui"
"4","LEVEL_04","0x175498","1528984","0x3C043D08","0x3C043C88","16","CODE","2","armes","oui"
"4","LEVEL_04","0x1754E0","1529056","0x3C04BF80","0x3C04BF00","16","CODE","2","armes","oui"
"4","LEVEL_04","0x177EF0","1539824","0x46148B01","0x00000002","20","CODE+CAVE_JUMP","2","armes","oui"
"4","LEVEL_04","0x177F1C","1539868","0x46146301","0x00000003","20","CODE+CAVE_JUMP","2","armes","oui"
"4","LEVEL_04","0x177F20","1539872","0x4616603C","0x00000000","16","CODE","2","armes","oui"
"4","LEVEL_04","0x17F410","1569808","0xC62C0010","0x00000005","20","CODE+CAVE_JUMP","2","armes","oui"
"4","LEVEL_04","0x17F414","1569812","0x46166301","0x00000000","16","CODE","2","armes","oui"
"4","LEVEL_04","0x188AB4","1608372","0x3C04BF80","0x3C04BF00","16","CODE","8","particules","oui"
"4","LEVEL_04","0x188C08","1608712","0x3C04BF80","0x3C04BF00","16","CODE","8","particules","oui"
"4","LEVEL_04","0x18A2D8","1614552","0x3C044000","0x3C043F80","16","CODE","1","socle","oui"
"4","LEVEL_04","0x1A31E4","1716708","0x3C0441F0","0x3C044270","16","CODE","2","armes","oui"
"4","LEVEL_04","0x1A329C","1716892","0x3C0441F0","0x3C044270","16","CODE","2","armes","oui"
"4","LEVEL_04","0x1ADDE0","1760736","0xC6EC0008","0x00000006","20","CODE+CAVE_JUMP","2","armes","oui"
"4","LEVEL_04","0x1ADDE4","1760740","0xC7CD0010","0x00000000","16","CODE","2","armes","oui"
"4","LEVEL_04","0x2DFCF8","3013880","0x42700000","0x42F00000","0","","2","armes","oui"
"4","LEVEL_04","0x2DFCFC","3013884","0x42700000","0x42F00000","0","","2","armes","oui"
"4","LEVEL_04","0x2E0418","3015704","0x40000000","0x3F800000","0","","2","armes","oui"
"4","LEVEL_04","0x2E0C40","3017792","0x3C360B62","0x3BB60B62","0","","2","armes","oui"
"4","LEVEL_04","0x2E0C44","3017796","0x41880000","0x41080000","0","","8","particules","oui"
"4","LEVEL_04","0x2E0C4C","3017804","0x3DD67751","0x3D567751","0","","2","armes","oui"
"4","LEVEL_04","0x2E0C50","3017808","0x3E567751","0x3DD67751","0","","2","armes","oui"
"4","LEVEL_04","0x2E0C58","3017816","0x3DCCCCCD","0x3D4CCCCD","0","","2","armes","oui"
"4","LEVEL_04","0x2E0C5C","3017820","0x3E800000","0x3E000000","0","","2","armes","oui"
"4","LEVEL_04","0x2E1754","3020628","0x3C23D657","0x3BA3D6DE","1","CONTINUOUS","4","cassables/boulons","non (surveillance)"
"4","LEVEL_04","0x2E1758","3020632","0x3F7FFCB9","0x3F7FFF2E","1","CONTINUOUS","4","cassables/boulons","non (surveillance)"
"4","LEVEL_04","0x2E1760","3020640","0x3CF5B920","0x3C75C033","1","CONTINUOUS","4","cassables/boulons","non (surveillance)"
"4","LEVEL_04","0x2E1764","3020644","0x3F7FE283","0x3F7FF8A1","1","CONTINUOUS","4","cassables/boulons","non (surveillance)"
"4","LEVEL_04","0x2E176C","3020652","0x41700000","0x41F00000","0","","4","cassables/boulons","oui"
"4","LEVEL_04","0x2E1900","3021056","0x3D75C291","0x3CF5C28F","0","","4","cassables/boulons","oui"
"4","LEVEL_04","0x2E1908","3021064","0x3DF5C28F","0x3D7D9C85","0","","4","cassables/boulons","oui"
"4","LEVEL_04","0x2E1910","3021072","0x3C888889","0x3C088889","1","CONTINUOUS","4","cassables/boulons","non (surveillance)"
"4","LEVEL_04","0x2E1918","3021080","0x3DCC7578","0x3D4CB6F5","1","CONTINUOUS","4","cassables/boulons","non (surveillance)"
"4","LEVEL_04","0x2E191C","3021084","0x3F7EB898","0x3F7FAE19","1","CONTINUOUS","4","cassables/boulons","non (surveillance)"
"4","LEVEL_04","0x2E2468","3023976","0x000F0033","0x001E0066","0","","2","armes","oui"
"4","LEVEL_04","0x2E3544","3028292","0x3DCCCCCE","0x3D4CCCCE","0","","2","armes","oui"
"4","LEVEL_04","0x2E3554","3028308","0x3D75C290","0x3C75C290","0","","2","armes","oui"
"4","LEVEL_04","0x2E3558","3028312","0x3EAAAAAB","0x3E2AAAAB","0","","2","armes","oui"
"4","LEVEL_04","0x2E355C","3028316","0x3DA3D70A","0x3D27413B","0","","2","armes","oui"
"4","LEVEL_04","0x2E3560","3028320","0x3E4CCCCD","0x3DD8368F","0","","2","armes","oui"
"4","LEVEL_04","0x2E46E8","3032808","0x3F2AAAAB","0x3EAAAAAB","0","","8","particules","oui"
"4","LEVEL_04","0x2E5A5C","3037788","0x41700000","0x41F00000","0","","2","armes","oui"
"4","LEVEL_04","0x2E5A60","3037792","0x40C00000","0x41400000","0","","2","armes","oui"
"4","LEVEL_04","0x2E7DE0","3046880","0x3BF2B9D6","0x3B72B9D6","0","","2","armes","oui"
"4","LEVEL_04","0x2E7DE4","3046884","0x3C360B61","0x3BB60B61","0","","2","armes","oui"
"4","LEVEL_04","0x2E7DE8","3046888","0x3C888889","0x3C088889","0","","2","armes","oui"
"4","LEVEL_04","0x2E7DEC","3046892","0x3D088889","0x3C888889","0","","2","armes","oui"
"4","LEVEL_04","0x2E7DF0","3046896","0x3D088889","0x3C888889","0","","2","armes","oui"
"4","LEVEL_04","0x2E7DF4","3046900","0x3D088889","0x3C888889","0","","2","armes","oui"
"4","LEVEL_04","0x2E7DF8","3046904","0x3D088889","0x3C888889","0","","2","armes","oui"
"4","LEVEL_04","0x2E7DFC","3046908","0x3D088889","0x3C888889","0","","2","armes","oui"
"4","LEVEL_04","0x2E848C","3048588","0x3E567751","0x3DD67751","0","","2","armes","oui"
"4","LEVEL_04","0x2E8558","3048792","0x3D888889","0x3D088889","0","","2","armes","oui"
"4","LEVEL_04","0x2E855C","3048796","0x3D888889","0x3D088889","0","","2","armes","oui"
"4","LEVEL_04","0x2E9688","3053192","0x3EC19D7F","0x3E419D7F","0","","2","armes","oui"
"4","LEVEL_04","0x2E968C","3053196","0x3EC19D7F","0x3E419D7F","0","","2","armes","oui"
"4","LEVEL_04","0x2E9690","3053200","0x3F20D97C","0x3EA0D97C","0","","2","armes","oui"
"4","LEVEL_04","0x2E9694","3053204","0x3F20D97C","0x3EA0D97C","0","","2","armes","oui"
"4","LEVEL_04","0x2E96A0","3053216","0x3F19999A","0x3E99999A","0","","2","armes","oui"
"4","LEVEL_04","0x2E993C","3053884","0x42F00000","0x43700000","0","","2","armes","oui"
"4","LEVEL_04","0x2E9B44","3054404","0x40400000","0x3FC00000","0","","2","armes","oui"
"4","LEVEL_04","0x2E9B48","3054408","0x40400000","0x3FC00000","0","","2","armes","oui"
"4","LEVEL_04","0x2E9B4C","3054412","0x40400000","0x3FC00000","0","","2","armes","oui"
"4","LEVEL_04","0x2E9B50","3054416","0x40400000","0x3FC00000","0","","2","armes","oui"
"4","LEVEL_04","0x2E9B54","3054420","0x40400000","0x3FC00000","0","","2","armes","oui"
"4","LEVEL_04","0x2E9B58","3054424","0x40400000","0x3FC00000","0","","2","armes","oui"
"4","LEVEL_04","0x2E9B5C","3054428","0x40400000","0x3FC00000","0","","2","armes","oui"
"4","LEVEL_04","0x2E9B80","3054464","0x3DA0D97C","0x3D20D97C","0","","2","armes","oui"
"4","LEVEL_04","0x2E9B84","3054468","0x3DA0D97C","0x3D20D97C","0","","2","armes","oui"
"4","LEVEL_04","0x2E9B88","3054472","0x3E20D97C","0x3DA0D97C","0","","2","armes","oui"
"4","LEVEL_04","0x2E9B8C","3054476","0x3E20D97C","0x3DA0D97C","0","","2","armes","oui"
"4","LEVEL_04","0x2E9B90","3054480","0x3E20D97C","0x3DA0D97C","0","","2","armes","oui"
"4","LEVEL_04","0x2E9B94","3054484","0x3E20D97C","0x3DA0D97C","0","","2","armes","oui"
"4","LEVEL_04","0x2E9B98","3054488","0x3E20D97C","0x3DA0D97C","0","","2","armes","oui"
"4","LEVEL_04","0x2E9B9C","3054492","0x3E20D97C","0x3DA0D97C","0","","2","armes","oui"
"4","LEVEL_04","0x2E9BA4","3054500","0x42700000","0x42F00000","0","","2","armes","oui"
"4","LEVEL_04","0x2E9BB0","3054512","0x41700000","0x41F00000","0","","2","armes","oui"
"4","LEVEL_04","0x2EA6D8","3057368","0x3E19999A","0x3D99999A","0","","2","armes","oui"
"4","LEVEL_04","0x2EB678","3061368","0x3E75C28F","0x3DF5C28F","0","","1","socle","oui"
"4","LEVEL_04","0x2EC984","3066244","0x3E4CCCCE","0x3DCCCCCE","0","","2","armes","oui"
"4","LEVEL_04","0x2EC988","3066248","0x3E4CCCCE","0x3DCCCCCE","0","","2","armes","oui"
"4","LEVEL_04","0x2EC98C","3066252","0x3DA0D97C","0x3D20D97C","0","","2","armes","oui"
"4","LEVEL_04","0x2EC990","3066256","0x3BB60B62","0x3AB60B62","0","","2","armes","oui"
"4","LEVEL_04","0x2EC994","3066260","0x3BB60B62","0x3AB60B62","0","","2","armes","oui"
"4","LEVEL_04","0x2EC998","3066264","0x3C360B62","0x3B360B62","0","","2","armes","oui"
"4","LEVEL_04","0x2EC99C","3066268","0x3BB60B62","0x3AB60B62","0","","2","armes","oui"
"4","LEVEL_04","0x2ECB94","3066772","0xBECCCCCE","0xBE4CCCCE","0","","2","armes","oui"
"4","LEVEL_04","0x2ECBA0","3066784","0xBF19999A","0xBE99999A","0","","2","armes","oui"
"4","LEVEL_04","0x2ECBE0","3066848","0x3E888889","0x3E088889","0","","2","armes","oui"
"4","LEVEL_04","0x2ECBE4","3066852","0x3DEEEEF0","0x3D6EEEF0","0","","2","armes","oui"
"4","LEVEL_04","0x2ECBE8","3066856","0x3D567751","0x3CD67751","0","","2","armes","oui"
"4","LEVEL_04","0x2ECBEC","3066860","0x3BB60B62","0x3AB60B62","0","","2","armes","oui"
"4","LEVEL_04","0x2ECBF0","3066864","0x3B360B62","0x3A360B62","0","","2","armes","oui"
"4","LEVEL_04","0x2ECBF4","3066868","0x3C360B62","0x3B360B62","0","","2","armes","oui"
"4","LEVEL_04","0x2ECBF8","3066872","0x3BB60B62","0x3AB60B62","0","","2","armes","oui"
"4","LEVEL_04","0x2ECC0C","3066892","0x3ECCCCCE","0x3E4CCCCE","0","","2","armes","oui"
"4","LEVEL_04","0x2ECC10","3066896","0x3DEEEEF0","0x3D6EEEF0","0","","2","armes","oui"
"4","LEVEL_04","0x2ECC14","3066900","0x3D567751","0x3CD67751","0","","2","armes","oui"
"4","LEVEL_04","0x2ECC18","3066904","0x3E4CCCCF","0x3D4CCCCF","0","","2","armes","oui"
"4","LEVEL_04","0x2ECC1C","3066908","0x3B360B62","0x3A360B62","0","","2","armes","oui"
"4","LEVEL_04","0x2ECC20","3066912","0x3CB60B62","0x3BB60B62","0","","2","armes","oui"
"4","LEVEL_04","0x2ECC24","3066916","0x3BB60B62","0x3AB60B62","0","","2","armes","oui"
"4","LEVEL_04","0x2ECC40","3066944","0x004B000F","0x0096001E","0","","2","armes","oui"
"4","LEVEL_04","0x2ECE98","3067544","0x3E4CCCCE","0x3DCCCCCE","0","","2","armes","oui"
"4","LEVEL_04","0x2ECE9C","3067548","0x3D888889","0x3D088889","0","","2","armes","oui"
"4","LEVEL_04","0x2ECEA0","3067552","0x3DA0D97C","0x3D20D97C","0","","2","armes","oui"
"4","LEVEL_04","0x2ECEA4","3067556","0x3BB60B62","0x3AB60B62","0","","2","armes","oui"
"4","LEVEL_04","0x2ECEA8","3067560","0x3B360B62","0x3A360B62","0","","2","armes","oui"
"4","LEVEL_04","0x2ECEAC","3067564","0x3C360B62","0x3B360B62","0","","2","armes","oui"
"4","LEVEL_04","0x2ECEB0","3067568","0x3BB60B62","0x3AB60B62","0","","2","armes","oui"
"4","LEVEL_04","0x2EDBA4","3070884","0x41F00000","0x42700000","0","","2","armes","oui"
"4","LEVEL_04","0x9A054","630868","0x0E4C3279","0x00000000","50","UNLOCK+CODE+OLD_JUMP","1","socle","oui"
"5","LEVEL_05","0x361C","13852","0x3C043D08","0x3C043C88","16","CODE","1","socle","oui"
"5","LEVEL_05","0x3634","13876","0x3C04BD08","0x3C04BC88","16","CODE","1","socle","oui"
"5","LEVEL_05","0x146E0","83680","0x3C043D08","0x3C043C88","16","CODE","1","socle","oui"
"5","LEVEL_05","0x26D24","159012","0x27BDFFC0","0x00000007","20","CODE+CAVE_JUMP","4","cassables/boulons","oui"
"5","LEVEL_05","0x26D28","159016","0xAFB00028","0x00000000","16","CODE","4","cassables/boulons","oui"
"5","LEVEL_05","0x26DBC","159164","0x46107380","0x00000000","16","CODE","4","cassables/boulons","oui"
"5","LEVEL_05","0x2C960","182624","0x46166300","0x461C6300","16","CODE","4","cassables/boulons","oui"
"5","LEVEL_05","0x2C980","182656","0x46166301","0x461C6301","16","CODE","4","cassables/boulons","oui"
"5","LEVEL_05","0x2CB18","183064","0x46166300","0x461C6300","16","CODE","4","cassables/boulons","oui"
"5","LEVEL_05","0x2D8C8","186568","0x46006506","0x460C6500","16","CODE","1","socle","oui"
"5","LEVEL_05","0x2DA08","186888","0x2A240002","0x2A240001","16","CODE","1","socle","oui"
"5","LEVEL_05","0x4D010","315408","0x3C04BF80","0x3C04BF00","16","CODE","8","particules","oui"
"5","LEVEL_05","0x4D27C","316028","0x3C05BF80","0x3C05BF00","16","CODE","8","particules","oui"
"5","LEVEL_05","0x4D64C","317004","0x3C05BF80","0x3C05BF00","16","CODE","8","particules","oui"
"5","LEVEL_05","0x103B54","1063764","0x460F6300","0x00000000","20","CODE+CAVE_JUMP","2","armes","oui"
"5","LEVEL_05","0x103B58","1063768","0xE60C0030","0x00000000","16","CODE","2","armes","oui"
"5","LEVEL_05","0x105EA8","1072808","0x3C06BF80","0x3C06BF00","16","CODE","2","armes","oui"
"5","LEVEL_05","0x105EC4","1072836","0x3C06BF80","0x3C06BF00","16","CODE","2","armes","oui"
"5","LEVEL_05","0x10A8D0","1091792","0x3C073F80","0x3C073F00","16","CODE","8","particules","oui"
"5","LEVEL_05","0x10C2B0","1098416","0x3C04BF80","0x3C04BF00","16","CODE","2","armes","oui"
"5","LEVEL_05","0x10C518","1099032","0x3C04BF80","0x3C04BF00","16","CODE","2","armes","oui"
"5","LEVEL_05","0x10CC9C","1100956","0x3C05BF80","0x3C05BF00","16","CODE","2","armes","oui"
"5","LEVEL_05","0x10CF10","1101584","0x460D6300","0x00000001","20","CODE+CAVE_JUMP","2","armes","oui"
"5","LEVEL_05","0x10CF14","1101588","0xE62C0004","0x00000000","16","CODE","2","armes","oui"
"5","LEVEL_05","0x10E16C","1106284","0x3C063D08","0x3C063C88","16","CODE","2","armes","oui"
"5","LEVEL_05","0x111674","1119860","0x3C043F80","0x3C043F00","16","CODE","2","armes","oui"
"5","LEVEL_05","0x111774","1120116","0x3C043F80","0x3C043F00","16","CODE","2","armes","oui"
"5","LEVEL_05","0x1140C0","1130688","0x3C0641F0","0x3C064270","16","CODE","2","armes","oui"
"5","LEVEL_05","0x114694","1132180","0x3C053F80","0x3C053F00","16","CODE","2","armes","oui"
"5","LEVEL_05","0x118740","1148736","0x3C053F80","0x3C053F00","16","CODE","2","armes","oui"
"5","LEVEL_05","0x11B2D4","1159892","0x3C053F80","0x3C053F00","16","CODE","4","cassables/boulons","oui"
"5","LEVEL_05","0x11BB2C","1162028","0x24040002","0x24040004","16","CODE","4","cassables/boulons","oui"
"5","LEVEL_05","0x122B2C","1190700","0x3C04BF80","0x3C04BF00","16","CODE","2","armes","oui"
"5","LEVEL_05","0x12334C","1192780","0x3C043F80","0x3C043F00","16","CODE","2","armes","oui"
"5","LEVEL_05","0x1233C0","1192896","0x3C043F80","0x3C043F00","16","CODE","2","armes","oui"
"5","LEVEL_05","0x123EB4","1195700","0x3C04BF80","0x3C04BF00","16","CODE","2","armes","oui"
"5","LEVEL_05","0x1312B8","1249976","0x3C043F80","0x3C043F00","16","CODE","2","armes","oui"
"5","LEVEL_05","0x131558","1250648","0x3C06BF80","0x3C06BF00","16","CODE","2","armes","oui"
"5","LEVEL_05","0x1316B0","1250992","0x34040003","0x34040006","16","CODE","2","armes","oui"
"5","LEVEL_05","0x13C7E8","1296360","0x46146301","0x00000004","20","CODE+CAVE_JUMP","2","armes","oui"
"5","LEVEL_05","0x13C7EC","1296364","0xE62C0008","0x00000000","16","CODE","2","armes","oui"
"5","LEVEL_05","0x164188","1458568","0x3C04BF80","0x3C04BF00","16","CODE","2","armes","oui"
"5","LEVEL_05","0x164B30","1461040","0x3C053F80","0x3C053F00","16","CODE","2","armes","oui"
"5","LEVEL_05","0x167AC8","1473224","0x3C04BF80","0x3C04BF00","16","CODE","2","armes","oui"
"5","LEVEL_05","0x167E80","1474176","0x3C043D08","0x3C043C88","16","CODE","2","armes","oui"
"5","LEVEL_05","0x167EC8","1474248","0x3C04BF80","0x3C04BF00","16","CODE","2","armes","oui"
"5","LEVEL_05","0x16A8D8","1485016","0x46148B01","0x00000002","20","CODE+CAVE_JUMP","2","armes","oui"
"5","LEVEL_05","0x16A904","1485060","0x46146301","0x00000003","20","CODE+CAVE_JUMP","2","armes","oui"
"5","LEVEL_05","0x16A908","1485064","0x4616603C","0x00000000","16","CODE","2","armes","oui"
"5","LEVEL_05","0x173B68","1522536","0xC62C0010","0x00000005","20","CODE+CAVE_JUMP","2","armes","oui"
"5","LEVEL_05","0x173B6C","1522540","0x46166301","0x00000000","16","CODE","2","armes","oui"
"5","LEVEL_05","0x177CEC","1539308","0x3C044000","0x3C043F80","16","CODE","1","socle","oui"
"5","LEVEL_05","0x18A5F8","1615352","0xC6EC0008","0x00000006","20","CODE+CAVE_JUMP","2","armes","oui"
"5","LEVEL_05","0x18A5FC","1615356","0xC7CD0010","0x00000000","16","CODE","2","armes","oui"
"5","LEVEL_05","0x2BA178","2859384","0x42700000","0x42F00000","0","","2","armes","oui"
"5","LEVEL_05","0x2BA17C","2859388","0x42700000","0x42F00000","0","","2","armes","oui"
"5","LEVEL_05","0x2BA898","2861208","0x40000000","0x3F800000","0","","2","armes","oui"
"5","LEVEL_05","0x2BAD50","2862416","0x3C360B62","0x3BB60B62","0","","2","armes","oui"
"5","LEVEL_05","0x2BAD54","2862420","0x41880000","0x41080000","0","","8","particules","oui"
"5","LEVEL_05","0x2BAD5C","2862428","0x3DD67751","0x3D567751","0","","2","armes","oui"
"5","LEVEL_05","0x2BAD60","2862432","0x3E567751","0x3DD67751","0","","2","armes","oui"
"5","LEVEL_05","0x2BAD68","2862440","0x3DCCCCCD","0x3D4CCCCD","0","","2","armes","oui"
"5","LEVEL_05","0x2BAD6C","2862444","0x3E800000","0x3E000000","0","","2","armes","oui"
"5","LEVEL_05","0x2BB864","2865252","0x3C23D657","0x3BA3D6DE","1","CONTINUOUS","4","cassables/boulons","non (surveillance)"
"5","LEVEL_05","0x2BB868","2865256","0x3F7FFCB9","0x3F7FFF2E","1","CONTINUOUS","4","cassables/boulons","non (surveillance)"
"5","LEVEL_05","0x2BB870","2865264","0x3CF5B920","0x3C75C033","1","CONTINUOUS","4","cassables/boulons","non (surveillance)"
"5","LEVEL_05","0x2BB874","2865268","0x3F7FE283","0x3F7FF8A1","1","CONTINUOUS","4","cassables/boulons","non (surveillance)"
"5","LEVEL_05","0x2BB87C","2865276","0x41700000","0x41F00000","0","","4","cassables/boulons","oui"
"5","LEVEL_05","0x2BBA10","2865680","0x3D75C291","0x3CF5C28F","0","","4","cassables/boulons","oui"
"5","LEVEL_05","0x2BBA18","2865688","0x3DF5C28F","0x3D7D9C85","0","","4","cassables/boulons","oui"
"5","LEVEL_05","0x2BBA20","2865696","0x3C888889","0x3C088889","1","CONTINUOUS","4","cassables/boulons","non (surveillance)"
"5","LEVEL_05","0x2BBA28","2865704","0x3DCC7578","0x3D4CB6F5","1","CONTINUOUS","4","cassables/boulons","non (surveillance)"
"5","LEVEL_05","0x2BBA2C","2865708","0x3F7EB898","0x3F7FAE19","1","CONTINUOUS","4","cassables/boulons","non (surveillance)"
"5","LEVEL_05","0x2BEBEC","2878444","0x41700000","0x41F00000","0","","2","armes","oui"
"5","LEVEL_05","0x2BEBF0","2878448","0x40C00000","0x41400000","0","","2","armes","oui"
"5","LEVEL_05","0x2C1BB0","2890672","0x3BF2B9D6","0x3B72B9D6","0","","2","armes","oui"
"5","LEVEL_05","0x2C1BB4","2890676","0x3C360B61","0x3BB60B61","0","","2","armes","oui"
"5","LEVEL_05","0x2C1BB8","2890680","0x3C888889","0x3C088889","0","","2","armes","oui"
"5","LEVEL_05","0x2C1BBC","2890684","0x3D088889","0x3C888889","0","","2","armes","oui"
"5","LEVEL_05","0x2C1BC0","2890688","0x3D088889","0x3C888889","0","","2","armes","oui"
"5","LEVEL_05","0x2C1BC4","2890692","0x3D088889","0x3C888889","0","","2","armes","oui"
"5","LEVEL_05","0x2C1BC8","2890696","0x3D088889","0x3C888889","0","","2","armes","oui"
"5","LEVEL_05","0x2C1BCC","2890700","0x3D088889","0x3C888889","0","","2","armes","oui"
"5","LEVEL_05","0x2C2D10","2895120","0x3EC19D7F","0x3E419D7F","0","","2","armes","oui"
"5","LEVEL_05","0x2C2D14","2895124","0x3EC19D7F","0x3E419D7F","0","","2","armes","oui"
"5","LEVEL_05","0x2C2D18","2895128","0x3F20D97C","0x3EA0D97C","0","","2","armes","oui"
"5","LEVEL_05","0x2C2D1C","2895132","0x3F20D97C","0x3EA0D97C","0","","2","armes","oui"
"5","LEVEL_05","0x2C2D28","2895144","0x3F19999A","0x3E99999A","0","","2","armes","oui"
"5","LEVEL_05","0x2C32F4","2896628","0x42F00000","0x43700000","0","","2","armes","oui"
"5","LEVEL_05","0x2C34FC","2897148","0x40400000","0x3FC00000","0","","2","armes","oui"
"5","LEVEL_05","0x2C3500","2897152","0x40400000","0x3FC00000","0","","2","armes","oui"
"5","LEVEL_05","0x2C3504","2897156","0x40400000","0x3FC00000","0","","2","armes","oui"
"5","LEVEL_05","0x2C3508","2897160","0x40400000","0x3FC00000","0","","2","armes","oui"
"5","LEVEL_05","0x2C350C","2897164","0x40400000","0x3FC00000","0","","2","armes","oui"
"5","LEVEL_05","0x2C3510","2897168","0x40400000","0x3FC00000","0","","2","armes","oui"
"5","LEVEL_05","0x2C3514","2897172","0x40400000","0x3FC00000","0","","2","armes","oui"
"5","LEVEL_05","0x2C3538","2897208","0x3DA0D97C","0x3D20D97C","0","","2","armes","oui"
"5","LEVEL_05","0x2C353C","2897212","0x3DA0D97C","0x3D20D97C","0","","2","armes","oui"
"5","LEVEL_05","0x2C3540","2897216","0x3E20D97C","0x3DA0D97C","0","","2","armes","oui"
"5","LEVEL_05","0x2C3544","2897220","0x3E20D97C","0x3DA0D97C","0","","2","armes","oui"
"5","LEVEL_05","0x2C3548","2897224","0x3E20D97C","0x3DA0D97C","0","","2","armes","oui"
"5","LEVEL_05","0x2C354C","2897228","0x3E20D97C","0x3DA0D97C","0","","2","armes","oui"
"5","LEVEL_05","0x2C3550","2897232","0x3E20D97C","0x3DA0D97C","0","","2","armes","oui"
"5","LEVEL_05","0x2C3554","2897236","0x3E20D97C","0x3DA0D97C","0","","2","armes","oui"
"5","LEVEL_05","0x2C355C","2897244","0x42700000","0x42F00000","0","","2","armes","oui"
"5","LEVEL_05","0x2C3568","2897256","0x41700000","0x41F00000","0","","2","armes","oui"
"5","LEVEL_05","0x2C3FE8","2899944","0x3E19999A","0x3D99999A","0","","2","armes","oui"
"5","LEVEL_05","0x2C4498","2901144","0x3E75C28F","0x3DF5C28F","0","","1","socle","oui"
"5","LEVEL_05","0x2C55EC","2905580","0x41F00000","0x42700000","0","","2","armes","oui"
"5","LEVEL_05","0x952EC","611052","0x0E4BA064","0x00000000","50","UNLOCK+CODE+OLD_JUMP","1","socle","oui"
"6","LEVEL_06","0x361C","13852","0x3C043D08","0x3C043C88","16","CODE","1","socle","oui"
"6","LEVEL_06","0x3634","13876","0x3C04BD08","0x3C04BC88","16","CODE","1","socle","oui"
"6","LEVEL_06","0x13E90","81552","0x3C043D08","0x3C043C88","16","CODE","1","socle","oui"
"6","LEVEL_06","0x269FC","158204","0x27BDFFC0","0x00000007","20","CODE+CAVE_JUMP","4","cassables/boulons","oui"
"6","LEVEL_06","0x26A00","158208","0xAFB00028","0x00000000","16","CODE","4","cassables/boulons","oui"
"6","LEVEL_06","0x26A94","158356","0x46107380","0x00000000","16","CODE","4","cassables/boulons","oui"
"6","LEVEL_06","0x2BAC4","178884","0x46166300","0x461C6300","16","CODE","4","cassables/boulons","oui"
"6","LEVEL_06","0x2BAE4","178916","0x46166301","0x461C6301","16","CODE","4","cassables/boulons","oui"
"6","LEVEL_06","0x2BC7C","179324","0x46166300","0x461C6300","16","CODE","4","cassables/boulons","oui"
"6","LEVEL_06","0x2CA2C","182828","0x46006506","0x460C6500","16","CODE","1","socle","oui"
"6","LEVEL_06","0x2CB6C","183148","0x2A240002","0x2A240001","16","CODE","1","socle","oui"
"6","LEVEL_06","0x4C5F4","312820","0x3C04BF80","0x3C04BF00","16","CODE","8","particules","oui"
"6","LEVEL_06","0x4C860","313440","0x3C05BF80","0x3C05BF00","16","CODE","8","particules","oui"
"6","LEVEL_06","0x4CC30","314416","0x3C05BF80","0x3C05BF00","16","CODE","8","particules","oui"
"6","LEVEL_06","0xFF308","1045256","0x460F6300","0x00000000","20","CODE+CAVE_JUMP","2","armes","oui"
"6","LEVEL_06","0xFF30C","1045260","0xE60C0030","0x00000000","16","CODE","2","armes","oui"
"6","LEVEL_06","0x101724","1054500","0x3C06BF80","0x3C06BF00","16","CODE","2","armes","oui"
"6","LEVEL_06","0x101740","1054528","0x3C06BF80","0x3C06BF00","16","CODE","2","armes","oui"
"6","LEVEL_06","0x10614C","1073484","0x3C073F80","0x3C073F00","16","CODE","8","particules","oui"
"6","LEVEL_06","0x107B2C","1080108","0x3C04BF80","0x3C04BF00","16","CODE","2","armes","oui"
"6","LEVEL_06","0x107D94","1080724","0x3C04BF80","0x3C04BF00","16","CODE","2","armes","oui"
"6","LEVEL_06","0x108518","1082648","0x3C05BF80","0x3C05BF00","16","CODE","2","armes","oui"
"6","LEVEL_06","0x10878C","1083276","0x460D6300","0x00000001","20","CODE+CAVE_JUMP","2","armes","oui"
"6","LEVEL_06","0x108790","1083280","0xE62C0004","0x00000000","16","CODE","2","armes","oui"
"6","LEVEL_06","0x1099E8","1087976","0x3C063D08","0x3C063C88","16","CODE","2","armes","oui"
"6","LEVEL_06","0x10CE68","1101416","0x3C043F80","0x3C043F00","16","CODE","2","armes","oui"
"6","LEVEL_06","0x10CF68","1101672","0x3C043F80","0x3C043F00","16","CODE","2","armes","oui"
"6","LEVEL_06","0x10F8B4","1112244","0x3C0641F0","0x3C064270","16","CODE","2","armes","oui"
"6","LEVEL_06","0x10FE88","1113736","0x3C053F80","0x3C053F00","16","CODE","2","armes","oui"
"6","LEVEL_06","0x113F34","1130292","0x3C053F80","0x3C053F00","16","CODE","2","armes","oui"
"6","LEVEL_06","0x116AC8","1141448","0x3C053F80","0x3C053F00","16","CODE","4","cassables/boulons","oui"
"6","LEVEL_06","0x117320","1143584","0x24040002","0x24040004","16","CODE","4","cassables/boulons","oui"
"6","LEVEL_06","0x11F654","1177172","0x3C04BF80","0x3C04BF00","16","CODE","2","armes","oui"
"6","LEVEL_06","0x11FE74","1179252","0x3C043F80","0x3C043F00","16","CODE","2","armes","oui"
"6","LEVEL_06","0x11FEE8","1179368","0x3C043F80","0x3C043F00","16","CODE","2","armes","oui"
"6","LEVEL_06","0x1209DC","1182172","0x3C04BF80","0x3C04BF00","16","CODE","2","armes","oui"
"6","LEVEL_06","0x12C89C","1231004","0x3C043F80","0x3C043F00","16","CODE","2","armes","oui"
"6","LEVEL_06","0x12CB3C","1231676","0x3C06BF80","0x3C06BF00","16","CODE","2","armes","oui"
"6","LEVEL_06","0x12CC94","1232020","0x34040003","0x34040006","16","CODE","2","armes","oui"
"6","LEVEL_06","0x13E0A8","1302696","0x46146301","0x00000004","20","CODE+CAVE_JUMP","2","armes","oui"
"6","LEVEL_06","0x13E0AC","1302700","0xE62C0008","0x00000000","16","CODE","2","armes","oui"
"6","LEVEL_06","0x15EA5C","1436252","0x3C04BF80","0x3C04BF00","16","CODE","2","armes","oui"
"6","LEVEL_06","0x15F404","1438724","0x3C053F80","0x3C053F00","16","CODE","2","armes","oui"
"6","LEVEL_06","0x164848","1460296","0x3C04BF80","0x3C04BF00","16","CODE","2","armes","oui"
"6","LEVEL_06","0x164C00","1461248","0x3C043D08","0x3C043C88","16","CODE","2","armes","oui"
"6","LEVEL_06","0x164C48","1461320","0x3C04BF80","0x3C04BF00","16","CODE","2","armes","oui"
"6","LEVEL_06","0x167658","1472088","0x46148B01","0x00000002","20","CODE+CAVE_JUMP","2","armes","oui"
"6","LEVEL_06","0x167684","1472132","0x46146301","0x00000003","20","CODE+CAVE_JUMP","2","armes","oui"
"6","LEVEL_06","0x167688","1472136","0x4616603C","0x00000000","16","CODE","2","armes","oui"
"6","LEVEL_06","0x16DA20","1497632","0xC62C0010","0x00000005","20","CODE+CAVE_JUMP","2","armes","oui"
"6","LEVEL_06","0x16DA24","1497636","0x46166301","0x00000000","16","CODE","2","armes","oui"
"6","LEVEL_06","0x171BA4","1514404","0x3C044000","0x3C043F80","16","CODE","1","socle","oui"
"6","LEVEL_06","0x18B5E0","1619424","0xC6EC0008","0x00000006","20","CODE+CAVE_JUMP","2","armes","oui"
"6","LEVEL_06","0x18B5E4","1619428","0xC7CD0010","0x00000000","16","CODE","2","armes","oui"
"6","LEVEL_06","0x2BC7B0","2869168","0x42700000","0x42F00000","0","","2","armes","oui"
"6","LEVEL_06","0x2BC7B4","2869172","0x42700000","0x42F00000","0","","2","armes","oui"
"6","LEVEL_06","0x2BCED0","2870992","0x40000000","0x3F800000","0","","2","armes","oui"
"6","LEVEL_06","0x2BD388","2872200","0x3C360B62","0x3BB60B62","0","","2","armes","oui"
"6","LEVEL_06","0x2BD38C","2872204","0x41880000","0x41080000","0","","8","particules","oui"
"6","LEVEL_06","0x2BD394","2872212","0x3DD67751","0x3D567751","0","","2","armes","oui"
"6","LEVEL_06","0x2BD398","2872216","0x3E567751","0x3DD67751","0","","2","armes","oui"
"6","LEVEL_06","0x2BD3A0","2872224","0x3DCCCCCD","0x3D4CCCCD","0","","2","armes","oui"
"6","LEVEL_06","0x2BD3A4","2872228","0x3E800000","0x3E000000","0","","2","armes","oui"
"6","LEVEL_06","0x2BDE9C","2875036","0x3C23D657","0x3BA3D6DE","1","CONTINUOUS","4","cassables/boulons","non (surveillance)"
"6","LEVEL_06","0x2BDEA0","2875040","0x3F7FFCB9","0x3F7FFF2E","1","CONTINUOUS","4","cassables/boulons","non (surveillance)"
"6","LEVEL_06","0x2BDEA8","2875048","0x3CF5B920","0x3C75C033","1","CONTINUOUS","4","cassables/boulons","non (surveillance)"
"6","LEVEL_06","0x2BDEAC","2875052","0x3F7FE283","0x3F7FF8A1","1","CONTINUOUS","4","cassables/boulons","non (surveillance)"
"6","LEVEL_06","0x2BDEB4","2875060","0x41700000","0x41F00000","0","","4","cassables/boulons","oui"
"6","LEVEL_06","0x2BE048","2875464","0x3D75C291","0x3CF5C28F","0","","4","cassables/boulons","oui"
"6","LEVEL_06","0x2BE050","2875472","0x3DF5C28F","0x3D7D9C85","0","","4","cassables/boulons","oui"
"6","LEVEL_06","0x2BE058","2875480","0x3C888889","0x3C088889","1","CONTINUOUS","4","cassables/boulons","non (surveillance)"
"6","LEVEL_06","0x2BE060","2875488","0x3DCC7578","0x3D4CB6F5","1","CONTINUOUS","4","cassables/boulons","non (surveillance)"
"6","LEVEL_06","0x2BE064","2875492","0x3F7EB898","0x3F7FAE19","1","CONTINUOUS","4","cassables/boulons","non (surveillance)"
"6","LEVEL_06","0x2C1CD4","2890964","0x41700000","0x41F00000","0","","2","armes","oui"
"6","LEVEL_06","0x2C1CD8","2890968","0x40C00000","0x41400000","0","","2","armes","oui"
"6","LEVEL_06","0x2C47C8","2901960","0x3BF2B9D6","0x3B72B9D6","0","","2","armes","oui"
"6","LEVEL_06","0x2C47CC","2901964","0x3C360B61","0x3BB60B61","0","","2","armes","oui"
"6","LEVEL_06","0x2C47D0","2901968","0x3C888889","0x3C088889","0","","2","armes","oui"
"6","LEVEL_06","0x2C47D4","2901972","0x3D088889","0x3C888889","0","","2","armes","oui"
"6","LEVEL_06","0x2C47D8","2901976","0x3D088889","0x3C888889","0","","2","armes","oui"
"6","LEVEL_06","0x2C47DC","2901980","0x3D088889","0x3C888889","0","","2","armes","oui"
"6","LEVEL_06","0x2C47E0","2901984","0x3D088889","0x3C888889","0","","2","armes","oui"
"6","LEVEL_06","0x2C47E4","2901988","0x3D088889","0x3C888889","0","","2","armes","oui"
"6","LEVEL_06","0x2C58B8","2906296","0x3EC19D7F","0x3E419D7F","0","","2","armes","oui"
"6","LEVEL_06","0x2C58BC","2906300","0x3EC19D7F","0x3E419D7F","0","","2","armes","oui"
"6","LEVEL_06","0x2C58C0","2906304","0x3F20D97C","0x3EA0D97C","0","","2","armes","oui"
"6","LEVEL_06","0x2C58C4","2906308","0x3F20D97C","0x3EA0D97C","0","","2","armes","oui"
"6","LEVEL_06","0x2C58D0","2906320","0x3F19999A","0x3E99999A","0","","2","armes","oui"
"6","LEVEL_06","0x2C62DC","2908892","0x42F00000","0x43700000","0","","2","armes","oui"
"6","LEVEL_06","0x2C64E4","2909412","0x40400000","0x3FC00000","0","","2","armes","oui"
"6","LEVEL_06","0x2C64E8","2909416","0x40400000","0x3FC00000","0","","2","armes","oui"
"6","LEVEL_06","0x2C64EC","2909420","0x40400000","0x3FC00000","0","","2","armes","oui"
"6","LEVEL_06","0x2C64F0","2909424","0x40400000","0x3FC00000","0","","2","armes","oui"
"6","LEVEL_06","0x2C64F4","2909428","0x40400000","0x3FC00000","0","","2","armes","oui"
"6","LEVEL_06","0x2C64F8","2909432","0x40400000","0x3FC00000","0","","2","armes","oui"
"6","LEVEL_06","0x2C64FC","2909436","0x40400000","0x3FC00000","0","","2","armes","oui"
"6","LEVEL_06","0x2C6520","2909472","0x3DA0D97C","0x3D20D97C","0","","2","armes","oui"
"6","LEVEL_06","0x2C6524","2909476","0x3DA0D97C","0x3D20D97C","0","","2","armes","oui"
"6","LEVEL_06","0x2C6528","2909480","0x3E20D97C","0x3DA0D97C","0","","2","armes","oui"
"6","LEVEL_06","0x2C652C","2909484","0x3E20D97C","0x3DA0D97C","0","","2","armes","oui"
"6","LEVEL_06","0x2C6530","2909488","0x3E20D97C","0x3DA0D97C","0","","2","armes","oui"
"6","LEVEL_06","0x2C6534","2909492","0x3E20D97C","0x3DA0D97C","0","","2","armes","oui"
"6","LEVEL_06","0x2C6538","2909496","0x3E20D97C","0x3DA0D97C","0","","2","armes","oui"
"6","LEVEL_06","0x2C653C","2909500","0x3E20D97C","0x3DA0D97C","0","","2","armes","oui"
"6","LEVEL_06","0x2C6544","2909508","0x42700000","0x42F00000","0","","2","armes","oui"
"6","LEVEL_06","0x2C6550","2909520","0x41700000","0x41F00000","0","","2","armes","oui"
"6","LEVEL_06","0x2C6D60","2911584","0x3E19999A","0x3D99999A","0","","2","armes","oui"
"6","LEVEL_06","0x2C7210","2912784","0x3E75C28F","0x3DF5C28F","0","","1","socle","oui"
"6","LEVEL_06","0x2C8974","2918772","0x41F00000","0x42700000","0","","2","armes","oui"
"6","LEVEL_06","0x9133C","594748","0x0E4BA79A","0x00000000","50","UNLOCK+CODE+OLD_JUMP","1","socle","oui"
"7","LEVEL_07","0x361C","13852","0x3C043D08","0x3C043C88","16","CODE","1","socle","oui"
"7","LEVEL_07","0x3634","13876","0x3C04BD08","0x3C04BC88","16","CODE","1","socle","oui"
"7","LEVEL_07","0x152E0","86752","0x3C043D08","0x3C043C88","16","CODE","1","socle","oui"
"7","LEVEL_07","0x28078","163960","0x27BDFFC0","0x00000007","20","CODE+CAVE_JUMP","4","cassables/boulons","oui"
"7","LEVEL_07","0x2807C","163964","0xAFB00028","0x00000000","16","CODE","4","cassables/boulons","oui"
"7","LEVEL_07","0x28110","164112","0x46107380","0x00000000","16","CODE","4","cassables/boulons","oui"
"7","LEVEL_07","0x2ED50","191824","0x46166300","0x461C6300","16","CODE","4","cassables/boulons","oui"
"7","LEVEL_07","0x2ED70","191856","0x46166301","0x461C6301","16","CODE","4","cassables/boulons","oui"
"7","LEVEL_07","0x2EF08","192264","0x46166300","0x461C6300","16","CODE","4","cassables/boulons","oui"
"7","LEVEL_07","0x2FCB8","195768","0x46006506","0x460C6500","16","CODE","1","socle","oui"
"7","LEVEL_07","0x2FDF8","196088","0x2A240002","0x2A240001","16","CODE","1","socle","oui"
"7","LEVEL_07","0x4FCB8","326840","0x3C04BF80","0x3C04BF00","16","CODE","8","particules","oui"
"7","LEVEL_07","0x4FF24","327460","0x3C05BF80","0x3C05BF00","16","CODE","8","particules","oui"
"7","LEVEL_07","0x502F4","328436","0x3C05BF80","0x3C05BF00","16","CODE","8","particules","oui"
"7","LEVEL_07","0x109858","1087576","0x460F6300","0x00000000","20","CODE+CAVE_JUMP","2","armes","oui"
"7","LEVEL_07","0x10985C","1087580","0xE60C0030","0x00000000","16","CODE","2","armes","oui"
"7","LEVEL_07","0x10BC74","1096820","0x3C06BF80","0x3C06BF00","16","CODE","2","armes","oui"
"7","LEVEL_07","0x10BC90","1096848","0x3C06BF80","0x3C06BF00","16","CODE","2","armes","oui"
"7","LEVEL_07","0x11069C","1115804","0x3C073F80","0x3C073F00","16","CODE","8","particules","oui"
"7","LEVEL_07","0x11207C","1122428","0x3C04BF80","0x3C04BF00","16","CODE","2","armes","oui"
"7","LEVEL_07","0x1122E4","1123044","0x3C04BF80","0x3C04BF00","16","CODE","2","armes","oui"
"7","LEVEL_07","0x112A68","1124968","0x3C05BF80","0x3C05BF00","16","CODE","2","armes","oui"
"7","LEVEL_07","0x112CDC","1125596","0x460D6300","0x00000001","20","CODE+CAVE_JUMP","2","armes","oui"
"7","LEVEL_07","0x112CE0","1125600","0xE62C0004","0x00000000","16","CODE","2","armes","oui"
"7","LEVEL_07","0x113F38","1130296","0x3C063D08","0x3C063C88","16","CODE","2","armes","oui"
"7","LEVEL_07","0x1176A8","1144488","0x3C043F80","0x3C043F00","16","CODE","2","armes","oui"
"7","LEVEL_07","0x1177A8","1144744","0x3C043F80","0x3C043F00","16","CODE","2","armes","oui"
"7","LEVEL_07","0x11A0F4","1155316","0x3C0641F0","0x3C064270","16","CODE","2","armes","oui"
"7","LEVEL_07","0x11A6C8","1156808","0x3C053F80","0x3C053F00","16","CODE","2","armes","oui"
"7","LEVEL_07","0x11E774","1173364","0x3C053F80","0x3C053F00","16","CODE","2","armes","oui"
"7","LEVEL_07","0x121320","1184544","0x3C053F80","0x3C053F00","16","CODE","4","cassables/boulons","oui"
"7","LEVEL_07","0x121B78","1186680","0x24040002","0x24040004","16","CODE","4","cassables/boulons","oui"
"7","LEVEL_07","0x12A58C","1222028","0x3C04BF80","0x3C04BF00","16","CODE","2","armes","oui"
"7","LEVEL_07","0x12ADAC","1224108","0x3C043F80","0x3C043F00","16","CODE","2","armes","oui"
"7","LEVEL_07","0x12AE20","1224224","0x3C043F80","0x3C043F00","16","CODE","2","armes","oui"
"7","LEVEL_07","0x12B914","1227028","0x3C04BF80","0x3C04BF00","16","CODE","2","armes","oui"
"7","LEVEL_07","0x144798","1329048","0x3C043F80","0x3C043F00","16","CODE","2","armes","oui"
"7","LEVEL_07","0x144A38","1329720","0x3C06BF80","0x3C06BF00","16","CODE","2","armes","oui"
"7","LEVEL_07","0x144B90","1330064","0x34040003","0x34040006","16","CODE","2","armes","oui"
"7","LEVEL_07","0x154970","1395056","0x46146301","0x00000004","20","CODE+CAVE_JUMP","2","armes","oui"
"7","LEVEL_07","0x154974","1395060","0xE62C0008","0x00000000","16","CODE","2","armes","oui"
"7","LEVEL_07","0x17C128","1556776","0x3C04BF80","0x3C04BF00","16","CODE","2","armes","oui"
"7","LEVEL_07","0x17CAD0","1559248","0x3C053F80","0x3C053F00","16","CODE","2","armes","oui"
"7","LEVEL_07","0x17EBBC","1567676","0x3C04BF80","0x3C04BF00","16","CODE","2","armes","oui"
"7","LEVEL_07","0x17EF74","1568628","0x3C043D08","0x3C043C88","16","CODE","2","armes","oui"
"7","LEVEL_07","0x17EFBC","1568700","0x3C04BF80","0x3C04BF00","16","CODE","2","armes","oui"
"7","LEVEL_07","0x1819CC","1579468","0x46148B01","0x00000002","20","CODE+CAVE_JUMP","2","armes","oui"
"7","LEVEL_07","0x1819F8","1579512","0x46146301","0x00000003","20","CODE+CAVE_JUMP","2","armes","oui"
"7","LEVEL_07","0x1819FC","1579516","0x4616603C","0x00000000","16","CODE","2","armes","oui"
"7","LEVEL_07","0x18D194","1626516","0xC62C0010","0x00000005","20","CODE+CAVE_JUMP","2","armes","oui"
"7","LEVEL_07","0x18D198","1626520","0x46166301","0x00000000","16","CODE","2","armes","oui"
"7","LEVEL_07","0x190B48","1641288","0x3C04BF80","0x3C04BF00","16","CODE","8","particules","oui"
"7","LEVEL_07","0x190C9C","1641628","0x3C04BF80","0x3C04BF00","16","CODE","8","particules","oui"
"7","LEVEL_07","0x1923F8","1647608","0x3C044000","0x3C043F80","16","CODE","1","socle","oui"
"7","LEVEL_07","0x1A82AC","1737388","0xC6EC0008","0x00000006","20","CODE+CAVE_JUMP","2","armes","oui"
"7","LEVEL_07","0x1A82B0","1737392","0xC7CD0010","0x00000000","16","CODE","2","armes","oui"
"7","LEVEL_07","0x2DC930","3000624","0x42700000","0x42F00000","0","","2","armes","oui"
"7","LEVEL_07","0x2DC934","3000628","0x42700000","0x42F00000","0","","2","armes","oui"
"7","LEVEL_07","0x2DD050","3002448","0x40000000","0x3F800000","0","","2","armes","oui"
"7","LEVEL_07","0x2DD5A8","3003816","0x3C360B62","0x3BB60B62","0","","2","armes","oui"
"7","LEVEL_07","0x2DD5AC","3003820","0x41880000","0x41080000","0","","8","particules","oui"
"7","LEVEL_07","0x2DD5B4","3003828","0x3DD67751","0x3D567751","0","","2","armes","oui"
"7","LEVEL_07","0x2DD5B8","3003832","0x3E567751","0x3DD67751","0","","2","armes","oui"
"7","LEVEL_07","0x2DD5C0","3003840","0x3DCCCCCD","0x3D4CCCCD","0","","2","armes","oui"
"7","LEVEL_07","0x2DD5C4","3003844","0x3E800000","0x3E000000","0","","2","armes","oui"
"7","LEVEL_07","0x2DE0BC","3006652","0x3C23D657","0x3BA3D6DE","1","CONTINUOUS","4","cassables/boulons","non (surveillance)"
"7","LEVEL_07","0x2DE0C0","3006656","0x3F7FFCB9","0x3F7FFF2E","1","CONTINUOUS","4","cassables/boulons","non (surveillance)"
"7","LEVEL_07","0x2DE0C8","3006664","0x3CF5B920","0x3C75C033","1","CONTINUOUS","4","cassables/boulons","non (surveillance)"
"7","LEVEL_07","0x2DE0CC","3006668","0x3F7FE283","0x3F7FF8A1","1","CONTINUOUS","4","cassables/boulons","non (surveillance)"
"7","LEVEL_07","0x2DE0D4","3006676","0x41700000","0x41F00000","0","","4","cassables/boulons","oui"
"7","LEVEL_07","0x2DE268","3007080","0x3D75C291","0x3CF5C28F","0","","4","cassables/boulons","oui"
"7","LEVEL_07","0x2DE270","3007088","0x3DF5C28F","0x3D7D9C85","0","","4","cassables/boulons","oui"
"7","LEVEL_07","0x2DE278","3007096","0x3C888889","0x3C088889","1","CONTINUOUS","4","cassables/boulons","non (surveillance)"
"7","LEVEL_07","0x2DE280","3007104","0x3DCC7578","0x3D4CB6F5","1","CONTINUOUS","4","cassables/boulons","non (surveillance)"
"7","LEVEL_07","0x2DE284","3007108","0x3F7EB898","0x3F7FAE19","1","CONTINUOUS","4","cassables/boulons","non (surveillance)"
"7","LEVEL_07","0x2E314C","3027276","0x41700000","0x41F00000","0","","2","armes","oui"
"7","LEVEL_07","0x2E3150","3027280","0x40C00000","0x41400000","0","","2","armes","oui"
"7","LEVEL_07","0x2E6838","3041336","0x3BF2B9D6","0x3B72B9D6","0","","2","armes","oui"
"7","LEVEL_07","0x2E683C","3041340","0x3C360B61","0x3BB60B61","0","","2","armes","oui"
"7","LEVEL_07","0x2E6840","3041344","0x3C888889","0x3C088889","0","","2","armes","oui"
"7","LEVEL_07","0x2E6844","3041348","0x3D088889","0x3C888889","0","","2","armes","oui"
"7","LEVEL_07","0x2E6848","3041352","0x3D088889","0x3C888889","0","","2","armes","oui"
"7","LEVEL_07","0x2E684C","3041356","0x3D088889","0x3C888889","0","","2","armes","oui"
"7","LEVEL_07","0x2E6850","3041360","0x3D088889","0x3C888889","0","","2","armes","oui"
"7","LEVEL_07","0x2E6854","3041364","0x3D088889","0x3C888889","0","","2","armes","oui"
"7","LEVEL_07","0x2E81D8","3047896","0x3EC19D7F","0x3E419D7F","0","","2","armes","oui"
"7","LEVEL_07","0x2E81DC","3047900","0x3EC19D7F","0x3E419D7F","0","","2","armes","oui"
"7","LEVEL_07","0x2E81E0","3047904","0x3F20D97C","0x3EA0D97C","0","","2","armes","oui"
"7","LEVEL_07","0x2E81E4","3047908","0x3F20D97C","0x3EA0D97C","0","","2","armes","oui"
"7","LEVEL_07","0x2E81F0","3047920","0x3F19999A","0x3E99999A","0","","2","armes","oui"
"7","LEVEL_07","0x2E859C","3048860","0x42F00000","0x43700000","0","","2","armes","oui"
"7","LEVEL_07","0x2E87A4","3049380","0x40400000","0x3FC00000","0","","2","armes","oui"
"7","LEVEL_07","0x2E87A8","3049384","0x40400000","0x3FC00000","0","","2","armes","oui"
"7","LEVEL_07","0x2E87AC","3049388","0x40400000","0x3FC00000","0","","2","armes","oui"
"7","LEVEL_07","0x2E87B0","3049392","0x40400000","0x3FC00000","0","","2","armes","oui"
"7","LEVEL_07","0x2E87B4","3049396","0x40400000","0x3FC00000","0","","2","armes","oui"
"7","LEVEL_07","0x2E87B8","3049400","0x40400000","0x3FC00000","0","","2","armes","oui"
"7","LEVEL_07","0x2E87BC","3049404","0x40400000","0x3FC00000","0","","2","armes","oui"
"7","LEVEL_07","0x2E87E0","3049440","0x3DA0D97C","0x3D20D97C","0","","2","armes","oui"
"7","LEVEL_07","0x2E87E4","3049444","0x3DA0D97C","0x3D20D97C","0","","2","armes","oui"
"7","LEVEL_07","0x2E87E8","3049448","0x3E20D97C","0x3DA0D97C","0","","2","armes","oui"
"7","LEVEL_07","0x2E87EC","3049452","0x3E20D97C","0x3DA0D97C","0","","2","armes","oui"
"7","LEVEL_07","0x2E87F0","3049456","0x3E20D97C","0x3DA0D97C","0","","2","armes","oui"
"7","LEVEL_07","0x2E87F4","3049460","0x3E20D97C","0x3DA0D97C","0","","2","armes","oui"
"7","LEVEL_07","0x2E87F8","3049464","0x3E20D97C","0x3DA0D97C","0","","2","armes","oui"
"7","LEVEL_07","0x2E87FC","3049468","0x3E20D97C","0x3DA0D97C","0","","2","armes","oui"
"7","LEVEL_07","0x2E8804","3049476","0x42700000","0x42F00000","0","","2","armes","oui"
"7","LEVEL_07","0x2E8810","3049488","0x41700000","0x41F00000","0","","2","armes","oui"
"7","LEVEL_07","0x2E9520","3052832","0x3E19999A","0x3D99999A","0","","2","armes","oui"
"7","LEVEL_07","0x2E9D38","3054904","0x3E75C28F","0x3DF5C28F","0","","1","socle","oui"
"7","LEVEL_07","0x2EB10C","3059980","0x41F00000","0x42700000","0","","2","armes","oui"
"7","LEVEL_07","0x98048","622664","0x0E4C24A2","0x00000000","50","UNLOCK+CODE+OLD_JUMP","1","socle","oui"
"8","LEVEL_08","0x3678","13944","0x3C043D08","0x3C043C88","16","CODE","1","socle","oui"
"8","LEVEL_08","0x3690","13968","0x3C04BD08","0x3C04BC88","16","CODE","1","socle","oui"
"8","LEVEL_08","0x1575C","87900","0x3C043D08","0x3C043C88","16","CODE","1","socle","oui"
"8","LEVEL_08","0x286A0","165536","0x27BDFFC0","0x00000007","20","CODE+CAVE_JUMP","4","cassables/boulons","oui"
"8","LEVEL_08","0x286A4","165540","0xAFB00028","0x00000000","16","CODE","4","cassables/boulons","oui"
"8","LEVEL_08","0x28738","165688","0x46107380","0x00000000","16","CODE","4","cassables/boulons","oui"
"8","LEVEL_08","0x3388C","211084","0x46166300","0x461C6300","16","CODE","4","cassables/boulons","oui"
"8","LEVEL_08","0x338AC","211116","0x46166301","0x461C6301","16","CODE","4","cassables/boulons","oui"
"8","LEVEL_08","0x33A44","211524","0x46166300","0x461C6300","16","CODE","4","cassables/boulons","oui"
"8","LEVEL_08","0x347F4","215028","0x46006506","0x460C6500","16","CODE","1","socle","oui"
"8","LEVEL_08","0x34934","215348","0x2A240002","0x2A240001","16","CODE","1","socle","oui"
"8","LEVEL_08","0x54778","345976","0x3C04BF80","0x3C04BF00","16","CODE","8","particules","oui"
"8","LEVEL_08","0x549E4","346596","0x3C05BF80","0x3C05BF00","16","CODE","8","particules","oui"
"8","LEVEL_08","0x54DB4","347572","0x3C05BF80","0x3C05BF00","16","CODE","8","particules","oui"
"8","LEVEL_08","0x113C60","1129568","0x460F6300","0x00000000","20","CODE+CAVE_JUMP","2","armes","oui"
"8","LEVEL_08","0x113C64","1129572","0xE60C0030","0x00000000","16","CODE","2","armes","oui"
"8","LEVEL_08","0x11607C","1138812","0x3C06BF80","0x3C06BF00","16","CODE","2","armes","oui"
"8","LEVEL_08","0x116098","1138840","0x3C06BF80","0x3C06BF00","16","CODE","2","armes","oui"
"8","LEVEL_08","0x11AAA4","1157796","0x3C073F80","0x3C073F00","16","CODE","8","particules","oui"
"8","LEVEL_08","0x11C484","1164420","0x3C04BF80","0x3C04BF00","16","CODE","2","armes","oui"
"8","LEVEL_08","0x11C6EC","1165036","0x3C04BF80","0x3C04BF00","16","CODE","2","armes","oui"
"8","LEVEL_08","0x11CE70","1166960","0x3C05BF80","0x3C05BF00","16","CODE","2","armes","oui"
"8","LEVEL_08","0x11D0E4","1167588","0x460D6300","0x00000001","20","CODE+CAVE_JUMP","2","armes","oui"
"8","LEVEL_08","0x11D0E8","1167592","0xE62C0004","0x00000000","16","CODE","2","armes","oui"
"8","LEVEL_08","0x11E340","1172288","0x3C063D08","0x3C063C88","16","CODE","2","armes","oui"
"8","LEVEL_08","0x122870","1190000","0x3C043F80","0x3C043F00","16","CODE","2","armes","oui"
"8","LEVEL_08","0x122970","1190256","0x3C043F80","0x3C043F00","16","CODE","2","armes","oui"
"8","LEVEL_08","0x1252BC","1200828","0x3C0641F0","0x3C064270","16","CODE","2","armes","oui"
"8","LEVEL_08","0x125890","1202320","0x3C053F80","0x3C053F00","16","CODE","2","armes","oui"
"8","LEVEL_08","0x12993C","1218876","0x3C053F80","0x3C053F00","16","CODE","2","armes","oui"
"8","LEVEL_08","0x12C4D0","1230032","0x3C053F80","0x3C053F00","16","CODE","4","cassables/boulons","oui"
"8","LEVEL_08","0x12CD28","1232168","0x24040002","0x24040004","16","CODE","4","cassables/boulons","oui"
"8","LEVEL_08","0x13A6D0","1287888","0x3C04BF80","0x3C04BF00","16","CODE","2","armes","oui"
"8","LEVEL_08","0x13AEF0","1289968","0x3C043F80","0x3C043F00","16","CODE","2","armes","oui"
"8","LEVEL_08","0x13AF64","1290084","0x3C043F80","0x3C043F00","16","CODE","2","armes","oui"
"8","LEVEL_08","0x13BA58","1292888","0x3C04BF80","0x3C04BF00","16","CODE","2","armes","oui"
"8","LEVEL_08","0x153778","1390456","0x3C043F80","0x3C043F00","16","CODE","2","armes","oui"
"8","LEVEL_08","0x153A18","1391128","0x3C06BF80","0x3C06BF00","16","CODE","2","armes","oui"
"8","LEVEL_08","0x153B70","1391472","0x34040003","0x34040006","16","CODE","2","armes","oui"
"8","LEVEL_08","0x166B2C","1469228","0x46146301","0x00000004","20","CODE+CAVE_JUMP","2","armes","oui"
"8","LEVEL_08","0x166B30","1469232","0xE62C0008","0x00000000","16","CODE","2","armes","oui"
"8","LEVEL_08","0x1952D8","1659608","0x3C04BF80","0x3C04BF00","16","CODE","2","armes","oui"
"8","LEVEL_08","0x195C80","1662080","0x3C053F80","0x3C053F00","16","CODE","2","armes","oui"
"8","LEVEL_08","0x199188","1675656","0x3C04BF80","0x3C04BF00","16","CODE","2","armes","oui"
"8","LEVEL_08","0x199540","1676608","0x3C043D08","0x3C043C88","16","CODE","2","armes","oui"
"8","LEVEL_08","0x199588","1676680","0x3C04BF80","0x3C04BF00","16","CODE","2","armes","oui"
"8","LEVEL_08","0x19BF98","1687448","0x46148B01","0x00000002","20","CODE+CAVE_JUMP","2","armes","oui"
"8","LEVEL_08","0x19BFC4","1687492","0x46146301","0x00000003","20","CODE+CAVE_JUMP","2","armes","oui"
"8","LEVEL_08","0x19BFC8","1687496","0x4616603C","0x00000000","16","CODE","2","armes","oui"
"8","LEVEL_08","0x1A5AF0","1727216","0xC62C0010","0x00000005","20","CODE+CAVE_JUMP","2","armes","oui"
"8","LEVEL_08","0x1A5AF4","1727220","0x46166301","0x00000000","16","CODE","2","armes","oui"
"8","LEVEL_08","0x1AF194","1765780","0x3C04BF80","0x3C04BF00","16","CODE","8","particules","oui"
"8","LEVEL_08","0x1AF2E8","1766120","0x3C04BF80","0x3C04BF00","16","CODE","8","particules","oui"
"8","LEVEL_08","0x1B1DDC","1777116","0x3C044000","0x3C043F80","16","CODE","1","socle","oui"
"8","LEVEL_08","0x1D56E4","1922788","0xC6EC0008","0x00000006","20","CODE+CAVE_JUMP","2","armes","oui"
"8","LEVEL_08","0x1D56E8","1922792","0xC7CD0010","0x00000000","16","CODE","2","armes","oui"
"8","LEVEL_08","0x30BDA8","3194280","0x42700000","0x42F00000","0","","2","armes","oui"
"8","LEVEL_08","0x30BDAC","3194284","0x42700000","0x42F00000","0","","2","armes","oui"
"8","LEVEL_08","0x30C4C8","3196104","0x40000000","0x3F800000","0","","2","armes","oui"
"8","LEVEL_08","0x30CE38","3198520","0x3C360B62","0x3BB60B62","0","","2","armes","oui"
"8","LEVEL_08","0x30CE3C","3198524","0x41880000","0x41080000","0","","8","particules","oui"
"8","LEVEL_08","0x30CE44","3198532","0x3DD67751","0x3D567751","0","","2","armes","oui"
"8","LEVEL_08","0x30CE48","3198536","0x3E567751","0x3DD67751","0","","2","armes","oui"
"8","LEVEL_08","0x30CE50","3198544","0x3DCCCCCD","0x3D4CCCCD","0","","2","armes","oui"
"8","LEVEL_08","0x30CE54","3198548","0x3E800000","0x3E000000","0","","2","armes","oui"
"8","LEVEL_08","0x30D94C","3201356","0x3C23D657","0x3BA3D6DE","1","CONTINUOUS","4","cassables/boulons","non (surveillance)"
"8","LEVEL_08","0x30D950","3201360","0x3F7FFCB9","0x3F7FFF2E","1","CONTINUOUS","4","cassables/boulons","non (surveillance)"
"8","LEVEL_08","0x30D958","3201368","0x3CF5B920","0x3C75C033","1","CONTINUOUS","4","cassables/boulons","non (surveillance)"
"8","LEVEL_08","0x30D95C","3201372","0x3F7FE283","0x3F7FF8A1","1","CONTINUOUS","4","cassables/boulons","non (surveillance)"
"8","LEVEL_08","0x30D964","3201380","0x41700000","0x41F00000","0","","4","cassables/boulons","oui"
"8","LEVEL_08","0x30DAF8","3201784","0x3D75C291","0x3CF5C28F","0","","4","cassables/boulons","oui"
"8","LEVEL_08","0x30DB00","3201792","0x3DF5C28F","0x3D7D9C85","0","","4","cassables/boulons","oui"
"8","LEVEL_08","0x30DB08","3201800","0x3C888889","0x3C088889","1","CONTINUOUS","4","cassables/boulons","non (surveillance)"
"8","LEVEL_08","0x30DB10","3201808","0x3DCC7578","0x3D4CB6F5","1","CONTINUOUS","4","cassables/boulons","non (surveillance)"
"8","LEVEL_08","0x30DB14","3201812","0x3F7EB898","0x3F7FAE19","1","CONTINUOUS","4","cassables/boulons","non (surveillance)"
"8","LEVEL_08","0x313714","3225364","0x41700000","0x41F00000","0","","2","armes","oui"
"8","LEVEL_08","0x313718","3225368","0x40C00000","0x41400000","0","","2","armes","oui"
"8","LEVEL_08","0x3171F8","3240440","0x3BF2B9D6","0x3B72B9D6","0","","2","armes","oui"
"8","LEVEL_08","0x3171FC","3240444","0x3C360B61","0x3BB60B61","0","","2","armes","oui"
"8","LEVEL_08","0x317200","3240448","0x3C888889","0x3C088889","0","","2","armes","oui"
"8","LEVEL_08","0x317204","3240452","0x3D088889","0x3C888889","0","","2","armes","oui"
"8","LEVEL_08","0x317208","3240456","0x3D088889","0x3C888889","0","","2","armes","oui"
"8","LEVEL_08","0x31720C","3240460","0x3D088889","0x3C888889","0","","2","armes","oui"
"8","LEVEL_08","0x317210","3240464","0x3D088889","0x3C888889","0","","2","armes","oui"
"8","LEVEL_08","0x317214","3240468","0x3D088889","0x3C888889","0","","2","armes","oui"
"8","LEVEL_08","0x318E78","3247736","0x3EC19D7F","0x3E419D7F","0","","2","armes","oui"
"8","LEVEL_08","0x318E7C","3247740","0x3EC19D7F","0x3E419D7F","0","","2","armes","oui"
"8","LEVEL_08","0x318E80","3247744","0x3F20D97C","0x3EA0D97C","0","","2","armes","oui"
"8","LEVEL_08","0x318E84","3247748","0x3F20D97C","0x3EA0D97C","0","","2","armes","oui"
"8","LEVEL_08","0x318E90","3247760","0x3F19999A","0x3E99999A","0","","2","armes","oui"
"8","LEVEL_08","0x3192F4","3248884","0x42F00000","0x43700000","0","","2","armes","oui"
"8","LEVEL_08","0x3194FC","3249404","0x40400000","0x3FC00000","0","","2","armes","oui"
"8","LEVEL_08","0x319500","3249408","0x40400000","0x3FC00000","0","","2","armes","oui"
"8","LEVEL_08","0x319504","3249412","0x40400000","0x3FC00000","0","","2","armes","oui"
"8","LEVEL_08","0x319508","3249416","0x40400000","0x3FC00000","0","","2","armes","oui"
"8","LEVEL_08","0x31950C","3249420","0x40400000","0x3FC00000","0","","2","armes","oui"
"8","LEVEL_08","0x319510","3249424","0x40400000","0x3FC00000","0","","2","armes","oui"
"8","LEVEL_08","0x319514","3249428","0x40400000","0x3FC00000","0","","2","armes","oui"
"8","LEVEL_08","0x319538","3249464","0x3DA0D97C","0x3D20D97C","0","","2","armes","oui"
"8","LEVEL_08","0x31953C","3249468","0x3DA0D97C","0x3D20D97C","0","","2","armes","oui"
"8","LEVEL_08","0x319540","3249472","0x3E20D97C","0x3DA0D97C","0","","2","armes","oui"
"8","LEVEL_08","0x319544","3249476","0x3E20D97C","0x3DA0D97C","0","","2","armes","oui"
"8","LEVEL_08","0x319548","3249480","0x3E20D97C","0x3DA0D97C","0","","2","armes","oui"
"8","LEVEL_08","0x31954C","3249484","0x3E20D97C","0x3DA0D97C","0","","2","armes","oui"
"8","LEVEL_08","0x319550","3249488","0x3E20D97C","0x3DA0D97C","0","","2","armes","oui"
"8","LEVEL_08","0x319554","3249492","0x3E20D97C","0x3DA0D97C","0","","2","armes","oui"
"8","LEVEL_08","0x31955C","3249500","0x42700000","0x42F00000","0","","2","armes","oui"
"8","LEVEL_08","0x319568","3249512","0x41700000","0x41F00000","0","","2","armes","oui"
"8","LEVEL_08","0x31A2B0","3252912","0x3E19999A","0x3D99999A","0","","2","armes","oui"
"8","LEVEL_08","0x31B448","3257416","0x3E75C28F","0x3DF5C28F","0","","1","socle","oui"
"8","LEVEL_08","0x31D9CC","3267020","0x41F00000","0x42700000","0","","2","armes","oui"
"8","LEVEL_08","0x9F26C","651884","0x0E4CDC48","0x00000000","50","UNLOCK+CODE+OLD_JUMP","1","socle","oui"
"9","LEVEL_09","0x361C","13852","0x3C043D08","0x3C043C88","16","CODE","1","socle","oui"
"9","LEVEL_09","0x3634","13876","0x3C04BD08","0x3C04BC88","16","CODE","1","socle","oui"
"9","LEVEL_09","0x146F0","83696","0x3C043D08","0x3C043C88","16","CODE","1","socle","oui"
"9","LEVEL_09","0x27208","160264","0x27BDFFC0","0x00000007","20","CODE+CAVE_JUMP","4","cassables/boulons","oui"
"9","LEVEL_09","0x2720C","160268","0xAFB00028","0x00000000","16","CODE","4","cassables/boulons","oui"
"9","LEVEL_09","0x272A0","160416","0x46107380","0x00000000","16","CODE","4","cassables/boulons","oui"
"9","LEVEL_09","0x2B60C","177676","0x46166300","0x461C6300","16","CODE","4","cassables/boulons","oui"
"9","LEVEL_09","0x2B62C","177708","0x46166301","0x461C6301","16","CODE","4","cassables/boulons","oui"
"9","LEVEL_09","0x2B7C4","178116","0x46166300","0x461C6300","16","CODE","4","cassables/boulons","oui"
"9","LEVEL_09","0x2C574","181620","0x46006506","0x460C6500","16","CODE","1","socle","oui"
"9","LEVEL_09","0x2C6B4","181940","0x2A240002","0x2A240001","16","CODE","1","socle","oui"
"9","LEVEL_09","0x4C1E0","311776","0x3C04BF80","0x3C04BF00","16","CODE","8","particules","oui"
"9","LEVEL_09","0x4C44C","312396","0x3C05BF80","0x3C05BF00","16","CODE","8","particules","oui"
"9","LEVEL_09","0x4C81C","313372","0x3C05BF80","0x3C05BF00","16","CODE","8","particules","oui"
"9","LEVEL_09","0x1012B0","1053360","0x460F6300","0x00000000","20","CODE+CAVE_JUMP","2","armes","oui"
"9","LEVEL_09","0x1012B4","1053364","0xE60C0030","0x00000000","16","CODE","2","armes","oui"
"9","LEVEL_09","0x1036CC","1062604","0x3C06BF80","0x3C06BF00","16","CODE","2","armes","oui"
"9","LEVEL_09","0x1036E8","1062632","0x3C06BF80","0x3C06BF00","16","CODE","2","armes","oui"
"9","LEVEL_09","0x1080F4","1081588","0x3C073F80","0x3C073F00","16","CODE","8","particules","oui"
"9","LEVEL_09","0x109AD4","1088212","0x3C04BF80","0x3C04BF00","16","CODE","2","armes","oui"
"9","LEVEL_09","0x109D3C","1088828","0x3C04BF80","0x3C04BF00","16","CODE","2","armes","oui"
"9","LEVEL_09","0x10A4C0","1090752","0x3C05BF80","0x3C05BF00","16","CODE","2","armes","oui"
"9","LEVEL_09","0x10A734","1091380","0x460D6300","0x00000001","20","CODE+CAVE_JUMP","2","armes","oui"
"9","LEVEL_09","0x10A738","1091384","0xE62C0004","0x00000000","16","CODE","2","armes","oui"
"9","LEVEL_09","0x10B990","1096080","0x3C063D08","0x3C063C88","16","CODE","2","armes","oui"
"9","LEVEL_09","0x10EE10","1109520","0x3C043F80","0x3C043F00","16","CODE","2","armes","oui"
"9","LEVEL_09","0x10EF10","1109776","0x3C043F80","0x3C043F00","16","CODE","2","armes","oui"
"9","LEVEL_09","0x11185C","1120348","0x3C0641F0","0x3C064270","16","CODE","2","armes","oui"
"9","LEVEL_09","0x111E30","1121840","0x3C053F80","0x3C053F00","16","CODE","2","armes","oui"
"9","LEVEL_09","0x115EDC","1138396","0x3C053F80","0x3C053F00","16","CODE","2","armes","oui"
"9","LEVEL_09","0x118A70","1149552","0x3C053F80","0x3C053F00","16","CODE","4","cassables/boulons","oui"
"9","LEVEL_09","0x1192C8","1151688","0x24040002","0x24040004","16","CODE","4","cassables/boulons","oui"
"9","LEVEL_09","0x120B00","1182464","0x3C04BF80","0x3C04BF00","16","CODE","2","armes","oui"
"9","LEVEL_09","0x121320","1184544","0x3C043F80","0x3C043F00","16","CODE","2","armes","oui"
"9","LEVEL_09","0x121394","1184660","0x3C043F80","0x3C043F00","16","CODE","2","armes","oui"
"9","LEVEL_09","0x121E88","1187464","0x3C04BF80","0x3C04BF00","16","CODE","2","armes","oui"
"9","LEVEL_09","0x130788","1247112","0x3C043F80","0x3C043F00","16","CODE","2","armes","oui"
"9","LEVEL_09","0x130A28","1247784","0x3C06BF80","0x3C06BF00","16","CODE","2","armes","oui"
"9","LEVEL_09","0x130B80","1248128","0x34040003","0x34040006","16","CODE","2","armes","oui"
"9","LEVEL_09","0x13E328","1303336","0x46146301","0x00000004","20","CODE+CAVE_JUMP","2","armes","oui"
"9","LEVEL_09","0x13E32C","1303340","0xE62C0008","0x00000000","16","CODE","2","armes","oui"
"9","LEVEL_09","0x15DB0C","1432332","0x3C04BF80","0x3C04BF00","16","CODE","2","armes","oui"
"9","LEVEL_09","0x15E4B4","1434804","0x3C053F80","0x3C053F00","16","CODE","2","armes","oui"
"9","LEVEL_09","0x1605A0","1443232","0x3C04BF80","0x3C04BF00","16","CODE","2","armes","oui"
"9","LEVEL_09","0x160958","1444184","0x3C043D08","0x3C043C88","16","CODE","2","armes","oui"
"9","LEVEL_09","0x1609A0","1444256","0x3C04BF80","0x3C04BF00","16","CODE","2","armes","oui"
"9","LEVEL_09","0x1633B0","1455024","0x46148B01","0x00000002","20","CODE+CAVE_JUMP","2","armes","oui"
"9","LEVEL_09","0x1633DC","1455068","0x46146301","0x00000003","20","CODE+CAVE_JUMP","2","armes","oui"
"9","LEVEL_09","0x1633E0","1455072","0x4616603C","0x00000000","16","CODE","2","armes","oui"
"9","LEVEL_09","0x16C9DC","1493468","0xC62C0010","0x00000005","20","CODE+CAVE_JUMP","2","armes","oui"
"9","LEVEL_09","0x16C9E0","1493472","0x46166301","0x00000000","16","CODE","2","armes","oui"
"9","LEVEL_09","0x170390","1508240","0x3C04BF80","0x3C04BF00","16","CODE","8","particules","oui"
"9","LEVEL_09","0x1704E4","1508580","0x3C04BF80","0x3C04BF00","16","CODE","8","particules","oui"
"9","LEVEL_09","0x171BB4","1514420","0x3C044000","0x3C043F80","16","CODE","1","socle","oui"
"9","LEVEL_09","0x186468","1598568","0xC6EC0008","0x00000006","20","CODE+CAVE_JUMP","2","armes","oui"
"9","LEVEL_09","0x18646C","1598572","0xC7CD0010","0x00000000","16","CODE","2","armes","oui"
"9","LEVEL_09","0x2B7088","2846856","0x42700000","0x42F00000","0","","2","armes","oui"
"9","LEVEL_09","0x2B708C","2846860","0x42700000","0x42F00000","0","","2","armes","oui"
"9","LEVEL_09","0x2B77A8","2848680","0x40000000","0x3F800000","0","","2","armes","oui"
"9","LEVEL_09","0x2B7C60","2849888","0x3C360B62","0x3BB60B62","0","","2","armes","oui"
"9","LEVEL_09","0x2B7C64","2849892","0x41880000","0x41080000","0","","8","particules","oui"
"9","LEVEL_09","0x2B7C6C","2849900","0x3DD67751","0x3D567751","0","","2","armes","oui"
"9","LEVEL_09","0x2B7C70","2849904","0x3E567751","0x3DD67751","0","","2","armes","oui"
"9","LEVEL_09","0x2B7C78","2849912","0x3DCCCCCD","0x3D4CCCCD","0","","2","armes","oui"
"9","LEVEL_09","0x2B7C7C","2849916","0x3E800000","0x3E000000","0","","2","armes","oui"
"9","LEVEL_09","0x2B8774","2852724","0x3C23D657","0x3BA3D6DE","1","CONTINUOUS","4","cassables/boulons","non (surveillance)"
"9","LEVEL_09","0x2B8778","2852728","0x3F7FFCB9","0x3F7FFF2E","1","CONTINUOUS","4","cassables/boulons","non (surveillance)"
"9","LEVEL_09","0x2B8780","2852736","0x3CF5B920","0x3C75C033","1","CONTINUOUS","4","cassables/boulons","non (surveillance)"
"9","LEVEL_09","0x2B8784","2852740","0x3F7FE283","0x3F7FF8A1","1","CONTINUOUS","4","cassables/boulons","non (surveillance)"
"9","LEVEL_09","0x2B878C","2852748","0x41700000","0x41F00000","0","","4","cassables/boulons","oui"
"9","LEVEL_09","0x2B8920","2853152","0x3D75C291","0x3CF5C28F","0","","4","cassables/boulons","oui"
"9","LEVEL_09","0x2B8928","2853160","0x3DF5C28F","0x3D7D9C85","0","","4","cassables/boulons","oui"
"9","LEVEL_09","0x2B8930","2853168","0x3C888889","0x3C088889","1","CONTINUOUS","4","cassables/boulons","non (surveillance)"
"9","LEVEL_09","0x2B8938","2853176","0x3DCC7578","0x3D4CB6F5","1","CONTINUOUS","4","cassables/boulons","non (surveillance)"
"9","LEVEL_09","0x2B893C","2853180","0x3F7EB898","0x3F7FAE19","1","CONTINUOUS","4","cassables/boulons","non (surveillance)"
"9","LEVEL_09","0x2BC4BC","2868412","0x41700000","0x41F00000","0","","2","armes","oui"
"9","LEVEL_09","0x2BC4C0","2868416","0x40C00000","0x41400000","0","","2","armes","oui"
"9","LEVEL_09","0x2BECE0","2878688","0x3BF2B9D6","0x3B72B9D6","0","","2","armes","oui"
"9","LEVEL_09","0x2BECE4","2878692","0x3C360B61","0x3BB60B61","0","","2","armes","oui"
"9","LEVEL_09","0x2BECE8","2878696","0x3C888889","0x3C088889","0","","2","armes","oui"
"9","LEVEL_09","0x2BECEC","2878700","0x3D088889","0x3C888889","0","","2","armes","oui"
"9","LEVEL_09","0x2BECF0","2878704","0x3D088889","0x3C888889","0","","2","armes","oui"
"9","LEVEL_09","0x2BECF4","2878708","0x3D088889","0x3C888889","0","","2","armes","oui"
"9","LEVEL_09","0x2BECF8","2878712","0x3D088889","0x3C888889","0","","2","armes","oui"
"9","LEVEL_09","0x2BECFC","2878716","0x3D088889","0x3C888889","0","","2","armes","oui"
"9","LEVEL_09","0x2C01C0","2884032","0x3EC19D7F","0x3E419D7F","0","","2","armes","oui"
"9","LEVEL_09","0x2C01C4","2884036","0x3EC19D7F","0x3E419D7F","0","","2","armes","oui"
"9","LEVEL_09","0x2C01C8","2884040","0x3F20D97C","0x3EA0D97C","0","","2","armes","oui"
"9","LEVEL_09","0x2C01CC","2884044","0x3F20D97C","0x3EA0D97C","0","","2","armes","oui"
"9","LEVEL_09","0x2C01D8","2884056","0x3F19999A","0x3E99999A","0","","2","armes","oui"
"9","LEVEL_09","0x2C0584","2884996","0x42F00000","0x43700000","0","","2","armes","oui"
"9","LEVEL_09","0x2C078C","2885516","0x40400000","0x3FC00000","0","","2","armes","oui"
"9","LEVEL_09","0x2C0790","2885520","0x40400000","0x3FC00000","0","","2","armes","oui"
"9","LEVEL_09","0x2C0794","2885524","0x40400000","0x3FC00000","0","","2","armes","oui"
"9","LEVEL_09","0x2C0798","2885528","0x40400000","0x3FC00000","0","","2","armes","oui"
"9","LEVEL_09","0x2C079C","2885532","0x40400000","0x3FC00000","0","","2","armes","oui"
"9","LEVEL_09","0x2C07A0","2885536","0x40400000","0x3FC00000","0","","2","armes","oui"
"9","LEVEL_09","0x2C07A4","2885540","0x40400000","0x3FC00000","0","","2","armes","oui"
"9","LEVEL_09","0x2C07C8","2885576","0x3DA0D97C","0x3D20D97C","0","","2","armes","oui"
"9","LEVEL_09","0x2C07CC","2885580","0x3DA0D97C","0x3D20D97C","0","","2","armes","oui"
"9","LEVEL_09","0x2C07D0","2885584","0x3E20D97C","0x3DA0D97C","0","","2","armes","oui"
"9","LEVEL_09","0x2C07D4","2885588","0x3E20D97C","0x3DA0D97C","0","","2","armes","oui"
"9","LEVEL_09","0x2C07D8","2885592","0x3E20D97C","0x3DA0D97C","0","","2","armes","oui"
"9","LEVEL_09","0x2C07DC","2885596","0x3E20D97C","0x3DA0D97C","0","","2","armes","oui"
"9","LEVEL_09","0x2C07E0","2885600","0x3E20D97C","0x3DA0D97C","0","","2","armes","oui"
"9","LEVEL_09","0x2C07E4","2885604","0x3E20D97C","0x3DA0D97C","0","","2","armes","oui"
"9","LEVEL_09","0x2C07EC","2885612","0x42700000","0x42F00000","0","","2","armes","oui"
"9","LEVEL_09","0x2C07F8","2885624","0x41700000","0x41F00000","0","","2","armes","oui"
"9","LEVEL_09","0x2C15D0","2889168","0x3E19999A","0x3D99999A","0","","2","armes","oui"
"9","LEVEL_09","0x2C1D58","2891096","0x3E75C28F","0x3DF5C28F","0","","1","socle","oui"
"9","LEVEL_09","0x2C2F8C","2895756","0x41F00000","0x42700000","0","","2","armes","oui"
"9","LEVEL_09","0x938B8","604344","0x0E4B933C","0x00000000","50","UNLOCK+CODE+OLD_JUMP","1","socle","oui"
"10","LEVEL_10","0x33B4","13236","0x3C043D08","0x3C043C88","16","CODE","1","socle","oui"
"10","LEVEL_10","0x33CC","13260","0x3C04BD08","0x3C04BC88","16","CODE","1","socle","oui"
"10","LEVEL_10","0x14958","84312","0x3C043D08","0x3C043C88","16","CODE","1","socle","oui"
"10","LEVEL_10","0x2824C","164428","0x27BDFFC0","0x00000007","20","CODE+CAVE_JUMP","4","cassables/boulons","oui"
"10","LEVEL_10","0x28250","164432","0xAFB00028","0x00000000","16","CODE","4","cassables/boulons","oui"
"10","LEVEL_10","0x282E4","164580","0x46107380","0x00000000","16","CODE","4","cassables/boulons","oui"
"10","LEVEL_10","0x2D6B8","186040","0x46166300","0x461C6300","16","CODE","4","cassables/boulons","oui"
"10","LEVEL_10","0x2D6D8","186072","0x46166301","0x461C6301","16","CODE","4","cassables/boulons","oui"
"10","LEVEL_10","0x2D870","186480","0x46166300","0x461C6300","16","CODE","4","cassables/boulons","oui"
"10","LEVEL_10","0x2E620","189984","0x46006506","0x460C6500","16","CODE","1","socle","oui"
"10","LEVEL_10","0x2E760","190304","0x2A240002","0x2A240001","16","CODE","1","socle","oui"
"10","LEVEL_10","0x4E248","320072","0x3C04BF80","0x3C04BF00","16","CODE","8","particules","oui"
"10","LEVEL_10","0x4E4B4","320692","0x3C05BF80","0x3C05BF00","16","CODE","8","particules","oui"
"10","LEVEL_10","0x4E884","321668","0x3C05BF80","0x3C05BF00","16","CODE","8","particules","oui"
"10","LEVEL_10","0x105820","1071136","0x460F6300","0x00000000","20","CODE+CAVE_JUMP","2","armes","oui"
"10","LEVEL_10","0x105824","1071140","0xE60C0030","0x00000000","16","CODE","2","armes","oui"
"10","LEVEL_10","0x107C3C","1080380","0x3C06BF80","0x3C06BF00","16","CODE","2","armes","oui"
"10","LEVEL_10","0x107C58","1080408","0x3C06BF80","0x3C06BF00","16","CODE","2","armes","oui"
"10","LEVEL_10","0x10C664","1099364","0x3C073F80","0x3C073F00","16","CODE","8","particules","oui"
"10","LEVEL_10","0x10E044","1105988","0x3C04BF80","0x3C04BF00","16","CODE","2","armes","oui"
"10","LEVEL_10","0x10E2AC","1106604","0x3C04BF80","0x3C04BF00","16","CODE","2","armes","oui"
"10","LEVEL_10","0x10EA30","1108528","0x3C05BF80","0x3C05BF00","16","CODE","2","armes","oui"
"10","LEVEL_10","0x10ECA4","1109156","0x460D6300","0x00000001","20","CODE+CAVE_JUMP","2","armes","oui"
"10","LEVEL_10","0x10ECA8","1109160","0xE62C0004","0x00000000","16","CODE","2","armes","oui"
"10","LEVEL_10","0x10FF00","1113856","0x3C063D08","0x3C063C88","16","CODE","2","armes","oui"
"10","LEVEL_10","0x112808","1124360","0x3C043F80","0x3C043F00","16","CODE","2","armes","oui"
"10","LEVEL_10","0x112908","1124616","0x3C043F80","0x3C043F00","16","CODE","2","armes","oui"
"10","LEVEL_10","0x11649C","1139868","0x3C0641F0","0x3C064270","16","CODE","2","armes","oui"
"10","LEVEL_10","0x116A70","1141360","0x3C053F80","0x3C053F00","16","CODE","2","armes","oui"
"10","LEVEL_10","0x11AB1C","1157916","0x3C053F80","0x3C053F00","16","CODE","2","armes","oui"
"10","LEVEL_10","0x11D6C8","1169096","0x3C053F80","0x3C053F00","16","CODE","4","cassables/boulons","oui"
"10","LEVEL_10","0x11DF20","1171232","0x24040002","0x24040004","16","CODE","4","cassables/boulons","oui"
"10","LEVEL_10","0x126CD8","1207512","0x3C04BF80","0x3C04BF00","16","CODE","2","armes","oui"
"10","LEVEL_10","0x1274F8","1209592","0x3C043F80","0x3C043F00","16","CODE","2","armes","oui"
"10","LEVEL_10","0x12756C","1209708","0x3C043F80","0x3C043F00","16","CODE","2","armes","oui"
"10","LEVEL_10","0x128060","1212512","0x3C04BF80","0x3C04BF00","16","CODE","2","armes","oui"
"10","LEVEL_10","0x139338","1282872","0x3C043F80","0x3C043F00","16","CODE","2","armes","oui"
"10","LEVEL_10","0x1395D8","1283544","0x3C06BF80","0x3C06BF00","16","CODE","2","armes","oui"
"10","LEVEL_10","0x139730","1283888","0x34040003","0x34040006","16","CODE","2","armes","oui"
"10","LEVEL_10","0x14A9AC","1354156","0x46146301","0x00000004","20","CODE+CAVE_JUMP","2","armes","oui"
"10","LEVEL_10","0x14A9B0","1354160","0xE62C0008","0x00000000","16","CODE","2","armes","oui"
"10","LEVEL_10","0x173158","1519960","0x3C04BF80","0x3C04BF00","16","CODE","2","armes","oui"
"10","LEVEL_10","0x173B00","1522432","0x3C053F80","0x3C053F00","16","CODE","2","armes","oui"
"10","LEVEL_10","0x179B10","1547024","0x3C04BF80","0x3C04BF00","16","CODE","2","armes","oui"
"10","LEVEL_10","0x179EC8","1547976","0x3C043D08","0x3C043C88","16","CODE","2","armes","oui"
"10","LEVEL_10","0x179F10","1548048","0x3C04BF80","0x3C04BF00","16","CODE","2","armes","oui"
"10","LEVEL_10","0x17C920","1558816","0x46148B01","0x00000002","20","CODE+CAVE_JUMP","2","armes","oui"
"10","LEVEL_10","0x17C94C","1558860","0x46146301","0x00000003","20","CODE+CAVE_JUMP","2","armes","oui"
"10","LEVEL_10","0x17C950","1558864","0x4616603C","0x00000000","16","CODE","2","armes","oui"
"10","LEVEL_10","0x1836DC","1586908","0xC62C0010","0x00000005","20","CODE+CAVE_JUMP","2","armes","oui"
"10","LEVEL_10","0x1836E0","1586912","0x46166301","0x00000000","16","CODE","2","armes","oui"
"10","LEVEL_10","0x187090","1601680","0x3C04BF80","0x3C04BF00","16","CODE","8","particules","oui"
"10","LEVEL_10","0x1871E4","1602020","0x3C04BF80","0x3C04BF00","16","CODE","8","particules","oui"
"10","LEVEL_10","0x1888B4","1607860","0x3C044000","0x3C043F80","16","CODE","1","socle","oui"
"10","LEVEL_10","0x1A1E20","1711648","0xC6EC0008","0x00000006","20","CODE+CAVE_JUMP","2","armes","oui"
"10","LEVEL_10","0x1A1E24","1711652","0xC7CD0010","0x00000000","16","CODE","2","armes","oui"
"10","LEVEL_10","0x2D4488","2966664","0x42700000","0x42F00000","0","","2","armes","oui"
"10","LEVEL_10","0x2D448C","2966668","0x42700000","0x42F00000","0","","2","armes","oui"
"10","LEVEL_10","0x2D4BA8","2968488","0x40000000","0x3F800000","0","","2","armes","oui"
"10","LEVEL_10","0x2D4FE8","2969576","0x3C360B62","0x3BB60B62","0","","2","armes","oui"
"10","LEVEL_10","0x2D4FEC","2969580","0x41880000","0x41080000","0","","8","particules","oui"
"10","LEVEL_10","0x2D4FF4","2969588","0x3DD67751","0x3D567751","0","","2","armes","oui"
"10","LEVEL_10","0x2D4FF8","2969592","0x3E567751","0x3DD67751","0","","2","armes","oui"
"10","LEVEL_10","0x2D5000","2969600","0x3DCCCCCD","0x3D4CCCCD","0","","2","armes","oui"
"10","LEVEL_10","0x2D5004","2969604","0x3E800000","0x3E000000","0","","2","armes","oui"
"10","LEVEL_10","0x2D5C94","2972820","0x3C23D657","0x3BA3D6DE","1","CONTINUOUS","4","cassables/boulons","non (surveillance)"
"10","LEVEL_10","0x2D5C98","2972824","0x3F7FFCB9","0x3F7FFF2E","1","CONTINUOUS","4","cassables/boulons","non (surveillance)"
"10","LEVEL_10","0x2D5CA0","2972832","0x3CF5B920","0x3C75C033","1","CONTINUOUS","4","cassables/boulons","non (surveillance)"
"10","LEVEL_10","0x2D5CA4","2972836","0x3F7FE283","0x3F7FF8A1","1","CONTINUOUS","4","cassables/boulons","non (surveillance)"
"10","LEVEL_10","0x2D5CAC","2972844","0x41700000","0x41F00000","0","","4","cassables/boulons","oui"
"10","LEVEL_10","0x2D5E40","2973248","0x3D75C291","0x3CF5C28F","0","","4","cassables/boulons","oui"
"10","LEVEL_10","0x2D5E48","2973256","0x3DF5C28F","0x3D7D9C85","0","","4","cassables/boulons","oui"
"10","LEVEL_10","0x2D5E50","2973264","0x3C888889","0x3C088889","1","CONTINUOUS","4","cassables/boulons","non (surveillance)"
"10","LEVEL_10","0x2D5E58","2973272","0x3DCC7578","0x3D4CB6F5","1","CONTINUOUS","4","cassables/boulons","non (surveillance)"
"10","LEVEL_10","0x2D5E5C","2973276","0x3F7EB898","0x3F7FAE19","1","CONTINUOUS","4","cassables/boulons","non (surveillance)"
"10","LEVEL_10","0x2DA18C","2990476","0x41700000","0x41F00000","0","","2","armes","oui"
"10","LEVEL_10","0x2DA190","2990480","0x40C00000","0x41400000","0","","2","armes","oui"
"10","LEVEL_10","0x2DC720","3000096","0x3BF2B9D6","0x3B72B9D6","0","","2","armes","oui"
"10","LEVEL_10","0x2DC724","3000100","0x3C360B61","0x3BB60B61","0","","2","armes","oui"
"10","LEVEL_10","0x2DC728","3000104","0x3C888889","0x3C088889","0","","2","armes","oui"
"10","LEVEL_10","0x2DC72C","3000108","0x3D088889","0x3C888889","0","","2","armes","oui"
"10","LEVEL_10","0x2DC730","3000112","0x3D088889","0x3C888889","0","","2","armes","oui"
"10","LEVEL_10","0x2DC734","3000116","0x3D088889","0x3C888889","0","","2","armes","oui"
"10","LEVEL_10","0x2DC738","3000120","0x3D088889","0x3C888889","0","","2","armes","oui"
"10","LEVEL_10","0x2DC73C","3000124","0x3D088889","0x3C888889","0","","2","armes","oui"
"10","LEVEL_10","0x2DE728","3008296","0x3EC19D7F","0x3E419D7F","0","","2","armes","oui"
"10","LEVEL_10","0x2DE72C","3008300","0x3EC19D7F","0x3E419D7F","0","","2","armes","oui"
"10","LEVEL_10","0x2DE730","3008304","0x3F20D97C","0x3EA0D97C","0","","2","armes","oui"
"10","LEVEL_10","0x2DE734","3008308","0x3F20D97C","0x3EA0D97C","0","","2","armes","oui"
"10","LEVEL_10","0x2DE740","3008320","0x3F19999A","0x3E99999A","0","","2","armes","oui"
"10","LEVEL_10","0x2DEF8C","3010444","0x42F00000","0x43700000","0","","2","armes","oui"
"10","LEVEL_10","0x2DF194","3010964","0x40400000","0x3FC00000","0","","2","armes","oui"
"10","LEVEL_10","0x2DF198","3010968","0x40400000","0x3FC00000","0","","2","armes","oui"
"10","LEVEL_10","0x2DF19C","3010972","0x40400000","0x3FC00000","0","","2","armes","oui"
"10","LEVEL_10","0x2DF1A0","3010976","0x40400000","0x3FC00000","0","","2","armes","oui"
"10","LEVEL_10","0x2DF1A4","3010980","0x40400000","0x3FC00000","0","","2","armes","oui"
"10","LEVEL_10","0x2DF1A8","3010984","0x40400000","0x3FC00000","0","","2","armes","oui"
"10","LEVEL_10","0x2DF1AC","3010988","0x40400000","0x3FC00000","0","","2","armes","oui"
"10","LEVEL_10","0x2DF1D0","3011024","0x3DA0D97C","0x3D20D97C","0","","2","armes","oui"
"10","LEVEL_10","0x2DF1D4","3011028","0x3DA0D97C","0x3D20D97C","0","","2","armes","oui"
"10","LEVEL_10","0x2DF1D8","3011032","0x3E20D97C","0x3DA0D97C","0","","2","armes","oui"
"10","LEVEL_10","0x2DF1DC","3011036","0x3E20D97C","0x3DA0D97C","0","","2","armes","oui"
"10","LEVEL_10","0x2DF1E0","3011040","0x3E20D97C","0x3DA0D97C","0","","2","armes","oui"
"10","LEVEL_10","0x2DF1E4","3011044","0x3E20D97C","0x3DA0D97C","0","","2","armes","oui"
"10","LEVEL_10","0x2DF1E8","3011048","0x3E20D97C","0x3DA0D97C","0","","2","armes","oui"
"10","LEVEL_10","0x2DF1EC","3011052","0x3E20D97C","0x3DA0D97C","0","","2","armes","oui"
"10","LEVEL_10","0x2DF1F4","3011060","0x42700000","0x42F00000","0","","2","armes","oui"
"10","LEVEL_10","0x2DF200","3011072","0x41700000","0x41F00000","0","","2","armes","oui"
"10","LEVEL_10","0x2DFBB8","3013560","0x3E19999A","0x3D99999A","0","","2","armes","oui"
"10","LEVEL_10","0x2E0340","3015488","0x3E75C28F","0x3DF5C28F","0","","1","socle","oui"
"10","LEVEL_10","0x2E1A3C","3021372","0x41F00000","0x42700000","0","","2","armes","oui"
"10","LEVEL_10","0x96F60","618336","0x0E4C05BE","0x00000000","50","UNLOCK+CODE+OLD_JUMP","1","socle","oui"
"15","LEVEL_15","0x3110","12560","0x3C043D08","0x3C043C88","16","CODE","1","socle","oui"
"15","LEVEL_15","0x3128","12584","0x3C04BD08","0x3C04BC88","16","CODE","1","socle","oui"
"15","LEVEL_15","0x11DF4","73204","0x3C043D08","0x3C043C88","16","CODE","1","socle","oui"
"15","LEVEL_15","0x2214C","139596","0x27BDFFC0","0x00000007","20","CODE+CAVE_JUMP","4","cassables/boulons","oui"
"15","LEVEL_15","0x22150","139600","0xAFB00028","0x00000000","16","CODE","4","cassables/boulons","oui"
"15","LEVEL_15","0x221E4","139748","0x46107380","0x00000000","16","CODE","4","cassables/boulons","oui"
"15","LEVEL_15","0x24CD4","150740","0x46166300","0x461C6300","16","CODE","4","cassables/boulons","oui"
"15","LEVEL_15","0x24CF4","150772","0x46166301","0x461C6301","16","CODE","4","cassables/boulons","oui"
"15","LEVEL_15","0x24E8C","151180","0x46166300","0x461C6300","16","CODE","4","cassables/boulons","oui"
"15","LEVEL_15","0x25C3C","154684","0x46006506","0x460C6500","16","CODE","1","socle","oui"
"15","LEVEL_15","0x25D7C","155004","0x2A240002","0x2A240001","16","CODE","1","socle","oui"
"15","LEVEL_15","0x41904","268548","0x3C04BF80","0x3C04BF00","16","CODE","8","particules","oui"
"15","LEVEL_15","0x41B70","269168","0x3C05BF80","0x3C05BF00","16","CODE","8","particules","oui"
"15","LEVEL_15","0x41F40","270144","0x3C05BF80","0x3C05BF00","16","CODE","8","particules","oui"
"15","LEVEL_15","0x7D380","512896","0x0E49A168","0x00000000","50","UNLOCK+CODE+OLD_JUMP","1","socle","oui"
"21","LEVEL_21","0x3110","12560","0x3C043D08","0x3C043C88","16","CODE","1","socle","oui"
"21","LEVEL_21","0x3128","12584","0x3C04BD08","0x3C04BC88","16","CODE","1","socle","oui"
"21","LEVEL_21","0x11DF4","73204","0x3C043D08","0x3C043C88","16","CODE","1","socle","oui"
"21","LEVEL_21","0x2214C","139596","0x27BDFFC0","0x00000007","20","CODE+CAVE_JUMP","4","cassables/boulons","oui"
"21","LEVEL_21","0x22150","139600","0xAFB00028","0x00000000","16","CODE","4","cassables/boulons","oui"
"21","LEVEL_21","0x221E4","139748","0x46107380","0x00000000","16","CODE","4","cassables/boulons","oui"
"21","LEVEL_21","0x24CD4","150740","0x46166300","0x461C6300","16","CODE","4","cassables/boulons","oui"
"21","LEVEL_21","0x24CF4","150772","0x46166301","0x461C6301","16","CODE","4","cassables/boulons","oui"
"21","LEVEL_21","0x24E8C","151180","0x46166300","0x461C6300","16","CODE","4","cassables/boulons","oui"
"21","LEVEL_21","0x25C3C","154684","0x46006506","0x460C6500","16","CODE","1","socle","oui"
"21","LEVEL_21","0x25D7C","155004","0x2A240002","0x2A240001","16","CODE","1","socle","oui"
"21","LEVEL_21","0x41904","268548","0x3C04BF80","0x3C04BF00","16","CODE","8","particules","oui"
"21","LEVEL_21","0x41B70","269168","0x3C05BF80","0x3C05BF00","16","CODE","8","particules","oui"
"21","LEVEL_21","0x41F40","270144","0x3C05BF80","0x3C05BF00","16","CODE","8","particules","oui"
"21","LEVEL_21","0x7D380","512896","0x0E49A168","0x00000000","50","UNLOCK+CODE+OLD_JUMP","1","socle","oui"
"22","LEVEL_22","0x33B8","13240","0x3C043D08","0x3C043C88","16","CODE","1","socle","oui"
"22","LEVEL_22","0x33D0","13264","0x3C04BD08","0x3C04BC88","16","CODE","1","socle","oui"
"22","LEVEL_22","0x1239C","74652","0x3C043D08","0x3C043C88","16","CODE","1","socle","oui"
"22","LEVEL_22","0x2318C","143756","0x27BDFFC0","0x00000007","20","CODE+CAVE_JUMP","4","cassables/boulons","oui"
"22","LEVEL_22","0x23190","143760","0xAFB00028","0x00000000","16","CODE","4","cassables/boulons","oui"
"22","LEVEL_22","0x23224","143908","0x46107380","0x00000000","16","CODE","4","cassables/boulons","oui"
"22","LEVEL_22","0x256EC","153324","0x46166300","0x461C6300","16","CODE","4","cassables/boulons","oui"
"22","LEVEL_22","0x2570C","153356","0x46166301","0x461C6301","16","CODE","4","cassables/boulons","oui"
"22","LEVEL_22","0x258A4","153764","0x46166300","0x461C6300","16","CODE","4","cassables/boulons","oui"
"22","LEVEL_22","0x26654","157268","0x46006506","0x460C6500","16","CODE","1","socle","oui"
"22","LEVEL_22","0x26794","157588","0x2A240002","0x2A240001","16","CODE","1","socle","oui"
"22","LEVEL_22","0x45788","284552","0x3C04BF80","0x3C04BF00","16","CODE","8","particules","oui"
"22","LEVEL_22","0x459F4","285172","0x3C05BF80","0x3C05BF00","16","CODE","8","particules","oui"
"22","LEVEL_22","0x45DC4","286148","0x3C05BF80","0x3C05BF00","16","CODE","8","particules","oui"
"22","LEVEL_22","0xF701C","1011740","0x3C0641F0","0x3C064270","16","CODE","2","armes","oui"
"22","LEVEL_22","0xF75F0","1013232","0x3C053F80","0x3C053F00","16","CODE","2","armes","oui"
"22","LEVEL_22","0x87F18","556824","0x0E49B8DC","0x00000000","50","UNLOCK+CODE+OLD_JUMP","1","socle","oui"
"23","LEVEL_23","0x362C","13868","0x3C043D08","0x3C043C88","16","CODE","1","socle","oui"
"23","LEVEL_23","0x3644","13892","0x3C04BD08","0x3C04BC88","16","CODE","1","socle","oui"
"23","LEVEL_23","0x13E70","81520","0x3C043D08","0x3C043C88","16","CODE","1","socle","oui"
"23","LEVEL_23","0x25ECC","155340","0x27BDFFC0","0x00000007","20","CODE+CAVE_JUMP","4","cassables/boulons","oui"
"23","LEVEL_23","0x25ED0","155344","0xAFB00028","0x00000000","16","CODE","4","cassables/boulons","oui"
"23","LEVEL_23","0x25F64","155492","0x46107380","0x00000000","16","CODE","4","cassables/boulons","oui"
"23","LEVEL_23","0x2842C","164908","0x46166300","0x461C6300","16","CODE","4","cassables/boulons","oui"
"23","LEVEL_23","0x2844C","164940","0x46166301","0x461C6301","16","CODE","4","cassables/boulons","oui"
"23","LEVEL_23","0x285E4","165348","0x46166300","0x461C6300","16","CODE","4","cassables/boulons","oui"
"23","LEVEL_23","0x29394","168852","0x46006506","0x460C6500","16","CODE","1","socle","oui"
"23","LEVEL_23","0x294D4","169172","0x2A240002","0x2A240001","16","CODE","1","socle","oui"
"23","LEVEL_23","0x489CC","297420","0x3C04BF80","0x3C04BF00","16","CODE","8","particules","oui"
"23","LEVEL_23","0x48C38","298040","0x3C05BF80","0x3C05BF00","16","CODE","8","particules","oui"
"23","LEVEL_23","0x49008","299016","0x3C05BF80","0x3C05BF00","16","CODE","8","particules","oui"
"23","LEVEL_23","0xFB2F8","1028856","0x460F6300","0x00000000","20","CODE+CAVE_JUMP","2","armes","oui"
"23","LEVEL_23","0xFB2FC","1028860","0xE60C0030","0x00000000","16","CODE","2","armes","oui"
"23","LEVEL_23","0xFD64C","1037900","0x3C06BF80","0x3C06BF00","16","CODE","2","armes","oui"
"23","LEVEL_23","0xFD668","1037928","0x3C06BF80","0x3C06BF00","16","CODE","2","armes","oui"
"23","LEVEL_23","0x102074","1056884","0x3C073F80","0x3C073F00","16","CODE","8","particules","oui"
"23","LEVEL_23","0x103A54","1063508","0x3C04BF80","0x3C04BF00","16","CODE","2","armes","oui"
"23","LEVEL_23","0x103CBC","1064124","0x3C04BF80","0x3C04BF00","16","CODE","2","armes","oui"
"23","LEVEL_23","0x104440","1066048","0x3C05BF80","0x3C05BF00","16","CODE","2","armes","oui"
"23","LEVEL_23","0x1046B4","1066676","0x460D6300","0x00000001","20","CODE+CAVE_JUMP","2","armes","oui"
"23","LEVEL_23","0x1046B8","1066680","0xE62C0004","0x00000000","16","CODE","2","armes","oui"
"23","LEVEL_23","0x105910","1071376","0x3C063D08","0x3C063C88","16","CODE","2","armes","oui"
"23","LEVEL_23","0x11838C","1147788","0x3C043F80","0x3C043F00","16","CODE","2","armes","oui"
"23","LEVEL_23","0x11848C","1148044","0x3C043F80","0x3C043F00","16","CODE","2","armes","oui"
"23","LEVEL_23","0x11ADD8","1158616","0x3C0641F0","0x3C064270","16","CODE","2","armes","oui"
"23","LEVEL_23","0x11B3AC","1160108","0x3C053F80","0x3C053F00","16","CODE","2","armes","oui"
"23","LEVEL_23","0x11F458","1176664","0x3C053F80","0x3C053F00","16","CODE","2","armes","oui"
"23","LEVEL_23","0x12341C","1192988","0x3C04BF80","0x3C04BF00","16","CODE","2","armes","oui"
"23","LEVEL_23","0x123C3C","1195068","0x3C043F80","0x3C043F00","16","CODE","2","armes","oui"
"23","LEVEL_23","0x123CB0","1195184","0x3C043F80","0x3C043F00","16","CODE","2","armes","oui"
"23","LEVEL_23","0x1247A4","1197988","0x3C04BF80","0x3C04BF00","16","CODE","2","armes","oui"
"23","LEVEL_23","0x12BFA4","1228708","0x3C043F80","0x3C043F00","16","CODE","2","armes","oui"
"23","LEVEL_23","0x12C244","1229380","0x3C06BF80","0x3C06BF00","16","CODE","2","armes","oui"
"23","LEVEL_23","0x12C39C","1229724","0x34040003","0x34040006","16","CODE","2","armes","oui"
"23","LEVEL_23","0x136F40","1273664","0x46146301","0x00000004","20","CODE+CAVE_JUMP","2","armes","oui"
"23","LEVEL_23","0x136F44","1273668","0xE62C0008","0x00000000","16","CODE","2","armes","oui"
"23","LEVEL_23","0x14D144","1364292","0x3C04BF80","0x3C04BF00","16","CODE","2","armes","oui"
"23","LEVEL_23","0x14DAEC","1366764","0x3C053F80","0x3C053F00","16","CODE","2","armes","oui"
"23","LEVEL_23","0x14F970","1374576","0x3C04BF80","0x3C04BF00","16","CODE","2","armes","oui"
"23","LEVEL_23","0x14FD28","1375528","0x3C043D08","0x3C043C88","16","CODE","2","armes","oui"
"23","LEVEL_23","0x14FD70","1375600","0x3C04BF80","0x3C04BF00","16","CODE","2","armes","oui"
"23","LEVEL_23","0x152780","1386368","0x46148B01","0x00000002","20","CODE+CAVE_JUMP","2","armes","oui"
"23","LEVEL_23","0x1527AC","1386412","0x46146301","0x00000003","20","CODE+CAVE_JUMP","2","armes","oui"
"23","LEVEL_23","0x1527B0","1386416","0x4616603C","0x00000000","16","CODE","2","armes","oui"
"23","LEVEL_23","0x15C894","1427604","0xC62C0010","0x00000005","20","CODE+CAVE_JUMP","2","armes","oui"
"23","LEVEL_23","0x15C898","1427608","0x46166301","0x00000000","16","CODE","2","armes","oui"
"23","LEVEL_23","0x160A18","1444376","0x3C044000","0x3C043F80","16","CODE","1","socle","oui"
"23","LEVEL_23","0x16F26C","1503852","0xC6EC0008","0x00000006","20","CODE+CAVE_JUMP","2","armes","oui"
"23","LEVEL_23","0x16F270","1503856","0xC7CD0010","0x00000000","16","CODE","2","armes","oui"
"23","LEVEL_23","0x29FD78","2751864","0x42700000","0x42F00000","0","","2","armes","oui"
"23","LEVEL_23","0x29FD7C","2751868","0x42700000","0x42F00000","0","","2","armes","oui"
"23","LEVEL_23","0x2A0498","2753688","0x40000000","0x3F800000","0","","2","armes","oui"
"23","LEVEL_23","0x2A1BF0","2759664","0x3C360B62","0x3BB60B62","0","","2","armes","oui"
"23","LEVEL_23","0x2A1BF4","2759668","0x41880000","0x41080000","0","","8","particules","oui"
"23","LEVEL_23","0x2A1BFC","2759676","0x3DD67751","0x3D567751","0","","2","armes","oui"
"23","LEVEL_23","0x2A1C00","2759680","0x3E567751","0x3DD67751","0","","2","armes","oui"
"23","LEVEL_23","0x2A1C08","2759688","0x3DCCCCCD","0x3D4CCCCD","0","","2","armes","oui"
"23","LEVEL_23","0x2A1C0C","2759692","0x3E800000","0x3E000000","0","","2","armes","oui"
"23","LEVEL_23","0x2A433C","2769724","0x41700000","0x41F00000","0","","2","armes","oui"
"23","LEVEL_23","0x2A4340","2769728","0x40C00000","0x41400000","0","","2","armes","oui"
"23","LEVEL_23","0x2A5CA8","2776232","0x3BF2B9D6","0x3B72B9D6","0","","2","armes","oui"
"23","LEVEL_23","0x2A5CAC","2776236","0x3C360B61","0x3BB60B61","0","","2","armes","oui"
"23","LEVEL_23","0x2A5CB0","2776240","0x3C888889","0x3C088889","0","","2","armes","oui"
"23","LEVEL_23","0x2A5CB4","2776244","0x3D088889","0x3C888889","0","","2","armes","oui"
"23","LEVEL_23","0x2A5CB8","2776248","0x3D088889","0x3C888889","0","","2","armes","oui"
"23","LEVEL_23","0x2A5CBC","2776252","0x3D088889","0x3C888889","0","","2","armes","oui"
"23","LEVEL_23","0x2A5CC0","2776256","0x3D088889","0x3C888889","0","","2","armes","oui"
"23","LEVEL_23","0x2A5CC4","2776260","0x3D088889","0x3C888889","0","","2","armes","oui"
"23","LEVEL_23","0x2A6E38","2780728","0x3EC19D7F","0x3E419D7F","0","","2","armes","oui"
"23","LEVEL_23","0x2A6E3C","2780732","0x3EC19D7F","0x3E419D7F","0","","2","armes","oui"
"23","LEVEL_23","0x2A6E40","2780736","0x3F20D97C","0x3EA0D97C","0","","2","armes","oui"
"23","LEVEL_23","0x2A6E44","2780740","0x3F20D97C","0x3EA0D97C","0","","2","armes","oui"
"23","LEVEL_23","0x2A6E50","2780752","0x3F19999A","0x3E99999A","0","","2","armes","oui"
"23","LEVEL_23","0x2A70DC","2781404","0x42F00000","0x43700000","0","","2","armes","oui"
"23","LEVEL_23","0x2A72E4","2781924","0x40400000","0x3FC00000","0","","2","armes","oui"
"23","LEVEL_23","0x2A72E8","2781928","0x40400000","0x3FC00000","0","","2","armes","oui"
"23","LEVEL_23","0x2A72EC","2781932","0x40400000","0x3FC00000","0","","2","armes","oui"
"23","LEVEL_23","0x2A72F0","2781936","0x40400000","0x3FC00000","0","","2","armes","oui"
"23","LEVEL_23","0x2A72F4","2781940","0x40400000","0x3FC00000","0","","2","armes","oui"
"23","LEVEL_23","0x2A72F8","2781944","0x40400000","0x3FC00000","0","","2","armes","oui"
"23","LEVEL_23","0x2A72FC","2781948","0x40400000","0x3FC00000","0","","2","armes","oui"
"23","LEVEL_23","0x2A7320","2781984","0x3DA0D97C","0x3D20D97C","0","","2","armes","oui"
"23","LEVEL_23","0x2A7324","2781988","0x3DA0D97C","0x3D20D97C","0","","2","armes","oui"
"23","LEVEL_23","0x2A7328","2781992","0x3E20D97C","0x3DA0D97C","0","","2","armes","oui"
"23","LEVEL_23","0x2A732C","2781996","0x3E20D97C","0x3DA0D97C","0","","2","armes","oui"
"23","LEVEL_23","0x2A7330","2782000","0x3E20D97C","0x3DA0D97C","0","","2","armes","oui"
"23","LEVEL_23","0x2A7334","2782004","0x3E20D97C","0x3DA0D97C","0","","2","armes","oui"
"23","LEVEL_23","0x2A7338","2782008","0x3E20D97C","0x3DA0D97C","0","","2","armes","oui"
"23","LEVEL_23","0x2A733C","2782012","0x3E20D97C","0x3DA0D97C","0","","2","armes","oui"
"23","LEVEL_23","0x2A7344","2782020","0x42700000","0x42F00000","0","","2","armes","oui"
"23","LEVEL_23","0x2A7350","2782032","0x41700000","0x41F00000","0","","2","armes","oui"
"23","LEVEL_23","0x2A7D58","2784600","0x3E19999A","0x3D99999A","0","","2","armes","oui"
"23","LEVEL_23","0x2A8208","2785800","0x3E75C28F","0x3DF5C28F","0","","1","socle","oui"
"23","LEVEL_23","0x2A9084","2789508","0x41F00000","0x42700000","0","","2","armes","oui"
"23","LEVEL_23","0x8D720","579360","0x0E4B3AEC","0x00000000","50","UNLOCK+CODE+OLD_JUMP","1","socle","oui"
"24","LEVEL_24","0x340C","13324","0x3C043D08","0x3C043C88","16","CODE","1","socle","oui"
"24","LEVEL_24","0x3424","13348","0x3C04BD08","0x3C04BC88","16","CODE","1","socle","oui"
"24","LEVEL_24","0x138C4","80068","0x3C043D08","0x3C043C88","16","CODE","1","socle","oui"
"24","LEVEL_24","0x258D4","153812","0x27BDFFC0","0x00000007","20","CODE+CAVE_JUMP","4","cassables/boulons","oui"
"24","LEVEL_24","0x258D8","153816","0xAFB00028","0x00000000","16","CODE","4","cassables/boulons","oui"
"24","LEVEL_24","0x2596C","153964","0x46107380","0x00000000","16","CODE","4","cassables/boulons","oui"
"24","LEVEL_24","0x27FDC","163804","0x46166300","0x461C6300","16","CODE","4","cassables/boulons","oui"
"24","LEVEL_24","0x27FFC","163836","0x46166301","0x461C6301","16","CODE","4","cassables/boulons","oui"
"24","LEVEL_24","0x28194","164244","0x46166300","0x461C6300","16","CODE","4","cassables/boulons","oui"
"24","LEVEL_24","0x28F44","167748","0x46006506","0x460C6500","16","CODE","1","socle","oui"
"24","LEVEL_24","0x29084","168068","0x2A240002","0x2A240001","16","CODE","1","socle","oui"
"24","LEVEL_24","0x48C60","298080","0x3C04BF80","0x3C04BF00","16","CODE","8","particules","oui"
"24","LEVEL_24","0x48ECC","298700","0x3C05BF80","0x3C05BF00","16","CODE","8","particules","oui"
"24","LEVEL_24","0x4929C","299676","0x3C05BF80","0x3C05BF00","16","CODE","8","particules","oui"
"24","LEVEL_24","0xFDB1C","1039132","0x460F6300","0x00000000","20","CODE+CAVE_JUMP","2","armes","oui"
"24","LEVEL_24","0xFDB20","1039136","0xE60C0030","0x00000000","16","CODE","2","armes","oui"
"24","LEVEL_24","0xFFF38","1048376","0x3C06BF80","0x3C06BF00","16","CODE","2","armes","oui"
"24","LEVEL_24","0xFFF54","1048404","0x3C06BF80","0x3C06BF00","16","CODE","2","armes","oui"
"24","LEVEL_24","0x104960","1067360","0x3C073F80","0x3C073F00","16","CODE","8","particules","oui"
"24","LEVEL_24","0x106340","1073984","0x3C04BF80","0x3C04BF00","16","CODE","2","armes","oui"
"24","LEVEL_24","0x1065A8","1074600","0x3C04BF80","0x3C04BF00","16","CODE","2","armes","oui"
"24","LEVEL_24","0x106D2C","1076524","0x3C05BF80","0x3C05BF00","16","CODE","2","armes","oui"
"24","LEVEL_24","0x106FA0","1077152","0x460D6300","0x00000001","20","CODE+CAVE_JUMP","2","armes","oui"
"24","LEVEL_24","0x106FA4","1077156","0xE62C0004","0x00000000","16","CODE","2","armes","oui"
"24","LEVEL_24","0x1081FC","1081852","0x3C063D08","0x3C063C88","16","CODE","2","armes","oui"
"24","LEVEL_24","0x10B980","1096064","0x3C043F80","0x3C043F00","16","CODE","2","armes","oui"
"24","LEVEL_24","0x10BA80","1096320","0x3C043F80","0x3C043F00","16","CODE","2","armes","oui"
"24","LEVEL_24","0x10E9FC","1108476","0x3C0641F0","0x3C064270","16","CODE","2","armes","oui"
"24","LEVEL_24","0x10EFD0","1109968","0x3C053F80","0x3C053F00","16","CODE","2","armes","oui"
"24","LEVEL_24","0x11307C","1126524","0x3C053F80","0x3C053F00","16","CODE","2","armes","oui"
"24","LEVEL_24","0x115C10","1137680","0x3C053F80","0x3C053F00","16","CODE","4","cassables/boulons","oui"
"24","LEVEL_24","0x116468","1139816","0x24040002","0x24040004","16","CODE","4","cassables/boulons","oui"
"24","LEVEL_24","0x11B000","1159168","0x3C04BF80","0x3C04BF00","16","CODE","2","armes","oui"
"24","LEVEL_24","0x11B820","1161248","0x3C043F80","0x3C043F00","16","CODE","2","armes","oui"
"24","LEVEL_24","0x11B894","1161364","0x3C043F80","0x3C043F00","16","CODE","2","armes","oui"
"24","LEVEL_24","0x11C388","1164168","0x3C04BF80","0x3C04BF00","16","CODE","2","armes","oui"
"24","LEVEL_24","0x123D84","1195396","0x3C043F80","0x3C043F00","16","CODE","2","armes","oui"
"24","LEVEL_24","0x124024","1196068","0x3C06BF80","0x3C06BF00","16","CODE","2","armes","oui"
"24","LEVEL_24","0x12417C","1196412","0x34040003","0x34040006","16","CODE","2","armes","oui"
"24","LEVEL_24","0x1302F0","1245936","0x46146301","0x00000004","20","CODE+CAVE_JUMP","2","armes","oui"
"24","LEVEL_24","0x1302F4","1245940","0xE62C0008","0x00000000","16","CODE","2","armes","oui"
"24","LEVEL_24","0x149334","1348404","0x3C04BF80","0x3C04BF00","16","CODE","2","armes","oui"
"24","LEVEL_24","0x149CDC","1350876","0x3C053F80","0x3C053F00","16","CODE","2","armes","oui"
"24","LEVEL_24","0x14B9E4","1358308","0x3C04BF80","0x3C04BF00","16","CODE","2","armes","oui"
"24","LEVEL_24","0x14BD9C","1359260","0x3C043D08","0x3C043C88","16","CODE","2","armes","oui"
"24","LEVEL_24","0x14BDE4","1359332","0x3C04BF80","0x3C04BF00","16","CODE","2","armes","oui"
"24","LEVEL_24","0x14E7F4","1370100","0x46148B01","0x00000002","20","CODE+CAVE_JUMP","2","armes","oui"
"24","LEVEL_24","0x14E820","1370144","0x46146301","0x00000003","20","CODE+CAVE_JUMP","2","armes","oui"
"24","LEVEL_24","0x14E824","1370148","0x4616603C","0x00000000","16","CODE","2","armes","oui"
"24","LEVEL_24","0x1541F0","1393136","0xC62C0010","0x00000005","20","CODE+CAVE_JUMP","2","armes","oui"
"24","LEVEL_24","0x1541F4","1393140","0x46166301","0x00000000","16","CODE","2","armes","oui"
"24","LEVEL_24","0x16E3AC","1500076","0xC6EC0008","0x00000006","20","CODE+CAVE_JUMP","2","armes","oui"
"24","LEVEL_24","0x16E3B0","1500080","0xC7CD0010","0x00000000","16","CODE","2","armes","oui"
"24","LEVEL_24","0x29C570","2737520","0x42700000","0x42F00000","0","","2","armes","oui"
"24","LEVEL_24","0x29C574","2737524","0x42700000","0x42F00000","0","","2","armes","oui"
"24","LEVEL_24","0x29CC90","2739344","0x40000000","0x3F800000","0","","2","armes","oui"
"24","LEVEL_24","0x29D4B8","2741432","0x3C360B62","0x3BB60B62","0","","2","armes","oui"
"24","LEVEL_24","0x29D4BC","2741436","0x41880000","0x41080000","0","","8","particules","oui"
"24","LEVEL_24","0x29D4C4","2741444","0x3DD67751","0x3D567751","0","","2","armes","oui"
"24","LEVEL_24","0x29D4C8","2741448","0x3E567751","0x3DD67751","0","","2","armes","oui"
"24","LEVEL_24","0x29D4D0","2741456","0x3DCCCCCD","0x3D4CCCCD","0","","2","armes","oui"
"24","LEVEL_24","0x29D4D4","2741460","0x3E800000","0x3E000000","0","","2","armes","oui"
"24","LEVEL_24","0x29E0BC","2744508","0x3C23D657","0x3BA3D6DE","1","CONTINUOUS","4","cassables/boulons","non (surveillance)"
"24","LEVEL_24","0x29E0C0","2744512","0x3F7FFCB9","0x3F7FFF2E","1","CONTINUOUS","4","cassables/boulons","non (surveillance)"
"24","LEVEL_24","0x29E0C8","2744520","0x3CF5B920","0x3C75C033","1","CONTINUOUS","4","cassables/boulons","non (surveillance)"
"24","LEVEL_24","0x29E0CC","2744524","0x3F7FE283","0x3F7FF8A1","1","CONTINUOUS","4","cassables/boulons","non (surveillance)"
"24","LEVEL_24","0x29E0D4","2744532","0x41700000","0x41F00000","0","","4","cassables/boulons","oui"
"24","LEVEL_24","0x29E268","2744936","0x3D75C291","0x3CF5C28F","0","","4","cassables/boulons","oui"
"24","LEVEL_24","0x29E270","2744944","0x3DF5C28F","0x3D7D9C85","0","","4","cassables/boulons","oui"
"24","LEVEL_24","0x29E278","2744952","0x3C888889","0x3C088889","1","CONTINUOUS","4","cassables/boulons","non (surveillance)"
"24","LEVEL_24","0x29E280","2744960","0x3DCC7578","0x3D4CB6F5","1","CONTINUOUS","4","cassables/boulons","non (surveillance)"
"24","LEVEL_24","0x29E284","2744964","0x3F7EB898","0x3F7FAE19","1","CONTINUOUS","4","cassables/boulons","non (surveillance)"
"24","LEVEL_24","0x2A04BC","2753724","0x41700000","0x41F00000","0","","2","armes","oui"
"24","LEVEL_24","0x2A04C0","2753728","0x40C00000","0x41400000","0","","2","armes","oui"
"24","LEVEL_24","0x2A2468","2761832","0x3BF2B9D6","0x3B72B9D6","0","","2","armes","oui"
"24","LEVEL_24","0x2A246C","2761836","0x3C360B61","0x3BB60B61","0","","2","armes","oui"
"24","LEVEL_24","0x2A2470","2761840","0x3C888889","0x3C088889","0","","2","armes","oui"
"24","LEVEL_24","0x2A2474","2761844","0x3D088889","0x3C888889","0","","2","armes","oui"
"24","LEVEL_24","0x2A2478","2761848","0x3D088889","0x3C888889","0","","2","armes","oui"
"24","LEVEL_24","0x2A247C","2761852","0x3D088889","0x3C888889","0","","2","armes","oui"
"24","LEVEL_24","0x2A2480","2761856","0x3D088889","0x3C888889","0","","2","armes","oui"
"24","LEVEL_24","0x2A2484","2761860","0x3D088889","0x3C888889","0","","2","armes","oui"
"24","LEVEL_24","0x2A3560","2766176","0x3EC19D7F","0x3E419D7F","0","","2","armes","oui"
"24","LEVEL_24","0x2A3564","2766180","0x3EC19D7F","0x3E419D7F","0","","2","armes","oui"
"24","LEVEL_24","0x2A3568","2766184","0x3F20D97C","0x3EA0D97C","0","","2","armes","oui"
"24","LEVEL_24","0x2A356C","2766188","0x3F20D97C","0x3EA0D97C","0","","2","armes","oui"
"24","LEVEL_24","0x2A3578","2766200","0x3F19999A","0x3E99999A","0","","2","armes","oui"
"24","LEVEL_24","0x2A375C","2766684","0x42F00000","0x43700000","0","","2","armes","oui"
"24","LEVEL_24","0x2A3964","2767204","0x40400000","0x3FC00000","0","","2","armes","oui"
"24","LEVEL_24","0x2A3968","2767208","0x40400000","0x3FC00000","0","","2","armes","oui"
"24","LEVEL_24","0x2A396C","2767212","0x40400000","0x3FC00000","0","","2","armes","oui"
"24","LEVEL_24","0x2A3970","2767216","0x40400000","0x3FC00000","0","","2","armes","oui"
"24","LEVEL_24","0x2A3974","2767220","0x40400000","0x3FC00000","0","","2","armes","oui"
"24","LEVEL_24","0x2A3978","2767224","0x40400000","0x3FC00000","0","","2","armes","oui"
"24","LEVEL_24","0x2A397C","2767228","0x40400000","0x3FC00000","0","","2","armes","oui"
"24","LEVEL_24","0x2A39A0","2767264","0x3DA0D97C","0x3D20D97C","0","","2","armes","oui"
"24","LEVEL_24","0x2A39A4","2767268","0x3DA0D97C","0x3D20D97C","0","","2","armes","oui"
"24","LEVEL_24","0x2A39A8","2767272","0x3E20D97C","0x3DA0D97C","0","","2","armes","oui"
"24","LEVEL_24","0x2A39AC","2767276","0x3E20D97C","0x3DA0D97C","0","","2","armes","oui"
"24","LEVEL_24","0x2A39B0","2767280","0x3E20D97C","0x3DA0D97C","0","","2","armes","oui"
"24","LEVEL_24","0x2A39B4","2767284","0x3E20D97C","0x3DA0D97C","0","","2","armes","oui"
"24","LEVEL_24","0x2A39B8","2767288","0x3E20D97C","0x3DA0D97C","0","","2","armes","oui"
"24","LEVEL_24","0x2A39BC","2767292","0x3E20D97C","0x3DA0D97C","0","","2","armes","oui"
"24","LEVEL_24","0x2A39C4","2767300","0x42700000","0x42F00000","0","","2","armes","oui"
"24","LEVEL_24","0x2A39D0","2767312","0x41700000","0x41F00000","0","","2","armes","oui"
"24","LEVEL_24","0x2A4010","2768912","0x3E19999A","0x3D99999A","0","","2","armes","oui"
"24","LEVEL_24","0x2A5D24","2776356","0x41F00000","0x42700000","0","","2","armes","oui"
"24","LEVEL_24","0x8FE1C","589340","0x0E4B2E17","0x00000000","50","UNLOCK+CODE+OLD_JUMP","1","socle","oui"
