module_key,module_index,level,descriptor_rva,descriptor_runtime,object_name,callback_count,callback_rvas,callback_runtime_addresses,pvar_schema
LEVEL_01,1,Pokitaru,0x002CCC90,0x09406990,Acidbomb,3,0x00106BBC; 0x00106BCC; 0x00107534,0x092408BC; 0x092408CC; 0x09241234,
LEVEL_01,1,Pokitaru,0x002CCD18,0x09406A18,AcidbombEpoxy,3,0x00108978; 0x00108980; 0x00108A08,0x09242678; 0x09242680; 0x09242708,
LEVEL_01,1,Pokitaru,0x002CCD78,0x09406A78,AcidGloveHUD,3,0x00108F10; 0x00108F18; 0x00108F20,0x09242C10; 0x09242C18; 0x09242C20,
LEVEL_01,1,Pokitaru,0x002CCDD8,0x09406AD8,AgentController,3,0x00108F28; 0x00109018; 0x001091D0,0x09242C28; 0x09242D18; 0x09242ED0,
LEVEL_01,1,Pokitaru,0x002CD12C,0x09406E2C,AgentOfDoom,4,0x00109820; 0x001098FC; 0x001099BC; 0x00109CDC,0x09243520; 0x092435FC; 0x092436BC; 0x092439DC,
LEVEL_01,1,Pokitaru,0x002CD20C,0x09406F0C,AgentOfDoomShrapnel,3,0x0010E3F4; 0x0010E3FC; 0x0010E404,0x092480F4; 0x092480FC; 0x09248104,
LEVEL_01,1,Pokitaru,0x002CD348,0x09407048,AgentsBomb,3,0x0010E704; 0x0010E70C; 0x0010E714,0x09248404; 0x0924840C; 0x09248414,
LEVEL_01,1,Pokitaru,0x002CD3E0,0x094070E0,AgentsGlove,3,0x0010FCA0; 0x0010FD2C; 0x0010FD58,0x092499A0; 0x09249A2C; 0x09249A58,
LEVEL_01,1,Pokitaru,0x002CD48C,0x0940718C,AgentsGrenade,3,0x00110228; 0x00110318; 0x001107CC,0x09249F28; 0x0924A018; 0x0924A4CC,
LEVEL_01,1,Pokitaru,0x002CD534,0x09407234,AgentsLaser,3,0x00110D48; 0x00111050; 0x00111104,0x0924AA48; 0x0924AD50; 0x0924AE04,
LEVEL_01,1,Pokitaru,0x002CD628,0x09407328,AgentsRocket,3,0x00111B10; 0x00111BD4; 0x00111C54,0x0924B810; 0x0924B8D4; 0x0924B954,
LEVEL_01,1,Pokitaru,0x002CD6C0,0x094073C0,ArmorHelmet,3,0x0011253C; 0x00112544; 0x0011254C,0x0924C23C; 0x0924C244; 0x0924C24C,
LEVEL_01,1,Pokitaru,0x002CD720,0x09407420,ArmorLeftFoot,3,0x00112554; 0x0011255C; 0x00112564,0x0924C254; 0x0924C25C; 0x0924C264,
LEVEL_01,1,Pokitaru,0x002CD790,0x09407490,ArmorLeftHand,3,0x0011256C; 0x00112574; 0x0011257C,0x0924C26C; 0x0924C274; 0x0924C27C,u32 pad[ 4 ];
LEVEL_01,1,Pokitaru,0x002CD8C0,0x094075C0,ArmorPickup,3,0x001128F0; 0x001125A0; 0x00112DF4,0x0924C5F0; 0x0924C2A0; 0x0924CAF4,f32 dist; f32 height; f32 lookHeight; f32 elevation; f32 azimuth; MobyLink driver; MobyLink playerMatrix; u32 playthroughReq; Toggle magnaboots; u8 pad[ 15 ];
LEVEL_01,1,Pokitaru,0x002CD938,0x09407638,ArmorRightFoot,3,0x00113330; 0x00113338; 0x00113340,0x0924D030; 0x0924D038; 0x0924D040,
LEVEL_01,1,Pokitaru,0x002CD9A8,0x094076A8,ArmorRightHand,3,0x00113348; 0x00113350; 0x00113358,0x0924D048; 0x0924D050; 0x0924D058,u32 pad[ 4 ];
LEVEL_01,1,Pokitaru,0x002CDA08,0x09407708,ArmorTorso,3,0x00113360; 0x00113368; 0x00113370,0x0924D060; 0x0924D068; 0x0924D070,
LEVEL_01,1,Pokitaru,0x002CDAEC,0x094077EC,BeeMine,4,0x00113A10; 0x00113A20; 0x00113E00; 0x00113AF8,0x0924D710; 0x0924D720; 0x0924DB00; 0x0924D7F8,
LEVEL_01,1,Pokitaru,0x002CDBB8,0x094078B8,BeeMineGlove,3,0x001157DC; 0x00115964; 0x00115990,0x0924F4DC; 0x0924F664; 0x0924F690,
LEVEL_01,1,Pokitaru,0x002CDC18,0x09407918,BeeMineGloveHUD,3,0x00115FB0; 0x00115FB8; 0x00115FC0,0x0924FCB0; 0x0924FCB8; 0x0924FCC0,
LEVEL_01,1,Pokitaru,0x002CDCE4,0x094079E4,BeeMineShrapnel,3,0x001162F8; 0x00116300; 0x00116308,0x0924FFF8; 0x09250000; 0x09250008,
LEVEL_01,1,Pokitaru,0x002CDDD4,0x09407AD4,Blaster,3,0x00116380; 0x001164DC; 0x00116A00,0x09250080; 0x092501DC; 0x09250700,
LEVEL_01,1,Pokitaru,0x002CDE40,0x09407B40,BlasterAkimbo,3,0x001179E0; 0x00117A64; 0x00117A94,0x092516E0; 0x09251764; 0x09251794,
LEVEL_01,1,Pokitaru,0x002CDEB4,0x09407BB4,BlasterShot,3,0x00117D64; 0x00117D8C; 0x00118130,0x09251A64; 0x09251A8C; 0x09251E30,
LEVEL_01,1,Pokitaru,0x002CE314,0x09408014,BlitzGun,3,0x00119FFC; 0x0011A158; 0x0011A5B0,0x09253CFC; 0x09253E58; 0x092542B0,
LEVEL_01,1,Pokitaru,0x002CE4A4,0x094081A4,BlitzGunShot,3,0x0011C044; 0x0011C04C; 0x0011C1E8,0x09255D44; 0x09255D4C; 0x09255EE8,
LEVEL_01,1,Pokitaru,0x002CE508,0x09408208,Bolt,2,0x0011CCF8; 0x0011CD00,0x092569F8; 0x09256A00,
LEVEL_01,1,Pokitaru,0x002CE7FC,0x094084FC,BoltController,3,0x00120268; 0x0012049C; 0x001204C0,0x09259F68; 0x0925A19C; 0x0925A1C0,u32 boltAmnt; u32 boltAmountReplay; u32 pad[ 2 ];
LEVEL_01,1,Pokitaru,0x002CE88C,0x0940858C,BoltCrankBolt,3,0x0012085C; 0x00120A78; 0x00120A80,0x0925A55C; 0x0925A778; 0x0925A780,
LEVEL_01,1,Pokitaru,0x002CE978,0x09408678,BoltCrankCam,3,0x00120F70; 0x00120FAC; 0x00120FB4,0x0925AC70; 0x0925ACAC; 0x0925ACB4,MobyLink boltCrank; f32 dist; f32 height; f32 lookHeight; f32 elevation; f32 azimuth; f32 camBlend; f32 pad;
LEVEL_01,1,Pokitaru,0x002CE9D8,0x094086D8,BoltGrabber,3,0x00121254; 0x0012125C; 0x00121264,0x0925AF54; 0x0925AF5C; 0x0925AF64,
LEVEL_01,1,Pokitaru,0x002CEA9C,0x0940879C,Bombglove,3,0x0012126C; 0x00121344; 0x001217F4,0x0925AF6C; 0x0925B044; 0x0925B4F4,
LEVEL_01,1,Pokitaru,0x002CEB00,0x09408800,BoxBreaker,3,0x00121D64; 0x00121D6C; 0x00121D74,0x0925BA64; 0x0925BA6C; 0x0925BA74,
LEVEL_01,1,Pokitaru,0x002CEB60,0x09408860,BoxBreakerHelp,3,0x00121E00; 0x00121E08; 0x00121E10,0x0925BB00; 0x0925BB08; 0x0925BB10,
LEVEL_01,1,Pokitaru,0x002CEBC0,0x094088C0,BreakableObject,4,0x00121E5C; 0x0012204C; 0x00122080; 0x00122088,0x0925BB5C; 0x0925BD4C; 0x0925BD80; 0x0925BD88,
LEVEL_01,1,Pokitaru,0x002CED2C,0x09408A2C,Butterfly,3,0x001220C8; 0x001223B4; 0x00122820,0x0925BDC8; 0x0925C0B4; 0x0925C520,VEC4 localRotVel; VEC4 localDir; VEC4 localPos; VEC4 localDest; VEC3 globalRotVel; CurveLink path; f32 speed; Particle *pLeftWing; Particle *pRightWing; f32 angleSpeed; f32 localAccel; f32 localSpeed; f32 targetSpeed; u16 localPointTimer; u8 curvePoint; u8 pad[ 1 ];
LEVEL_01,1,Pokitaru,0x002CEEEC,0x09408BEC,ChameleonDecoy,4,0x00123228; 0x00123230; 0x00123248; 0x001232D0,0x0925CF28; 0x0925CF30; 0x0925CF48; 0x0925CFD0,
LEVEL_01,1,Pokitaru,0x002CEF60,0x09408C60,ClankForShipAnim,3,0x00123384; 0x0012338C; 0x00123394,0x0925D084; 0x0925D08C; 0x0925D094,u32 pad[ 4 ];
LEVEL_01,1,Pokitaru,0x002CEFC0,0x09408CC0,ClankPack,3,0x0012339C; 0x001233CC; 0x001233D4,0x0925D09C; 0x0925D0CC; 0x0925D0D4,
LEVEL_01,1,Pokitaru,0x002CF054,0x09408D54,ConditionalStartLocation,3,0x001233F8; 0x0012341C; 0x00123424,0x0925D0F8; 0x0925D11C; 0x0925D124,u32 fromLevelId; u32 levelBeenSeenId; u32 pad[ 2 ];
LEVEL_01,1,Pokitaru,0x002CF0E4,0x09408DE4,ContinuePoint,3,0x001234A4; 0x001234C8; 0x001234D0,0x0925D1A4; 0x0925D1C8; 0x0925D1D0,TriggerLink activateTrigger; u8 index;
LEVEL_01,1,Pokitaru,0x002CF184,0x09408E84,CowBell,3,0x001239A0; 0x001239A8; 0x001239B0,0x0925D6A0; 0x0925D6A8; 0x0925D6B0,
LEVEL_01,1,Pokitaru,0x002CF444,0x09409144,Crab,4,0x00123AE8; 0x00124114; 0x00126F28; 0x001241E8,0x0925D7E8; 0x0925DE14; 0x09260C28; 0x0925DEE8,Navigate navigateBehavior; TriggerLink detectArea; TriggerLink startPathTrigger; MobyLink objController; MobyLink enemyController; CurveLink initCurve; MobyLink enemyWave; f32 scale; TriggerLink noDetectArea; Toggle pathNotice; u8 pad[ 3 ];
LEVEL_01,1,Pokitaru,0x002CF574,0x09409274,CrabObjectController,3,0x00127C7C; 0x00127CF0; 0x00127F18,0x0926197C; 0x092619F0; 0x09261C18,TieLink examineObjs[ 8 ]; VEC4 velocities [ 8 ]; VEC4 rotationAxes[ 8 ]; f32 stopRollingThresh[ 8 ]; u8 flags[ 8 ]; u32 examineObjCount; u32 pad[ 1 ];
LEVEL_01,1,Pokitaru,0x002CF790,0x09409490,CrabShrapnel,3,0x001281B8; 0x001281C0; 0x001281C8,0x09261EB8; 0x09261EC0; 0x09261EC8,
LEVEL_01,1,Pokitaru,0x002CF8B4,0x094095B4,CrankedObject,3,0x001287E4; 0x00128668; 0x00128C20,0x092624E4; 0x09262368; 0x09262920,MobyLink boltCrank; f32 moveAmount; f32 speed; f32 accel; GDE_Sound *pSoundRaised; GDE_Sound *pSoundRaising; GDE_Sound *pSoundDropped; SND_Positional *pSoundRaisingPos; MobyLink boltCrank2;
LEVEL_01,1,Pokitaru,0x002CFBE4,0x094098E4,Crate,4,0x00129468; 0x00129470; 0x00129558; 0x00129478,0x09263168; 0x09263170; 0x09263258; 0x09263178,Moby *pCrateBelow; f32 velocityY; f32 fallDistance; f32 distFallen;
LEVEL_01,1,Pokitaru,0x002CFD24,0x09409A24,CrateAmmo,4,0x00129638; 0x00129660; 0x00129668; 0x00129670,0x09263338; 0x09263360; 0x09263368; 0x09263370,Moby *pCrateBelow; f32 velocityY; f32 fallDistance; f32 distFallen; Toggle major; Toggle minor; u8 noAmmoType1; u8 noAmmoType2; u8 onlyAmmoType; Toggle validIM; Toggle validDM; Toggle validCTF; u8 pad[8];
LEVEL_01,1,Pokitaru,0x002CFD88,0x09409A88,CrateChunk,2,0x00129D34; 0x00129D3C,0x09263A34; 0x09263A3C,
LEVEL_01,1,Pokitaru,0x002CFF88,0x09409C88,CrateChunkController,2,0x0012A398; 0x0012A3A0,0x09264098; 0x092640A0,
LEVEL_01,1,Pokitaru,0x002D00A0,0x09409DA0,CrateHealth,2,0x0012A5D0; 0x0012A66C,0x092642D0; 0x0926436C,Moby *pCrateBelow; f32 velocityY; f32 fallDistance; f32 distFallen; Moby *pPowerup; Toggle validIM; Toggle validDM; Toggle validCTF; u8 pad[9];
LEVEL_01,1,Pokitaru,0x002D06A4,0x0940A3A4,CrossbowGun,3,0x0012AF88; 0x0012B074; 0x0012B254,0x09264C88; 0x09264D74; 0x09264F54,
LEVEL_01,1,Pokitaru,0x002D0884,0x0940A584,CrossbowShot,3,0x0012B8A4; 0x0012B8AC; 0x0012CDEC,0x092655A4; 0x092655AC; 0x09266AEC,
LEVEL_01,1,Pokitaru,0x002D09A0,0x0940A6A0,CrystalGroundShard,3,0x0012DCE0; 0x0012DF24; 0x0012E168,0x092679E0; 0x09267C24; 0x09267E68,
LEVEL_01,1,Pokitaru,0x002D0A10,0x0940A710,DesignTest,3,0x0012E888; 0x0012E890; 0x0012E898,0x09268588; 0x09268590; 0x09268598,u32 pad[4];
LEVEL_01,1,Pokitaru,0x002D0C34,0x0940A934,DropshipB,4,0x0012F490; 0x0012E8FC; 0x0012F850; 0x0012E904,0x09269190; 0x092685FC; 0x09269550; 0x09268604,Moby *pEnemiesInShip[ 8 ]; Moby_OnDropshipSpawnCB *pSpawnCBs[ 8 ]; VEC4 idealForward; VEC4 curForward; VEC4 curUp; VEC4 pathPoint; VEC4 gunPos; VEC4 rEnginePos; f32 speed; f32 actualSpeed; f32 deltaSpeed; f32 beamSize; CurveLink path; CurveLink spawnPoints; TriggerLink enterTrigger; u8 pathPointIndex; u8 beamFadeMode; u8 inShipCount; u8 spawnCount; SND_Positional *pEngineSound; u32 pad[ 3 ];
LEVEL_01,1,Pokitaru,0x002D0CDC,0x0940A9DC,DropshipLaser,3,0x0013057C; 0x0013058C; 0x001305D8,0x0926A27C; 0x0926A28C; 0x0926A2D8,VEC4 targetPos; Particle* pPart;
LEVEL_01,1,Pokitaru,0x002D0D40,0x0940AA40,DualBlasterHUD,3,0x001307A0; 0x001307A8; 0x001307B0,0x0926A4A0; 0x0926A4A8; 0x0926A4B0,
LEVEL_01,1,Pokitaru,0x002D0DDC,0x0940AADC,electricXplo,3,0x00131250; 0x00130FA4; 0x00130FAC,0x0926AF50; 0x0926ACA4; 0x0926ACAC,f32 lengths[24]; VEC3 normals[18]; f32 timer; s32 scroll;
LEVEL_01,1,Pokitaru,0x002D0FB0,0x0940ACB0,ElectroBall,3,0x00132B38; 0x00132BA8; 0x00132BEC,0x0926C838; 0x0926C8A8; 0x0926C8EC,
LEVEL_01,1,Pokitaru,0x002D10BC,0x0940ADBC,ElectroshockWave,3,0x00133830; 0x00133838; 0x00134310,0x0926D530; 0x0926D538; 0x0926E010,
LEVEL_01,1,Pokitaru,0x002D119C,0x0940AE9C,EndMovie,3,0x001346A0; 0x001347E4; 0x001347EC,0x0926E3A0; 0x0926E4E4; 0x0926E4EC,TriggerLink trigger; u32 level; u32 grantedLevel; TriggerLink queueTrigger; Toggle dontReplay; u8 pad[15];
LEVEL_01,1,Pokitaru,0x002D1308,0x0940B008,EnemyController,3,0x001349C8; 0x00134BD4; 0x00134FCC,0x0926E6C8; 0x0926E8D4; 0x0926ECCC,TriggerLink updateArea; TriggerLink updateArea2; TriggerLink destroyTrigger; f32 firstWaveDist; f32 secondWaveDist; Toggle envColl; u8 attackingMax; Toggle destroyControllerToo; u8 pad[ 9 ];
LEVEL_01,1,Pokitaru,0x002D1474,0x0940B174,EnemyWave,3,0x001379E0; 0x00137A98; 0x00137D9C,0x092716E0; 0x09271798; 0x09271A9C,MobyLink destroyedMoby; TriggerLink trigger; MobyLink previousWave; f32 timer; f32 delayRandMax; MobyLink enemyControllerToCheck; u8 mobyToCheckState; Toggle prevWaveDestroyed; u8 enemyInControllerCount; u8 pad[ 9 ];
LEVEL_01,1,Pokitaru,0x002D1644,0x0940B344,ExplosiveBee,3,0x00138260; 0x00138308; 0x001391B0,0x09271F60; 0x09272008; 0x09272EB0,
LEVEL_01,1,Pokitaru,0x002D1914,0x0940B614,Fire,3,0x0013A2A8; 0x0013A41C; 0x0013A51C,0x09273FA8; 0x0927411C; 0x0927421C,TriggerLink activeArea; TriggerLink damageArea; f32 damage; Toggle sound; u8 pad[ 3 ];
LEVEL_01,1,Pokitaru,0x002D1A58,0x0940B758,Flamethrower,3,0x0013A964; 0x0013AAE0; 0x0013B8F0,0x09274664; 0x092747E0; 0x092755F0,
LEVEL_01,1,Pokitaru,0x002D1D48,0x0940BA48,FlyingCarLightweightDirectional,3,0x0013DF30; 0x0013E124; 0x0013E12C,0x09277C30; 0x09277E24; 0x09277E2C,f32 speed; f32 distance; f32 fadeDist; u8 pad8a; u8 reverse; u8 lanes; u8 pad8; f32 spawnXMod; f32 spawnYMod; VEC3 posVariAmp; VEC3 posVariRate; f32 scale; u32 numShips; f32 spawnRate; Toggle DistantShip1; Toggle DistantShip2; Toggle DistantShip3; Toggle PODCopter; Toggle ShuttleCruiser; Toggle Dragonfly; Toggle pad[15] ;
LEVEL_01,1,Pokitaru,0x002D1F70,0x0940BC70,FlyingCarLightweightOrbit,3,0x0013EFEC; 0x0013F1C8; 0x0013F1D0,0x09278CEC; 0x09278EC8; 0x09278ED0,f32 speed; f32 radius; f32 fadeDist; u8 pad8a; u8 spawnRadiusMod; u8 reverse; u8 lanes; f32 spawnYMod; VEC3 posVariAmp; VEC3 posVariRate; u32 numShips; f32 spawnRate; f32 scale; f32 startAngle; f32 endAngle; Toggle DistantShip1; Toggle DistantShip2; Toggle DistantShip3; Toggle PODCopter; Toggle ShuttleCruiser; Toggle pad[11] ;
LEVEL_01,1,Pokitaru,0x002D2174,0x0940BE74,FlyingCarLightweightPathed,3,0x00140C40; 0x001401A0; 0x001401A8,0x0927A940; 0x09279EA0; 0x09279EA8,CurveLink path; f32 speed; f32 fadeDist; u8 loop; u8 reverse; u8 lanes; u8 rotSmooth; f32 spawnXMod; f32 spawnYMod; VEC3 posVariAmp; VEC3 posVariRate; f32 spawnRate; f32 scale; u32 numShips; Toggle DistantShip1; Toggle DistantShip2; Toggle DistantShip3; Toggle PODCopter; Toggle ShuttleCruiser; Toggle pad[15] ;
LEVEL_01,1,Pokitaru,0x002D2324,0x0940C024,FogMoby,3,0x0014115C; 0x001411FC; 0x00141204,0x0927AE5C; 0x0927AEFC; 0x0927AF04,TriggerLink region; f32 Side1FogStart; f32 Side1FogEnd; u8 Side1Red; u8 Side1Green; u8 Side1Blue; u8 padAlpha1; f32 Side2FogStart; f32 Side2FogEnd; u8 Side2Red; u8 Side2Green; u8 Side2Blue; u8 padAlpha2; u32 pad[ 1 ];
LEVEL_01,1,Pokitaru,0x002D23EC,0x0940C0EC,GlowCard,3,0x00141754; 0x00141874; 0x0014187C,0x0927B454; 0x0927B574; 0x0927B57C,u8 red; u8 green; u8 blue; u8 alpha; f32 size; f32 zOffset; CurveLink points;
LEVEL_01,1,Pokitaru,0x002D2460,0x0940C160,GravityCrystal,3,0x001422A0; 0x001424B8; 0x00142E30,0x0927BFA0; 0x0927C1B8; 0x0927CB30,
LEVEL_01,1,Pokitaru,0x002D2704,0x0940C404,HeadShrapnel,3,0x0014322C; 0x00143240; 0x00143248,0x0927CF2C; 0x0927CF40; 0x0927CF48,
LEVEL_01,1,Pokitaru,0x002D2774,0x0940C474,Helipack,3,0x00143840; 0x00143848; 0x00143850,0x0927D540; 0x0927D548; 0x0927D550,
LEVEL_01,1,Pokitaru,0x002D283C,0x0940C53C,HutDoor,3,0x001439F4; 0x00143DC0; 0x00143FEC,0x0927D6F4; 0x0927DAC0; 0x0927DCEC,MobyLink mobysToCheck[ 10 ]; TriggerLink trigger; MobyLink enemyController; f32 radius; u32 pad[3];
LEVEL_01,1,Pokitaru,0x002D2A24,0x0940C724,Hypershot,3,0x00144830; 0x001448CC; 0x00144954,0x0927E530; 0x0927E5CC; 0x0927E654,
LEVEL_01,1,Pokitaru,0x002D2B0C,0x0940C80C,InitialCamera,3,0x00144AE4; 0x00144BE0; 0x00144BE8,0x0927E7E4; 0x0927E8E0; 0x0927E8E8,f32 dist; f32 height; f32 lookHeight; f32 elevation; f32 azimuth; Toggle dontCreateNextLevelSeen; u8 pressed; u8 pad[ 10 ];
LEVEL_01,1,Pokitaru,0x002D2B90,0x0940C890,IntroMovie,3,0x00144D10; 0x00144DCC; 0x00144DD4,0x0927EA10; 0x0927EACC; 0x0927EAD4,u32 fromLevel; u32 pad[ 3 ];
LEVEL_01,1,Pokitaru,0x002D414C,0x0940DE4C,LaserTracer,3,0x00148A70; 0x00148B64; 0x00148CEC,0x09282770; 0x09282864; 0x092829EC,
LEVEL_01,1,Pokitaru,0x002D4304,0x0940E004,Level01Boat,3,0x0014E554; 0x0014E4F8; 0x0014EB68,0x09288254; 0x092881F8; 0x09288868,MobyLink mobysToCheck[ 8 ]; CurveLink path; TriggerLink avoidTrigger; MobyLink cameraTarget[ 2 ]; TriggerLink goBackTrigger; u8 numInGroup[ 2 ]; u8 pad[ 10 ];
LEVEL_01,1,Pokitaru,0x002D4440,0x0940E140,Level01Cutscene01,3,0x0014FF6C; 0x00150388; 0x001503AC,0x09289C6C; 0x0928A088; 0x0928A0AC,ShrubLink buildingShrubs[ 16 ]; TieLink buildingTies[ 5 ]; TriggerLink firstTrigger; TriggerLink secondTrigger; TieLink shackBase; MobyLink enemyWaveToSpawn; MobyLink postSceneMusic; u32 pad[ 2 ];
LEVEL_01,1,Pokitaru,0x002D4504,0x0940E204,Level01DoorTarget,3,0x00150608; 0x00150808; 0x0015083C,0x0928A308; 0x0928A508; 0x0928A53C,MobyLink target; f32 moveAmount; f32 speed; f32 accel;
LEVEL_01,1,Pokitaru,0x002D468C,0x0940E38C,Level01HelpManager,3,0x00150AB4; 0x00150EF0; 0x00150EF8,0x0928A7B4; 0x0928ABF0; 0x0928ABF8,TriggerLink highJumpArea; MobyLink boltCrank; TriggerLink longJumpArea; TriggerLink gateArea; TriggerLink bombArea; TriggerLink magnabootsArea; TriggerLink ziplineArea; MobyLink doorTarget; TriggerLink startStrafeArea; TriggerLink strafeOptionsArea; u32 pad[ 2 ];
LEVEL_01,1,Pokitaru,0x002D4754,0x0940E454,Level01OceanSound,3,0x001514D8; 0x00151610; 0x00151654,0x0928B1D8; 0x0928B310; 0x0928B354,TriggerLink playTriggers[ 4 ]; TriggerLink noPlayTriggers[ 4 ];
LEVEL_01,1,Pokitaru,0x002D47DC,0x0940E4DC,Level01SkyController,3,0x00151950; 0x001519A0; 0x001519A8,0x0928B650; 0x0928B6A0; 0x0928B6A8,f32 rotSp; f32 rot; u32 pad[2];
LEVEL_01,1,Pokitaru,0x002D48B8,0x0940E5B8,Level01Waterfall,3,0x00151AB4; 0x00151BEC; 0x00151D78,0x0928B7B4; 0x0928B8EC; 0x0928BA78,TriggerLink effectArea; TriggerLink effectArea2; u32 pad[ 2 ];
LEVEL_01,1,Pokitaru,0x002D4BA4,0x0940E8A4,LevelMusic,2,0x001521EC; 0x001522CC,0x0928BEEC; 0x0928BFCC,u32 songNumber; TriggerLink trigger; s32 continuePointMin; s32 continuePointMax; s32 levelNumber; u8 priority; u8 pad[ 7 ];
LEVEL_01,1,Pokitaru,0x002D4C38,0x0940E938,LevelSettings,3,0x0015298C; 0x00152994; 0x0015299C,0x0928C68C; 0x0928C694; 0x0928C69C,u32 breakableBoltTotal; u32 pad[3];
LEVEL_01,1,Pokitaru,0x002D4CC4,0x0940E9C4,LunaCamera,3,0x001529A4; 0x001529E8; 0x001529F0,0x0928C6A4; 0x0928C6E8; 0x0928C6F0,
LEVEL_01,1,Pokitaru,0x002D4D6C,0x0940EA6C,LunaCutscene,3,0x00152D10; 0x00152E98; 0x00152EA0,0x0928CA10; 0x0928CB98; 0x0928CBA0,CurveLink curve; MobyLink enemyWave; u32 pad[ 2 ];
LEVEL_01,1,Pokitaru,0x002D4F34,0x0940EC34,LunaNPC,4,0x00152F84; 0x0015346C; 0x00154294; 0x001534C0,0x0928CC84; 0x0928D16C; 0x0928DF94; 0x0928D1C0,NavBound navBound; u32 pad; TriggerLink moveTriggers[ 11 ]; MobyLink enemyControllers[ 11 ]; CurveLink waitPoints; MobyLink cutscene; MobyLink targetMobys[ 12 ];
LEVEL_01,1,Pokitaru,0x002D4FEC,0x0940ECEC,LunaPhotoTarget,3,0x00155C1C; 0x00155CDC; 0x00155CE4,0x0928F91C; 0x0928F9DC; 0x0928F9E4,TriggerLink photoArea; TriggerLink turnToFaceArea; u32 pad[ 2 ];
LEVEL_01,1,Pokitaru,0x002D51B4,0x0940EEB4,Lvl3Elevator,3,0x001562DC; 0x00155DCC; 0x00156710,0x0928FFDC; 0x0928FACC; 0x09290410,CurveLink path; f32 moveTime; f32 progress; f32 progInc; f32 waitTime; f32 radius; SND_Positional *pMoveSound; f32 heightDiff; Toggle oneWay; Toggle direction; Toggle waitForHero; Toggle waitForActivate; Toggle matchHero; Toggle checkCrush; Toggle useButton; u8 pad[9];
LEVEL_01,1,Pokitaru,0x002D5228,0x0940EF28,MapOMaticGadget,3,0x00157090; 0x00157098; 0x001570A0,0x09290D90; 0x09290D98; 0x09290DA0,
LEVEL_01,1,Pokitaru,0x002D5288,0x0940EF88,MatrixMoby,3,0x001570A8; 0x001570B0; 0x001570B8,0x09290DA8; 0x09290DB0; 0x09290DB8,
LEVEL_01,1,Pokitaru,0x002D532C,0x0940F02C,MobyGroup,3,0x001570C0; 0x00157158; 0x00157160,0x09290DC0; 0x09290E58; 0x09290E60,MobyLink mobysToCheck[ 8 ]; u8 destroyed; u8 count; u8 pad[ 14 ];
LEVEL_01,1,Pokitaru,0x002D5434,0x0940F134,MobyIce,3,0x00157A80; 0x00157A98; 0x0015841C,0x09291780; 0x09291798; 0x0929211C,
LEVEL_01,1,Pokitaru,0x002D5734,0x0940F434,Mootator,3,0x00158FC4; 0x00159214; 0x0015A364,0x09292CC4; 0x09292F14; 0x09294064,
LEVEL_01,1,Pokitaru,0x002D57C8,0x0940F4C8,MutantCow,4,0x0015A8CC; 0x0015AA50; 0x0015AF7C; 0x001996F8,0x092945CC; 0x09294750; 0x09294C7C; 0x092D33F8,
LEVEL_01,1,Pokitaru,0x002D5998,0x0940F698,MutantMadCow,4,0x0015BADC; 0x0015BC44; 0x0015C060; 0x001996F8,0x092957DC; 0x09295944; 0x09295D60; 0x092D33F8,
LEVEL_01,1,Pokitaru,0x002D5A60,0x0940F760,NapalmBubble,3,0x0015CCD0; 0x0015CCD8; 0x0015CCE0,0x092969D0; 0x092969D8; 0x092969E0,
LEVEL_01,1,Pokitaru,0x002D5B74,0x0940F874,PathAnimal,4,0x0015D764; 0x0015DC0C; 0x0015DD3C; 0x0015DC40,0x09297464; 0x0929790C; 0x09297A3C; 0x09297940,CurveLink path; f32 speed; u32 pad[ 2 ];
LEVEL_01,1,Pokitaru,0x002D5BE8,0x0940F8E8,PDA,3,0x0015E370; 0x0015E378; 0x0015E380,0x09298070; 0x09298078; 0x09298080,
LEVEL_01,1,Pokitaru,0x002D5CF4,0x0940F9F4,Polarizer,3,0x0015E3B4; 0x0015E570; 0x0015F058,0x092980B4; 0x09298270; 0x09298D58,
LEVEL_01,1,Pokitaru,0x002D5E44,0x0940FB44,PowerupAmmo,3,0x0015FFC8; 0x00160094; 0x0016009C,0x09299CC8; 0x09299D94; 0x09299D9C,VEC4 velocity; f32 fallDistance; f32 fadeAmnt; u8 ammoType; u8 ammoAmnt; u32 priority; u8 gain; u8 needSync;
LEVEL_01,1,Pokitaru,0x002D5FA0,0x0940FCA0,PowerupHealth,3,0x0016153C; 0x0016158C; 0x001615C8,0x0929B23C; 0x0929B28C; 0x0929B2C8,Particle *pTrail[8]; Particle *pGlowParticle; Particle *pGlowParticle2; Particle *pSphereParticle; Particle *pSphereParticle2; Moby *pParent; VEC4 velocity; f32 bobCount; f32 goToTimer; f32 deathTimer; f32 fallDistance;
LEVEL_01,1,Pokitaru,0x002D6128,0x0940FE28,Ratchet,4,0x00162F70; 0x00162FB0; 0x00162FB8; 0x00162FC0,0x0929CC70; 0x0929CCB0; 0x0929CCB8; 0x0929CCC0,
LEVEL_01,1,Pokitaru,0x002D6264,0x0940FF64,RatchetDecoyInner,4,0x00163EB8; 0x00163EC0; 0x00164C30; 0x00163F80,0x0929DBB8; 0x0929DBC0; 0x0929E930; 0x0929DC80,
LEVEL_01,1,Pokitaru,0x002D62D8,0x0940FFD8,RatchetDecoyOuter,3,0x00165140; 0x0016517C; 0x00165184,0x0929EE40; 0x0929EE7C; 0x0929EE84,
LEVEL_01,1,Pokitaru,0x002D6338,0x09410038,RatchetShip,3,0x001651A0; 0x00165390; 0x001653F4,0x0929EEA0; 0x0929F090; 0x0929F0F4,
LEVEL_01,1,Pokitaru,0x002D6660,0x09410360,RatchetShipAnimation,3,0x00165E9C; 0x001656E4; 0x00166438,0x0929FB9C; 0x0929F3E4; 0x092A0138,CurveLink introShipPosCurve; CurveLink introCameraPosCurve; CurveLink outroShipPosCurve; CurveLink outroCameraPosCurve; MobyLink ship; f32 shipSpeedInit; f32 cameraSpeedInit; f32 shipRollAmount; VEC3 shipRotDamping; f32 shipRollAmountHover; VEC3 shipRotDampingHover; f32 cameraRollAmount; VEC3 cameraRotDamping; f32 hoverTime; f32 hoverPause; f32 shipSpeedChange; f32 cameraSpeedChange; VEC3 hoverPosDamping; f32 tiltFactor; f32 tiltInterpSpeed; f32 tiltReturnFactor; f32 tiltVelDamp; f32 tiltGroundThresh; f32 tiltLmaxi; f32 tiltRmaxi; f32 tiltFmaxi; f32 tiltBmaxi; VEC3 ratchetEndOffset; VEC3 cameraInAnimOffset; f32 cameraInAnimLookYOfs; VEC3 cameraOutAnimOffset; f32 cameraOutAnimLookYOfs; f32 pa
LEVEL_01,1,Pokitaru,0x002D695C,0x0941065C,Region,3,0x001683A0; 0x0016849C; 0x001684A4,0x092A20A0; 0x092A219C; 0x092A21A4,Toggle groups[32]; TriggerLink zone; u32 pad[ 3 ];
LEVEL_01,1,Pokitaru,0x002D6B00,0x09410800,Ryno,3,0x001684AC; 0x00168588; 0x00168C28,0x092A21AC; 0x092A2288; 0x092A2928,
LEVEL_01,1,Pokitaru,0x002D6BDC,0x094108DC,RynoRocket,3,0x0016962C; 0x00169648; 0x00169698,0x092A332C; 0x092A3348; 0x092A3398,
LEVEL_01,1,Pokitaru,0x002D6DAC,0x09410AAC,SetCamera,3,0x0016A554; 0x0016A668; 0x0016A670,0x092A4254; 0x092A4368; 0x092A4370,TriggerLink area; Toggle lazy; u8 pad[3]; f32 lookHeight; f32 camDist; f32 height; f32 elevation; f32 azimuth; MobyLink parent; Toggle useAzimuth; Toggle useLookHeight; Toggle useCamDist; Toggle useHeight; Toggle useElevation; Toggle enabled; Toggle singleUse; Toggle entered; f32 speed; u32 priority; f32 restoreSpeed; u32 pad2[3];
LEVEL_01,1,Pokitaru,0x002D6EB8,0x09410BB8,ShakeyBush,4,0x0016A938; 0x0016AAF4; 0x0016ABA8; 0x0016AAFC,0x092A4638; 0x092A47F4; 0x092A48A8; 0x092A47FC,MATRIX4 startMat; VEC3 rotAxis; MobyLink enemyController; f32 percent; f32 percentInc; f32 amplitudeAccel; f32 pad[1];
LEVEL_01,1,Pokitaru,0x002D6F50,0x09410C50,Sharkagator,3,0x0016AF5C; 0x0016AFCC; 0x0016AFD4,0x092A4C5C; 0x092A4CCC; 0x092A4CD4,MobyLink noBiteAreas; u32 pad[ 3 ];
LEVEL_01,1,Pokitaru,0x002D70C4,0x09410DC4,SharkagatorFin,3,0x0016B3FC; 0x0016B828; 0x0016B830,0x092A50FC; 0x092A5528; 0x092A5530,VEC4 rotVel; VEC2 dir2d; CurveLink swimPath; f32 speedUp; f32 accelUp; f32 swimSpeed; f32 timeBelowMin; f32 timeBelowMax; f32 timeAboveMin; f32 timeAboveMax; f32 angle; f32 angleInc; u8 nextPathPoint; u8 pad[ 15 ];
LEVEL_01,1,Pokitaru,0x002D7150,0x09410E50,ShieldCharger,4,0x0016C748; 0x0016BE08; 0x0016CB78; 0x0016D37C,0x092A6448; 0x092A5B08; 0x092A6878; 0x092A707C,
LEVEL_01,1,Pokitaru,0x002D72F8,0x09410FF8,ShieldChargerBolt,3,0x0016F1DC; 0x0016F1E4; 0x0016F228,0x092A8EDC; 0x092A8EE4; 0x092A8F28,
LEVEL_01,1,Pokitaru,0x002D73F8,0x094110F8,ShockRocket,3,0x0016F57C; 0x0016F668; 0x0016F954,0x092A927C; 0x092A9368; 0x092A9654,
LEVEL_01,1,Pokitaru,0x002D74E4,0x094111E4,ShockRocketShot,3,0x001704C8; 0x00170518; 0x00170B20,0x092AA1C8; 0x092AA218; 0x092AA820,
LEVEL_01,1,Pokitaru,0x002D7560,0x09411260,ShrapnelGeneric,3,0x00171938; 0x00171940; 0x00171948,0x092AB638; 0x092AB640; 0x092AB648,
LEVEL_01,1,Pokitaru,0x002D7614,0x09411314,ShrinkBeam,3,0x00171970; 0x00171978; 0x0017202C,0x092AB670; 0x092AB678; 0x092ABD2C,
LEVEL_01,1,Pokitaru,0x002D7678,0x09411378,ShrinkRayRatchet,3,0x00172CEC; 0x00172CF4; 0x00172CFC,0x092AC9EC; 0x092AC9F4; 0x092AC9FC,
LEVEL_01,1,Pokitaru,0x002D7780,0x09411480,SkillPoint_L01,3,0x00172D04; 0x00172FB0; 0x00172FB8,0x092ACA04; 0x092ACCB0; 0x092ACCB8,TriggerLink trainingStart; TriggerLink trainingAntiCheat; TriggerLink trainingEnd; TriggerLink boatStart; TriggerLink boatAntiCheat; TriggerLink boatEnd; u32 pad[ 2 ];
LEVEL_01,1,Pokitaru,0x002D788C,0x0941158C,SlideController,3,0x0017344C; 0x00173780; 0x00173788,0x092AD14C; 0x092AD480; 0x092AD488,VEC4 initDir; TriggerLink detectArea; CurveLink path; f32 azimuth; f32 camDist; f32 camHeight; f32 camOfsY; f32 slideSp;
LEVEL_01,1,Pokitaru,0x002D7958,0x09411658,Spitfire,3,0x00173A48; 0x00173A7C; 0x00173AA0,0x092AD748; 0x092AD77C; 0x092AD7A0,
LEVEL_01,1,Pokitaru,0x002D7A34,0x09411734,Splash,3,0x00174E34; 0x00174E7C; 0x00174E84,0x092AEB34; 0x092AEB7C; 0x092AEB84,VEC2 pos; VEC2 velocity; const VEC3 *pPos; f32 startRadius; u16 uOffset; u8 owned; u8 pad;
LEVEL_01,1,Pokitaru,0x002D7B1C,0x0941181C,Sproutomatic,3,0x0017545C; 0x00175504; 0x0017553C,0x092AF15C; 0x092AF204; 0x092AF23C,
LEVEL_01,1,Pokitaru,0x002D7B80,0x09411880,StaticBarrierBelt,3,0x00175B00; 0x00175B34; 0x00175B3C,0x092AF800; 0x092AF834; 0x092AF83C,
LEVEL_01,1,Pokitaru,0x002D7CE0,0x094119E0,SuckCannon,3,0x00175B44; 0x00175C8C; 0x001762A8,0x092AF844; 0x092AF98C; 0x092AFFA8,
LEVEL_01,1,Pokitaru,0x002D7D48,0x09411A48,SuckCannonComet,3,0x0019ABB8; 0x0019ABC0; 0x0019ADF4,0x092D48B8; 0x092D48C0; 0x092D4AF4,
LEVEL_01,1,Pokitaru,0x002D7DB0,0x09411AB0,SuckCannonCometTie,3,0x0019ABB8; 0x0019ABC0; 0x00176C18,0x092D48B8; 0x092D48C0; 0x092B0918,
LEVEL_01,1,Pokitaru,0x002D7E8C,0x09411B8C,SuckCannonManager,3,0x001778F8; 0x00177944; 0x0017794C,0x092B15F8; 0x092B1644; 0x092B164C,
LEVEL_01,1,Pokitaru,0x002D7F1C,0x09411C1C,SwarmManager,3,0x0017869C; 0x001786E4; 0x00178A1C,0x092B239C; 0x092B23E4; 0x092B271C,
LEVEL_01,1,Pokitaru,0x002D8030,0x09411D30,Teleporter,3,0x0017923C; 0x001795F4; 0x001799C0,0x092B2F3C; 0x092B32F4; 0x092B36C0,MobyLink destination; MobyLink destinationPreferred; TriggerLink activateTrigger; u32 levelId; s32 changeToLevel; Toggle secretActivation; s8 canGoToLevel; u8 pad[ 10 ];
LEVEL_01,1,Pokitaru,0x002D8464,0x09412164,TieManipulator,3,0x0017A30C; 0x0017A304; 0x0017A8E4,0x092B400C; 0x092B4004; 0x092B45E4,TieLink tie[ 8 ]; f32 xAxis; f32 yAxis; f32 zAxis; f32 xRot; f32 yRot; f32 zRot; f32 xSpan; f32 ySpan; f32 zSpan; f32 xCounter; f32 yCounter; f32 zCounter; f32 speed; f32 speedPerFrame; f32 curviness; f32 curvPar; f32 scaleSpeed; f32 scaleSpeedPerFrame; f32 scaleMax; f32 scaleCounter; f32 xPerc[8]; f32 yPerc[8]; f32 zPerc[8]; f32 xPar[8]; f32 yPar[8]; f32 zPar[8]; f32 xStart[8]; f32 yStart[8]; f32 zStart[8]; MATRIX4 *pMat[8]; MATRIX4 scaleMatrix; f32 drawDistance; f32 updateDistance; f32 inverseScale; u32 linkCount;
LEVEL_01,1,Pokitaru,0x002D85A4,0x094122A4,TitaniumBolt,3,0x0017AC74; 0x0017AE64; 0x0017AFCC,0x092B4974; 0x092B4B64; 0x092B4CCC,f32 dist; f32 height; f32 lookHeight; f32 elevation; f32 azimuth; Toggle magnaboots; Toggle noAnimation; u32 levelToFake; u8 id; u8 pad[5];
LEVEL_01,1,Pokitaru,0x002D882C,0x0941252C,TMRobotHeadB,4,0x0017B9F0; 0x0017BE18; 0x0017D49C; 0x0017BB1C,0x092B56F0; 0x092B5B18; 0x092B719C; 0x092B581C,Navigate nav; MobyLink controller; TriggerLink enterTrigger; TriggerLink detectArea; CurveLink enterPath; MobyLink enemyWave; f32 alertRadius; MobyLink targetTorso; Toggle shouldReturn; u8 pad[7];
LEVEL_01,1,Pokitaru,0x002D8B90,0x09412890,TMRobotTorsoB,4,0x001803D4; 0x0017ECCC; 0x00180970; 0x0017E974,0x092BA0D4; 0x092B89CC; 0x092BA670; 0x092B8674,MobyLink controller; Navigate nav; MobyLink dropship; TriggerLink enterTrigger; TriggerLink detectArea; TriggerLink alertTrigger; CurveLink enterPath; f32 alertRadius; MobyLink crabToShoot; MobyLink enemyWave; CurveLink firePoints; TriggerLink noCreateTrigger; Toggle sitting; u8 headSpawnPcnt; Toggle walkOnWater; Toggle initNoDraw; u8 shotsFired; u8 pad[ 2 ];
LEVEL_01,1,Pokitaru,0x002D8C64,0x09412964,TMRobotTorsoCutscene,3,0x0018255C; 0x00182670; 0x00182678,0x092BC25C; 0x092BC370; 0x092BC378,CurveLink curve; MobyLink enemyWave; u32 pad[ 2 ];
LEVEL_01,1,Pokitaru,0x002D8D44,0x09412A44,TorsoAShot,3,0x00182E94; 0x001826CC; 0x001827C4,0x092BCB94; 0x092BC3CC; 0x092BC4C4,Particle *pGlow1; Moby *pParent; Moby *pController; f32 worldCollDist; f32 distTraveled; f32 speed;
LEVEL_01,1,Pokitaru,0x002D8EC4,0x09412BC4,TorsoShrapnel,3,0x001833A8; 0x001833B0; 0x001833B8,0x092BD0A8; 0x092BD0B0; 0x092BD0B8,
LEVEL_01,1,Pokitaru,0x002D91E0,0x09412EE0,TrainingBot,4,0x00183A50; 0x00183E5C; 0x00185B34; 0x00183F30,0x092BD750; 0x092BDB5C; 0x092BF834; 0x092BDC30,Navigate navigateBehavior; TriggerLink detectArea; MobyLink enemyController; MobyLink enemyWave; CurveLink initPath; TriggerLink wanderArea;
LEVEL_01,1,Pokitaru,0x002D9370,0x09413070,TrainingBotShrapnel,3,0x001866F0; 0x00186704; 0x0018670C,0x092C03F0; 0x092C0404; 0x092C040C,
LEVEL_01,1,Pokitaru,0x002D93EC,0x094130EC,TriggerCollection,3,0x00186E04; 0x00186E0C; 0x00186E14,0x092C0B04; 0x092C0B0C; 0x092C0B14,TriggerLink triggers[ 14 ];
LEVEL_01,1,Pokitaru,0x002D94C4,0x094131C4,TriggeredDoor,3,0x00186F80; 0x00187294; 0x00187614,0x092C0C80; 0x092C0F94; 0x092C1314,TriggerLink trigger; MobyLink mobyToCheck; MobyLink grindrailLock; Toggle stayOpen; Toggle saveState; u8 pad[ 2 ];
LEVEL_01,1,Pokitaru,0x002D95E8,0x094132E8,TripleWaveBeacon,3,0x00188030; 0x001881E0; 0x00188214,0x092C1D30; 0x092C1EE0; 0x092C1F14,
LEVEL_01,1,Pokitaru,0x002D9694,0x09413394,vendor,3,0x001884BC; 0x00188684; 0x001886E8,0x092C21BC; 0x092C2384; 0x092C23E8,u32 lastAnimPlayed; u32 vendorType; Toggle bSellsWeapons; u8 pad[ 7 ];
LEVEL_01,1,Pokitaru,0x002D9720,0x09413420,WaterWaves,3,0x00188960; 0x00188AA4; 0x00188AAC,0x092C2660; 0x092C27A4; 0x092C27AC,
LEVEL_01,1,Pokitaru,0x002D9930,0x09413630,Wrench,3,0x001896D8; 0x001897AC; 0x00189BE8,0x092C33D8; 0x092C34AC; 0x092C38E8,
LEVEL_01,1,Pokitaru,0x002D9A58,0x09413758,ZipLineController,3,0x0018CA14; 0x0018CC84; 0x0018CCB8,0x092C6714; 0x092C6984; 0x092C69B8,VEC4 lineVec; VEC4 dir; CurveLink path; f32 dist; f32 azimuth; f32 camDist; f32 camHeight; f32 camOfsY;
LEVEL_02,2,Ryllus,0x002E41D8,0x0941DED8,Acidbomb,3,0x0010C52C; 0x0010C53C; 0x0010CEA4,0x0924622C; 0x0924623C; 0x09246BA4,
LEVEL_02,2,Ryllus,0x002E4260,0x0941DF60,AcidbombEpoxy,3,0x0010E2E8; 0x0010E2F0; 0x0010E378,0x09247FE8; 0x09247FF0; 0x09248078,
LEVEL_02,2,Ryllus,0x002E42C0,0x0941DFC0,AcidGloveHUD,3,0x0010E880; 0x0010E888; 0x0010E890,0x09248580; 0x09248588; 0x09248590,
LEVEL_02,2,Ryllus,0x002E4320,0x0941E020,AgentController,3,0x0010E898; 0x0010E988; 0x0010EB40,0x09248598; 0x09248688; 0x09248840,
LEVEL_02,2,Ryllus,0x002E4674,0x0941E374,AgentOfDoom,4,0x0010F190; 0x0010F26C; 0x0010F32C; 0x0010F64C,0x09248E90; 0x09248F6C; 0x0924902C; 0x0924934C,
LEVEL_02,2,Ryllus,0x002E4754,0x0941E454,AgentOfDoomShrapnel,3,0x00113D64; 0x00113D6C; 0x00113D74,0x0924DA64; 0x0924DA6C; 0x0924DA74,
LEVEL_02,2,Ryllus,0x002E4890,0x0941E590,AgentsBomb,3,0x00114074; 0x0011407C; 0x00114084,0x0924DD74; 0x0924DD7C; 0x0924DD84,
LEVEL_02,2,Ryllus,0x002E4928,0x0941E628,AgentsGlove,3,0x00115610; 0x0011569C; 0x001156C8,0x0924F310; 0x0924F39C; 0x0924F3C8,
LEVEL_02,2,Ryllus,0x002E49D4,0x0941E6D4,AgentsGrenade,3,0x00115B98; 0x00115C88; 0x0011613C,0x0924F898; 0x0924F988; 0x0924FE3C,
LEVEL_02,2,Ryllus,0x002E4A7C,0x0941E77C,AgentsLaser,3,0x001166B8; 0x001169C0; 0x00116A74,0x092503B8; 0x092506C0; 0x09250774,
LEVEL_02,2,Ryllus,0x002E4B70,0x0941E870,AgentsRocket,3,0x00117480; 0x00117544; 0x001175C4,0x09251180; 0x09251244; 0x092512C4,
LEVEL_02,2,Ryllus,0x002E4C64,0x0941E964,AreaCam,3,0x00117EAC; 0x00117F58; 0x00117F60,0x09251BAC; 0x09251C58; 0x09251C60,TriggerLink camArea; f32 elevation; f32 distance; f32 height; f32 lookHeight; u32 pad[3];
LEVEL_02,2,Ryllus,0x002E4CD8,0x0941E9D8,ArmorHelmet,3,0x001180E0; 0x001180E8; 0x001180F0,0x09251DE0; 0x09251DE8; 0x09251DF0,
LEVEL_02,2,Ryllus,0x002E4D38,0x0941EA38,ArmorLeftFoot,3,0x001180F8; 0x00118100; 0x00118108,0x09251DF8; 0x09251E00; 0x09251E08,
LEVEL_02,2,Ryllus,0x002E4DA8,0x0941EAA8,ArmorLeftHand,3,0x00118110; 0x00118118; 0x00118120,0x09251E10; 0x09251E18; 0x09251E20,u32 pad[ 4 ];
LEVEL_02,2,Ryllus,0x002E4ED8,0x0941EBD8,ArmorPickup,3,0x00118494; 0x00118144; 0x00118998,0x09252194; 0x09251E44; 0x09252698,f32 dist; f32 height; f32 lookHeight; f32 elevation; f32 azimuth; MobyLink driver; MobyLink playerMatrix; u32 playthroughReq; Toggle magnaboots; u8 pad[ 15 ];
LEVEL_02,2,Ryllus,0x002E4F50,0x0941EC50,ArmorRightFoot,3,0x00118ED4; 0x00118EDC; 0x00118EE4,0x09252BD4; 0x09252BDC; 0x09252BE4,
LEVEL_02,2,Ryllus,0x002E4FC0,0x0941ECC0,ArmorRightHand,3,0x00118EEC; 0x00118EF4; 0x00118EFC,0x09252BEC; 0x09252BF4; 0x09252BFC,u32 pad[ 4 ];
LEVEL_02,2,Ryllus,0x002E5020,0x0941ED20,ArmorTorso,3,0x00118F04; 0x00118F0C; 0x00118F14,0x09252C04; 0x09252C0C; 0x09252C14,
LEVEL_02,2,Ryllus,0x002E50C0,0x0941EDC0,BasicAnimated,3,0x00118F1C; 0x001190DC; 0x00119140,0x09252C1C; 0x09252DDC; 0x09252E40,u32 animId; TriggerLink drawArea; Toggle randStart; u8 pad[7];
LEVEL_02,2,Ryllus,0x002E51A4,0x0941EEA4,BeeMine,4,0x001198A4; 0x001198B4; 0x00119C94; 0x0011998C,0x092535A4; 0x092535B4; 0x09253994; 0x0925368C,
LEVEL_02,2,Ryllus,0x002E5270,0x0941EF70,BeeMineGlove,3,0x0011B670; 0x0011B7F8; 0x0011B824,0x09255370; 0x092554F8; 0x09255524,
LEVEL_02,2,Ryllus,0x002E52D0,0x0941EFD0,BeeMineGloveHUD,3,0x0011BE44; 0x0011BE4C; 0x0011BE54,0x09255B44; 0x09255B4C; 0x09255B54,
LEVEL_02,2,Ryllus,0x002E539C,0x0941F09C,BeeMineShrapnel,3,0x0011C18C; 0x0011C194; 0x0011C19C,0x09255E8C; 0x09255E94; 0x09255E9C,
LEVEL_02,2,Ryllus,0x002E548C,0x0941F18C,Blaster,3,0x0011C214; 0x0011C370; 0x0011C894,0x09255F14; 0x09256070; 0x09256594,
LEVEL_02,2,Ryllus,0x002E54F8,0x0941F1F8,BlasterAkimbo,3,0x0011D874; 0x0011D8F8; 0x0011D928,0x09257574; 0x092575F8; 0x09257628,
LEVEL_02,2,Ryllus,0x002E556C,0x0941F26C,BlasterShot,3,0x0011DBF8; 0x0011DC20; 0x0011DFC4,0x092578F8; 0x09257920; 0x09257CC4,
LEVEL_02,2,Ryllus,0x002E59CC,0x0941F6CC,BlitzGun,3,0x0011FE90; 0x0011FFEC; 0x00120444,0x09259B90; 0x09259CEC; 0x0925A144,
LEVEL_02,2,Ryllus,0x002E5B5C,0x0941F85C,BlitzGunShot,3,0x00121ED8; 0x00121EE0; 0x0012207C,0x0925BBD8; 0x0925BBE0; 0x0925BD7C,
LEVEL_02,2,Ryllus,0x002E5BC0,0x0941F8C0,Bolt,2,0x00122B8C; 0x00122B94,0x0925C88C; 0x0925C894,
LEVEL_02,2,Ryllus,0x002E5EB4,0x0941FBB4,BoltController,3,0x00126114; 0x00126348; 0x0012636C,0x0925FE14; 0x09260048; 0x0926006C,u32 boltAmnt; u32 boltAmountReplay; u32 pad[ 2 ];
LEVEL_02,2,Ryllus,0x002E5F44,0x0941FC44,BoltCrankBolt,3,0x00126708; 0x00126924; 0x0012692C,0x09260408; 0x09260624; 0x0926062C,
LEVEL_02,2,Ryllus,0x002E6030,0x0941FD30,BoltCrankCam,3,0x00126E1C; 0x00126E58; 0x00126E60,0x09260B1C; 0x09260B58; 0x09260B60,MobyLink boltCrank; f32 dist; f32 height; f32 lookHeight; f32 elevation; f32 azimuth; f32 camBlend; f32 pad;
LEVEL_02,2,Ryllus,0x002E6090,0x0941FD90,BoltGrabber,3,0x00127100; 0x00127108; 0x00127110,0x09260E00; 0x09260E08; 0x09260E10,
LEVEL_02,2,Ryllus,0x002E6154,0x0941FE54,Bombglove,3,0x00127118; 0x001271F0; 0x001276A0,0x09260E18; 0x09260EF0; 0x092613A0,
LEVEL_02,2,Ryllus,0x002E64B8,0x094201B8,BotFlinger,3,0x00127C30; 0x001280E4; 0x00128118,0x09261930; 0x09261DE4; 0x09261E18,f32 beamDistSp; Moby *pReticleMatch; f32 flingStrength; f32 forceMax; VEC4 velocity; VEC4 curMove; VEC4 beam; VEC3 rotSp; MobyLink botController; ANIM_Manipulator animManip; VEC3 scaleSp; f32 origBeamLen; f32 camDist; f32 camHeight; f32 camOfsUp; VEC3 lastAimPos; f32 force; Toggle useReticle; u8 l_shoulder; u8 rendered; u8 blendHead; u8 lastPosValid; u8 lastPosUpSlope; Toggle stationary; u8 pad1; f32 upScale; TieLink base; f32 lastForce; f32 lastAng;
LEVEL_02,2,Ryllus,0x002E6530,0x09420230,BotFlingerArm,3,0x0012A4A8; 0x0012A54C; 0x0012A580,0x092641A8; 0x0926424C; 0x09264280,
LEVEL_02,2,Ryllus,0x002E6718,0x09420418,Boulder,3,0x0012B6E8; 0x0012B710; 0x0012BC20,0x092653E8; 0x09265410; 0x09265920,Curve * pPath; VEC3 rotSp; f32 speedXZ; f32 accelXZ; VEC2 targetPos; VEC4 rotAxis; f32 rotAmnt; Moby *pController; SND_Positional *pMoveSound; u8 pathIdx; u8 pad[3];
LEVEL_02,2,Ryllus,0x002E6820,0x09420520,BoulderController,3,0x0012C208; 0x0012C3C8; 0x0012C3D0,0x09265F08; 0x092660C8; 0x092660D0,f32 delayRelease; CurveLink path; TriggerLink initTrigger; TriggerLink destroyTrigger; TriggerLink speedTrigger; f32 speedUpTimer; Toggle speedUp; u8 pad[7];
LEVEL_02,2,Ryllus,0x002E6898,0x09420598,BoxBreaker,3,0x0012C6AC; 0x0012C6B4; 0x0012C6BC,0x092663AC; 0x092663B4; 0x092663BC,
LEVEL_02,2,Ryllus,0x002E68F8,0x094205F8,BoxBreakerHelp,3,0x0012C748; 0x0012C750; 0x0012C758,0x09266448; 0x09266450; 0x09266458,
LEVEL_02,2,Ryllus,0x002E6B18,0x09420818,BuryBlossom,4,0x0012C7A4; 0x0012CB5C; 0x0012D728; 0x0012CBA4,0x092664A4; 0x0926685C; 0x09267428; 0x092668A4,TriggerLink detectArea; MobyLink enemyController; TriggerLink updateArea; MobyLink neighborBlossoms[ 2 ]; u32 pad[ 3 ];
LEVEL_02,2,Ryllus,0x002E6C5C,0x0942095C,BuryBlossomShot,3,0x0012DE80; 0x0012DE88; 0x0012DE90,0x09267B80; 0x09267B88; 0x09267B90,
LEVEL_02,2,Ryllus,0x002E6D34,0x09420A34,Button,3,0x0012E3C8; 0x0012E5E0; 0x0012E634,0x092680C8; 0x092682E0; 0x09268334,MobyLink attachMoby; Toggle bUseCase; Toggle bUseOnce; Toggle bLocked; u8 pad[ 9 ];
LEVEL_02,2,Ryllus,0x002E6DB8,0x09420AB8,CannonSprout,4,0x0012EDB4; 0x0012EF5C; 0x0012EF90; 0x0012F0F0,0x09268AB4; 0x09268C5C; 0x09268C90; 0x09268DF0,
LEVEL_02,2,Ryllus,0x002E6F6C,0x09420C6C,CBEnterCutscene,3,0x0012F34C; 0x0012F628; 0x0012FC0C,0x0926904C; 0x09269328; 0x0926990C,TriggerLink bound; Moby *pBot; MobyLink botPort; MobyLink botController; VEC3 startPoint; CurveLink camPath; Navigate navData; f32 segProgress; u32 lastContext; f32 velY; MobyLink help; u8 falling; u8 pathPoint; u8 pad[2];
LEVEL_02,2,Ryllus,0x002E7080,0x09420D80,CBHappyPlace,3,0x001300B0; 0x001302C4; 0x001302CC,0x09269DB0; 0x09269FC4; 0x09269FCC,TriggerLink happyRegion; f32 reqPlayerDist; Moby *pBot[6]; MobyLink botController; TriggerLink initTrigger; u32 timer[6]; Toggle botSet[6]; u8 pad[10];
LEVEL_02,2,Ryllus,0x002E7150,0x09420E50,CBSadPlace,3,0x001305AC; 0x001306DC; 0x001306E4,0x0926A2AC; 0x0926A3DC; 0x0926A3E4,MobyLink botController; TriggerLink landingArea; u32 pad[ 2 ];
LEVEL_02,2,Ryllus,0x002E7214,0x09420F14,CBWaitForPlayerArea,3,0x00130790; 0x0013094C; 0x00130954,0x0926A490; 0x0926A64C; 0x0926A654,MobyLink botController; TriggerLink waitArea; TriggerLink initTrigger; u32 pad;
LEVEL_02,2,Ryllus,0x002E7384,0x09421084,ChameleonDecoy,4,0x00130D34; 0x00130D3C; 0x00130D54; 0x00130DDC,0x0926AA34; 0x0926AA3C; 0x0926AA54; 0x0926AADC,
LEVEL_02,2,Ryllus,0x002E74AC,0x094211AC,ChasePosController,3,0x00130E90; 0x00130F44; 0x00130F4C,0x0926AB90; 0x0926AC44; 0x0926AC4C,ChasePosEntry entry[8]; MobyLink targetMgr; const ChasePosEntry *waveCenterEntry[ 2 ]; u8 chasingCount[8]; f32 firstWaveDist; f32 secondWaveDist; u8 attackingMax; u8 pad[7];
LEVEL_02,2,Ryllus,0x002E76F4,0x094213F4,ClankBot,4,0x00132178; 0x00132618; 0x00134E40; 0x0013264C,0x0926BE78; 0x0926C318; 0x0926EB40; 0x0926C34C,VEC3 posInit; u32 earColor; MobyLink botController; MobyLink botPath; MobyLink targetManager; Moby *pTarget; NavBound navData; Particle *pTop; u8 controllerIdx; u8 flags; u8 targetIdx; u8 currEnemyGroup; u8 earsUpdated; u8 runFallFrames; u8 groupNum; u8 contPointIdx;
LEVEL_02,2,Ryllus,0x002E7960,0x09421660,ClankBotController,3,0x00135420; 0x00135688; 0x00135CA0,0x0926F120; 0x0926F388; 0x0926F9A0,BotControllerEntry entry[8]; u32 respawnTimer[8]; TriggerLink destroyTrigger; TriggerLink initTrigger; u8 nextState; u8 attackingMax; u8 chasingCount[2]; u8 collIndex; u8 waveCenterIndex[ 2 ]; u8 respawnSegmentBuffer; u8 enterIdx; u8 validRespawnPoints; u8 commandUsed[4]; u8 pad[10]; VEC4 respawnPoint[5]; MobyLink botHouses[ 6 ]; TriggerLink noPushTriggers[ 2 ];
LEVEL_02,2,Ryllus,0x002E7A48,0x09421748,ClankBotHouse,4,0x001386E4; 0x001389B4; 0x001389E8; 0x00138B34,0x092723E4; 0x092726B4; 0x092726E8; 0x09272834,Moby *pParts[3]; MobyLink bot;
LEVEL_02,2,Ryllus,0x002E7AE0,0x094217E0,ClankBotHouseBase,3,0x00139038; 0x0013919C; 0x001391D0,0x09272D38; 0x09272E9C; 0x09272ED0,VEC4 velocity; VEC4 rotAxis;
LEVEL_02,2,Ryllus,0x002E7B60,0x09421860,ClankBotHouseDome,3,0x001391D8; 0x001391E0; 0x001391E8,0x09272ED8; 0x09272EE0; 0x09272EE8,VEC4 velocity; VEC4 rotAxis;
LEVEL_02,2,Ryllus,0x002E7C1C,0x0942191C,ClankBotHouseRoof,3,0x001391F0; 0x00139224; 0x0013922C,0x09272EF0; 0x09272F24; 0x09272F2C,VEC4 velocity; VEC4 rotAxis;
LEVEL_02,2,Ryllus,0x002E7CFC,0x094219FC,ClankBotPath,3,0x00139830; 0x00139848; 0x00139850,0x09273530; 0x09273548; 0x09273550,MobyLink chasePosController[8]; CurveLink leftCurve; MobyLink aboveGround; u8 numSegments; u8 numEnemyGroups; u8 pad[2];
LEVEL_02,2,Ryllus,0x002E7DA0,0x09421AA0,ClankBotPort,3,0x00139A6C; 0x00139D7C; 0x00139DB0,0x0927376C; 0x09273A7C; 0x09273AB0,MobyLink triggered; Particle *pGlow; u8 botsNeeded; u8 pad[7];
LEVEL_02,2,Ryllus,0x002E81AC,0x09421EAC,ClankBotShrapnel,3,0x0013A820; 0x0013A828; 0x0013A830,0x09274520; 0x09274528; 0x09274530,
LEVEL_02,2,Ryllus,0x002E8220,0x09421F20,ClankForShipAnim,3,0x0013AB38; 0x0013AB40; 0x0013AB48,0x09274838; 0x09274840; 0x09274848,u32 pad[ 4 ];
LEVEL_02,2,Ryllus,0x002E8280,0x09421F80,ClankPack,3,0x0013AB50; 0x0013AB80; 0x0013AB88,0x09274850; 0x09274880; 0x09274888,
LEVEL_02,2,Ryllus,0x002E8304,0x09422004,ClankPlr,4,0x0013ABAC; 0x0013ABF8; 0x0013AC00; 0x0013AC08,0x092748AC; 0x092748F8; 0x09274900; 0x09274908,MobyLink levelMusic; u32 pad[ 3 ];
LEVEL_02,2,Ryllus,0x002E8394,0x09422094,ContinuePoint,3,0x0013AC74; 0x0013AC98; 0x0013ACA0,0x09274974; 0x09274998; 0x092749A0,TriggerLink activateTrigger; u8 index;
LEVEL_02,2,Ryllus,0x002E8434,0x09422134,CowBell,3,0x0013B170; 0x0013B178; 0x0013B180,0x09274E70; 0x09274E78; 0x09274E80,
LEVEL_02,2,Ryllus,0x002E855C,0x0942225C,CrankedObject,3,0x0013B35C; 0x0013B1E0; 0x0013B798,0x0927505C; 0x09274EE0; 0x09275498,MobyLink boltCrank; f32 moveAmount; f32 speed; f32 accel; GDE_Sound *pSoundRaised; GDE_Sound *pSoundRaising; GDE_Sound *pSoundDropped; SND_Positional *pSoundRaisingPos; MobyLink boltCrank2;
LEVEL_02,2,Ryllus,0x002E888C,0x0942258C,Crate,4,0x0013BFE0; 0x0013BFE8; 0x0013C0D0; 0x0013BFF0,0x09275CE0; 0x09275CE8; 0x09275DD0; 0x09275CF0,Moby *pCrateBelow; f32 velocityY; f32 fallDistance; f32 distFallen;
LEVEL_02,2,Ryllus,0x002E89CC,0x094226CC,CrateAmmo,4,0x0013C1B0; 0x0013C1D8; 0x0013C1E0; 0x0013C1E8,0x09275EB0; 0x09275ED8; 0x09275EE0; 0x09275EE8,Moby *pCrateBelow; f32 velocityY; f32 fallDistance; f32 distFallen; Toggle major; Toggle minor; u8 noAmmoType1; u8 noAmmoType2; u8 onlyAmmoType; Toggle validIM; Toggle validDM; Toggle validCTF; u8 pad[8];
LEVEL_02,2,Ryllus,0x002E8A30,0x09422730,CrateChunk,2,0x0013C8AC; 0x0013C8B4,0x092765AC; 0x092765B4,
LEVEL_02,2,Ryllus,0x002E8C30,0x09422930,CrateChunkController,2,0x0013CF10; 0x0013CF18,0x09276C10; 0x09276C18,
LEVEL_02,2,Ryllus,0x002E8D54,0x09422A54,CrateExplosive,2,0x0013D0D8; 0x0013D11C,0x09276DD8; 0x09276E1C,Moby *pCrateBelow; f32 velocityY; f32 fallDistance; f32 distFallen; Toggle explode; u8 keyIdx; Toggle validIM; Toggle validDM; Toggle validCTF; u8 pad[11];
LEVEL_02,2,Ryllus,0x002E8EE8,0x09422BE8,CrateHealth,2,0x0013D900; 0x0013D99C,0x09277600; 0x0927769C,Moby *pCrateBelow; f32 velocityY; f32 fallDistance; f32 distFallen; Moby *pPowerup; Toggle validIM; Toggle validDM; Toggle validCTF; u8 pad[9];
LEVEL_02,2,Ryllus,0x002E94EC,0x094231EC,CrossbowGun,3,0x0013E2B8; 0x0013E3A4; 0x0013E584,0x09277FB8; 0x092780A4; 0x09278284,
LEVEL_02,2,Ryllus,0x002E96CC,0x094233CC,CrossbowShot,3,0x0013EBD4; 0x0013EBDC; 0x0014011C,0x092788D4; 0x092788DC; 0x09279E1C,
LEVEL_02,2,Ryllus,0x002E97E8,0x094234E8,CrystalGroundShard,3,0x00141010; 0x00141254; 0x00141498,0x0927AD10; 0x0927AF54; 0x0927B198,
LEVEL_02,2,Ryllus,0x002E9900,0x09423600,Dart,3,0x00141BB8; 0x00141BF0; 0x00141C50,0x0927B8B8; 0x0927B8F0; 0x0927B950,f32 collDelay; f32 speed; f32 accel; VEC3 fallVel; f32 floorDist; SND_Positional *pMoveSound; u32 pad[3];
LEVEL_02,2,Ryllus,0x002E99E8,0x094236E8,DartShooter,3,0x00142700; 0x00142808; 0x00142810,0x0927C400; 0x0927C508; 0x0927C510,Moby *pDart; MobyLink controller; u32 pad[2];
LEVEL_02,2,Ryllus,0x002E9AD4,0x094237D4,DartShooterController,3,0x00142BE0; 0x00142C74; 0x00142C7C,0x0927C8E0; 0x0927C974; 0x0927C97C,Moby *pShooter[4]; f32 timeBetweenShots; TriggerLink cutsceneTrigger; f32 cutsceneTimer; u32 pad;
LEVEL_02,2,Ryllus,0x002E9B98,0x09423898,DeathTrigger,3,0x00142F98; 0x00142FF8; 0x00143000,0x0927CC98; 0x0927CCF8; 0x0927CD00,MobyLink killAreas; MobyLink ignoreAreas; Toggle killHeroInTriggers; f32 minYHeight; u8 pad[3];
LEVEL_02,2,Ryllus,0x002E9C08,0x09423908,DesignTest,3,0x00143174; 0x0014317C; 0x00143184,0x0927CE74; 0x0927CE7C; 0x0927CE84,u32 pad[4];
LEVEL_02,2,Ryllus,0x002E9C68,0x09423968,DualBlasterHUD,3,0x001431E8; 0x001431F0; 0x001431F8,0x0927CEE8; 0x0927CEF0; 0x0927CEF8,
LEVEL_02,2,Ryllus,0x002E9D04,0x09423A04,electricXplo,3,0x00143C98; 0x001439EC; 0x001439F4,0x0927D998; 0x0927D6EC; 0x0927D6F4,f32 lengths[24]; VEC3 normals[18]; f32 timer; s32 scroll;
LEVEL_02,2,Ryllus,0x002E9ED8,0x09423BD8,ElectroBall,3,0x00145580; 0x001455F0; 0x00145634,0x0927F280; 0x0927F2F0; 0x0927F334,
LEVEL_02,2,Ryllus,0x002E9FE4,0x09423CE4,ElectroshockWave,3,0x00146278; 0x00146280; 0x00146D58,0x0927FF78; 0x0927FF80; 0x09280A58,
LEVEL_02,2,Ryllus,0x002EA0E8,0x09423DE8,Electrosoil,3,0x001470E8; 0x001473D0; 0x001473D8,0x09280DE8; 0x092810D0; 0x092810D8,MobyLink target[ 2 ]; TriggerLink bound; f32 angle; f32 throwSpeedXZ; f32 throwSpeedY; MobyLink triggerCollection; u32 pad[ 1 ];
LEVEL_02,2,Ryllus,0x002EA1D4,0x09423ED4,ElevatorRings,3,0x00147590; 0x00147660; 0x00147668,0x09281290; 0x09281360; 0x09281368,MobyLink elevator; CurveLink elevatorPath; u32 ringCount; f32 radius; f32 halfHeight; u32 pad[ 3 ];
LEVEL_02,2,Ryllus,0x002EA330,0x09424030,EnemyController,3,0x00147B1C; 0x00147D28; 0x00148040,0x0928181C; 0x09281A28; 0x09281D40,TriggerLink updateArea; TriggerLink updateArea2; TriggerLink destroyTrigger; f32 firstWaveDist; f32 secondWaveDist; Toggle envColl; u8 attackingMax; Toggle destroyControllerToo; u8 pad[ 9 ];
LEVEL_02,2,Ryllus,0x002EA49C,0x0942419C,EnemyWave,3,0x0014A94C; 0x0014AA04; 0x0014AD08,0x0928464C; 0x09284704; 0x09284A08,MobyLink destroyedMoby; TriggerLink trigger; MobyLink previousWave; f32 timer; f32 delayRandMax; MobyLink enemyControllerToCheck; u8 mobyToCheckState; Toggle prevWaveDestroyed; u8 enemyInControllerCount; u8 pad[ 9 ];
LEVEL_02,2,Ryllus,0x002EA574,0x09424274,ExplodeBerry,4,0x0014B16C; 0x0014B18C; 0x0014B1C0; 0x0014B524,0x09284E6C; 0x09284E8C; 0x09284EC0; 0x09285224,VEC3 velocity; f32 startY; VEC3 rotationAxis; const Moby *pParent;
LEVEL_02,2,Ryllus,0x002EA60C,0x0942430C,ExplodeSprout,4,0x0014B9DC; 0x0014BBF0; 0x0014BC24; 0x0014BF20,0x092856DC; 0x092858F0; 0x09285924; 0x09285C20,Moby *pElectrosoil; u32 pad[ 3 ];
LEVEL_02,2,Ryllus,0x002EA804,0x09424504,ExplosiveBee,3,0x0014C4B8; 0x0014C560; 0x0014D408,0x092861B8; 0x09286260; 0x09287108,
LEVEL_02,2,Ryllus,0x002EA940,0x09424640,Flamethrower,3,0x0014E500; 0x0014E67C; 0x0014F48C,0x09288200; 0x0928837C; 0x0928918C,
LEVEL_02,2,Ryllus,0x002EAC0C,0x0942490C,FloatingCamera,4,0x0015138C; 0x0015180C; 0x00151F64; 0x00151840,0x0928B08C; 0x0928B50C; 0x0928BC64; 0x0928B540,CurveLink path; u32 pad[ 3 ];
LEVEL_02,2,Ryllus,0x002EADE8,0x09424AE8,FlyingCarLightweightDirectional,3,0x00153194; 0x00153388; 0x00153390,0x0928CE94; 0x0928D088; 0x0928D090,f32 speed; f32 distance; f32 fadeDist; u8 pad8a; u8 reverse; u8 lanes; u8 pad8; f32 spawnXMod; f32 spawnYMod; VEC3 posVariAmp; VEC3 posVariRate; f32 scale; u32 numShips; f32 spawnRate; Toggle DistantShip1; Toggle DistantShip2; Toggle DistantShip3; Toggle PODCopter; Toggle ShuttleCruiser; Toggle Dragonfly; Toggle pad[15] ;
LEVEL_02,2,Ryllus,0x002EB010,0x09424D10,FlyingCarLightweightOrbit,3,0x00154250; 0x0015442C; 0x00154434,0x0928DF50; 0x0928E12C; 0x0928E134,f32 speed; f32 radius; f32 fadeDist; u8 pad8a; u8 spawnRadiusMod; u8 reverse; u8 lanes; f32 spawnYMod; VEC3 posVariAmp; VEC3 posVariRate; u32 numShips; f32 spawnRate; f32 scale; f32 startAngle; f32 endAngle; Toggle DistantShip1; Toggle DistantShip2; Toggle DistantShip3; Toggle PODCopter; Toggle ShuttleCruiser; Toggle pad[11] ;
LEVEL_02,2,Ryllus,0x002EB214,0x09424F14,FlyingCarLightweightPathed,3,0x00155EA4; 0x00155404; 0x0015540C,0x0928FBA4; 0x0928F104; 0x0928F10C,CurveLink path; f32 speed; f32 fadeDist; u8 loop; u8 reverse; u8 lanes; u8 rotSmooth; f32 spawnXMod; f32 spawnYMod; VEC3 posVariAmp; VEC3 posVariRate; f32 spawnRate; f32 scale; u32 numShips; Toggle DistantShip1; Toggle DistantShip2; Toggle DistantShip3; Toggle PODCopter; Toggle ShuttleCruiser; Toggle pad[15] ;
LEVEL_02,2,Ryllus,0x002EB2E8,0x09424FE8,GenericTieForm,3,0x001563C0; 0x00156410; 0x00156444,0x092900C0; 0x09290110; 0x09290144,
LEVEL_02,2,Ryllus,0x002EB39C,0x0942509C,GlowCard,3,0x00156754; 0x00156874; 0x0015687C,0x09290454; 0x09290574; 0x0929057C,u8 red; u8 green; u8 blue; u8 alpha; f32 size; f32 zOffset; CurveLink points;
LEVEL_02,2,Ryllus,0x002EB410,0x09425110,GravityCrystal,3,0x001572A0; 0x001574B8; 0x00157E30,0x09290FA0; 0x092911B8; 0x09291B30,
LEVEL_02,2,Ryllus,0x002EB5D4,0x094252D4,Helipack,3,0x0015822C; 0x00158234; 0x0015823C,0x09291F2C; 0x09291F34; 0x09291F3C,
LEVEL_02,2,Ryllus,0x002EB6E8,0x094253E8,Hookshot,3,0x0015843C; 0x001585D8; 0x0015860C,0x0929213C; 0x092922D8; 0x0929230C,CurveLink path; VEC3 pathPoint; f32 speed; f32 ropeLength; f32 range; u8 attached; u8 swing; u8 pathPointId; Toggle validIM; Toggle validDM; Toggle validCTF; u8 pad[14];
LEVEL_02,2,Ryllus,0x002EB774,0x09425474,Hypershot,3,0x00158A34; 0x00158AD0; 0x00158B58,0x09292734; 0x092927D0; 0x09292858,
LEVEL_02,2,Ryllus,0x002EB85C,0x0942555C,InitialCamera,3,0x00158CE8; 0x00158DE4; 0x00158DEC,0x092929E8; 0x09292AE4; 0x09292AEC,f32 dist; f32 height; f32 lookHeight; f32 elevation; f32 azimuth; Toggle dontCreateNextLevelSeen; u8 pressed; u8 pad[ 10 ];
LEVEL_02,2,Ryllus,0x002EB8E0,0x094255E0,IntroMovie,3,0x00158F14; 0x00158FD0; 0x00158FD8,0x09292C14; 0x09292CD0; 0x09292CD8,u32 fromLevel; u32 pad[ 3 ];
LEVEL_02,2,Ryllus,0x002EB968,0x09425668,LadderSprout,4,0x0015908C; 0x0015910C; 0x00159140; 0x001597AC,0x09292D8C; 0x09292E0C; 0x09292E40; 0x092934AC,Moby *pElectrosoil; u32 pad[ 3 ];
LEVEL_02,2,Ryllus,0x002ECF54,0x09426C54,LaserTracer,3,0x0015D404; 0x0015D4F8; 0x0015D680,0x09297104; 0x092971F8; 0x09297380,
LEVEL_02,2,Ryllus,0x002ED084,0x09426D84,Level01OceanSound,3,0x00162E8C; 0x00162FC4; 0x00163008,0x0929CB8C; 0x0929CCC4; 0x0929CD08,TriggerLink playTriggers[ 4 ]; TriggerLink noPlayTriggers[ 4 ];
LEVEL_02,2,Ryllus,0x002ED180,0x09426E80,Level02Button,3,0x00163304; 0x0016367C; 0x001636B0,0x0929D004; 0x0929D37C; 0x0929D3B0,MobyLink triggered; Moby *pCollide; f32 step; f32 origY; MobyLink botController; f32 scale; u32 redColor; Toggle permanent; Toggle upFacing; u8 pad[2];
LEVEL_02,2,Ryllus,0x002ED504,0x09427204,Level02ClankHelpManager,3,0x00164128; 0x00164120; 0x00164950,0x0929DE28; 0x0929DE20; 0x0929E650,MobyLink stoneIdol; TriggerLink cbRoomTrigger; MobyLink botController; TriggerLink firstButtonTrigger; TriggerLink secondButtonTrigger; TriggerLink pygmyRampTrigger; MobyLink firstBotFlinger; TriggerLink secondSITrigger; MobyLink secondBotFlinger; MobyLink thirdButton; MobyLink fourthButton; MobyLink thirdBotFlinger; TriggerLink columnTrigger; MobyLink finalBotFlinger; TriggerLink firstPortTrigger; TriggerLink secondPortTrigger; TriggerLink portRoomTrigger; TriggerLink elevatorTrigger; TriggerLink topAreaTrigger; u8 clankBotMissCount[4]; u16 flingerTurnCount; u16 cbRespawnTimer; u16 briefMomentCount; u8 followShownAgain; u8 clankBotHitCount; u8 allSixChecked; u8 cbEntering; u8 skipPressureSe
LEVEL_02,2,Ryllus,0x002ED648,0x09427348,Level02Column,3,0x00165318; 0x00165618; 0x0016564C,0x0929F018; 0x0929F318; 0x0929F34C,MobyLink triggered; f32 reqWeight; f32 speedY; f32 origY; Moby *pRestingBot[4]; u32 numRestingBots; MobyLink botController; SND_Positional *pMoveSound; u32 pad[1];
LEVEL_02,2,Ryllus,0x002ED750,0x09427450,Level02ExpandableBridge,3,0x00165DA8; 0x00166068; 0x00166100,0x0929FAA8; 0x0929FD68; 0x0929FE00,f32 reqProgress; f32 maxBridgeLength; f32 currLength; MobyLink path; f32 speed; f32 accel; SND_Positional *pMoveSound; u8 pointIdx; u8 pad[3];
LEVEL_02,2,Ryllus,0x002ED8C4,0x094275C4,Level02HelpManager,3,0x00166BA0; 0x00166F48; 0x00166F50,0x092A08A0; 0x092A0C48; 0x092A0C50,TriggerLink firstSproutTrigger; TriggerLink wallTrigger; MobyLink explodeSprout; MobyLink cannonSprout; MobyLink wallPiece; TriggerLink hypershotTrigger; TriggerLink hypershotCompleted; TriggerLink centerCameraTrigger;
LEVEL_02,2,Ryllus,0x002ED98C,0x0942768C,Level02Statue,3,0x001674C0; 0x00167614; 0x0016761C,0x092A11C0; 0x092A1314; 0x092A131C,f32 progress; f32 amntOpen; MobyLink leftPart; MobyLink rightPart;
LEVEL_02,2,Ryllus,0x002EDA84,0x09427784,Level02StatueCutscene,3,0x001678B4; 0x00167AB4; 0x00167ABC,0x092A15B4; 0x092A17B4; 0x092A17BC,CurveLink camPath; CurveLink aimPath; MobyLink botPort[2]; f32 segProgress; f32 speed; u32 lastContext; u8 pathPoint; u8 pad[3];
LEVEL_02,2,Ryllus,0x002EDB3C,0x0942783C,Level02StatuePart,3,0x00168164; 0x001682CC; 0x00168300,0x092A1E64; 0x092A1FCC; 0x092A2000,SND_Positional *pMoveSound; Toggle moved; u8 pad[11];
LEVEL_02,2,Ryllus,0x002EDC0C,0x0942790C,Level02TriggeredDoor,3,0x0016858C; 0x001687A8; 0x001688A0,0x092A228C; 0x092A24A8; 0x092A25A0,f32 initY; f32 amntOpen; MobyLink path; SND_Positional *pMoveSound; u8 pathIdx; u8 progress; u8 pad[14];
LEVEL_02,2,Ryllus,0x002EDCC0,0x094279C0,Level02WallChunk,3,0x00168E1C; 0x00168F9C; 0x00168FE4,0x092A2B1C; 0x092A2C9C; 0x092A2CE4,
LEVEL_02,2,Ryllus,0x002EDE1C,0x09427B1C,Level02WallCutscene,3,0x00169180; 0x001693E8; 0x00169624,0x092A2E80; 0x092A30E8; 0x092A3324,MobyLink shrapnel[ 6 ]; TriggerLink area; MobyType *pBerryType; QUAT quat; VEC3 translation; Moby *pBerry;
LEVEL_02,2,Ryllus,0x002EDF60,0x09427C60,Level02WallPiece,4,0x00169B44; 0x00169DC0; 0x00169E38; 0x00169E74,0x092A3844; 0x092A3AC0; 0x092A3B38; 0x092A3B74,MobyLink neighbors[ 3 ]; Toggle saveSignature; u8 pad[ 3 ];
LEVEL_02,2,Ryllus,0x002EE15C,0x09427E5C,LevelMusic,2,0x0016A2EC; 0x0016A3CC,0x092A3FEC; 0x092A40CC,u32 songNumber; TriggerLink trigger; s32 continuePointMin; s32 continuePointMax; s32 levelNumber; u8 priority; u8 pad[ 7 ];
LEVEL_02,2,Ryllus,0x002EE314,0x09428014,Lvl3Elevator,3,0x0016AF44; 0x0016AA34; 0x0016B378,0x092A4C44; 0x092A4734; 0x092A5078,CurveLink path; f32 moveTime; f32 progress; f32 progInc; f32 waitTime; f32 radius; SND_Positional *pMoveSound; f32 heightDiff; Toggle oneWay; Toggle direction; Toggle waitForHero; Toggle waitForActivate; Toggle matchHero; Toggle checkCrush; Toggle useButton; u8 pad[9];
LEVEL_02,2,Ryllus,0x002EE388,0x09428088,MapOMaticGadget,3,0x0016BCF8; 0x0016BD00; 0x0016BD08,0x092A59F8; 0x092A5A00; 0x092A5A08,
LEVEL_02,2,Ryllus,0x002EE3E8,0x094280E8,MatrixMoby,3,0x0016BD10; 0x0016BD18; 0x0016BD20,0x092A5A10; 0x092A5A18; 0x092A5A20,
LEVEL_02,2,Ryllus,0x002EE48C,0x0942818C,MobyGroup,3,0x0016BD28; 0x0016BDC0; 0x0016BDC8,0x092A5A28; 0x092A5AC0; 0x092A5AC8,MobyLink mobysToCheck[ 8 ]; u8 destroyed; u8 count; u8 pad[ 14 ];
LEVEL_02,2,Ryllus,0x002EE594,0x09428294,MobyIce,3,0x0016C6E8; 0x0016C700; 0x0016D084,0x092A63E8; 0x092A6400; 0x092A6D84,
LEVEL_02,2,Ryllus,0x002EE894,0x09428594,Mootator,3,0x0016DC2C; 0x0016DE7C; 0x0016EFCC,0x092A792C; 0x092A7B7C; 0x092A8CCC,
LEVEL_02,2,Ryllus,0x002EE970,0x09428670,MovedObject,3,0x0016F534; 0x0016F84C; 0x0016F880,0x092A9234; 0x092A954C; 0x092A9580,MobyLink target; f32 moveAmount; f32 speed; f32 accel; GDE_Sound * pMoveSound; SND_Positional *pPosSound; u32 pad[2];
LEVEL_02,2,Ryllus,0x002EEA24,0x09428724,MovieButtonTriggered,3,0x0016FBB8; 0x0016FC74; 0x0016FC7C,0x092A98B8; 0x092A9974; 0x092A997C,MobyLink newMusic; u32 pad[ 3 ];
LEVEL_02,2,Ryllus,0x002EEAE0,0x094287E0,MoviePlayerChange,3,0x0016FE64; 0x00170050; 0x00170058,0x092A9B64; 0x092A9D50; 0x092A9D58,MobyLink switchPlayer; TriggerLink trigger; MobyLink newMusic; MobyLink ambientNoise;
LEVEL_02,2,Ryllus,0x002EEBF0,0x094288F0,MovieTeleport,3,0x00170188; 0x00170340; 0x00170348,0x092A9E88; 0x092AA040; 0x092AA048,MobyLink switchPlayer; TriggerLink trigger; MobyLink trigAfter; MobyLink continuePt; int trigHack; Toggle onlyPlayOnce; Toggle bShipHack; u8 pad[10];
LEVEL_02,2,Ryllus,0x002EEC80,0x09428980,MutantCow,4,0x001705C0; 0x00170744; 0x00170C70; 0x001AF1DC,0x092AA2C0; 0x092AA444; 0x092AA970; 0x092E8EDC,
LEVEL_02,2,Ryllus,0x002EEE50,0x09428B50,MutantMadCow,4,0x001717D0; 0x00171938; 0x00171D54; 0x001AF1DC,0x092AB4D0; 0x092AB638; 0x092ABA54; 0x092E8EDC,
LEVEL_02,2,Ryllus,0x002EEF18,0x09428C18,NapalmBubble,3,0x001729C4; 0x001729CC; 0x001729D4,0x092AC6C4; 0x092AC6CC; 0x092AC6D4,
LEVEL_02,2,Ryllus,0x002EEFC0,0x09428CC0,PDA,3,0x00173458; 0x00173460; 0x00173468,0x092AD158; 0x092AD160; 0x092AD168,
LEVEL_02,2,Ryllus,0x002EF0D8,0x09428DD8,PlayerChange,3,0x0017349C; 0x001736C8; 0x001736D0,0x092AD19C; 0x092AD3C8; 0x092AD3D0,MobyLink initPlayer; MobyLink switchPlayer; TriggerLink switchTrigger; TriggerLink revertTrigger; VEC4 nextPos; MobyLink switchStartMatrix; MobyLink revertStartMatrix; u32 pad[ 2 ];
LEVEL_02,2,Ryllus,0x002EF204,0x09428F04,Polarizer,3,0x00173CF8; 0x00173EB4; 0x0017499C,0x092AD9F8; 0x092ADBB4; 0x092AE69C,
LEVEL_02,2,Ryllus,0x002EF354,0x09429054,PowerupAmmo,3,0x0017590C; 0x001759D8; 0x001759E0,0x092AF60C; 0x092AF6D8; 0x092AF6E0,VEC4 velocity; f32 fallDistance; f32 fadeAmnt; u8 ammoType; u8 ammoAmnt; u32 priority; u8 gain; u8 needSync;
LEVEL_02,2,Ryllus,0x002EF4B0,0x094291B0,PowerupHealth,3,0x00176E80; 0x00176ED0; 0x00176F0C,0x092B0B80; 0x092B0BD0; 0x092B0C0C,Particle *pTrail[8]; Particle *pGlowParticle; Particle *pGlowParticle2; Particle *pSphereParticle; Particle *pSphereParticle2; Moby *pParent; VEC4 velocity; f32 bobCount; f32 goToTimer; f32 deathTimer; f32 fallDistance;
LEVEL_02,2,Ryllus,0x002EF670,0x09429370,PushFallingPlayer,3,0x00178848; 0x001788FC; 0x00178904,0x092B2548; 0x092B25FC; 0x092B2604,TriggerLink pushTrigger; f32 pushSpeed; u32 pad[ 2 ];
LEVEL_02,2,Ryllus,0x002EF8C0,0x094295C0,Pygmy,4,0x00178A88; 0x00178EF4; 0x0017A7C4; 0x00178FC0,0x092B2788; 0x092B2BF4; 0x092B44C4; 0x092B2CC0,Navigate navigate; TriggerLink detectArea; MobyLink enemyController; CurveLink initPath; MobyLink enemyWave; MobyLink boltCrank; TriggerLink wanderArea; u32 pad[ 3 ];
LEVEL_02,2,Ryllus,0x002EFB2C,0x0942982C,PygmyB,4,0x0017B4C8; 0x0017BA60; 0x0017D4E0; 0x0017BB6C,0x092B51C8; 0x092B5760; 0x092B71E0; 0x092B586C,Navigate navigate; TriggerLink detectArea; Launch launch; MobyLink enemyController; Moby *pBlossom; VEC3 translation; MobyLink targetManager; MobyLink chasePosController; u8 controllerIndex; u8 targetIdx; u8 posCtrlIdx; u8 eatenTimer; u8 pad[ 4 ];
LEVEL_02,2,Ryllus,0x002EFB98,0x09429898,Ratchet,4,0x0017E1C4; 0x0017E204; 0x0017E20C; 0x0017E214,0x092B7EC4; 0x092B7F04; 0x092B7F0C; 0x092B7F14,
LEVEL_02,2,Ryllus,0x002EFCD4,0x094299D4,RatchetDecoyInner,4,0x0017F10C; 0x0017F114; 0x0017FE84; 0x0017F1D4,0x092B8E0C; 0x092B8E14; 0x092B9B84; 0x092B8ED4,
LEVEL_02,2,Ryllus,0x002EFD48,0x09429A48,RatchetDecoyOuter,3,0x00180394; 0x001803D0; 0x001803D8,0x092BA094; 0x092BA0D0; 0x092BA0D8,
LEVEL_02,2,Ryllus,0x002EFDA8,0x09429AA8,RatchetShip,3,0x001803F4; 0x001805E4; 0x00180648,0x092BA0F4; 0x092BA2E4; 0x092BA348,
LEVEL_02,2,Ryllus,0x002F00D0,0x09429DD0,RatchetShipAnimation,3,0x001810F0; 0x00180938; 0x0018168C,0x092BADF0; 0x092BA638; 0x092BB38C,CurveLink introShipPosCurve; CurveLink introCameraPosCurve; CurveLink outroShipPosCurve; CurveLink outroCameraPosCurve; MobyLink ship; f32 shipSpeedInit; f32 cameraSpeedInit; f32 shipRollAmount; VEC3 shipRotDamping; f32 shipRollAmountHover; VEC3 shipRotDampingHover; f32 cameraRollAmount; VEC3 cameraRotDamping; f32 hoverTime; f32 hoverPause; f32 shipSpeedChange; f32 cameraSpeedChange; VEC3 hoverPosDamping; f32 tiltFactor; f32 tiltInterpSpeed; f32 tiltReturnFactor; f32 tiltVelDamp; f32 tiltGroundThresh; f32 tiltLmaxi; f32 tiltRmaxi; f32 tiltFmaxi; f32 tiltBmaxi; VEC3 ratchetEndOffset; VEC3 cameraInAnimOffset; f32 cameraInAnimLookYOfs; VEC3 cameraOutAnimOffset; f32 cameraOutAnimLookYOfs; f32 pa
LEVEL_02,2,Ryllus,0x002F05B4,0x0942A2B4,Razorback,4,0x00184E40; 0x001836B4; 0x001853A8; 0x00183788,0x092BEB40; 0x092BD3B4; 0x092BF0A8; 0x092BD488,Navigate navigate; TriggerLink detectArea; CurveLink initPath; MobyLink enemyController; MobyLink enemyWave; MobyLink jumpOnWaveDeploy; TriggerLink wanderArea; u32 pad[ 3 ];
LEVEL_02,2,Ryllus,0x002F0750,0x0942A450,RazorbackSpike,4,0x0018720C; 0x0018742C; 0x001883C4; 0x00187460,0x092C0F0C; 0x092C112C; 0x092C20C4; 0x092C1160,VEC4 velocity; f32 fallDist; Moby *pParent; u32 pad; u8 makeParticles; u8 pad2[3];
LEVEL_02,2,Ryllus,0x002F07FC,0x0942A4FC,Region,3,0x001886C4; 0x001887C0; 0x001887C8,0x092C23C4; 0x092C24C0; 0x092C24C8,Toggle groups[32]; TriggerLink zone; u32 pad[ 3 ];
LEVEL_02,2,Ryllus,0x002F09A0,0x0942A6A0,Ryno,3,0x001887D0; 0x001888AC; 0x00188F4C,0x092C24D0; 0x092C25AC; 0x092C2C4C,
LEVEL_02,2,Ryllus,0x002F0A7C,0x0942A77C,RynoRocket,3,0x00189950; 0x0018996C; 0x001899BC,0x092C3650; 0x092C366C; 0x092C36BC,
LEVEL_02,2,Ryllus,0x002F0C4C,0x0942A94C,SetCamera,3,0x0018A878; 0x0018A98C; 0x0018A994,0x092C4578; 0x092C468C; 0x092C4694,TriggerLink area; Toggle lazy; u8 pad[3]; f32 lookHeight; f32 camDist; f32 height; f32 elevation; f32 azimuth; MobyLink parent; Toggle useAzimuth; Toggle useLookHeight; Toggle useCamDist; Toggle useHeight; Toggle useElevation; Toggle enabled; Toggle singleUse; Toggle entered; f32 speed; u32 priority; f32 restoreSpeed; u32 pad2[3];
LEVEL_02,2,Ryllus,0x002F0CD8,0x0942A9D8,ShieldCharger,4,0x0018B59C; 0x0018AC5C; 0x0018B9CC; 0x0018C1D0,0x092C529C; 0x092C495C; 0x092C56CC; 0x092C5ED0,
LEVEL_02,2,Ryllus,0x002F0E80,0x0942AB80,ShieldChargerBolt,3,0x0018E030; 0x0018E038; 0x0018E07C,0x092C7D30; 0x092C7D38; 0x092C7D7C,
LEVEL_02,2,Ryllus,0x002F0F80,0x0942AC80,ShockRocket,3,0x0018E3D0; 0x0018E4BC; 0x0018E7A8,0x092C80D0; 0x092C81BC; 0x092C84A8,
LEVEL_02,2,Ryllus,0x002F106C,0x0942AD6C,ShockRocketShot,3,0x0018F31C; 0x0018F36C; 0x0018F974,0x092C901C; 0x092C906C; 0x092C9674,
LEVEL_02,2,Ryllus,0x002F10EC,0x0942ADEC,ShrapnelModel,3,0x0019078C; 0x00190794; 0x0019079C,0x092CA48C; 0x092CA494; 0x092CA49C,
LEVEL_02,2,Ryllus,0x002F119C,0x0942AE9C,ShrinkBeam,3,0x00190BB8; 0x00190BC0; 0x00191274,0x092CA8B8; 0x092CA8C0; 0x092CAF74,
LEVEL_02,2,Ryllus,0x002F1200,0x0942AF00,ShrinkRayRatchet,3,0x00191F34; 0x00191F3C; 0x00191F44,0x092CBC34; 0x092CBC3C; 0x092CBC44,
LEVEL_02,2,Ryllus,0x002F1290,0x0942AF90,SkillPoint_L02,3,0x00191F4C; 0x00192058; 0x00192060,0x092CBC4C; 0x092CBD58; 0x092CBD60,Moby * pTestMoby; u32 testMobyID; u32 pad[ 3 ];
LEVEL_02,2,Ryllus,0x002F1370,0x0942B070,Spitfire,3,0x00192494; 0x001924C8; 0x001924EC,0x092CC194; 0x092CC1C8; 0x092CC1EC,
LEVEL_02,2,Ryllus,0x002F144C,0x0942B14C,Splash,3,0x00193880; 0x001938C8; 0x001938D0,0x092CD580; 0x092CD5C8; 0x092CD5D0,VEC2 pos; VEC2 velocity; const VEC3 *pPos; f32 startRadius; u16 uOffset; u8 owned; u8 pad;
LEVEL_02,2,Ryllus,0x002F1620,0x0942B320,Sprout,4,0x00194D44; 0x00193F68; 0x001951C0; 0x00193FCC,0x092CEA44; 0x092CDC68; 0x092CEEC0; 0x092CDCCC,NavBound navBound; TriggerLink setTargetArea; CurveLink path; MobyLink endPathSoil; MobyLink dayNightController; TriggerLink followArea; u8 checkPointIndex; u8 pad[7];
LEVEL_02,2,Ryllus,0x002F1714,0x0942B414,Sproutomatic,3,0x001963F4; 0x0019649C; 0x001964D4,0x092D00F4; 0x092D019C; 0x092D01D4,
LEVEL_02,2,Ryllus,0x002F17A0,0x0942B4A0,SproutomaticPickup,3,0x00196ADC; 0x00196C70; 0x00196C78,0x092D07DC; 0x092D0970; 0x092D0978,TriggerLink trigger; u32 pad[ 3 ];
LEVEL_02,2,Ryllus,0x002F1818,0x0942B518,StaticBarrierBelt,3,0x00196E24; 0x00196E58; 0x00196E60,0x092D0B24; 0x092D0B58; 0x092D0B60,
LEVEL_02,2,Ryllus,0x002F1AB4,0x0942B7B4,StoneIdol,4,0x00197BC0; 0x00196E68; 0x001982EC; 0x00196F74,0x092D18C0; 0x092D0B68; 0x092D1FEC; 0x092D0C74,Navigate navigate; TriggerLink detectArea; MobyLink targetManager; MobyLink chasePosController; MobyLink enemyController; CurveLink initPath; TriggerLink initPathTrigger; u8 startPath; s16 attackPause; u8 targetIdx; u8 posCtrlIdx; u8 controllerIndex; u8 targetPathPoint; u8 noRespawnAfterContPoint; Toggle useContPoint; u8 pad[3];
LEVEL_02,2,Ryllus,0x002F1B8C,0x0942B88C,StoneIdolShrapnel,3,0x00198DA8; 0x00198DB0; 0x00198DB8,0x092D2AA8; 0x092D2AB0; 0x092D2AB8,
LEVEL_02,2,Ryllus,0x002F1CF0,0x0942B9F0,SuckCannon,3,0x001990BC; 0x00199204; 0x00199820,0x092D2DBC; 0x092D2F04; 0x092D3520,
LEVEL_02,2,Ryllus,0x002F1D58,0x0942BA58,SuckCannonComet,3,0x001B069C; 0x001B06A4; 0x001B08D8,0x092EA39C; 0x092EA3A4; 0x092EA5D8,
LEVEL_02,2,Ryllus,0x002F1DC0,0x0942BAC0,SuckCannonCometTie,3,0x001B069C; 0x001B06A4; 0x0019A190,0x092EA39C; 0x092EA3A4; 0x092D3E90,
LEVEL_02,2,Ryllus,0x002F1E9C,0x0942BB9C,SuckCannonManager,3,0x0019AE70; 0x0019AEBC; 0x0019AEC4,0x092D4B70; 0x092D4BBC; 0x092D4BC4,
LEVEL_02,2,Ryllus,0x002F1F2C,0x0942BC2C,SwarmManager,3,0x0019BC14; 0x0019BC5C; 0x0019BF94,0x092D5914; 0x092D595C; 0x092D5C94,
LEVEL_02,2,Ryllus,0x002F1FCC,0x0942BCCC,TargetManager,3,0x0019C7B4; 0x0019C86C; 0x0019C874,0x092D64B4; 0x092D656C; 0x092D6574,TargetEntry entry[7]; u8 nextIdx; u8 lastIdx; u8 pad[2];
LEVEL_02,2,Ryllus,0x002F20F0,0x0942BDF0,Teleporter,3,0x0019CA68; 0x0019CE20; 0x0019D1EC,0x092D6768; 0x092D6B20; 0x092D6EEC,MobyLink destination; MobyLink destinationPreferred; TriggerLink activateTrigger; u32 levelId; s32 changeToLevel; Toggle secretActivation; s8 canGoToLevel; u8 pad[ 10 ];
LEVEL_02,2,Ryllus,0x002F23F4,0x0942C0F4,TitaniumBolt,3,0x0019DABC; 0x0019DCAC; 0x0019DE14,0x092D77BC; 0x092D79AC; 0x092D7B14,f32 dist; f32 height; f32 lookHeight; f32 elevation; f32 azimuth; Toggle magnaboots; Toggle noAnimation; u32 levelToFake; u8 id; u8 pad[5];
LEVEL_02,2,Ryllus,0x002F249C,0x0942C19C,TriggerCollection,3,0x0019E838; 0x0019E840; 0x0019E848,0x092D8538; 0x092D8540; 0x092D8548,TriggerLink triggers[ 14 ];
LEVEL_02,2,Ryllus,0x002F2510,0x0942C210,TripleWaveBeacon,3,0x0019EDA0; 0x0019EF50; 0x0019EF84,0x092D8AA0; 0x092D8C50; 0x092D8C84,
LEVEL_02,2,Ryllus,0x002F25BC,0x0942C2BC,vendor,3,0x0019F22C; 0x0019F3F4; 0x0019F458,0x092D8F2C; 0x092D90F4; 0x092D9158,u32 lastAnimPlayed; u32 vendorType; Toggle bSellsWeapons; u8 pad[ 7 ];
LEVEL_02,2,Ryllus,0x002F27C8,0x0942C4C8,Wrench,3,0x0019F7D4; 0x0019F8A8; 0x0019FD04,0x092D94D4; 0x092D95A8; 0x092D9A04,
LEVEL_03,3,Kalidon,0x002E1278,0x0941AF78,Acidbomb,3,0x0010547C; 0x0010548C; 0x00105DF4,0x0923F17C; 0x0923F18C; 0x0923FAF4,
LEVEL_03,3,Kalidon,0x002E1300,0x0941B000,AcidbombEpoxy,3,0x00107238; 0x00107240; 0x001072C8,0x09240F38; 0x09240F40; 0x09240FC8,
LEVEL_03,3,Kalidon,0x002E1360,0x0941B060,AcidGloveHUD,3,0x001077D0; 0x001077D8; 0x001077E0,0x092414D0; 0x092414D8; 0x092414E0,
LEVEL_03,3,Kalidon,0x002E13C0,0x0941B0C0,AgentController,3,0x001077E8; 0x001078D8; 0x00107A90,0x092414E8; 0x092415D8; 0x09241790,
LEVEL_03,3,Kalidon,0x002E1714,0x0941B414,AgentOfDoom,4,0x001081A8; 0x00108284; 0x00108344; 0x00108664,0x09241EA8; 0x09241F84; 0x09242044; 0x09242364,
LEVEL_03,3,Kalidon,0x002E17F4,0x0941B4F4,AgentOfDoomShrapnel,3,0x0010CD7C; 0x0010CD84; 0x0010CD8C,0x09246A7C; 0x09246A84; 0x09246A8C,
LEVEL_03,3,Kalidon,0x002E1930,0x0941B630,AgentsBomb,3,0x0010D08C; 0x0010D094; 0x0010D09C,0x09246D8C; 0x09246D94; 0x09246D9C,
LEVEL_03,3,Kalidon,0x002E19C8,0x0941B6C8,AgentsGlove,3,0x0010E628; 0x0010E6B4; 0x0010E6E0,0x09248328; 0x092483B4; 0x092483E0,
LEVEL_03,3,Kalidon,0x002E1A74,0x0941B774,AgentsGrenade,3,0x0010EBB0; 0x0010ECA0; 0x0010F154,0x092488B0; 0x092489A0; 0x09248E54,
LEVEL_03,3,Kalidon,0x002E1B1C,0x0941B81C,AgentsLaser,3,0x0010F6D0; 0x0010F9D8; 0x0010FA8C,0x092493D0; 0x092496D8; 0x0924978C,
LEVEL_03,3,Kalidon,0x002E1C10,0x0941B910,AgentsRocket,3,0x00110498; 0x0011055C; 0x001105DC,0x0924A198; 0x0924A25C; 0x0924A2DC,
LEVEL_03,3,Kalidon,0x002E1D0C,0x0941BA0C,AgentTweaker,3,0x00110EC4; 0x00110FF8; 0x00111000,0x0924ABC4; 0x0924ACF8; 0x0924AD00,f32 enemyChaseDistStart; f32 enemyChaseDistStop; TriggerLink trigger; MobyLink triggerCollection;
LEVEL_03,3,Kalidon,0x002E1DE8,0x0941BAE8,AirRaceInvitation,3,0x00111008; 0x00111220; 0x00111228,0x0924AD08; 0x0924AF20; 0x0924AF28,TriggerLink startTrigger; TriggerLink playerWarpPos; TriggerLink movieQueueTrigger; MobyLink startCam;
LEVEL_03,3,Kalidon,0x002E1E68,0x0941BB68,ArmorHelmet,3,0x00111E6C; 0x00111E74; 0x00111E7C,0x0924BB6C; 0x0924BB74; 0x0924BB7C,
LEVEL_03,3,Kalidon,0x002E1EC8,0x0941BBC8,ArmorLeftFoot,3,0x00111E84; 0x00111E8C; 0x00111E94,0x0924BB84; 0x0924BB8C; 0x0924BB94,
LEVEL_03,3,Kalidon,0x002E1F38,0x0941BC38,ArmorLeftHand,3,0x00111E9C; 0x00111EA4; 0x00111EAC,0x0924BB9C; 0x0924BBA4; 0x0924BBAC,u32 pad[ 4 ];
LEVEL_03,3,Kalidon,0x002E2068,0x0941BD68,ArmorPickup,3,0x00112220; 0x00111ED0; 0x00112724,0x0924BF20; 0x0924BBD0; 0x0924C424,f32 dist; f32 height; f32 lookHeight; f32 elevation; f32 azimuth; MobyLink driver; MobyLink playerMatrix; u32 playthroughReq; Toggle magnaboots; u8 pad[ 15 ];
LEVEL_03,3,Kalidon,0x002E20E0,0x0941BDE0,ArmorRightFoot,3,0x00112C60; 0x00112C68; 0x00112C70,0x0924C960; 0x0924C968; 0x0924C970,
LEVEL_03,3,Kalidon,0x002E2150,0x0941BE50,ArmorRightHand,3,0x00112C78; 0x00112C80; 0x00112C88,0x0924C978; 0x0924C980; 0x0924C988,u32 pad[ 4 ];
LEVEL_03,3,Kalidon,0x002E21B0,0x0941BEB0,ArmorTorso,3,0x00112C90; 0x00112C98; 0x00112CA0,0x0924C990; 0x0924C998; 0x0924C9A0,
LEVEL_03,3,Kalidon,0x002E2250,0x0941BF50,BasicAnimated,3,0x00112CA8; 0x00112E68; 0x00112ECC,0x0924C9A8; 0x0924CB68; 0x0924CBCC,u32 animId; TriggerLink drawArea; Toggle randStart; u8 pad[7];
LEVEL_03,3,Kalidon,0x002E2334,0x0941C034,BeeMine,4,0x00113630; 0x00113640; 0x00113A20; 0x00113718,0x0924D330; 0x0924D340; 0x0924D720; 0x0924D418,
LEVEL_03,3,Kalidon,0x002E2400,0x0941C100,BeeMineGlove,3,0x001153FC; 0x00115584; 0x001155B0,0x0924F0FC; 0x0924F284; 0x0924F2B0,
LEVEL_03,3,Kalidon,0x002E2460,0x0941C160,BeeMineGloveHUD,3,0x00115BD0; 0x00115BD8; 0x00115BE0,0x0924F8D0; 0x0924F8D8; 0x0924F8E0,
LEVEL_03,3,Kalidon,0x002E252C,0x0941C22C,BeeMineShrapnel,3,0x00115F18; 0x00115F20; 0x00115F28,0x0924FC18; 0x0924FC20; 0x0924FC28,
LEVEL_03,3,Kalidon,0x002E261C,0x0941C31C,Blaster,3,0x00115FA0; 0x001160FC; 0x00116620,0x0924FCA0; 0x0924FDFC; 0x09250320,
LEVEL_03,3,Kalidon,0x002E2688,0x0941C388,BlasterAkimbo,3,0x00117600; 0x00117684; 0x001176B4,0x09251300; 0x09251384; 0x092513B4,
LEVEL_03,3,Kalidon,0x002E26FC,0x0941C3FC,BlasterShot,3,0x00117984; 0x001179AC; 0x00117D50,0x09251684; 0x092516AC; 0x09251A50,
LEVEL_03,3,Kalidon,0x002E2B5C,0x0941C85C,BlitzGun,3,0x00119C1C; 0x00119D78; 0x0011A1D0,0x0925391C; 0x09253A78; 0x09253ED0,
LEVEL_03,3,Kalidon,0x002E2CEC,0x0941C9EC,BlitzGunShot,3,0x0011BC64; 0x0011BC6C; 0x0011BE08,0x09255964; 0x0925596C; 0x09255B08,
LEVEL_03,3,Kalidon,0x002E2D50,0x0941CA50,Bolt,2,0x0011C918; 0x0011C920,0x09256618; 0x09256620,
LEVEL_03,3,Kalidon,0x002E3044,0x0941CD44,BoltController,3,0x0011FE88; 0x001200BC; 0x001200E0,0x09259B88; 0x09259DBC; 0x09259DE0,u32 boltAmnt; u32 boltAmountReplay; u32 pad[ 2 ];
LEVEL_03,3,Kalidon,0x002E30D4,0x0941CDD4,BoltCrankBolt,3,0x0012047C; 0x00120698; 0x001206A0,0x0925A17C; 0x0925A398; 0x0925A3A0,
LEVEL_03,3,Kalidon,0x002E31C0,0x0941CEC0,BoltCrankCam,3,0x00120B90; 0x00120BCC; 0x00120BD4,0x0925A890; 0x0925A8CC; 0x0925A8D4,MobyLink boltCrank; f32 dist; f32 height; f32 lookHeight; f32 elevation; f32 azimuth; f32 camBlend; f32 pad;
LEVEL_03,3,Kalidon,0x002E3220,0x0941CF20,BoltGrabber,3,0x00120E74; 0x00120E7C; 0x00120E84,0x0925AB74; 0x0925AB7C; 0x0925AB84,
LEVEL_03,3,Kalidon,0x002E32E4,0x0941CFE4,Bombglove,3,0x00120E8C; 0x00120F64; 0x00121414,0x0925AB8C; 0x0925AC64; 0x0925B114,
LEVEL_03,3,Kalidon,0x002E3348,0x0941D048,BoxBreaker,3,0x00121984; 0x0012198C; 0x00121994,0x0925B684; 0x0925B68C; 0x0925B694,
LEVEL_03,3,Kalidon,0x002E33A8,0x0941D0A8,BoxBreakerHelp,3,0x00121A20; 0x00121A28; 0x00121A30,0x0925B720; 0x0925B728; 0x0925B730,
LEVEL_03,3,Kalidon,0x002E34FC,0x0941D1FC,ChameleonDecoy,4,0x00121CFC; 0x00121D04; 0x00121D1C; 0x00121DA4,0x0925B9FC; 0x0925BA04; 0x0925BA1C; 0x0925BAA4,
LEVEL_03,3,Kalidon,0x002E3570,0x0941D270,ClankForShipAnim,3,0x00121E58; 0x00121E60; 0x00121E68,0x0925BB58; 0x0925BB60; 0x0925BB68,u32 pad[ 4 ];
LEVEL_03,3,Kalidon,0x002E35D0,0x0941D2D0,ClankPack,3,0x00121E70; 0x00121EA0; 0x00121EA8,0x0925BB70; 0x0925BBA0; 0x0925BBA8,
LEVEL_03,3,Kalidon,0x002E365C,0x0941D35C,ContinuePoint,3,0x00121ECC; 0x00121EF0; 0x00121EF8,0x0925BBCC; 0x0925BBF0; 0x0925BBF8,TriggerLink activateTrigger; u8 index;
LEVEL_03,3,Kalidon,0x002E36F4,0x0941D3F4,ConveyerItem,3,0x00122010; 0x001221E8; 0x0012221C,0x0925BD10; 0x0925BEE8; 0x0925BF1C,MobyLink pConveyer; Toggle treadOnMe; u8 pad[11];
LEVEL_03,3,Kalidon,0x002E3910,0x0941D610,ConveyerJunkController,3,0x001223DC; 0x00122628; 0x00122B20,0x0925C0DC; 0x0925C328; 0x0925C820,CurveLink junkPath; MobyLink movePlayerHack; TriggerLink activate; TriggerLink updateArea; TriggerLink destroyArea; f32 conveyerSpeed; f32 pauseTime; f32 distBetweenPause; Moby *objects[12]; CJC_OnSpawn *objectCBs[12]; s32 uvSpeed; SND_Positional *pSound; u8 objectStates[12]; u8 objectPathPoints[12]; TriggerLink stopArea; u8 numObjects; u8 startingObjects; u8 startingObjectsId; u8 pad[9];
LEVEL_03,3,Kalidon,0x002E39E4,0x0941D6E4,CowBell,3,0x00123840; 0x00123848; 0x00123850,0x0925D540; 0x0925D548; 0x0925D550,
LEVEL_03,3,Kalidon,0x002E3A94,0x0941D794,Crate,4,0x00123988; 0x00123990; 0x00123A78; 0x00123998,0x0925D688; 0x0925D690; 0x0925D778; 0x0925D698,Moby *pCrateBelow; f32 velocityY; f32 fallDistance; f32 distFallen;
LEVEL_03,3,Kalidon,0x002E3BD4,0x0941D8D4,CrateAmmo,4,0x00123B58; 0x00123B80; 0x00123B88; 0x00123B90,0x0925D858; 0x0925D880; 0x0925D888; 0x0925D890,Moby *pCrateBelow; f32 velocityY; f32 fallDistance; f32 distFallen; Toggle major; Toggle minor; u8 noAmmoType1; u8 noAmmoType2; u8 onlyAmmoType; Toggle validIM; Toggle validDM; Toggle validCTF; u8 pad[8];
LEVEL_03,3,Kalidon,0x002E3D08,0x0941DA08,CrateAmmoSpawned,4,0x00124254; 0x00124274; 0x00124290; 0x0012458C,0x0925DF54; 0x0925DF74; 0x0925DF90; 0x0925E28C,Moby *pCrateBelow; f32 velocityY; f32 fallDistance; f32 distFallen; Toggle major; Toggle minor; u8 noAmmoType1; u8 noAmmoType2; u8 onlyAmmoType; Toggle validIM; Toggle validDM; Toggle validCTF; u8 pad[8];
LEVEL_03,3,Kalidon,0x002E3D68,0x0941DA68,CrateChunk,2,0x001245CC; 0x001245D4,0x0925E2CC; 0x0925E2D4,
LEVEL_03,3,Kalidon,0x002E3F68,0x0941DC68,CrateChunkController,2,0x00124C30; 0x00124C38,0x0925E930; 0x0925E938,
LEVEL_03,3,Kalidon,0x002E408C,0x0941DD8C,CrateExplosive,2,0x00124DF8; 0x00124E3C,0x0925EAF8; 0x0925EB3C,Moby *pCrateBelow; f32 velocityY; f32 fallDistance; f32 distFallen; Toggle explode; u8 keyIdx; Toggle validIM; Toggle validDM; Toggle validCTF; u8 pad[11];
LEVEL_03,3,Kalidon,0x002E4220,0x0941DF20,CrateHealth,2,0x00125620; 0x001256BC,0x0925F320; 0x0925F3BC,Moby *pCrateBelow; f32 velocityY; f32 fallDistance; f32 distFallen; Moby *pPowerup; Toggle validIM; Toggle validDM; Toggle validCTF; u8 pad[9];
LEVEL_03,3,Kalidon,0x002E4818,0x0941E518,CrateHealthSpawned,4,0x00125FD8; 0x0012606C; 0x001260C8; 0x00126088,0x0925FCD8; 0x0925FD6C; 0x0925FDC8; 0x0925FD88,Moby *pCrateBelow; f32 velocityY; f32 fallDistance; f32 distFallen; Moby *pPowerup; Toggle validIM; Toggle validDM; Toggle validCTF; u8 pad[9];
LEVEL_03,3,Kalidon,0x002E4914,0x0941E614,CrossbowGun,3,0x00126490; 0x0012657C; 0x0012675C,0x09260190; 0x0926027C; 0x0926045C,
LEVEL_03,3,Kalidon,0x002E4AF4,0x0941E7F4,CrossbowShot,3,0x00126DAC; 0x00126DB4; 0x001282F4,0x09260AAC; 0x09260AB4; 0x09261FF4,
LEVEL_03,3,Kalidon,0x002E4C10,0x0941E910,CrystalGroundShard,3,0x001291E8; 0x0012942C; 0x00129670,0x09262EE8; 0x0926312C; 0x09263370,
LEVEL_03,3,Kalidon,0x002E4CD0,0x0941E9D0,DeathTrigger,3,0x00129D90; 0x00129DF0; 0x00129DF8,0x09263A90; 0x09263AF0; 0x09263AF8,MobyLink killAreas; MobyLink ignoreAreas; Toggle killHeroInTriggers; f32 minYHeight; u8 pad[3];
LEVEL_03,3,Kalidon,0x002E4FB8,0x0941ECB8,Drone01,4,0x00129F6C; 0x0012A810; 0x0012B0BC; 0x0012A598,0x09263C6C; 0x09264510; 0x09264DBC; 0x09264298,Navigate nav; MobyLink controller; MobyLink enemyWave; TriggerLink enterTrigger; TriggerLink detectArea; CurveLink enterPath; CurveLink patrolPath; f32 alertRadius; f32 yFloor; u32 pad;
LEVEL_03,3,Kalidon,0x002E507C,0x0941ED7C,Drone01Light,3,0x0012C7AC; 0x0012C7B4; 0x0012C7BC,0x092664AC; 0x092664B4; 0x092664BC,
LEVEL_03,3,Kalidon,0x002E5150,0x0941EE50,Drone01Shot,3,0x0012CB60; 0x0012CE7C; 0x0012CF30,0x09266860; 0x09266B7C; 0x09266C30,Particle *pGlow1; Moby *pParent; f32 worldCollDist; f32 distTraveled; Moby *pController; f32 speed; u32 pad[1];
LEVEL_03,3,Kalidon,0x002E51E0,0x0941EEE0,DualBlasterHUD,3,0x0012D764; 0x0012D76C; 0x0012D774,0x09267464; 0x0926746C; 0x09267474,
LEVEL_03,3,Kalidon,0x002E527C,0x0941EF7C,electricXplo,3,0x0012E214; 0x0012DF68; 0x0012DF70,0x09267F14; 0x09267C68; 0x09267C70,f32 lengths[24]; VEC3 normals[18]; f32 timer; s32 scroll;
LEVEL_03,3,Kalidon,0x002E5450,0x0941F150,ElectroBall,3,0x0012FAFC; 0x0012FB6C; 0x0012FBB0,0x092697FC; 0x0926986C; 0x092698B0,
LEVEL_03,3,Kalidon,0x002E555C,0x0941F25C,ElectroshockWave,3,0x001307F4; 0x001307FC; 0x001312D4,0x0926A4F4; 0x0926A4FC; 0x0926AFD4,
LEVEL_03,3,Kalidon,0x002E563C,0x0941F33C,EndMovie,3,0x00131664; 0x001317A8; 0x001317B0,0x0926B364; 0x0926B4A8; 0x0926B4B0,TriggerLink trigger; u32 level; u32 grantedLevel; TriggerLink queueTrigger; Toggle dontReplay; u8 pad[15];
LEVEL_03,3,Kalidon,0x002E57A8,0x0941F4A8,EnemyController,3,0x0013198C; 0x00131B98; 0x00131DD8,0x0926B68C; 0x0926B898; 0x0926BAD8,TriggerLink updateArea; TriggerLink updateArea2; TriggerLink destroyTrigger; f32 firstWaveDist; f32 secondWaveDist; Toggle envColl; u8 attackingMax; Toggle destroyControllerToo; u8 pad[ 9 ];
LEVEL_03,3,Kalidon,0x002E5914,0x0941F614,EnemyWave,3,0x00134878; 0x00134930; 0x00134C34,0x0926E578; 0x0926E630; 0x0926E934,MobyLink destroyedMoby; TriggerLink trigger; MobyLink previousWave; f32 timer; f32 delayRandMax; MobyLink enemyControllerToCheck; u8 mobyToCheckState; Toggle prevWaveDestroyed; u8 enemyInControllerCount; u8 pad[ 9 ];
LEVEL_03,3,Kalidon,0x002E5AE4,0x0941F7E4,ExplosiveBee,3,0x001350F8; 0x001351A0; 0x00136048,0x0926EDF8; 0x0926EEA0; 0x0926FD48,
LEVEL_03,3,Kalidon,0x002E5C2C,0x0941F92C,FactoryInspector,4,0x00137140; 0x00137488; 0x001376AC; 0x0013754C,0x09270E40; 0x09271188; 0x092713AC; 0x0927124C,Navigate nav; MobyLink controller; MobyLink object; u32 index; Launch launch; u32 pad;
LEVEL_03,3,Kalidon,0x002E5E80,0x0941FB80,FactoryWorker,4,0x00137ABC; 0x00137F20; 0x001383F0; 0x00137DC0,0x092717BC; 0x09271C20; 0x092720F0; 0x09271AC0,TriggerLink updateArea; MobyLink junkController; u32 conveyerPointId; u8 exploding; u8 formDataId; u8 pad[2]; Launch launch; SND_Positional *pSound;
LEVEL_03,3,Kalidon,0x002E5FC8,0x0941FCC8,Flamethrower,3,0x001389B4; 0x00138B30; 0x00139940,0x092726B4; 0x09272830; 0x09273640,
LEVEL_03,3,Kalidon,0x002E62B8,0x0941FFB8,FlyingCarLightweightDirectional,3,0x0013BF80; 0x0013C174; 0x0013C17C,0x09275C80; 0x09275E74; 0x09275E7C,f32 speed; f32 distance; f32 fadeDist; u8 pad8a; u8 reverse; u8 lanes; u8 pad8; f32 spawnXMod; f32 spawnYMod; VEC3 posVariAmp; VEC3 posVariRate; f32 scale; u32 numShips; f32 spawnRate; Toggle DistantShip1; Toggle DistantShip2; Toggle DistantShip3; Toggle PODCopter; Toggle ShuttleCruiser; Toggle Dragonfly; Toggle pad[15] ;
LEVEL_03,3,Kalidon,0x002E64E0,0x094201E0,FlyingCarLightweightOrbit,3,0x0013D03C; 0x0013D218; 0x0013D220,0x09276D3C; 0x09276F18; 0x09276F20,f32 speed; f32 radius; f32 fadeDist; u8 pad8a; u8 spawnRadiusMod; u8 reverse; u8 lanes; f32 spawnYMod; VEC3 posVariAmp; VEC3 posVariRate; u32 numShips; f32 spawnRate; f32 scale; f32 startAngle; f32 endAngle; Toggle DistantShip1; Toggle DistantShip2; Toggle DistantShip3; Toggle PODCopter; Toggle ShuttleCruiser; Toggle pad[11] ;
LEVEL_03,3,Kalidon,0x002E66E4,0x094203E4,FlyingCarLightweightPathed,3,0x0013EC90; 0x0013E1F0; 0x0013E1F8,0x09278990; 0x09277EF0; 0x09277EF8,CurveLink path; f32 speed; f32 fadeDist; u8 loop; u8 reverse; u8 lanes; u8 rotSmooth; f32 spawnXMod; f32 spawnYMod; VEC3 posVariAmp; VEC3 posVariRate; f32 spawnRate; f32 scale; u32 numShips; Toggle DistantShip1; Toggle DistantShip2; Toggle DistantShip3; Toggle PODCopter; Toggle ShuttleCruiser; Toggle pad[15] ;
LEVEL_03,3,Kalidon,0x002E67B8,0x094204B8,GravityCrystal,3,0x0013F5DC; 0x0013F7F4; 0x0014016C,0x092792DC; 0x092794F4; 0x09279E6C,
LEVEL_03,3,Kalidon,0x002E69EC,0x094206EC,GrindrailBomb,4,0x00140DB0; 0x00140EA0; 0x00140F04; 0x00140CA8,0x0927AAB0; 0x0927ABA0; 0x0927AC04; 0x0927A9A8,
LEVEL_03,3,Kalidon,0x002E6CBC,0x094209BC,GrindrailController,2,0x00142540; 0x001427B0,0x0927C240; 0x0927C4B0,VEC4 dir; CurveLink path; f32 grindrailSp; CurveLink secPaths[20]; f32 camDefaultLookLead; f32 camDefaultDist; f32 camDefaultHeight; f32 camDefaultAzimuth; f32 camDefaultElevation; f32 bombDamageFrac; f32 gateDamageFrac;
LEVEL_03,3,Kalidon,0x002E6EEC,0x09420BEC,GrindrailGate,3,0x00142AB0; 0x00142B88; 0x00142D80,0x0927C7B0; 0x0927C888; 0x0927CA80,u32 pad[4];
LEVEL_03,3,Kalidon,0x002E6FF0,0x09420CF0,GrindrailLock,3,0x001433C4; 0x001437A4; 0x001438D0,0x0927D0C4; 0x0927D4A4; 0x0927D5D0,TriggerLink promptArea; TriggerLink endArea; MobyLink matrixMoby; u32 lockID; MobyLink destroyMobys; u32 pad[ 3 ];
LEVEL_03,3,Kalidon,0x002E70D0,0x09420DD0,GrindrailSwitch,4,0x001441B0; 0x001442F8; 0x0014435C; 0x00143F98,0x0927DEB0; 0x0927DFF8; 0x0927E05C; 0x0927DC98,MobyLink gate; Toggle toggleOnOff; s32 gateMember; u32 pad[1];
LEVEL_03,3,Kalidon,0x002E7234,0x09420F34,HeadShrapnel,3,0x00144ACC; 0x00144AE0; 0x00144AE8,0x0927E7CC; 0x0927E7E0; 0x0927E7E8,
LEVEL_03,3,Kalidon,0x002E72A4,0x09420FA4,Helipack,3,0x001450E0; 0x001450E8; 0x001450F0,0x0927EDE0; 0x0927EDE8; 0x0927EDF0,
LEVEL_03,3,Kalidon,0x002E73B8,0x094210B8,Hookshot,3,0x001452F0; 0x0014548C; 0x001454C0,0x0927EFF0; 0x0927F18C; 0x0927F1C0,CurveLink path; VEC3 pathPoint; f32 speed; f32 ropeLength; f32 range; u8 attached; u8 swing; u8 pathPointId; Toggle validIM; Toggle validDM; Toggle validCTF; u8 pad[14];
LEVEL_03,3,Kalidon,0x002E74A4,0x094211A4,HutDoor,3,0x001458E8; 0x00145CB4; 0x00145EE0,0x0927F5E8; 0x0927F9B4; 0x0927FBE0,MobyLink mobysToCheck[ 10 ]; TriggerLink trigger; MobyLink enemyController; f32 radius; u32 pad[3];
LEVEL_03,3,Kalidon,0x002E768C,0x0942138C,Hypershot,3,0x00146724; 0x001467C0; 0x00146848,0x09280424; 0x092804C0; 0x09280548,
LEVEL_03,3,Kalidon,0x002E7710,0x09421410,IntroMovie,3,0x001469D8; 0x00146A94; 0x00146A9C,0x092806D8; 0x09280794; 0x0928079C,u32 fromLevel; u32 pad[ 3 ];
LEVEL_03,3,Kalidon,0x002E8CCC,0x094229CC,LaserTracer,3,0x0014A738; 0x0014A82C; 0x0014A9B4,0x09284438; 0x0928452C; 0x092846B4,
LEVEL_03,3,Kalidon,0x002E8F34,0x09422C34,LevelMusic,2,0x001501C0; 0x001502A0,0x09289EC0; 0x09289FA0,u32 songNumber; TriggerLink trigger; s32 continuePointMin; s32 continuePointMax; s32 levelNumber; u8 priority; u8 pad[ 7 ];
LEVEL_03,3,Kalidon,0x002E9010,0x09422D10,Lvl3BoltCranker,3,0x00150908; 0x00150B60; 0x00150B68,0x0928A608; 0x0928A860; 0x0928A868,f32 progress; f32 progInc; MobyLink bolt; f32 distMoved; MobyLink platforms[10]; u32 pad[2];
LEVEL_03,3,Kalidon,0x002E91AC,0x09422EAC,Lvl3Bomb,4,0x00150EA0; 0x001511D4; 0x001512FC; 0x00151220,0x0928ABA0; 0x0928AED4; 0x0928AFFC; 0x0928AF20,f32 speed; VEC3 idealPos; CurveLink path; f32 flashTimer; u8 startPoint; u8 nextPoint; u8 pad[6];
LEVEL_03,3,Kalidon,0x002E92A4,0x09422FA4,Lvl3DeadlyFluid,3,0x00151A90; 0x00151CDC; 0x00151DC8,0x0928B790; 0x0928B9DC; 0x0928BAC8,Moby *pLayer2; TriggerLink activeArea; f32 curAmp; Toggle useEffects; u8 pad[3]; Moby *steamMobies[4];
LEVEL_03,3,Kalidon,0x002E9460,0x09423160,Lvl3Door,3,0x001523BC; 0x001527D4; 0x001529AC,0x0928C0BC; 0x0928C4D4; 0x0928C6AC,MobyLink controller; TriggerLink activate; TriggerLink updateArea; CurveLink path; f32 moveTime; f32 progInc; Lvl3Door_Data *pData; SND_Positional *pSound; Toggle lockWhenClosed; u8 openOffGroups[5]; u8 outClosedOffGroups[5]; u8 inClosedOffGroups[5]; MobyLink grindLock; MobyLink noLockMoby; u32 pad[2];
LEVEL_03,3,Kalidon,0x002E9644,0x09423344,Lvl3Elevator,3,0x00153AE8; 0x001533D0; 0x00153F1C,0x0928D7E8; 0x0928D0D0; 0x0928DC1C,CurveLink path; f32 moveTime; f32 progress; f32 progInc; f32 waitTime; f32 radius; SND_Positional *pMoveSound; f32 heightDiff; Toggle oneWay; Toggle direction; Toggle waitForHero; Toggle waitForActivate; Toggle matchHero; Toggle checkCrush; Toggle useButton; u8 pad[9];
LEVEL_03,3,Kalidon,0x002E96FC,0x094233FC,Lvl3FluidBubble,3,0x0015489C; 0x001549B8; 0x001549C0,0x0928E59C; 0x0928E6B8; 0x0928E6C0,f32 offsetTime; f32 offTime; f32 offTimeRand; u32 pad;
LEVEL_03,3,Kalidon,0x002E9898,0x09423598,Lvl3GuardBeam,3,0x00154EF4; 0x00154F6C; 0x00154FD0,0x0928EBF4; 0x0928EC6C; 0x0928ECD0,f32 height; f32 width; f32 size; u8 numBeams; Toggle useAltConfig; u8 pad[2];
LEVEL_03,3,Kalidon,0x002E9A70,0x09423770,Lvl3Hooks,3,0x00155398; 0x0015585C; 0x00155BFC,0x0928F098; 0x0928F55C; 0x0928F8FC,TriggerLink activate; MobyLink backDoor; MobyLink frontDoor; CurveLink positions; f32 distToEnd; u32 numMoving; MobyLink wave1[8]; MobyLink wave2[4]; MobyLink wave3[8]; MobyLink wave4[6]; TieLink hooks[8]; MobyLink globalCamera; SND_Positional *pSound; MobyLink grindLock; TriggerLink doorTrigger;
LEVEL_03,3,Kalidon,0x002E9BEC,0x094238EC,Lvl3MagnaRoom,3,0x001566FC; 0x00156978; 0x00156DBC,0x092903FC; 0x09290678; 0x09290ABC,MobyLink deathTrigger; TriggerLink doorway1; TriggerLink doorway2; TriggerLink updateArea; u32 uOffset; u32 vOffset; u32 pad[2];
LEVEL_03,3,Kalidon,0x002E9C90,0x09423990,Lvl3Pipe,3,0x001571BC; 0x00157294; 0x0015729C,0x09290EBC; 0x09290F94; 0x09290F9C,TriggerLink visibleArea; u32 pad[3];
LEVEL_03,3,Kalidon,0x002E9DB4,0x09423AB4,Lvl3Plant,3,0x00157334; 0x0015751C; 0x00157524,0x09291034; 0x0929121C; 0x09291224,ShrubLink plant; TriggerLink activeArea; f32 progressInc; u32 pad;
LEVEL_03,3,Kalidon,0x002EA3E8,0x094240E8,Lvl3Platform,3,0x001580B4; 0x00157AF4; 0x00158A18,0x09291DB4; 0x092917F4; 0x09292718,TieLink clearPipe2; MobyLink waterPipe1; MobyLink waterPipe2; TriggerLink startTrigger; TriggerLink consoleArea; TriggerLink mainShaft; SND_Positional *pSound; f32 sparkPosX[4]; f32 sparkPosZ[4]; MobyLink fluidMoby; TieLink fluidPlane; u8 numActiveSmoke; u8 isPlatforming; u8 pad[2]; f32 fluidSpeed; u8 curStop; u8 curWave; u8 curBombSet; u8 curBombId; MobyLink stop1Waves[1]; MobyLink stop2Waves[2]; MobyLink stop3Waves[2]; MobyLink stop4Waves[2]; MobyLink firstBombs[4]; MobyLink secondBombs[4]; f32 emitRemaining[8]; f32 smokePosX[8]; f32 smokePosZ[8]; MobyLink platforms[20]; MobyLink globalCamera; TriggerLink upperShaft; f32 fluidIdealHeight; f32 playerYProgression; MobyLink bridge; f32 bridge
LEVEL_03,3,Kalidon,0x002EA4E4,0x094241E4,Lvl3PlatformShrapnel,3,0x0015B420; 0x0015B58C; 0x0015B5C0,0x09295120; 0x0929528C; 0x092952C0,
LEVEL_03,3,Kalidon,0x002EA608,0x09424308,Lvl3PumpMachinery,3,0x0015BB7C; 0x0015BD90; 0x0015BD98,0x0929587C; 0x09295A90; 0x09295A98,TriggerLink activeArea; TieLink gear; TieLink pump; TieLink pipe; SND_Positional *pSound; SND_Positional *pLoop; u32 pad[2];
LEVEL_03,3,Kalidon,0x002EA774,0x09424474,Lvl3RedRobot,4,0x0015C00C; 0x0015C238; 0x0015C240; 0x0015C55C,0x09295D0C; 0x09295F38; 0x09295F40; 0x0929625C,MobyLink conveyorBelt; Toggle doNotCollide; s8 group; Toggle pad[10];
LEVEL_03,3,Kalidon,0x002EA87C,0x0942457C,Lvl3Showcase,4,0x0015C7F8; 0x0015CAB8; 0x0015CB1C; 0x0015CA84,0x092964F8; 0x092967B8; 0x0929681C; 0x09296784,TieLink brokenGlass; TriggerLink breakTrigger; MobyLink enemyWave; u32 pad;
LEVEL_03,3,Kalidon,0x002EA950,0x09424650,Lvl3SinkingPlatform,3,0x0015D114; 0x0015D284; 0x0015D454,0x09296E14; 0x09296F84; 0x09297154,VEC4 idealUp; VEC4 startUp; f32 progress; f32 progInc; f32 startY; f32 endY;
LEVEL_03,3,Kalidon,0x002EA9D8,0x094246D8,Lvl3StartCam,3,0x0015DC94; 0x0015DCC8; 0x0015DCD0,0x09297994; 0x092979C8; 0x092979D0,
LEVEL_03,3,Kalidon,0x002EAA38,0x09424738,Lvl3StaticPlatform,3,0x0015DEC0; 0x0015E06C; 0x0015E0D8,0x09297BC0; 0x09297D6C; 0x09297DD8,
LEVEL_03,3,Kalidon,0x002EAD9C,0x09424A9C,Lvl3Steam,3,0x0015E4A0; 0x0015E4A8; 0x0015E65C,0x092981A0; 0x092981A8; 0x0929835C,TriggerLink visibleArea; f32 riseRate; f32 riseRateRange; f32 windSpeed; f32 riseAccel; f32 startSize; f32 startSizeRange; f32 endSize; f32 endSizeRange; f32 posDeviation; f32 dirDeviation; f32 lifetime; u8 startRed; u8 startBlue; u8 startGreen; u8 startAlpha; u8 endRed; u8 endBlue; u8 endGreen; u8 endAlpha; f32 offTime; f32 onTime; f32 offTimeRand; f32 onTimeRand; u8 presetIndex; u8 blendType; u8 pad[6];
LEVEL_03,3,Kalidon,0x002EAE08,0x09424B08,MapOMaticGadget,3,0x0015EB74; 0x0015EB7C; 0x0015EB84,0x09298874; 0x0929887C; 0x09298884,
LEVEL_03,3,Kalidon,0x002EAE68,0x09424B68,MatrixMoby,3,0x0015EB8C; 0x0015EB94; 0x0015EB9C,0x0929888C; 0x09298894; 0x0929889C,
LEVEL_03,3,Kalidon,0x002EAF0C,0x09424C0C,MobyGroup,3,0x0015EBA4; 0x0015EC3C; 0x0015EC44,0x092988A4; 0x0929893C; 0x09298944,MobyLink mobysToCheck[ 8 ]; u8 destroyed; u8 count; u8 pad[ 14 ];
LEVEL_03,3,Kalidon,0x002EB014,0x09424D14,MobyIce,3,0x0015F564; 0x0015F57C; 0x0015FF00,0x09299264; 0x0929927C; 0x09299C00,
LEVEL_03,3,Kalidon,0x002EB080,0x09424D80,ModVendor,3,0x001607B4; 0x00160954; 0x001609B8,0x0929A4B4; 0x0929A654; 0x0929A6B8,
LEVEL_03,3,Kalidon,0x002EB374,0x09425074,Mootator,3,0x00160E24; 0x00161074; 0x001621C4,0x0929AB24; 0x0929AD74; 0x0929BEC4,
LEVEL_03,3,Kalidon,0x002EB40C,0x0942510C,MovePlayerHack,3,0x0016272C; 0x00162800; 0x00162808,0x0929C42C; 0x0929C500; 0x0929C508,TriggerLink area; f32 speed; f32 atLen; u32 pad;
LEVEL_03,3,Kalidon,0x002EBA70,0x09425770,Mungo,4,0x00163F9C; 0x00162A0C; 0x00164890; 0x001628B8,0x0929DC9C; 0x0929C70C; 0x0929E590; 0x0929C5B8,VEC3 lHandPos; f32 reposTimer; VEC4 rHandPos; VEC3 objectJoint1; TriggerLink arenaTrigger; VEC3 objectJoint2; SND_Positional *pSound; VEC3 pipeVelocity; f32 health; Navigate nav; TriggerLink enterTrigger; TieLink platform; MobyLink startBridge; MobyLink endBridge; MobyLink door; f32 lastLHandPosZ; f32 lastRHandPosZ; f32 attackSpeed; u8 pipeIndex; u8 droneIndex; u8 lastState; u8 sideIndex; u8 swingCount; u8 difficulty; u8 pad[2]; MobyLink backDoor; MobyLink crateController1; MobyLink crateController2; u8 miscCounter; Toggle bHoldingDrone; Toggle bHoldingPipe; u8 reposSide; MobyLink armor; ShrubLink pipes[10]; Moby* northDrones[6]; Moby* southDrones[6]; CurveLink northPaths[6]; CurveLink south
LEVEL_03,3,Kalidon,0x002EBB6C,0x0942586C,MungoCC,3,0x001692F0; 0x00169350; 0x0016955C,0x092A2FF0; 0x092A3050; 0x092A325C,f32 spawnTime; TriggerLink noUpdateArea; u32 pad[2];
LEVEL_03,3,Kalidon,0x002EBD94,0x09425A94,MungoDrone,4,0x00169A58; 0x00169B14; 0x0016AE04; 0x00169B48,0x092A3758; 0x092A3814; 0x092A4B04; 0x092A3848,VEC3 vel; Trigger *pArenaTrigger; Moby *pMungo; Navigate nav; Curve *path; f32 velAddY; f32 distToTarg; f32 targetX; f32 targetZ; u8 pathIndex; u8 attackState; u8 firedCount; u8 side; VEC3 attackPos; u8 createLight; u8 pad[3];
LEVEL_03,3,Kalidon,0x002EBFBC,0x09425CBC,MungoShockwave,3,0x0016CF30; 0x0016CC60; 0x0016CC68,0x092A6C30; 0x092A6960; 0x092A6968,f32 radius; Moby *pMungo; u32 pad[2];
LEVEL_03,3,Kalidon,0x002EC020,0x09425D20,MushroomCloud,3,0x0016D350; 0x0016D358; 0x0016D360,0x092A7050; 0x092A7058; 0x092A7060,
LEVEL_03,3,Kalidon,0x002EC0E8,0x09425DE8,MutantCow,4,0x0016E5E8; 0x0016E76C; 0x0016EC98; 0x001ABF58,0x092A82E8; 0x092A846C; 0x092A8998; 0x092E5C58,
LEVEL_03,3,Kalidon,0x002EC2B8,0x09425FB8,MutantMadCow,4,0x0016F7F8; 0x0016F960; 0x0016FD7C; 0x001ABF58,0x092A94F8; 0x092A9660; 0x092A9A7C; 0x092E5C58,
LEVEL_03,3,Kalidon,0x002EC380,0x09426080,NapalmBubble,3,0x001709EC; 0x001709F4; 0x001709FC,0x092AA6EC; 0x092AA6F4; 0x092AA6FC,
LEVEL_03,3,Kalidon,0x002EC428,0x09426128,PDA,3,0x00171480; 0x00171488; 0x00171490,0x092AB180; 0x092AB188; 0x092AB190,
LEVEL_03,3,Kalidon,0x002EC56C,0x0942626C,PODBomb,3,0x001714C4; 0x00171534; 0x0017186C,0x092AB1C4; 0x092AB234; 0x092AB56C,
LEVEL_03,3,Kalidon,0x002EC67C,0x0942637C,Polarizer,3,0x00172054; 0x00172210; 0x00172CF8,0x092ABD54; 0x092ABF10; 0x092AC9F8,
LEVEL_03,3,Kalidon,0x002EC7CC,0x094264CC,PowerupAmmo,3,0x00173C68; 0x00173D34; 0x00173D3C,0x092AD968; 0x092ADA34; 0x092ADA3C,VEC4 velocity; f32 fallDistance; f32 fadeAmnt; u8 ammoType; u8 ammoAmnt; u32 priority; u8 gain; u8 needSync;
LEVEL_03,3,Kalidon,0x002EC928,0x09426628,PowerupHealth,3,0x001751DC; 0x0017522C; 0x00175268,0x092AEEDC; 0x092AEF2C; 0x092AEF68,Particle *pTrail[8]; Particle *pGlowParticle; Particle *pGlowParticle2; Particle *pSphereParticle; Particle *pSphereParticle2; Moby *pParent; VEC4 velocity; f32 bobCount; f32 goToTimer; f32 deathTimer; f32 fallDistance;
LEVEL_03,3,Kalidon,0x002ECAB0,0x094267B0,Ratchet,4,0x00176C44; 0x00176C84; 0x00176C8C; 0x00176C94,0x092B0944; 0x092B0984; 0x092B098C; 0x092B0994,
LEVEL_03,3,Kalidon,0x002ECBEC,0x094268EC,RatchetDecoyInner,4,0x00177B8C; 0x00177B94; 0x00178904; 0x00177C54,0x092B188C; 0x092B1894; 0x092B2604; 0x092B1954,
LEVEL_03,3,Kalidon,0x002ECC60,0x09426960,RatchetDecoyOuter,3,0x00178E14; 0x00178E50; 0x00178E58,0x092B2B14; 0x092B2B50; 0x092B2B58,
LEVEL_03,3,Kalidon,0x002ECCC0,0x094269C0,RatchetShip,3,0x00178E74; 0x00179064; 0x001790C8,0x092B2B74; 0x092B2D64; 0x092B2DC8,
LEVEL_03,3,Kalidon,0x002ECFE8,0x09426CE8,RatchetShipAnimation,3,0x00179B70; 0x001793B8; 0x0017A10C,0x092B3870; 0x092B30B8; 0x092B3E0C,CurveLink introShipPosCurve; CurveLink introCameraPosCurve; CurveLink outroShipPosCurve; CurveLink outroCameraPosCurve; MobyLink ship; f32 shipSpeedInit; f32 cameraSpeedInit; f32 shipRollAmount; VEC3 shipRotDamping; f32 shipRollAmountHover; VEC3 shipRotDampingHover; f32 cameraRollAmount; VEC3 cameraRotDamping; f32 hoverTime; f32 hoverPause; f32 shipSpeedChange; f32 cameraSpeedChange; VEC3 hoverPosDamping; f32 tiltFactor; f32 tiltInterpSpeed; f32 tiltReturnFactor; f32 tiltVelDamp; f32 tiltGroundThresh; f32 tiltLmaxi; f32 tiltRmaxi; f32 tiltFmaxi; f32 tiltBmaxi; VEC3 ratchetEndOffset; VEC3 cameraInAnimOffset; f32 cameraInAnimLookYOfs; VEC3 cameraOutAnimOffset; f32 cameraOutAnimLookYOfs; f32 pa
LEVEL_03,3,Kalidon,0x002ED2E4,0x09426FE4,Region,3,0x0017C074; 0x0017C170; 0x0017C178,0x092B5D74; 0x092B5E70; 0x092B5E78,Toggle groups[32]; TriggerLink zone; u32 pad[ 3 ];
LEVEL_03,3,Kalidon,0x002ED488,0x09427188,Ryno,3,0x0017C180; 0x0017C25C; 0x0017C8FC,0x092B5E80; 0x092B5F5C; 0x092B65FC,
LEVEL_03,3,Kalidon,0x002ED564,0x09427264,RynoRocket,3,0x0017D300; 0x0017D31C; 0x0017D36C,0x092B7000; 0x092B701C; 0x092B706C,
LEVEL_03,3,Kalidon,0x002ED734,0x09427434,SetCamera,3,0x0017E228; 0x0017E33C; 0x0017E344,0x092B7F28; 0x092B803C; 0x092B8044,TriggerLink area; Toggle lazy; u8 pad[3]; f32 lookHeight; f32 camDist; f32 height; f32 elevation; f32 azimuth; MobyLink parent; Toggle useAzimuth; Toggle useLookHeight; Toggle useCamDist; Toggle useHeight; Toggle useElevation; Toggle enabled; Toggle singleUse; Toggle entered; f32 speed; u32 priority; f32 restoreSpeed; u32 pad2[3];
LEVEL_03,3,Kalidon,0x002ED7C0,0x094274C0,ShieldCharger,4,0x0017EF4C; 0x0017E60C; 0x0017F37C; 0x0017FB80,0x092B8C4C; 0x092B830C; 0x092B907C; 0x092B9880,
LEVEL_03,3,Kalidon,0x002ED968,0x09427668,ShieldChargerBolt,3,0x001819E0; 0x001819E8; 0x00181A2C,0x092BB6E0; 0x092BB6E8; 0x092BB72C,
LEVEL_03,3,Kalidon,0x002EDA68,0x09427768,ShockRocket,3,0x00181D80; 0x00181E6C; 0x00182158,0x092BBA80; 0x092BBB6C; 0x092BBE58,
LEVEL_03,3,Kalidon,0x002EDB54,0x09427854,ShockRocketShot,3,0x00182CCC; 0x00182D1C; 0x00183324,0x092BC9CC; 0x092BCA1C; 0x092BD024,
LEVEL_03,3,Kalidon,0x002EDBD0,0x094278D0,ShrapnelGeneric,3,0x0018413C; 0x00184144; 0x0018414C,0x092BDE3C; 0x092BDE44; 0x092BDE4C,
LEVEL_03,3,Kalidon,0x002EDC94,0x09427994,ShrinkBeam,3,0x001842A4; 0x001842AC; 0x00184960,0x092BDFA4; 0x092BDFAC; 0x092BE660,
LEVEL_03,3,Kalidon,0x002EDCF8,0x094279F8,ShrinkRayRatchet,3,0x00185620; 0x00185628; 0x00185630,0x092BF320; 0x092BF328; 0x092BF330,
LEVEL_03,3,Kalidon,0x002EDD8C,0x09427A8C,SkillPoint_L03,3,0x00185638; 0x00185714; 0x0018571C,0x092BF338; 0x092BF414; 0x092BF41C,Moby * pTestMoby; u32 testMobyID; u32 pad[ 2 ];
LEVEL_03,3,Kalidon,0x002EDFD8,0x09427CD8,Skyboarder01,3,0x00186CF0; 0x0018588C; 0x00185894,0x092C09F0; 0x092BF58C; 0x092BF594,CurveLink path; MobyLink raceController; Toggle isProp; u8 racesPresent; u8 isMovieSwitched; u8 textureSet; f32 baseSpeed; f32 trackThresholds[4]; f32 speedAdjustments[4];
LEVEL_03,3,Kalidon,0x002EE0A8,0x09427DA8,Spitfire,3,0x00189380; 0x001893B4; 0x001893D8,0x092C3080; 0x092C30B4; 0x092C30D8,
LEVEL_03,3,Kalidon,0x002EE184,0x09427E84,Splash,3,0x0018A76C; 0x0018A7B4; 0x0018A7BC,0x092C446C; 0x092C44B4; 0x092C44BC,VEC2 pos; VEC2 velocity; const VEC3 *pPos; f32 startRadius; u16 uOffset; u8 owned; u8 pad;
LEVEL_03,3,Kalidon,0x002EE26C,0x09427F6C,Sproutomatic,3,0x0018AD94; 0x0018AE3C; 0x0018AE74,0x092C4A94; 0x092C4B3C; 0x092C4B74,
LEVEL_03,3,Kalidon,0x002EE2D0,0x09427FD0,StaticBarrierBelt,3,0x0018B438; 0x0018B46C; 0x0018B474,0x092C5138; 0x092C516C; 0x092C5174,
LEVEL_03,3,Kalidon,0x002EE430,0x09428130,SuckCannon,3,0x0018B47C; 0x0018B5C4; 0x0018BBE0,0x092C517C; 0x092C52C4; 0x092C58E0,
LEVEL_03,3,Kalidon,0x002EE498,0x09428198,SuckCannonComet,3,0x001AD418; 0x001AD420; 0x001AD654,0x092E7118; 0x092E7120; 0x092E7354,
LEVEL_03,3,Kalidon,0x002EE500,0x09428200,SuckCannonCometTie,3,0x001AD418; 0x001AD420; 0x0018C550,0x092E7118; 0x092E7120; 0x092C6250,
LEVEL_03,3,Kalidon,0x002EE5DC,0x094282DC,SuckCannonManager,3,0x0018D230; 0x0018D27C; 0x0018D284,0x092C6F30; 0x092C6F7C; 0x092C6F84,
LEVEL_03,3,Kalidon,0x002EE66C,0x0942836C,SwarmManager,3,0x0018DFD4; 0x0018E01C; 0x0018E354,0x092C7CD4; 0x092C7D1C; 0x092C8054,
LEVEL_03,3,Kalidon,0x002EE780,0x09428480,Teleporter,3,0x0018EB74; 0x0018EF2C; 0x0018F2F8,0x092C8874; 0x092C8C2C; 0x092C8FF8,MobyLink destination; MobyLink destinationPreferred; TriggerLink activateTrigger; u32 levelId; s32 changeToLevel; Toggle secretActivation; s8 canGoToLevel; u8 pad[ 10 ];
LEVEL_03,3,Kalidon,0x002EEBB4,0x094288B4,TieManipulator,3,0x0018FC44; 0x0018FC3C; 0x0019021C,0x092C9944; 0x092C993C; 0x092C9F1C,TieLink tie[ 8 ]; f32 xAxis; f32 yAxis; f32 zAxis; f32 xRot; f32 yRot; f32 zRot; f32 xSpan; f32 ySpan; f32 zSpan; f32 xCounter; f32 yCounter; f32 zCounter; f32 speed; f32 speedPerFrame; f32 curviness; f32 curvPar; f32 scaleSpeed; f32 scaleSpeedPerFrame; f32 scaleMax; f32 scaleCounter; f32 xPerc[8]; f32 yPerc[8]; f32 zPerc[8]; f32 xPar[8]; f32 yPar[8]; f32 zPar[8]; f32 xStart[8]; f32 yStart[8]; f32 zStart[8]; MATRIX4 *pMat[8]; MATRIX4 scaleMatrix; f32 drawDistance; f32 updateDistance; f32 inverseScale; u32 linkCount;
LEVEL_03,3,Kalidon,0x002EECF4,0x094289F4,TitaniumBolt,3,0x001905AC; 0x0019079C; 0x00190904,0x092CA2AC; 0x092CA49C; 0x092CA604,f32 dist; f32 height; f32 lookHeight; f32 elevation; f32 azimuth; Toggle magnaboots; Toggle noAnimation; u32 levelToFake; u8 id; u8 pad[5];
LEVEL_03,3,Kalidon,0x002EEF5C,0x09428C5C,TMRobotHead,4,0x00191328; 0x00191760; 0x00192A00; 0x001914D0,0x092CB028; 0x092CB460; 0x092CC700; 0x092CB1D0,TriggerLink enterTrigger; TriggerLink detectArea; CurveLink enterPath; CurveLink patrolPath; MobyLink controller; Navigate nav; f32 alertRadius; Toggle clampToFloor; u8 pad[11];
LEVEL_03,3,Kalidon,0x002EF260,0x09428F60,TMRobotTorsoA,4,0x00195B80; 0x001940B0; 0x001965F0; 0x001961D4,0x092CF880; 0x092CDDB0; 0x092D02F0; 0x092CFED4,Navigate nav; MobyLink controller; MobyLink showcase; MobyLink conveyer; MobyLink enemyWave; TriggerLink enterTrigger; TriggerLink detectArea; CurveLink enterPath; CurveLink patrolPath; f32 alertRadius; Toggle sitting; u8 headSpawnPcnt; Toggle bBreakable; u8 pad[13];
LEVEL_03,3,Kalidon,0x002EF2F0,0x09428FF0,TMTieForm,3,0x001985A4; 0x001985AC; 0x001985B4,0x092D22A4; 0x092D22AC; 0x092D22B4,
LEVEL_03,3,Kalidon,0x002EF3B4,0x094290B4,TorsoAShot,3,0x00198D84; 0x001985BC; 0x001986B4,0x092D2A84; 0x092D22BC; 0x092D23B4,Particle *pGlow1; Moby *pParent; Moby *pController; f32 worldCollDist; f32 distTraveled; f32 speed;
LEVEL_03,3,Kalidon,0x002EF534,0x09429234,TorsoShrapnel,3,0x00199298; 0x001992A0; 0x001992A8,0x092D2F98; 0x092D2FA0; 0x092D2FA8,
LEVEL_03,3,Kalidon,0x002EF5B4,0x094292B4,TriggerCollection,3,0x001998B0; 0x001998B8; 0x001998C0,0x092D35B0; 0x092D35B8; 0x092D35C0,TriggerLink triggers[ 14 ];
LEVEL_03,3,Kalidon,0x002EF628,0x09429328,TripleWaveBeacon,3,0x00199DB8; 0x00199F68; 0x00199F9C,0x092D3AB8; 0x092D3C68; 0x092D3C9C,
LEVEL_03,3,Kalidon,0x002EF6D4,0x094293D4,vendor,3,0x0019A244; 0x0019A40C; 0x0019A470,0x092D3F44; 0x092D410C; 0x092D4170,u32 lastAnimPlayed; u32 vendorType; Toggle bSellsWeapons; u8 pad[ 7 ];
LEVEL_03,3,Kalidon,0x002EF8E0,0x094295E0,Wrench,3,0x0019A7EC; 0x0019A8C0; 0x0019ACFC,0x092D44EC; 0x092D45C0; 0x092D49FC,
LEVEL_04,4,Metalis,0x002DFAC0,0x094197C0,Acidbomb,3,0x0010E2EC; 0x0010E2FC; 0x0010EC64,0x09247FEC; 0x09247FFC; 0x09248964,
LEVEL_04,4,Metalis,0x002DFB48,0x09419848,AcidbombEpoxy,3,0x001100A8; 0x001100B0; 0x00110138,0x09249DA8; 0x09249DB0; 0x09249E38,
LEVEL_04,4,Metalis,0x002DFBA8,0x094198A8,AcidGloveHUD,3,0x00110640; 0x00110648; 0x00110650,0x0924A340; 0x0924A348; 0x0924A350,
LEVEL_04,4,Metalis,0x002DFC08,0x09419908,AgentController,3,0x00110658; 0x00110748; 0x00110900,0x0924A358; 0x0924A448; 0x0924A600,
LEVEL_04,4,Metalis,0x002DFF5C,0x09419C5C,AgentOfDoom,4,0x00110F50; 0x0011102C; 0x001110EC; 0x0011140C,0x0924AC50; 0x0924AD2C; 0x0924ADEC; 0x0924B10C,
LEVEL_04,4,Metalis,0x002E003C,0x09419D3C,AgentOfDoomShrapnel,3,0x00115B24; 0x00115B2C; 0x00115B34,0x0924F824; 0x0924F82C; 0x0924F834,
LEVEL_04,4,Metalis,0x002E0178,0x09419E78,AgentsBomb,3,0x00115E34; 0x00115E3C; 0x00115E44,0x0924FB34; 0x0924FB3C; 0x0924FB44,
LEVEL_04,4,Metalis,0x002E0210,0x09419F10,AgentsGlove,3,0x001173D0; 0x0011745C; 0x00117488,0x092510D0; 0x0925115C; 0x09251188,
LEVEL_04,4,Metalis,0x002E02BC,0x09419FBC,AgentsGrenade,3,0x00117958; 0x00117A48; 0x00117EFC,0x09251658; 0x09251748; 0x09251BFC,
LEVEL_04,4,Metalis,0x002E0364,0x0941A064,AgentsLaser,3,0x00118478; 0x00118780; 0x00118834,0x09252178; 0x09252480; 0x09252534,
LEVEL_04,4,Metalis,0x002E0458,0x0941A158,AgentsRocket,3,0x00119240; 0x00119304; 0x00119384,0x09252F40; 0x09253004; 0x09253084,
LEVEL_04,4,Metalis,0x002E0928,0x0941A628,ArenaController,3,0x00119F8C; 0x00119F9C; 0x0011A4E4,0x09253C8C; 0x09253C9C; 0x092541E4,MobyLink arenaChallenge[ 7 ]; u32 challengeCount; MobyLink dayNightController; MobyLink newMusic; Toggle locked; u8 pad[ 7 ];
LEVEL_04,4,Metalis,0x002E09A8,0x0941A6A8,ArmorHelmet,3,0x0011AD1C; 0x0011AD24; 0x0011AD2C,0x09254A1C; 0x09254A24; 0x09254A2C,
LEVEL_04,4,Metalis,0x002E0A08,0x0941A708,ArmorLeftFoot,3,0x0011AD34; 0x0011AD3C; 0x0011AD44,0x09254A34; 0x09254A3C; 0x09254A44,
LEVEL_04,4,Metalis,0x002E0A78,0x0941A778,ArmorLeftHand,3,0x0011AD4C; 0x0011AD54; 0x0011AD5C,0x09254A4C; 0x09254A54; 0x09254A5C,u32 pad[ 4 ];
LEVEL_04,4,Metalis,0x002E0AD8,0x0941A7D8,ArmorRightFoot,3,0x0011AD64; 0x0011AD6C; 0x0011AD74,0x09254A64; 0x09254A6C; 0x09254A74,
LEVEL_04,4,Metalis,0x002E0B48,0x0941A848,ArmorRightHand,3,0x0011AD7C; 0x0011AD84; 0x0011AD8C,0x09254A7C; 0x09254A84; 0x09254A8C,u32 pad[ 4 ];
LEVEL_04,4,Metalis,0x002E0BA8,0x0941A8A8,ArmorTorso,3,0x0011AD94; 0x0011AD9C; 0x0011ADA4,0x09254A94; 0x09254A9C; 0x09254AA4,
LEVEL_04,4,Metalis,0x002E0C8C,0x0941A98C,BeeMine,4,0x0011B444; 0x0011B454; 0x0011B834; 0x0011B52C,0x09255144; 0x09255154; 0x09255534; 0x0925522C,
LEVEL_04,4,Metalis,0x002E0D58,0x0941AA58,BeeMineGlove,3,0x0011D210; 0x0011D398; 0x0011D3C4,0x09256F10; 0x09257098; 0x092570C4,
LEVEL_04,4,Metalis,0x002E0DB8,0x0941AAB8,BeeMineGloveHUD,3,0x0011D9E4; 0x0011D9EC; 0x0011D9F4,0x092576E4; 0x092576EC; 0x092576F4,
LEVEL_04,4,Metalis,0x002E0E84,0x0941AB84,BeeMineShrapnel,3,0x0011DD2C; 0x0011DD34; 0x0011DD3C,0x09257A2C; 0x09257A34; 0x09257A3C,
LEVEL_04,4,Metalis,0x002E0F74,0x0941AC74,Blaster,3,0x0011DDB4; 0x0011DF10; 0x0011E434,0x09257AB4; 0x09257C10; 0x09258134,
LEVEL_04,4,Metalis,0x002E0FE0,0x0941ACE0,BlasterAkimbo,3,0x0011F414; 0x0011F498; 0x0011F4C8,0x09259114; 0x09259198; 0x092591C8,
LEVEL_04,4,Metalis,0x002E1054,0x0941AD54,BlasterShot,3,0x0011F798; 0x0011F7C0; 0x0011FB64,0x09259498; 0x092594C0; 0x09259864,
LEVEL_04,4,Metalis,0x002E14B4,0x0941B1B4,BlitzGun,3,0x00121A30; 0x00121B8C; 0x00121FE4,0x0925B730; 0x0925B88C; 0x0925BCE4,
LEVEL_04,4,Metalis,0x002E1644,0x0941B344,BlitzGunShot,3,0x00123A78; 0x00123A80; 0x00123C1C,0x0925D778; 0x0925D780; 0x0925D91C,
LEVEL_04,4,Metalis,0x002E16A8,0x0941B3A8,Bolt,2,0x0012472C; 0x00124734,0x0925E42C; 0x0925E434,
LEVEL_04,4,Metalis,0x002E199C,0x0941B69C,BoltController,3,0x00127CB4; 0x00127EE8; 0x00127F0C,0x092619B4; 0x09261BE8; 0x09261C0C,u32 boltAmnt; u32 boltAmountReplay; u32 pad[ 2 ];
LEVEL_04,4,Metalis,0x002E1A18,0x0941B718,BoltGrabber,3,0x001282A8; 0x001282B0; 0x001282B8,0x09261FA8; 0x09261FB0; 0x09261FB8,
LEVEL_04,4,Metalis,0x002E1ADC,0x0941B7DC,Bombglove,3,0x001282C0; 0x00128398; 0x00128848,0x09261FC0; 0x09262098; 0x09262548,
LEVEL_04,4,Metalis,0x002E1B40,0x0941B840,BotFlingerArm,3,0x00128DB8; 0x00128E5C; 0x00128E90,0x09262AB8; 0x09262B5C; 0x09262B90,
LEVEL_04,4,Metalis,0x002E1BD8,0x0941B8D8,BoxBreaker,3,0x00129FF8; 0x0012A000; 0x0012A008,0x09263CF8; 0x09263D00; 0x09263D08,
LEVEL_04,4,Metalis,0x002E1C38,0x0941B938,BoxBreakerHelp,3,0x0012A094; 0x0012A09C; 0x0012A0A4,0x09263D94; 0x09263D9C; 0x09263DA4,
LEVEL_04,4,Metalis,0x002E1D8C,0x0941BA8C,ChameleonDecoy,4,0x0012A370; 0x0012A378; 0x0012A390; 0x0012A418,0x09264070; 0x09264078; 0x09264090; 0x09264118,
LEVEL_04,4,Metalis,0x002E1EA8,0x0941BBA8,ClankBotFlingerVehicle,4,0x0012A518; 0x0012A668; 0x0012AAE8; 0x0012A6A0,0x09264218; 0x09264368; 0x092647E8; 0x092643A0,MobyLink vehicleController; u32 pad[ 3 ];
LEVEL_04,4,Metalis,0x002E1FB4,0x0941BCB4,ClankBotShrapnel,3,0x0012B15C; 0x0012B164; 0x0012B16C,0x09264E5C; 0x09264E64; 0x09264E6C,
LEVEL_04,4,Metalis,0x002E2044,0x0941BD44,ClankChallengeMenu,3,0x0012B4EC; 0x0012B544; 0x0012B54C,0x092651EC; 0x09265244; 0x0926524C,MobyLink arenaController[ 3 ]; u32 pad;
LEVEL_04,4,Metalis,0x002E2130,0x0941BE30,ClankElectroTorso,4,0x0012B844; 0x0012B9BC; 0x0012BEB0; 0x0012BA2C,0x09265544; 0x092656BC; 0x09265BB0; 0x0926572C,MobyLink vehicleController; u32 pad[ 3 ];
LEVEL_04,4,Metalis,0x002E21B8,0x0941BEB8,ClankForShipAnim,3,0x0012C260; 0x0012C268; 0x0012C270,0x09265F60; 0x09265F68; 0x09265F70,u32 pad[ 4 ];
LEVEL_04,4,Metalis,0x002E2218,0x0941BF18,ClankHead,3,0x0012C278; 0x0012C280; 0x0012C288,0x09265F78; 0x09265F80; 0x09265F88,
LEVEL_04,4,Metalis,0x002E2278,0x0941BF78,ClankPack,3,0x0012C290; 0x0012C2C0; 0x0012C2C8,0x09265F90; 0x09265FC0; 0x09265FC8,
LEVEL_04,4,Metalis,0x002E22FC,0x0941BFFC,ClankPlr,4,0x0012C2EC; 0x0012C338; 0x0012C340; 0x0012C348,0x09265FEC; 0x09266038; 0x09266040; 0x09266048,MobyLink levelMusic; u32 pad[ 3 ];
LEVEL_04,4,Metalis,0x002E23B8,0x0941C0B8,ClankRamTorso,4,0x0012C3FC; 0x0012C544; 0x0012C5C0; 0x0012C850,0x092660FC; 0x09266244; 0x092662C0; 0x09266550,MobyLink vehicleController; u32 pad[ 3 ];
LEVEL_04,4,Metalis,0x002E2480,0x0941C180,ClankSawTorso,4,0x0012CDE4; 0x0012CF2C; 0x0012CF94; 0x0012D228,0x09266AE4; 0x09266C2C; 0x09266C94; 0x09266F28,MobyLink vehicleController; u32 pad[ 3 ];
LEVEL_04,4,Metalis,0x002E2524,0x0941C224,ContinuePoint,3,0x0012D804; 0x0012D828; 0x0012D830,0x09267504; 0x09267528; 0x09267530,TriggerLink activateTrigger; u8 index;
LEVEL_04,4,Metalis,0x002E25D0,0x0941C2D0,ConveyorBelt,3,0x0012D948; 0x0012DAD8; 0x0012DAE0,0x09267648; 0x092677D8; 0x092677E0,CurveLink conveyorCurve; f32 speed; f32 width; u32 soundSig;
LEVEL_04,4,Metalis,0x002E266C,0x0941C36C,CowBell,3,0x0012E0EC; 0x0012E0F4; 0x0012E0FC,0x09267DEC; 0x09267DF4; 0x09267DFC,
LEVEL_04,4,Metalis,0x002E271C,0x0941C41C,Crate,4,0x0012E234; 0x0012E23C; 0x0012E324; 0x0012E244,0x09267F34; 0x09267F3C; 0x09268024; 0x09267F44,Moby *pCrateBelow; f32 velocityY; f32 fallDistance; f32 distFallen;
LEVEL_04,4,Metalis,0x002E2780,0x0941C480,CrateChunk,2,0x0012E32C; 0x0012E334,0x0926802C; 0x09268034,
LEVEL_04,4,Metalis,0x002E2980,0x0941C680,CrateChunkController,2,0x0012E990; 0x0012E998,0x09268690; 0x09268698,
LEVEL_04,4,Metalis,0x002E2A9C,0x0941C79C,CrossbowGun,3,0x0012E9A0; 0x0012EA8C; 0x0012EC6C,0x092686A0; 0x0926878C; 0x0926896C,
LEVEL_04,4,Metalis,0x002E2C7C,0x0941C97C,CrossbowShot,3,0x0012F2BC; 0x0012F2C4; 0x00130804,0x09268FBC; 0x09268FC4; 0x0926A504,
LEVEL_04,4,Metalis,0x002E2D98,0x0941CA98,CrystalGroundShard,3,0x001316F8; 0x0013193C; 0x00131B80,0x0926B3F8; 0x0926B63C; 0x0926B880,
LEVEL_04,4,Metalis,0x002E2E24,0x0941CB24,DamageSphere,3,0x001322A0; 0x001322A8; 0x001322B0,0x0926BFA0; 0x0926BFA8; 0x0926BFB0,float radius; float damage; u32 pad[ 2 ];
LEVEL_04,4,Metalis,0x002E2EE8,0x0941CBE8,DeathTrigger,3,0x0013238C; 0x001323EC; 0x001323F4,0x0926C08C; 0x0926C0EC; 0x0926C0F4,MobyLink killAreas; MobyLink ignoreAreas; Toggle killHeroInTriggers; f32 minYHeight; u8 pad[3];
LEVEL_04,4,Metalis,0x002E2F48,0x0941CC48,DerbyCrateHealth,4,0x00132568; 0x0013277C; 0x00132798; 0x001327B4,0x0926C268; 0x0926C47C; 0x0926C498; 0x0926C4B4,
LEVEL_04,4,Metalis,0x002E34C8,0x0941D1C8,DerbyCratePowerup,4,0x00132FBC; 0x00132FF0; 0x0013300C; 0x00133014,0x0926CCBC; 0x0926CCF0; 0x0926CD0C; 0x0926CD14,
LEVEL_04,4,Metalis,0x002E3590,0x0941D290,DerbyPowerup,3,0x00133060; 0x00133094; 0x0013309C,0x0926CD60; 0x0926CD94; 0x0926CD9C,
LEVEL_04,4,Metalis,0x002E35F0,0x0941D2F0,DerbyPowerupHealth,3,0x00133EE0; 0x00133F54; 0x00133F70,0x0926DBE0; 0x0926DC54; 0x0926DC70,
LEVEL_04,4,Metalis,0x002E37C8,0x0941D4C8,DerbyTeleporterHealth,3,0x0013561C; 0x0013563C; 0x00135644,0x0926F31C; 0x0926F33C; 0x0926F344,
LEVEL_04,4,Metalis,0x002E3878,0x0941D578,DerbyTeleporterPowerup,3,0x00135B5C; 0x00135B84; 0x00135B8C,0x0926F85C; 0x0926F884; 0x0926F88C,
LEVEL_04,4,Metalis,0x002E394C,0x0941D64C,DestructionDerby,3,0x001360C8; 0x00136214; 0x001362EC,0x0926FDC8; 0x0926FF14; 0x0926FFEC,MobyLink vehicleController; MobyLink resetMobys; s32 movieNumber; s32 movieHandle;
LEVEL_04,4,Metalis,0x002E39C8,0x0941D6C8,DualBlasterHUD,3,0x00136650; 0x00136658; 0x00136660,0x09270350; 0x09270358; 0x09270360,
LEVEL_04,4,Metalis,0x002E3A64,0x0941D764,electricXplo,3,0x00137100; 0x00136E54; 0x00136E5C,0x09270E00; 0x09270B54; 0x09270B5C,f32 lengths[24]; VEC3 normals[18]; f32 timer; s32 scroll;
LEVEL_04,4,Metalis,0x002E3C38,0x0941D938,ElectroBall,3,0x001389E8; 0x00138A58; 0x00138A9C,0x092726E8; 0x09272758; 0x0927279C,
LEVEL_04,4,Metalis,0x002E3D44,0x0941DA44,ElectroshockWave,3,0x001396E0; 0x001396E8; 0x0013A1C0,0x092733E0; 0x092733E8; 0x09273EC0,
LEVEL_04,4,Metalis,0x002E3E28,0x0941DB28,EnemyBotFlingerVehicle,4,0x0013A59C; 0x0013A750; 0x0013B938; 0x0013A788,0x0927429C; 0x09274450; 0x09275638; 0x09274488,MobyLink vehicleController; s32 headType; u32 pad[ 2 ];
LEVEL_04,4,Metalis,0x002E4080,0x0941DD80,EnemyController,3,0x0013BC7C; 0x0013BE88; 0x0013C0C8,0x0927597C; 0x09275B88; 0x09275DC8,TriggerLink updateArea; TriggerLink updateArea2; TriggerLink destroyTrigger; f32 firstWaveDist; f32 secondWaveDist; Toggle envColl; u8 attackingMax; Toggle destroyControllerToo; u8 pad[ 9 ];
LEVEL_04,4,Metalis,0x002E4184,0x0941DE84,EnemyElectroTorso,4,0x0013EA1C; 0x0013EC08; 0x0013F488; 0x0013EC90,0x0927871C; 0x09278908; 0x09279188; 0x09278990,MobyLink vehicleController; s32 headType; u32 pad[ 2 ];
LEVEL_04,4,Metalis,0x002E4244,0x0941DF44,EnemyHead,3,0x0013F864; 0x0013F874; 0x0013F87C,0x09279564; 0x09279574; 0x0927957C,
LEVEL_04,4,Metalis,0x002E4354,0x0941E054,EnemyRamTorso,4,0x0013FC24; 0x0013FE10; 0x00140878; 0x0013FEA4,0x09279924; 0x09279B10; 0x0927A578; 0x09279BA4,MobyLink vehicleController; s32 headType; u32 pad[ 2 ];
LEVEL_04,4,Metalis,0x002E4424,0x0941E124,EnemySawTorso,4,0x00140CD4; 0x00140E54; 0x001416C4; 0x00140ED4,0x0927A9D4; 0x0927AB54; 0x0927B3C4; 0x0927ABD4,MobyLink vehicleController; u32 pad[ 3 ];
LEVEL_04,4,Metalis,0x002E4624,0x0941E324,ExplosiveBee,3,0x00141AC4; 0x00141B6C; 0x00142A14,0x0927B7C4; 0x0927B86C; 0x0927C714,
LEVEL_04,4,Metalis,0x002E48F4,0x0941E5F4,Fire,3,0x00143B0C; 0x00143C80; 0x00143D80,0x0927D80C; 0x0927D980; 0x0927DA80,TriggerLink activeArea; TriggerLink damageArea; f32 damage; Toggle sound; u8 pad[ 3 ];
LEVEL_04,4,Metalis,0x002E4A38,0x0941E738,Flamethrower,3,0x001441C8; 0x00144344; 0x00145154,0x0927DEC8; 0x0927E044; 0x0927EE54,
LEVEL_04,4,Metalis,0x002E4D28,0x0941EA28,FlyingCarLightweightDirectional,3,0x00147794; 0x00147988; 0x00147990,0x09281494; 0x09281688; 0x09281690,f32 speed; f32 distance; f32 fadeDist; u8 pad8a; u8 reverse; u8 lanes; u8 pad8; f32 spawnXMod; f32 spawnYMod; VEC3 posVariAmp; VEC3 posVariRate; f32 scale; u32 numShips; f32 spawnRate; Toggle DistantShip1; Toggle DistantShip2; Toggle DistantShip3; Toggle PODCopter; Toggle ShuttleCruiser; Toggle Dragonfly; Toggle pad[15] ;
LEVEL_04,4,Metalis,0x002E4F50,0x0941EC50,FlyingCarLightweightOrbit,3,0x00148850; 0x00148A2C; 0x00148A34,0x09282550; 0x0928272C; 0x09282734,f32 speed; f32 radius; f32 fadeDist; u8 pad8a; u8 spawnRadiusMod; u8 reverse; u8 lanes; f32 spawnYMod; VEC3 posVariAmp; VEC3 posVariRate; u32 numShips; f32 spawnRate; f32 scale; f32 startAngle; f32 endAngle; Toggle DistantShip1; Toggle DistantShip2; Toggle DistantShip3; Toggle PODCopter; Toggle ShuttleCruiser; Toggle pad[11] ;
LEVEL_04,4,Metalis,0x002E50D4,0x0941EDD4,FogMoby,3,0x0014933C; 0x001493DC; 0x001493E4,0x0928303C; 0x092830DC; 0x092830E4,TriggerLink region; f32 Side1FogStart; f32 Side1FogEnd; u8 Side1Red; u8 Side1Green; u8 Side1Blue; u8 padAlpha1; f32 Side2FogStart; f32 Side2FogEnd; u8 Side2Red; u8 Side2Green; u8 Side2Blue; u8 padAlpha2; u32 pad[ 1 ];
LEVEL_04,4,Metalis,0x002E5148,0x0941EE48,GenericTieForm,3,0x00149934; 0x00149984; 0x001499B8,0x09283634; 0x09283684; 0x092836B8,
LEVEL_04,4,Metalis,0x002E527C,0x0941EF7C,GiantClankGrowthPad,3,0x00149CC8; 0x00149E78; 0x00149F80,0x092839C8; 0x09283B78; 0x09283C80,u32 giantClankLevel; u32 growMovie; u32 shrinkMovie; Toggle startAsClank; u8 promptId; s16 movieIndex;
LEVEL_04,4,Metalis,0x002E52E0,0x0941EFE0,GravityCrystal,3,0x0014A7F4; 0x0014AA0C; 0x0014B384,0x092844F4; 0x0928470C; 0x09285084,
LEVEL_04,4,Metalis,0x002E5584,0x0941F284,HeadShrapnel,3,0x0014B780; 0x0014B794; 0x0014B79C,0x09285480; 0x09285494; 0x0928549C,
LEVEL_04,4,Metalis,0x002E55F4,0x0941F2F4,Helipack,3,0x0014BD94; 0x0014BD9C; 0x0014BDA4,0x09285A94; 0x09285A9C; 0x09285AA4,
LEVEL_04,4,Metalis,0x002E5708,0x0941F408,Hookshot,3,0x0014BFA4; 0x0014C140; 0x0014C174,0x09285CA4; 0x09285E40; 0x09285E74,CurveLink path; VEC3 pathPoint; f32 speed; f32 ropeLength; f32 range; u8 attached; u8 swing; u8 pathPointId; Toggle validIM; Toggle validDM; Toggle validCTF; u8 pad[14];
LEVEL_04,4,Metalis,0x002E5794,0x0941F494,Hypershot,3,0x0014C59C; 0x0014C638; 0x0014C6C0,0x0928629C; 0x09286338; 0x092863C0,
LEVEL_04,4,Metalis,0x002E5818,0x0941F518,IntroMovie,3,0x0014C850; 0x0014C90C; 0x0014C914,0x09286550; 0x0928660C; 0x09286614,u32 fromLevel; u32 pad[ 3 ];
LEVEL_04,4,Metalis,0x002E6DD4,0x09420AD4,LaserTracer,3,0x001505B0; 0x001506A4; 0x0015082C,0x0928A2B0; 0x0928A3A4; 0x0928A52C,
LEVEL_04,4,Metalis,0x002E6EFC,0x09420BFC,Level04ChallengeUnlocker,3,0x00156038; 0x00156120; 0x00156128,0x0928FD38; 0x0928FE20; 0x0928FE28,MobyLink arenaController1; MobyLink arenaController2; u32 pad[ 2 ];
LEVEL_04,4,Metalis,0x002E6FB8,0x09420CB8,Level04Crane,3,0x0015618C; 0x00156430; 0x00156C78,0x0928FE8C; 0x09290130; 0x09290978,TriggerLink arenaArea; TriggerLink shipArea; u32 pad[ 2 ];
LEVEL_04,4,Metalis,0x002E70AC,0x09420DAC,Level04Crusher,3,0x00156E64; 0x00157084; 0x001577F8,0x09290B64; 0x09290D84; 0x092914F8,float timeOffset; u32 pad[3];
LEVEL_04,4,Metalis,0x002E7144,0x09420E44,Level04HelpManager,3,0x00158034; 0x001580E8; 0x001580F0,0x09291D34; 0x09291DE8; 0x09291DF0,MobyLink firstDestructionDerby; u32 pad[ 3 ];
LEVEL_04,4,Metalis,0x002E71EC,0x09420EEC,Level04SecretDoor,3,0x001582D8; 0x001584E4; 0x00158548,0x09291FD8; 0x092921E4; 0x09292248,
LEVEL_04,4,Metalis,0x002E7290,0x09420F90,Level04StartMoby,3,0x001588AC; 0x001589F0; 0x001589F8,0x092925AC; 0x092926F0; 0x092926F8,MobyLink arenaController; MobyLink clankPlayer; u32 pad[ 3 ];
LEVEL_04,4,Metalis,0x002E748C,0x0942118C,LevelMusic,2,0x00158A80; 0x00158B60,0x09292780; 0x09292860,u32 songNumber; TriggerLink trigger; s32 continuePointMin; s32 continuePointMax; s32 levelNumber; u8 priority; u8 pad[ 7 ];
LEVEL_04,4,Metalis,0x002E7508,0x09421208,LightningAttack,3,0x001591C8; 0x00159208; 0x00159648,0x09292EC8; 0x09292F08; 0x09293348,
LEVEL_04,4,Metalis,0x002E7568,0x09421268,MapOMaticGadget,3,0x00159AD0; 0x00159AD8; 0x00159AE0,0x092937D0; 0x092937D8; 0x092937E0,
LEVEL_04,4,Metalis,0x002E75F8,0x094212F8,Microbot,3,0x00159AE8; 0x00159BD0; 0x0015A5E4,0x092937E8; 0x092938D0; 0x092942E4,
LEVEL_04,4,Metalis,0x002E7704,0x09421404,MicroBotSurvival,3,0x0015B1B0; 0x0015B288; 0x0015B8BC,0x09294EB0; 0x09294F88; 0x092955BC,MobyLink gameBoard; TriggerLink gameZone; f32 pad[2];
LEVEL_04,4,Metalis,0x002E7864,0x09421564,MicrobotToss,3,0x0015CA58; 0x0015CC40; 0x0015D16C,0x09296758; 0x09296940; 0x09296E6C,MobyLink botPads[ 4 ]; MobyLink bombPads[ 4 ]; MobyLink vehicleController; f32 arenaHeight; f32 deadlyFluidHeight; u16 botsToSpawn; u16 bombsToSpawn; MobyLink resetMobys; u32 goalsToWin; u32 pad[ 2 ];
LEVEL_04,4,Metalis,0x002E7920,0x09421620,MicrobotTossBomb,4,0x0015D6A0; 0x0015D77C; 0x0015D7B0; 0x0015DA5C,0x092973A0; 0x0929747C; 0x092974B0; 0x0929775C,
LEVEL_04,4,Metalis,0x002E79F0,0x094216F0,MicrobotTossGoal,3,0x0015E288; 0x0015E338; 0x0015E340,0x09297F88; 0x09298038; 0x09298040,
LEVEL_04,4,Metalis,0x002E7A78,0x09421778,MicrobotTossTeleporter,3,0x0015EC00; 0x0015EC44; 0x0015ECA8,0x09298900; 0x09298944; 0x092989A8,
LEVEL_04,4,Metalis,0x002E7B48,0x09421848,MobyCollection,3,0x0015F0C0; 0x0015F0C8; 0x0015F0D0,0x09298DC0; 0x09298DC8; 0x09298DD0,MobyLink mobys[ 8 ];
LEVEL_04,4,Metalis,0x002E7C3C,0x0942193C,MobyIce,3,0x0015F974; 0x0015F98C; 0x00160310,0x09299674; 0x0929968C; 0x0929A010,
LEVEL_04,4,Metalis,0x002E7F3C,0x09421C3C,Mootator,3,0x00160EB8; 0x00161108; 0x00162258,0x0929ABB8; 0x0929AE08; 0x0929BF58,
LEVEL_04,4,Metalis,0x002E7FD0,0x09421CD0,MutantCow,4,0x001627C0; 0x00162944; 0x00162E70; 0x001AC4AC,0x0929C4C0; 0x0929C644; 0x0929CB70; 0x092E61AC,
LEVEL_04,4,Metalis,0x002E81A0,0x09421EA0,MutantMadCow,4,0x001639D0; 0x00163B38; 0x00163F54; 0x001AC4AC,0x0929D6D0; 0x0929D838; 0x0929DC54; 0x092E61AC,
LEVEL_04,4,Metalis,0x002E8268,0x09421F68,NapalmBubble,3,0x00164BC4; 0x00164BCC; 0x00164BD4,0x0929E8C4; 0x0929E8CC; 0x0929E8D4,
LEVEL_04,4,Metalis,0x002E8320,0x09422020,ObstacleBouncer,3,0x00165658; 0x0016568C; 0x001656F0,0x0929F358; 0x0929F38C; 0x0929F3F0,
LEVEL_04,4,Metalis,0x002E83CC,0x094220CC,ObstacleSaw,3,0x001659E8; 0x00165A1C; 0x00165A24,0x0929F6E8; 0x0929F71C; 0x0929F724,
LEVEL_04,4,Metalis,0x002E8490,0x09422190,ObstacleSpinningFloor,3,0x00165F8C; 0x00166008; 0x00166010,0x0929FC8C; 0x0929FD08; 0x0929FD10,
LEVEL_04,4,Metalis,0x002E85A0,0x094222A0,ObstacleVent,3,0x00166268; 0x00166314; 0x0016631C,0x0929FF68; 0x092A0014; 0x092A001C,ShrubLink ventShrub; u32 pad[ 3 ];
LEVEL_04,4,Metalis,0x002E8678,0x09422378,ObstacleWall,3,0x00166CD0; 0x00166E50; 0x00166EB4,0x092A09D0; 0x092A0B50; 0x092A0BB4,
LEVEL_04,4,Metalis,0x002E86F0,0x094223F0,PDA,3,0x00166EBC; 0x00166EC4; 0x00166ECC,0x092A0BBC; 0x092A0BC4; 0x092A0BCC,
LEVEL_04,4,Metalis,0x002E87FC,0x094224FC,Polarizer,3,0x00166F00; 0x001670BC; 0x00167C0C,0x092A0C00; 0x092A0DBC; 0x092A190C,
LEVEL_04,4,Metalis,0x002E894C,0x0942264C,PowerupAmmo,3,0x00168B7C; 0x00168C48; 0x00168C50,0x092A287C; 0x092A2948; 0x092A2950,VEC4 velocity; f32 fallDistance; f32 fadeAmnt; u8 ammoType; u8 ammoAmnt; u32 priority; u8 gain; u8 needSync;
LEVEL_04,4,Metalis,0x002E8AA8,0x094227A8,PowerupHealth,3,0x0016A0F0; 0x0016A140; 0x0016A17C,0x092A3DF0; 0x092A3E40; 0x092A3E7C,Particle *pTrail[8]; Particle *pGlowParticle; Particle *pGlowParticle2; Particle *pSphereParticle; Particle *pSphereParticle2; Moby *pParent; VEC4 velocity; f32 bobCount; f32 goToTimer; f32 deathTimer; f32 fallDistance;
LEVEL_04,4,Metalis,0x002E8C30,0x09422930,Ratchet,4,0x0016B88C; 0x0016B8CC; 0x0016B8D4; 0x0016B8DC,0x092A558C; 0x092A55CC; 0x092A55D4; 0x092A55DC,
LEVEL_04,4,Metalis,0x002E8D6C,0x09422A6C,RatchetDecoyInner,4,0x0016C7D4; 0x0016C7DC; 0x0016D54C; 0x0016C89C,0x092A64D4; 0x092A64DC; 0x092A724C; 0x092A659C,
LEVEL_04,4,Metalis,0x002E8DE0,0x09422AE0,RatchetDecoyOuter,3,0x0016DA5C; 0x0016DA98; 0x0016DAA0,0x092A775C; 0x092A7798; 0x092A77A0,
LEVEL_04,4,Metalis,0x002E8E40,0x09422B40,RatchetShip,3,0x0016DABC; 0x0016DCAC; 0x0016DD10,0x092A77BC; 0x092A79AC; 0x092A7A10,
LEVEL_04,4,Metalis,0x002E9168,0x09422E68,RatchetShipAnimation,3,0x0016E7B8; 0x0016E000; 0x0016ED54,0x092A84B8; 0x092A7D00; 0x092A8A54,CurveLink introShipPosCurve; CurveLink introCameraPosCurve; CurveLink outroShipPosCurve; CurveLink outroCameraPosCurve; MobyLink ship; f32 shipSpeedInit; f32 cameraSpeedInit; f32 shipRollAmount; VEC3 shipRotDamping; f32 shipRollAmountHover; VEC3 shipRotDampingHover; f32 cameraRollAmount; VEC3 cameraRotDamping; f32 hoverTime; f32 hoverPause; f32 shipSpeedChange; f32 cameraSpeedChange; VEC3 hoverPosDamping; f32 tiltFactor; f32 tiltInterpSpeed; f32 tiltReturnFactor; f32 tiltVelDamp; f32 tiltGroundThresh; f32 tiltLmaxi; f32 tiltRmaxi; f32 tiltFmaxi; f32 tiltBmaxi; VEC3 ratchetEndOffset; VEC3 cameraInAnimOffset; f32 cameraInAnimLookYOfs; VEC3 cameraOutAnimOffset; f32 cameraOutAnimLookYOfs; f32 pa
LEVEL_04,4,Metalis,0x002E9464,0x09423164,Region,3,0x00170CBC; 0x00170DB8; 0x00170DC0,0x092AA9BC; 0x092AAAB8; 0x092AAAC0,Toggle groups[32]; TriggerLink zone; u32 pad[ 3 ];
LEVEL_04,4,Metalis,0x002E9608,0x09423308,Ryno,3,0x00170DC8; 0x00170EA4; 0x00171544,0x092AAAC8; 0x092AABA4; 0x092AB244,
LEVEL_04,4,Metalis,0x002E96E4,0x094233E4,RynoRocket,3,0x00171F48; 0x00171F64; 0x00171FB4,0x092ABC48; 0x092ABC64; 0x092ABCB4,
LEVEL_04,4,Metalis,0x002E9778,0x09423478,ShieldBubble,3,0x00172E70; 0x00172EF4; 0x00172EFC,0x092ACB70; 0x092ACBF4; 0x092ACBFC,
LEVEL_04,4,Metalis,0x002E9830,0x09423530,ShieldCharger,4,0x00174BCC; 0x0017428C; 0x00174FFC; 0x00175800,0x092AE8CC; 0x092ADF8C; 0x092AECFC; 0x092AF500,
LEVEL_04,4,Metalis,0x002E99D8,0x094236D8,ShieldChargerBolt,3,0x00177660; 0x00177668; 0x001776AC,0x092B1360; 0x092B1368; 0x092B13AC,
LEVEL_04,4,Metalis,0x002E9AD8,0x094237D8,ShockRocket,3,0x00177A00; 0x00177AEC; 0x00177DD8,0x092B1700; 0x092B17EC; 0x092B1AD8,
LEVEL_04,4,Metalis,0x002E9BC4,0x094238C4,ShockRocketShot,3,0x0017894C; 0x0017899C; 0x00178FA4,0x092B264C; 0x092B269C; 0x092B2CA4,
LEVEL_04,4,Metalis,0x002E9C44,0x09423944,ShrapnelModel,3,0x00179DBC; 0x00179DC4; 0x00179DCC,0x092B3ABC; 0x092B3AC4; 0x092B3ACC,
LEVEL_04,4,Metalis,0x002E9CF4,0x094239F4,ShrinkBeam,3,0x0017A1E8; 0x0017A1F0; 0x0017A8A4,0x092B3EE8; 0x092B3EF0; 0x092B45A4,
LEVEL_04,4,Metalis,0x002E9D58,0x09423A58,ShrinkRayRatchet,3,0x0017B564; 0x0017B56C; 0x0017B574,0x092B5264; 0x092B526C; 0x092B5274,
LEVEL_04,4,Metalis,0x002E9DEC,0x09423AEC,SimpleSound,3,0x0017B57C; 0x0017B6D4; 0x0017B6DC,0x092B527C; 0x092B53D4; 0x092B53DC,u32 soundSig; f32 minTime; f32 maxTime; u32 pad[1];
LEVEL_04,4,Metalis,0x002EA0F0,0x09423DF0,SmasherBot,4,0x0017BA44; 0x0017BB9C; 0x0017C1C0; 0x0017BBC8,0x092B5744; 0x092B589C; 0x092B5EC0; 0x092B58C8,MobyLink vehicleController; u32 pad[ 3 ];
LEVEL_04,4,Metalis,0x002EA1B0,0x09423EB0,Spitfire,3,0x0017C8A4; 0x0017C8D8; 0x0017C8FC,0x092B65A4; 0x092B65D8; 0x092B65FC,
LEVEL_04,4,Metalis,0x002EA28C,0x09423F8C,Splash,3,0x0017DC90; 0x0017DCD8; 0x0017DCE0,0x092B7990; 0x092B79D8; 0x092B79E0,VEC2 pos; VEC2 velocity; const VEC3 *pPos; f32 startRadius; u16 uOffset; u8 owned; u8 pad;
LEVEL_04,4,Metalis,0x002EA374,0x09424074,Sproutomatic,3,0x0017E2B8; 0x0017E360; 0x0017E398,0x092B7FB8; 0x092B8060; 0x092B8098,
LEVEL_04,4,Metalis,0x002EA3D8,0x094240D8,StaticBarrierBelt,3,0x0017E95C; 0x0017E990; 0x0017E998,0x092B865C; 0x092B8690; 0x092B8698,
LEVEL_04,4,Metalis,0x002EA538,0x09424238,SuckCannon,3,0x0017E9A0; 0x0017EAE8; 0x0017F104,0x092B86A0; 0x092B87E8; 0x092B8E04,
LEVEL_04,4,Metalis,0x002EA5A0,0x094242A0,SuckCannonComet,3,0x001AD9D0; 0x001AD9D8; 0x001ADC0C,0x092E76D0; 0x092E76D8; 0x092E790C,
LEVEL_04,4,Metalis,0x002EA608,0x09424308,SuckCannonCometTie,3,0x001AD9D0; 0x001AD9D8; 0x0017FA74,0x092E76D0; 0x092E76D8; 0x092B9774,
LEVEL_04,4,Metalis,0x002EA6E4,0x094243E4,SuckCannonManager,3,0x00180754; 0x001807A0; 0x001807A8,0x092BA454; 0x092BA4A0; 0x092BA4A8,
LEVEL_04,4,Metalis,0x002EA774,0x09424474,SurvivalBGTile,3,0x001810B0; 0x001810C8; 0x001810D0,0x092BADB0; 0x092BADC8; 0x092BADD0,MobyLink survivalController; u32 pad[3];
LEVEL_04,4,Metalis,0x002EA934,0x09424634,SurvivalBot,3,0x001817BC; 0x001817C4; 0x00182AA0,0x092BB4BC; 0x092BB4C4; 0x092BC7A0,
LEVEL_04,4,Metalis,0x002EAA14,0x09424714,SurvivalBotPort,3,0x001849AC; 0x00184A18; 0x00184A4C,0x092BE6AC; 0x092BE718; 0x092BE74C,u32 botsNeeded; u32 currentBots; MobyLink survivalController; u32 pad;
LEVEL_04,4,Metalis,0x002EAAE0,0x094247E0,SurvivalBotSpawner,3,0x00184F80; 0x00184FE8; 0x0018501C,0x092BEC80; 0x092BECE8; 0x092BED1C,f32 spawnRate; f32 totalBots; MobyLink survivalController; u32 pad;
LEVEL_04,4,Metalis,0x002EAC18,0x09424918,SurvivalBotTeleport,3,0x001853D4; 0x00185560; 0x00185668,0x092BF0D4; 0x092BF260; 0x092BF368,MobyLink targetPort; MobyLink survivalController; u32 pad[2];
LEVEL_04,4,Metalis,0x002EAC90,0x09424990,SurvivalBridge,3,0x00185B94; 0x00185C3C; 0x00185C7C,0x092BF894; 0x092BF93C; 0x092BF97C,
LEVEL_04,4,Metalis,0x002EAD38,0x09424A38,SurvivalGround,3,0x001861F4; 0x00186228; 0x0018628C,0x092BFEF4; 0x092BFF28; 0x092BFF8C,Toggle unBlowUpable; MobyLink survivalController; u32 pad[ 2 ];
LEVEL_04,4,Metalis,0x002EADC4,0x09424AC4,SurvivalReversePad,3,0x001864D8; 0x0018650C; 0x00186540,0x092C01D8; 0x092C020C; 0x092C0240,MobyLink survivalController; u32 pad[3];
LEVEL_04,4,Metalis,0x002EAE60,0x09424B60,SurvivalTrapeze,3,0x00186754; 0x00186844; 0x00186878,0x092C0454; 0x092C0544; 0x092C0578,MobyLink survivalController; u32 pad[3];
LEVEL_04,4,Metalis,0x002EAF00,0x09424C00,SurvivalWall,3,0x00186C5C; 0x00186CE8; 0x00186D1C,0x092C095C; 0x092C09E8; 0x092C0A1C,Toggle reverseWall; MobyLink survivalController; u32 pad[2];
LEVEL_04,4,Metalis,0x002EAF8C,0x09424C8C,SwarmManager,3,0x001871E8; 0x00187230; 0x00187568,0x092C0EE8; 0x092C0F30; 0x092C1268,
LEVEL_04,4,Metalis,0x002EB0A0,0x09424DA0,Teleporter,3,0x00187D88; 0x00188140; 0x0018850C,0x092C1A88; 0x092C1E40; 0x092C220C,MobyLink destination; MobyLink destinationPreferred; TriggerLink activateTrigger; u32 levelId; s32 changeToLevel; Toggle secretActivation; s8 canGoToLevel; u8 pad[ 10 ];
LEVEL_04,4,Metalis,0x002EB4D4,0x094251D4,TieManipulator,3,0x00188E58; 0x00188E50; 0x00189430,0x092C2B58; 0x092C2B50; 0x092C3130,TieLink tie[ 8 ]; f32 xAxis; f32 yAxis; f32 zAxis; f32 xRot; f32 yRot; f32 zRot; f32 xSpan; f32 ySpan; f32 zSpan; f32 xCounter; f32 yCounter; f32 zCounter; f32 speed; f32 speedPerFrame; f32 curviness; f32 curvPar; f32 scaleSpeed; f32 scaleSpeedPerFrame; f32 scaleMax; f32 scaleCounter; f32 xPerc[8]; f32 yPerc[8]; f32 zPerc[8]; f32 xPar[8]; f32 yPar[8]; f32 zPar[8]; f32 xStart[8]; f32 yStart[8]; f32 zStart[8]; MATRIX4 *pMat[8]; MATRIX4 scaleMatrix; f32 drawDistance; f32 updateDistance; f32 inverseScale; u32 linkCount;
LEVEL_04,4,Metalis,0x002EB614,0x09425314,TitaniumBolt,3,0x001897C0; 0x001899B0; 0x00189B18,0x092C34C0; 0x092C36B0; 0x092C3818,f32 dist; f32 height; f32 lookHeight; f32 elevation; f32 azimuth; Toggle magnaboots; Toggle noAnimation; u32 levelToFake; u8 id; u8 pad[5];
LEVEL_04,4,Metalis,0x002EB89C,0x0942559C,TMRobotHeadB,4,0x0018A53C; 0x0018A964; 0x0018BFE8; 0x0018A668,0x092C423C; 0x092C4664; 0x092C5CE8; 0x092C4368,Navigate nav; MobyLink controller; TriggerLink enterTrigger; TriggerLink detectArea; CurveLink enterPath; MobyLink enemyWave; f32 alertRadius; MobyLink targetTorso; Toggle shouldReturn; u8 pad[7];
LEVEL_04,4,Metalis,0x002EBC00,0x09425900,TMRobotTorsoB,4,0x0018EF20; 0x0018D818; 0x0018F4BC; 0x0018D4C0,0x092C8C20; 0x092C7518; 0x092C91BC; 0x092C71C0,MobyLink controller; Navigate nav; MobyLink dropship; TriggerLink enterTrigger; TriggerLink detectArea; TriggerLink alertTrigger; CurveLink enterPath; f32 alertRadius; MobyLink crabToShoot; MobyLink enemyWave; CurveLink firePoints; TriggerLink noCreateTrigger; Toggle sitting; u8 headSpawnPcnt; Toggle walkOnWater; Toggle initNoDraw; u8 shotsFired; u8 pad[ 2 ];
LEVEL_04,4,Metalis,0x002EBCF4,0x094259F4,TorsoAShot,3,0x00191870; 0x001910A8; 0x001911A0,0x092CB570; 0x092CADA8; 0x092CAEA0,Particle *pGlow1; Moby *pParent; Moby *pController; f32 worldCollDist; f32 distTraveled; f32 speed;
LEVEL_04,4,Metalis,0x002EBE74,0x09425B74,TorsoShrapnel,3,0x00191D84; 0x00191D8C; 0x00191D94,0x092CBA84; 0x092CBA8C; 0x092CBA94,
LEVEL_04,4,Metalis,0x002EBEF4,0x09425BF4,TriggerCollection,3,0x0019239C; 0x001923A4; 0x001923AC,0x092CC09C; 0x092CC0A4; 0x092CC0AC,TriggerLink triggers[ 14 ];
LEVEL_04,4,Metalis,0x002EBF68,0x09425C68,TripleWaveBeacon,3,0x001928A4; 0x00192A54; 0x00192A88,0x092CC5A4; 0x092CC754; 0x092CC788,
LEVEL_04,4,Metalis,0x002EC0BC,0x09425DBC,VehicleController,3,0x00192D30; 0x00192E70; 0x001956DC,0x092CCA30; 0x092CCB70; 0x092CF3DC,MobyLink obstacles[ 16 ]; MobyLink healthTeleporters[ 4 ]; MobyLink powerupTeleporters[ 4 ]; f32 radius; Toggle hexagon; u8 pad[ 11 ];
LEVEL_04,4,Metalis,0x002EC194,0x09425E94,VehicleHusk,4,0x00195EE8; 0x00195EF0; 0x00195F14; 0x00196168,0x092CFBE8; 0x092CFBF0; 0x092CFC14; 0x092CFE68,
LEVEL_04,4,Metalis,0x002EC214,0x09425F14,VehicleHuskSmasher,4,0x00196288; 0x00196290; 0x001962B4; 0x00196504,0x092CFF88; 0x092CFF90; 0x092CFFB4; 0x092D0204,
LEVEL_04,4,Metalis,0x002EC2B0,0x09425FB0,VehicleMine,3,0x00196624; 0x00196650; 0x00196658,0x092D0324; 0x092D0350; 0x092D0358,
LEVEL_04,4,Metalis,0x002EC3D4,0x094260D4,VehicleMissile,3,0x00196A94; 0x00196AC4; 0x00196EA0,0x092D0794; 0x092D07C4; 0x092D0BA0,
LEVEL_04,4,Metalis,0x002EC484,0x09426184,vendor,3,0x00197528; 0x001976F0; 0x00197754,0x092D1228; 0x092D13F0; 0x092D1454,u32 lastAnimPlayed; u32 vendorType; Toggle bSellsWeapons; u8 pad[ 7 ];
LEVEL_04,4,Metalis,0x002EC690,0x09426390,Wrench,3,0x00197AD0; 0x00197BA4; 0x00197FE0,0x092D17D0; 0x092D18A4; 0x092D1CE0,
LEVEL_05,5,Dreamtime,0x002B9F40,0x093F3C40,Acidbomb,3,0x00103084; 0x00103094; 0x001039FC,0x0923CD84; 0x0923CD94; 0x0923D6FC,
LEVEL_05,5,Dreamtime,0x002B9FC8,0x093F3CC8,AcidbombEpoxy,3,0x00104E40; 0x00104E48; 0x00104ED0,0x0923EB40; 0x0923EB48; 0x0923EBD0,
LEVEL_05,5,Dreamtime,0x002BA028,0x093F3D28,AcidGloveHUD,3,0x001053D8; 0x001053E0; 0x001053E8,0x0923F0D8; 0x0923F0E0; 0x0923F0E8,
LEVEL_05,5,Dreamtime,0x002BA088,0x093F3D88,AgentController,3,0x001053F0; 0x001054E0; 0x00105698,0x0923F0F0; 0x0923F1E0; 0x0923F398,
LEVEL_05,5,Dreamtime,0x002BA3DC,0x093F40DC,AgentOfDoom,4,0x00105CE8; 0x00105DC4; 0x00105E84; 0x001061A4,0x0923F9E8; 0x0923FAC4; 0x0923FB84; 0x0923FEA4,
LEVEL_05,5,Dreamtime,0x002BA4BC,0x093F41BC,AgentOfDoomShrapnel,3,0x0010A8BC; 0x0010A8C4; 0x0010A8CC,0x092445BC; 0x092445C4; 0x092445CC,
LEVEL_05,5,Dreamtime,0x002BA5F8,0x093F42F8,AgentsBomb,3,0x0010ABCC; 0x0010ABD4; 0x0010ABDC,0x092448CC; 0x092448D4; 0x092448DC,
LEVEL_05,5,Dreamtime,0x002BA690,0x093F4390,AgentsGlove,3,0x0010C168; 0x0010C1F4; 0x0010C220,0x09245E68; 0x09245EF4; 0x09245F20,
LEVEL_05,5,Dreamtime,0x002BA73C,0x093F443C,AgentsGrenade,3,0x0010C6F0; 0x0010C7E0; 0x0010CC94,0x092463F0; 0x092464E0; 0x09246994,
LEVEL_05,5,Dreamtime,0x002BA7E4,0x093F44E4,AgentsLaser,3,0x0010D210; 0x0010D518; 0x0010D5CC,0x09246F10; 0x09247218; 0x092472CC,
LEVEL_05,5,Dreamtime,0x002BA8D8,0x093F45D8,AgentsRocket,3,0x0010DFD8; 0x0010E09C; 0x0010E11C,0x09247CD8; 0x09247D9C; 0x09247E1C,
LEVEL_05,5,Dreamtime,0x002BA970,0x093F4670,ArmorHelmet,3,0x0010EA04; 0x0010EA0C; 0x0010EA14,0x09248704; 0x0924870C; 0x09248714,
LEVEL_05,5,Dreamtime,0x002BA9D0,0x093F46D0,ArmorLeftFoot,3,0x0010EA1C; 0x0010EA24; 0x0010EA2C,0x0924871C; 0x09248724; 0x0924872C,
LEVEL_05,5,Dreamtime,0x002BAA40,0x093F4740,ArmorLeftHand,3,0x0010EA34; 0x0010EA3C; 0x0010EA44,0x09248734; 0x0924873C; 0x09248744,u32 pad[ 4 ];
LEVEL_05,5,Dreamtime,0x002BAB70,0x093F4870,ArmorPickup,3,0x0010EE40; 0x0010EA68; 0x0010F344,0x09248B40; 0x09248768; 0x09249044,f32 dist; f32 height; f32 lookHeight; f32 elevation; f32 azimuth; MobyLink driver; MobyLink playerMatrix; u32 playthroughReq; Toggle magnaboots; u8 pad[ 15 ];
LEVEL_05,5,Dreamtime,0x002BABE8,0x093F48E8,ArmorRightFoot,3,0x0010F880; 0x0010F888; 0x0010F890,0x09249580; 0x09249588; 0x09249590,
LEVEL_05,5,Dreamtime,0x002BAC58,0x093F4958,ArmorRightHand,3,0x0010F898; 0x0010F8A0; 0x0010F8A8,0x09249598; 0x092495A0; 0x092495A8,u32 pad[ 4 ];
LEVEL_05,5,Dreamtime,0x002BACB8,0x093F49B8,ArmorTorso,3,0x0010F8B0; 0x0010F8B8; 0x0010F8C0,0x092495B0; 0x092495B8; 0x092495C0,
LEVEL_05,5,Dreamtime,0x002BAD9C,0x093F4A9C,BeeMine,4,0x0010FF60; 0x0010FF70; 0x00110350; 0x00110048,0x09249C60; 0x09249C70; 0x0924A050; 0x09249D48,
LEVEL_05,5,Dreamtime,0x002BAE68,0x093F4B68,BeeMineGlove,3,0x00111D2C; 0x00111EB4; 0x00111EE0,0x0924BA2C; 0x0924BBB4; 0x0924BBE0,
LEVEL_05,5,Dreamtime,0x002BAEC8,0x093F4BC8,BeeMineGloveHUD,3,0x00112500; 0x00112508; 0x00112510,0x0924C200; 0x0924C208; 0x0924C210,
LEVEL_05,5,Dreamtime,0x002BAF94,0x093F4C94,BeeMineShrapnel,3,0x00112848; 0x00112850; 0x00112858,0x0924C548; 0x0924C550; 0x0924C558,
LEVEL_05,5,Dreamtime,0x002BB084,0x093F4D84,Blaster,3,0x001128D0; 0x00112A2C; 0x00112F50,0x0924C5D0; 0x0924C72C; 0x0924CC50,
LEVEL_05,5,Dreamtime,0x002BB0F0,0x093F4DF0,BlasterAkimbo,3,0x00113F30; 0x00113FB4; 0x00113FE4,0x0924DC30; 0x0924DCB4; 0x0924DCE4,
LEVEL_05,5,Dreamtime,0x002BB164,0x093F4E64,BlasterShot,3,0x001142B4; 0x001142DC; 0x00114680,0x0924DFB4; 0x0924DFDC; 0x0924E380,
LEVEL_05,5,Dreamtime,0x002BB5C4,0x093F52C4,BlitzGun,3,0x0011654C; 0x001166A8; 0x00116B00,0x0925024C; 0x092503A8; 0x09250800,
LEVEL_05,5,Dreamtime,0x002BB754,0x093F5454,BlitzGunShot,3,0x00118594; 0x0011859C; 0x00118738,0x09252294; 0x0925229C; 0x09252438,
LEVEL_05,5,Dreamtime,0x002BB7B8,0x093F54B8,Bolt,2,0x00119248; 0x00119250,0x09252F48; 0x09252F50,
LEVEL_05,5,Dreamtime,0x002BBAAC,0x093F57AC,BoltController,3,0x0011C7B8; 0x0011C9EC; 0x0011CA10,0x092564B8; 0x092566EC; 0x09256710,u32 boltAmnt; u32 boltAmountReplay; u32 pad[ 2 ];
LEVEL_05,5,Dreamtime,0x002BBB28,0x093F5828,BoltGrabber,3,0x0011CDAC; 0x0011CDB4; 0x0011CDBC,0x09256AAC; 0x09256AB4; 0x09256ABC,
LEVEL_05,5,Dreamtime,0x002BBBEC,0x093F58EC,Bombglove,3,0x0011CDC4; 0x0011CE9C; 0x0011D34C,0x09256AC4; 0x09256B9C; 0x0925704C,
LEVEL_05,5,Dreamtime,0x002BBC50,0x093F5950,BoxBreaker,3,0x0011D8BC; 0x0011D8C4; 0x0011D8CC,0x092575BC; 0x092575C4; 0x092575CC,
LEVEL_05,5,Dreamtime,0x002BBCB0,0x093F59B0,BoxBreakerHelp,3,0x0011D958; 0x0011D960; 0x0011D968,0x09257658; 0x09257660; 0x09257668,
LEVEL_05,5,Dreamtime,0x002BBE74,0x093F5B74,CameraHint,3,0x0011D9B4; 0x0011DBD8; 0x0011DC04,0x092576B4; 0x092578D8; 0x09257904,MobyLink target; MobyLink testMoby; TriggerLink activateArea; TriggerLink destroyArea; MobyLink enemyWave; TriggerLink resetArea; s32 frameCount; s8 activateState; u8 hintFrames; u8 updateDist; Toggle stopShort; f32 camSpeed; Toggle onMobyDestroy; Toggle targetMustBeAlive; Toggle bBreakOnInput; Toggle bDontRespawn; Toggle bDeleteWhenFinished; u8 pad[7];
LEVEL_05,5,Dreamtime,0x002BBFDC,0x093F5CDC,ChameleonDecoy,4,0x0011E114; 0x0011E11C; 0x0011E134; 0x0011E1BC,0x09257E14; 0x09257E1C; 0x09257E34; 0x09257EBC,
LEVEL_05,5,Dreamtime,0x002BC050,0x093F5D50,ClankForShipAnim,3,0x0011E270; 0x0011E278; 0x0011E280,0x09257F70; 0x09257F78; 0x09257F80,u32 pad[ 4 ];
LEVEL_05,5,Dreamtime,0x002BC0DC,0x093F5DDC,ContinuePoint,3,0x0011E288; 0x0011E2AC; 0x0011E2B4,0x09257F88; 0x09257FAC; 0x09257FB4,TriggerLink activateTrigger; u8 index;
LEVEL_05,5,Dreamtime,0x002BC17C,0x093F5E7C,CowBell,3,0x0011E784; 0x0011E78C; 0x0011E794,0x09258484; 0x0925848C; 0x09258494,
LEVEL_05,5,Dreamtime,0x002BC22C,0x093F5F2C,Crate,4,0x0011E8CC; 0x0011E8D4; 0x0011E9BC; 0x0011E8DC,0x092585CC; 0x092585D4; 0x092586BC; 0x092585DC,Moby *pCrateBelow; f32 velocityY; f32 fallDistance; f32 distFallen;
LEVEL_05,5,Dreamtime,0x002BC36C,0x093F606C,CrateAmmo,4,0x0011EAE4; 0x0011EB0C; 0x0011EB14; 0x0011EB1C,0x092587E4; 0x0925880C; 0x09258814; 0x0925881C,Moby *pCrateBelow; f32 velocityY; f32 fallDistance; f32 distFallen; Toggle major; Toggle minor; u8 noAmmoType1; u8 noAmmoType2; u8 onlyAmmoType; Toggle validIM; Toggle validDM; Toggle validCTF; u8 pad[8];
LEVEL_05,5,Dreamtime,0x002BC3D0,0x093F60D0,CrateChunk,2,0x0011F1E0; 0x0011F1E8,0x09258EE0; 0x09258EE8,
LEVEL_05,5,Dreamtime,0x002BC5D0,0x093F62D0,CrateChunkController,2,0x0011F844; 0x0011F84C,0x09259544; 0x0925954C,
LEVEL_05,5,Dreamtime,0x002BC6F4,0x093F63F4,CrateExplosive,2,0x0011FA0C; 0x0011FA50,0x0925970C; 0x09259750,Moby *pCrateBelow; f32 velocityY; f32 fallDistance; f32 distFallen; Toggle explode; u8 keyIdx; Toggle validIM; Toggle validDM; Toggle validCTF; u8 pad[11];
LEVEL_05,5,Dreamtime,0x002BC888,0x093F6588,CrateHealth,2,0x0012027C; 0x00120318,0x09259F7C; 0x0925A018,Moby *pCrateBelow; f32 velocityY; f32 fallDistance; f32 distFallen; Moby *pPowerup; Toggle validIM; Toggle validDM; Toggle validCTF; u8 pad[9];
LEVEL_05,5,Dreamtime,0x002BCE8C,0x093F6B8C,CrossbowGun,3,0x00120C34; 0x00120D20; 0x00120F00,0x0925A934; 0x0925AA20; 0x0925AC00,
LEVEL_05,5,Dreamtime,0x002BD06C,0x093F6D6C,CrossbowShot,3,0x00121550; 0x00121558; 0x00122A98,0x0925B250; 0x0925B258; 0x0925C798,
LEVEL_05,5,Dreamtime,0x002BD188,0x093F6E88,CrystalGroundShard,3,0x0012398C; 0x00123BD0; 0x00123E14,0x0925D68C; 0x0925D8D0; 0x0925DB14,
LEVEL_05,5,Dreamtime,0x002BD248,0x093F6F48,DeathTrigger,3,0x00124534; 0x00124594; 0x0012459C,0x0925E234; 0x0925E294; 0x0925E29C,MobyLink killAreas; MobyLink ignoreAreas; Toggle killHeroInTriggers; f32 minYHeight; u8 pad[3];
LEVEL_05,5,Dreamtime,0x002BD414,0x093F7114,DreamMirror,3,0x00124710; 0x00124DC4; 0x00125170,0x0925E410; 0x0925EAC4; 0x0925EE70,MobyLink mirror; MobyLink controller; TriggerLink detectArea; MobyLink dummyHypo; TriggerLink activateArea; MobyLink avoidTriggers; MobyLink startDoor; MobyLink endDoor; MobyLink startDoor2; MobyLink endDoor2; u32 pad[2];
LEVEL_05,5,Dreamtime,0x002BD488,0x093F7188,DualBlasterHUD,3,0x00125500; 0x00125508; 0x00125510,0x0925F200; 0x0925F208; 0x0925F210,
LEVEL_05,5,Dreamtime,0x002BD524,0x093F7224,electricXplo,3,0x00125FB0; 0x00125D04; 0x00125D0C,0x0925FCB0; 0x0925FA04; 0x0925FA0C,f32 lengths[24]; VEC3 normals[18]; f32 timer; s32 scroll;
LEVEL_05,5,Dreamtime,0x002BD6F8,0x093F73F8,ElectroBall,3,0x00127898; 0x00127908; 0x0012794C,0x09261598; 0x09261608; 0x0926164C,
LEVEL_05,5,Dreamtime,0x002BD804,0x093F7504,ElectroshockWave,3,0x00128590; 0x00128598; 0x00129070,0x09262290; 0x09262298; 0x09262D70,
LEVEL_05,5,Dreamtime,0x002BD908,0x093F7608,Electrosoil,3,0x00129400; 0x001296E8; 0x001296F0,0x09263100; 0x092633E8; 0x092633F0,MobyLink target[ 2 ]; TriggerLink bound; f32 angle; f32 throwSpeedXZ; f32 throwSpeedY; MobyLink triggerCollection; u32 pad[ 1 ];
LEVEL_05,5,Dreamtime,0x002BDA78,0x093F7778,EnemyController,3,0x001298A8; 0x00129AB4; 0x00129CF4,0x092635A8; 0x092637B4; 0x092639F4,TriggerLink updateArea; TriggerLink updateArea2; TriggerLink destroyTrigger; f32 firstWaveDist; f32 secondWaveDist; Toggle envColl; u8 attackingMax; Toggle destroyControllerToo; u8 pad[ 9 ];
LEVEL_05,5,Dreamtime,0x002BDBE4,0x093F78E4,EnemyRespawner,3,0x0012C600; 0x0012C72C; 0x0012C734,0x09266300; 0x0926642C; 0x09266434,TriggerLink spawnArea; f32 respawnCooldown; f32 cooldownRand; TriggerLink destroyArea; MobyLink enemyWave; MobyLink targetMoby; MobyLink nextRespawner; u8 waves; Toggle waitForDeaths; Toggle waitAfterWave; u8 pad[1];
LEVEL_05,5,Dreamtime,0x002BDD24,0x093F7A24,EnemyWave,3,0x0012CF90; 0x0012D048; 0x0012D34C,0x09266C90; 0x09266D48; 0x0926704C,MobyLink destroyedMoby; TriggerLink trigger; MobyLink previousWave; f32 timer; f32 delayRandMax; MobyLink enemyControllerToCheck; u8 mobyToCheckState; Toggle prevWaveDestroyed; u8 enemyInControllerCount; u8 pad[ 9 ];
LEVEL_05,5,Dreamtime,0x002BDDBC,0x093F7ABC,ExplodeSprout,4,0x0012D7B0; 0x0012D9C4; 0x0012D9F8; 0x0012DCDC,0x092674B0; 0x092676C4; 0x092676F8; 0x092679DC,Moby *pElectrosoil; u32 pad[ 3 ];
LEVEL_05,5,Dreamtime,0x002BDFB4,0x093F7CB4,ExplosiveBee,3,0x0012E274; 0x0012E31C; 0x0012F1C4,0x09267F74; 0x0926801C; 0x09268EC4,
LEVEL_05,5,Dreamtime,0x002BE0F0,0x093F7DF0,Flamethrower,3,0x001302BC; 0x00130438; 0x00131248,0x09269FBC; 0x0926A138; 0x0926AF48,
LEVEL_05,5,Dreamtime,0x002BE408,0x093F8108,FlyingHypo,4,0x00133148; 0x00133190; 0x001342E0; 0x001333DC,0x0926CE48; 0x0926CE90; 0x0926DFE0; 0x0926D0DC,Navigate nav; MobyLink controller; MobyLink enemyWave; MobyLink respawner; Toggle focusWhileSpawning; u8 pad[7];
LEVEL_05,5,Dreamtime,0x002BE55C,0x093F825C,FogMoby,3,0x001360A4; 0x00136144; 0x0013614C,0x0926FDA4; 0x0926FE44; 0x0926FE4C,TriggerLink region; f32 Side1FogStart; f32 Side1FogEnd; u8 Side1Red; u8 Side1Green; u8 Side1Blue; u8 padAlpha1; f32 Side2FogStart; f32 Side2FogEnd; u8 Side2Red; u8 Side2Green; u8 Side2Blue; u8 padAlpha2; u32 pad[ 1 ];
LEVEL_05,5,Dreamtime,0x002BE5D0,0x093F82D0,GenericTieForm,3,0x0013669C; 0x001366EC; 0x00136720,0x0927039C; 0x092703EC; 0x09270420,
LEVEL_05,5,Dreamtime,0x002BE630,0x093F8330,GravityCrystal,3,0x00136E60; 0x00137078; 0x001379F0,0x09270B60; 0x09270D78; 0x092716F0,
LEVEL_05,5,Dreamtime,0x002BE898,0x093F8598,Hookshot,3,0x00137E48; 0x00137FE4; 0x00138018,0x09271B48; 0x09271CE4; 0x09271D18,CurveLink path; VEC3 pathPoint; f32 speed; f32 ropeLength; f32 range; u8 attached; u8 swing; u8 pathPointId; Toggle validIM; Toggle validDM; Toggle validCTF; u8 pad[14];
LEVEL_05,5,Dreamtime,0x002BE924,0x093F8624,Hypershot,3,0x00138440; 0x001384DC; 0x00138564,0x09272140; 0x092721DC; 0x09272264,
LEVEL_05,5,Dreamtime,0x002BE9A8,0x093F86A8,IntroMovie,3,0x001386F4; 0x001387B0; 0x001387B8,0x092723F4; 0x092724B0; 0x092724B8,u32 fromLevel; u32 pad[ 3 ];
LEVEL_05,5,Dreamtime,0x002BFF64,0x093F9C64,LaserTracer,3,0x0013C454; 0x0013C548; 0x0013C6D0,0x09276154; 0x09276248; 0x092763D0,
LEVEL_05,5,Dreamtime,0x002C006C,0x093F9D6C,Level01SkyController,3,0x00141EDC; 0x00141F2C; 0x00141F34,0x0927BBDC; 0x0927BC2C; 0x0927BC34,f32 rotSp; f32 rot; u32 pad[2];
LEVEL_05,5,Dreamtime,0x002C0148,0x093F9E48,Level01Waterfall,3,0x00142040; 0x00142178; 0x00142304,0x0927BD40; 0x0927BE78; 0x0927C004,TriggerLink effectArea; TriggerLink effectArea2; u32 pad[ 2 ];
LEVEL_05,5,Dreamtime,0x002C0434,0x093FA134,LevelMusic,2,0x00142778; 0x00142858,0x0927C478; 0x0927C558,u32 songNumber; TriggerLink trigger; s32 continuePointMin; s32 continuePointMax; s32 levelNumber; u8 priority; u8 pad[ 7 ];
LEVEL_05,5,Dreamtime,0x002C04C0,0x093FA1C0,Lvl05Berry,3,0x00142EC0; 0x00142EC8; 0x00143354,0x0927CBC0; 0x0927CBC8; 0x0927D054,
LEVEL_05,5,Dreamtime,0x002C0618,0x093FA318,Lvl05Boat,3,0x00143674; 0x00143B24; 0x00143D14,0x0927D374; 0x0927D824; 0x0927DA14,MobyLink rider; CurveLink path; TriggerLink enterTrigger; TriggerLink update; TriggerLink encounterTriggers[2]; MobyLink encounterMobies[2];
LEVEL_05,5,Dreamtime,0x002C0788,0x093FA488,Lvl05Controller,3,0x00144614; 0x001445D4; 0x00144C1C,0x0927E314; 0x0927E2D4; 0x0927E91C,MobyLink deathTrigger; TriggerLink explodeTrigger; TieLink skyTie; TriggerLink startArea; MobyLink sharkFins[2]; TriggerLink helpArea; TriggerLink helpDestroy; TriggerLink movieB; MobyLink hookshotSpawnPoints[3];
LEVEL_05,5,Dreamtime,0x002C08E8,0x093FA5E8,Lvl05Eye,3,0x001452F8; 0x001455D4; 0x00145668,0x0927EFF8; 0x0927F2D4; 0x0927F368,TriggerLink updateArea; Toggle bIsActTuned; u8 pad[ 11 ];
LEVEL_05,5,Dreamtime,0x002C0A84,0x093FA784,Lvl05Image,3,0x00146878; 0x00146A00; 0x00146D8C,0x09280578; 0x09280700; 0x09280A8C,f32 onTime; f32 offTime; f32 onTimeRand; f32 offTimeRand; TriggerLink update; TriggerLink area; f32 maxMoveDist; f32 speed; f32 period; f32 rippleRate; f32 amplitude; s16 imageId; u8 pathIndex; u8 pad[1];
LEVEL_05,5,Dreamtime,0x002C0B3C,0x093FA83C,Lvl05LightTrail,3,0x00147180; 0x00147510; 0x00147518,0x09280E80; 0x09281210; 0x09281218,CurveLink path; MobyLink sprouts[2];
LEVEL_05,5,Dreamtime,0x002C0C34,0x093FA934,Lvl05MagnaPlatform,3,0x00147A1C; 0x00147E08; 0x00147E58,0x0928171C; 0x09281B08; 0x09281B58,CurveLink path; MobyLink controllers[2]; TriggerLink encounterAreas[2]; u32 pad[3];
LEVEL_05,5,Dreamtime,0x002C0D78,0x093FAA78,Lvl05MBBomb,3,0x00148880; 0x00148890; 0x0014A2E8,0x09282580; 0x09282590; 0x09283FE8,
LEVEL_05,5,Dreamtime,0x002C0FF4,0x093FACF4,Lvl05MiniBoss,3,0x0014B158; 0x0014B394; 0x0014C304,0x09284E58; 0x09285094; 0x09286004,TriggerLink arenaBounds; MobyLink spawnPoint; MobyLink armor; u32 pad[ 1 ];
LEVEL_05,5,Dreamtime,0x002C1218,0x093FAF18,Lvl05Platform,3,0x0014E454; 0x0014E7D0; 0x0014EFD4,0x09288154; 0x092884D0; 0x09288CD4,MobyLink platforms[6]; MobyLink doctors[2]; CurveLink path; TieLink ship; CurveLink sawPaths[3]; f32 sawAccel; MobyLink contMat; u32 pad[1];
LEVEL_05,5,Dreamtime,0x002C13A0,0x093FB0A0,Lvl05Portal,3,0x0014FD44; 0x0014FF04; 0x00150068,0x09289A44; 0x09289C04; 0x09289D68,MobyLink newPos; MobyLink respawner; Toggle levelChanger; u8 pad[ 7 ];
LEVEL_05,5,Dreamtime,0x002C146C,0x093FB16C,Lvl05Secret,3,0x0015060C; 0x00150950; 0x00150A1C,0x0928A30C; 0x0928A650; 0x0928A71C,MobyLink crab; MobyLink finishPoint; TriggerLink promptArea; MobyLink portalToDisable;
LEVEL_05,5,Dreamtime,0x002C15B0,0x093FB2B0,Lvl05UFO,4,0x00150D6C; 0x00150FA4; 0x001514A4; 0x00151010,0x0928AA6C; 0x0928ACA4; 0x0928B1A4; 0x0928AD10,CurveLink points; TriggerLink update; f32 speed; f32 invScale; f32 onTime; f32 onTimeRand; f32 offTime; f32 offTimeRand; f32 xRotSpeed; f32 yRotSpeed; f32 zRotSpeed; Toggle bUseCollision; u8 pad[3];
LEVEL_05,5,Dreamtime,0x002C1680,0x093FB380,Lvl05Umbrella,3,0x00151DC8; 0x00151FB8; 0x00152004,0x0928BAC8; 0x0928BCB8; 0x0928BD04,f32 onTime; f32 offTime; CurveLink path; u8 index; u8 pad[ 3 ];
LEVEL_05,5,Dreamtime,0x002C1730,0x093FB430,Lvl05WaveIsle,3,0x00152650; 0x001528D8; 0x001528E0,0x0928C350; 0x0928C5D8; 0x0928C5E0,TieLink pillars[6]; MobyLink targets[2]; MobyLink enemyWave; u8 pad[12];
LEVEL_05,5,Dreamtime,0x002C17A8,0x093FB4A8,MapOMaticGadget,3,0x00152A9C; 0x00152AA4; 0x00152AAC,0x0928C79C; 0x0928C7A4; 0x0928C7AC,
LEVEL_05,5,Dreamtime,0x002C1808,0x093FB508,MatrixMoby,3,0x00152AB4; 0x00152ABC; 0x00152AC4,0x0928C7B4; 0x0928C7BC; 0x0928C7C4,
LEVEL_05,5,Dreamtime,0x002C18B0,0x093FB5B0,Mirror,4,0x00152DAC; 0x00152ACC; 0x00152B00; 0x00152C44,0x0928CAAC; 0x0928C7CC; 0x0928C800; 0x0928C944,
LEVEL_05,5,Dreamtime,0x002C1A0C,0x093FB70C,MobyIce,3,0x00154670; 0x00154688; 0x0015500C,0x0928E370; 0x0928E388; 0x0928ED0C,
LEVEL_05,5,Dreamtime,0x002C1D0C,0x093FBA0C,Mootator,3,0x00155BB4; 0x00155E04; 0x00156F54,0x0928F8B4; 0x0928FB04; 0x09290C54,
LEVEL_05,5,Dreamtime,0x002C1DA0,0x093FBAA0,MutantCow,4,0x001574BC; 0x00157640; 0x00157B6C; 0x00188D28,0x092911BC; 0x09291340; 0x0929186C; 0x092C2A28,
LEVEL_05,5,Dreamtime,0x002C1F70,0x093FBC70,MutantMadCow,4,0x001586CC; 0x00158834; 0x00158C50; 0x00188D28,0x092923CC; 0x09292534; 0x09292950; 0x092C2A28,
LEVEL_05,5,Dreamtime,0x002C2038,0x093FBD38,NapalmBubble,3,0x001598C0; 0x001598C8; 0x001598D0,0x092935C0; 0x092935C8; 0x092935D0,
LEVEL_05,5,Dreamtime,0x002C20E0,0x093FBDE0,PDA,3,0x0015A354; 0x0015A35C; 0x0015A364,0x09294054; 0x0929405C; 0x09294064,
LEVEL_05,5,Dreamtime,0x002C21EC,0x093FBEEC,Polarizer,3,0x0015A398; 0x0015A554; 0x0015B03C,0x09294098; 0x09294254; 0x09294D3C,
LEVEL_05,5,Dreamtime,0x002C233C,0x093FC03C,PowerupAmmo,3,0x0015BFAC; 0x0015C078; 0x0015C080,0x09295CAC; 0x09295D78; 0x09295D80,VEC4 velocity; f32 fallDistance; f32 fadeAmnt; u8 ammoType; u8 ammoAmnt; u32 priority; u8 gain; u8 needSync;
LEVEL_05,5,Dreamtime,0x002C2498,0x093FC198,PowerupHealth,3,0x0015D520; 0x0015D570; 0x0015D5AC,0x09297220; 0x09297270; 0x092972AC,Particle *pTrail[8]; Particle *pGlowParticle; Particle *pGlowParticle2; Particle *pSphereParticle; Particle *pSphereParticle2; Moby *pParent; VEC4 velocity; f32 bobCount; f32 goToTimer; f32 deathTimer; f32 fallDistance;
LEVEL_05,5,Dreamtime,0x002C2640,0x093FC340,QuarkChainsaw,3,0x0015EEE8; 0x0015EF00; 0x0015F38C,0x09298BE8; 0x09298C00; 0x0929908C,
LEVEL_05,5,Dreamtime,0x002C2834,0x093FC534,QuarkDoctor,4,0x0015F854; 0x0015FBBC; 0x001606CC; 0x0015FC44,0x09299554; 0x092998BC; 0x0929A3CC; 0x09299944,TriggerLink detect; TriggerLink restrict; MobyLink respawner; MobyLink enemyWave; f32 fadeInPause; TriggerLink noRespawnArea; Toggle onBoat; u8 pad[7];
LEVEL_05,5,Dreamtime,0x002C28A8,0x093FC5A8,Ratchet,4,0x00161600; 0x00161640; 0x00161648; 0x00161650,0x0929B300; 0x0929B340; 0x0929B348; 0x0929B350,
LEVEL_05,5,Dreamtime,0x002C29E4,0x093FC6E4,RatchetDecoyInner,4,0x00162548; 0x00162550; 0x001632C0; 0x00162610,0x0929C248; 0x0929C250; 0x0929CFC0; 0x0929C310,
LEVEL_05,5,Dreamtime,0x002C2A58,0x093FC758,RatchetDecoyOuter,3,0x001637D0; 0x0016380C; 0x00163814,0x0929D4D0; 0x0929D50C; 0x0929D514,
LEVEL_05,5,Dreamtime,0x002C2AEC,0x093FC7EC,Region,3,0x00163830; 0x0016392C; 0x00163934,0x0929D530; 0x0929D62C; 0x0929D634,Toggle groups[32]; TriggerLink zone; u32 pad[ 3 ];
LEVEL_05,5,Dreamtime,0x002C2C90,0x093FC990,Ryno,3,0x0016393C; 0x00163A18; 0x001640B8,0x0929D63C; 0x0929D718; 0x0929DDB8,
LEVEL_05,5,Dreamtime,0x002C2D6C,0x093FCA6C,RynoRocket,3,0x00164ABC; 0x00164AD8; 0x00164B28,0x0929E7BC; 0x0929E7D8; 0x0929E828,
LEVEL_05,5,Dreamtime,0x002C2F3C,0x093FCC3C,SetCamera,3,0x001659E4; 0x00165AF8; 0x00165B00,0x0929F6E4; 0x0929F7F8; 0x0929F800,TriggerLink area; Toggle lazy; u8 pad[3]; f32 lookHeight; f32 camDist; f32 height; f32 elevation; f32 azimuth; MobyLink parent; Toggle useAzimuth; Toggle useLookHeight; Toggle useCamDist; Toggle useHeight; Toggle useElevation; Toggle enabled; Toggle singleUse; Toggle entered; f32 speed; u32 priority; f32 restoreSpeed; u32 pad2[3];
LEVEL_05,5,Dreamtime,0x002C2FE8,0x093FCCE8,Sharkagator,3,0x00165DC8; 0x00165E38; 0x00165E40,0x0929FAC8; 0x0929FB38; 0x0929FB40,MobyLink noBiteAreas; u32 pad[ 3 ];
LEVEL_05,5,Dreamtime,0x002C315C,0x093FCE5C,SharkagatorFin,3,0x00166268; 0x00166694; 0x0016669C,0x0929FF68; 0x092A0394; 0x092A039C,VEC4 rotVel; VEC2 dir2d; CurveLink swimPath; f32 speedUp; f32 accelUp; f32 swimSpeed; f32 timeBelowMin; f32 timeBelowMax; f32 timeAboveMin; f32 timeAboveMax; f32 angle; f32 angleInc; u8 nextPathPoint; u8 pad[ 15 ];
LEVEL_05,5,Dreamtime,0x002C31E8,0x093FCEE8,ShieldCharger,4,0x001675B4; 0x00166C74; 0x001679E4; 0x001681E8,0x092A12B4; 0x092A0974; 0x092A16E4; 0x092A1EE8,
LEVEL_05,5,Dreamtime,0x002C3390,0x093FD090,ShieldChargerBolt,3,0x0016A048; 0x0016A050; 0x0016A094,0x092A3D48; 0x092A3D50; 0x092A3D94,
LEVEL_05,5,Dreamtime,0x002C3490,0x093FD190,ShockRocket,3,0x0016A3E8; 0x0016A4D4; 0x0016A7C0,0x092A40E8; 0x092A41D4; 0x092A44C0,
LEVEL_05,5,Dreamtime,0x002C357C,0x093FD27C,ShockRocketShot,3,0x0016B334; 0x0016B384; 0x0016B98C,0x092A5034; 0x092A5084; 0x092A568C,
LEVEL_05,5,Dreamtime,0x002C3644,0x093FD344,ShrinkBeam,3,0x0016C7A4; 0x0016C7AC; 0x0016CE60,0x092A64A4; 0x092A64AC; 0x092A6B60,
LEVEL_05,5,Dreamtime,0x002C36A8,0x093FD3A8,ShrinkRayRatchet,3,0x0016DB20; 0x0016DB28; 0x0016DB30,0x092A7820; 0x092A7828; 0x092A7830,
LEVEL_05,5,Dreamtime,0x002C3760,0x093FD460,SkillPoint_L05,3,0x0016DB38; 0x0016DD4C; 0x0016DD54,0x092A7838; 0x092A7A4C; 0x092A7A54,MobyLink ScrewsInPortal; MobyLink ScrewsOutPortal; MobyLink GiantClank; u32 pad[ 4 ];
LEVEL_05,5,Dreamtime,0x002C3840,0x093FD540,Spitfire,3,0x0016E2C4; 0x0016E2F8; 0x0016E31C,0x092A7FC4; 0x092A7FF8; 0x092A801C,
LEVEL_05,5,Dreamtime,0x002C391C,0x093FD61C,Splash,3,0x0016F6B0; 0x0016F6F8; 0x0016F700,0x092A93B0; 0x092A93F8; 0x092A9400,VEC2 pos; VEC2 velocity; const VEC3 *pPos; f32 startRadius; u16 uOffset; u8 owned; u8 pad;
LEVEL_05,5,Dreamtime,0x002C3AF0,0x093FD7F0,Sprout,4,0x001709AC; 0x0016FD98; 0x00170E28; 0x0016FDFC,0x092AA6AC; 0x092A9A98; 0x092AAB28; 0x092A9AFC,NavBound navBound; TriggerLink setTargetArea; CurveLink path; MobyLink endPathSoil; MobyLink dayNightController; TriggerLink followArea; u8 checkPointIndex; u8 pad[7];
LEVEL_05,5,Dreamtime,0x002C3BE4,0x093FD8E4,Sproutomatic,3,0x0017205C; 0x00172104; 0x0017213C,0x092ABD5C; 0x092ABE04; 0x092ABE3C,
LEVEL_05,5,Dreamtime,0x002C3C48,0x093FD948,StaticBarrierBelt,3,0x00172744; 0x00172778; 0x00172780,0x092AC444; 0x092AC478; 0x092AC480,
LEVEL_05,5,Dreamtime,0x002C3CD4,0x093FD9D4,StupidDoor,3,0x00172788; 0x00172A18; 0x00172A20,0x092AC488; 0x092AC718; 0x092AC720,CurveLink path; f32 moveTime; u32 pad[ 2 ];
LEVEL_05,5,Dreamtime,0x002C3E48,0x093FDB48,SuckCannon,3,0x001730F8; 0x00173240; 0x0017385C,0x092ACDF8; 0x092ACF40; 0x092AD55C,
LEVEL_05,5,Dreamtime,0x002C3EB0,0x093FDBB0,SuckCannonComet,3,0x0018A1E8; 0x0018A1F0; 0x0018A424,0x092C3EE8; 0x092C3EF0; 0x092C4124,
LEVEL_05,5,Dreamtime,0x002C3F18,0x093FDC18,SuckCannonCometTie,3,0x0018A1E8; 0x0018A1F0; 0x001741CC,0x092C3EE8; 0x092C3EF0; 0x092ADECC,
LEVEL_05,5,Dreamtime,0x002C3FF4,0x093FDCF4,SuckCannonManager,3,0x00174EAC; 0x00174EF8; 0x00174F00,0x092AEBAC; 0x092AEBF8; 0x092AEC00,
LEVEL_05,5,Dreamtime,0x002C4084,0x093FDD84,SwarmManager,3,0x00175C50; 0x00175C98; 0x00175FD0,0x092AF950; 0x092AF998; 0x092AFCD0,
LEVEL_05,5,Dreamtime,0x002C42F4,0x093FDFF4,TieManipulator,3,0x0017686C; 0x00176864; 0x00176E44,0x092B056C; 0x092B0564; 0x092B0B44,TieLink tie[ 8 ]; f32 xAxis; f32 yAxis; f32 zAxis; f32 xRot; f32 yRot; f32 zRot; f32 xSpan; f32 ySpan; f32 zSpan; f32 xCounter; f32 yCounter; f32 zCounter; f32 speed; f32 speedPerFrame; f32 curviness; f32 curvPar; f32 scaleSpeed; f32 scaleSpeedPerFrame; f32 scaleMax; f32 scaleCounter; f32 xPerc[8]; f32 yPerc[8]; f32 zPerc[8]; f32 xPar[8]; f32 yPar[8]; f32 zPar[8]; f32 xStart[8]; f32 yStart[8]; f32 zStart[8]; MATRIX4 *pMat[8]; MATRIX4 scaleMatrix; f32 drawDistance; f32 updateDistance; f32 inverseScale; u32 linkCount;
LEVEL_05,5,Dreamtime,0x002C4434,0x093FE134,TitaniumBolt,3,0x001771D4; 0x001773C4; 0x0017752C,0x092B0ED4; 0x092B10C4; 0x092B122C,f32 dist; f32 height; f32 lookHeight; f32 elevation; f32 azimuth; Toggle magnaboots; Toggle noAnimation; u32 levelToFake; u8 id; u8 pad[5];
LEVEL_05,5,Dreamtime,0x002C44DC,0x093FE1DC,TriggerCollection,3,0x00177F50; 0x00177F58; 0x00177F60,0x092B1C50; 0x092B1C58; 0x092B1C60,TriggerLink triggers[ 14 ];
LEVEL_05,5,Dreamtime,0x002C4550,0x093FE250,TripleWaveBeacon,3,0x001784B8; 0x00178668; 0x0017869C,0x092B21B8; 0x092B2368; 0x092B239C,
LEVEL_05,5,Dreamtime,0x002C45FC,0x093FE2FC,vendor,3,0x00178944; 0x00178B0C; 0x00178B70,0x092B2644; 0x092B280C; 0x092B2870,u32 lastAnimPlayed; u32 vendorType; Toggle bSellsWeapons; u8 pad[ 7 ];
LEVEL_05,5,Dreamtime,0x002C46E4,0x093FE3E4,wallJumpTrigger,3,0x00178DE8; 0x00178EAC; 0x00178EB4,0x092B2AE8; 0x092B2BAC; 0x092B2BB4,TriggerLink volume; f32 camDist; f32 camHeight; f32 camLookUp; f32 camAzimuth; f32 exitStateDelay; u32 pad[2];
LEVEL_05,5,Dreamtime,0x002C4908,0x093FE608,Wrench,3,0x00179234; 0x00179308; 0x00179764,0x092B2F34; 0x092B3008; 0x092B3464,
LEVEL_06,6,Medical Outpost Omega,0x002BC578,0x093F6278,Acidbomb,3,0x000FE838; 0x000FE848; 0x000FF1B0,0x09238538; 0x09238548; 0x09238EB0,
LEVEL_06,6,Medical Outpost Omega,0x002BC600,0x093F6300,AcidbombEpoxy,3,0x001005F4; 0x001005FC; 0x00100684,0x0923A2F4; 0x0923A2FC; 0x0923A384,
LEVEL_06,6,Medical Outpost Omega,0x002BC660,0x093F6360,AcidGloveHUD,3,0x00100B8C; 0x00100B94; 0x00100B9C,0x0923A88C; 0x0923A894; 0x0923A89C,
LEVEL_06,6,Medical Outpost Omega,0x002BC6C0,0x093F63C0,AgentController,3,0x00100BA4; 0x00100C94; 0x00100E4C,0x0923A8A4; 0x0923A994; 0x0923AB4C,
LEVEL_06,6,Medical Outpost Omega,0x002BCA14,0x093F6714,AgentOfDoom,4,0x00101564; 0x00101640; 0x00101700; 0x00101A20,0x0923B264; 0x0923B340; 0x0923B400; 0x0923B720,
LEVEL_06,6,Medical Outpost Omega,0x002BCAF4,0x093F67F4,AgentOfDoomShrapnel,3,0x00106138; 0x00106140; 0x00106148,0x0923FE38; 0x0923FE40; 0x0923FE48,
LEVEL_06,6,Medical Outpost Omega,0x002BCC30,0x093F6930,AgentsBomb,3,0x00106448; 0x00106450; 0x00106458,0x09240148; 0x09240150; 0x09240158,
LEVEL_06,6,Medical Outpost Omega,0x002BCCC8,0x093F69C8,AgentsGlove,3,0x001079E4; 0x00107A70; 0x00107A9C,0x092416E4; 0x09241770; 0x0924179C,
LEVEL_06,6,Medical Outpost Omega,0x002BCD74,0x093F6A74,AgentsGrenade,3,0x00107F6C; 0x0010805C; 0x00108510,0x09241C6C; 0x09241D5C; 0x09242210,
LEVEL_06,6,Medical Outpost Omega,0x002BCE1C,0x093F6B1C,AgentsLaser,3,0x00108A8C; 0x00108D94; 0x00108E48,0x0924278C; 0x09242A94; 0x09242B48,
LEVEL_06,6,Medical Outpost Omega,0x002BCF10,0x093F6C10,AgentsRocket,3,0x00109854; 0x00109918; 0x00109998,0x09243554; 0x09243618; 0x09243698,
LEVEL_06,6,Medical Outpost Omega,0x002BCFA8,0x093F6CA8,ArmorHelmet,3,0x0010A280; 0x0010A288; 0x0010A290,0x09243F80; 0x09243F88; 0x09243F90,
LEVEL_06,6,Medical Outpost Omega,0x002BD008,0x093F6D08,ArmorLeftFoot,3,0x0010A298; 0x0010A2A0; 0x0010A2A8,0x09243F98; 0x09243FA0; 0x09243FA8,
LEVEL_06,6,Medical Outpost Omega,0x002BD078,0x093F6D78,ArmorLeftHand,3,0x0010A2B0; 0x0010A2B8; 0x0010A2C0,0x09243FB0; 0x09243FB8; 0x09243FC0,u32 pad[ 4 ];
LEVEL_06,6,Medical Outpost Omega,0x002BD1A8,0x093F6EA8,ArmorPickup,3,0x0010A634; 0x0010A2E4; 0x0010AB38,0x09244334; 0x09243FE4; 0x09244838,f32 dist; f32 height; f32 lookHeight; f32 elevation; f32 azimuth; MobyLink driver; MobyLink playerMatrix; u32 playthroughReq; Toggle magnaboots; u8 pad[ 15 ];
LEVEL_06,6,Medical Outpost Omega,0x002BD220,0x093F6F20,ArmorRightFoot,3,0x0010B074; 0x0010B07C; 0x0010B084,0x09244D74; 0x09244D7C; 0x09244D84,
LEVEL_06,6,Medical Outpost Omega,0x002BD290,0x093F6F90,ArmorRightHand,3,0x0010B08C; 0x0010B094; 0x0010B09C,0x09244D8C; 0x09244D94; 0x09244D9C,u32 pad[ 4 ];
LEVEL_06,6,Medical Outpost Omega,0x002BD2F0,0x093F6FF0,ArmorTorso,3,0x0010B0A4; 0x0010B0AC; 0x0010B0B4,0x09244DA4; 0x09244DAC; 0x09244DB4,
LEVEL_06,6,Medical Outpost Omega,0x002BD3D4,0x093F70D4,BeeMine,4,0x0010B754; 0x0010B764; 0x0010BB44; 0x0010B83C,0x09245454; 0x09245464; 0x09245844; 0x0924553C,
LEVEL_06,6,Medical Outpost Omega,0x002BD4A0,0x093F71A0,BeeMineGlove,3,0x0010D520; 0x0010D6A8; 0x0010D6D4,0x09247220; 0x092473A8; 0x092473D4,
LEVEL_06,6,Medical Outpost Omega,0x002BD500,0x093F7200,BeeMineGloveHUD,3,0x0010DCF4; 0x0010DCFC; 0x0010DD04,0x092479F4; 0x092479FC; 0x09247A04,
LEVEL_06,6,Medical Outpost Omega,0x002BD5CC,0x093F72CC,BeeMineShrapnel,3,0x0010E03C; 0x0010E044; 0x0010E04C,0x09247D3C; 0x09247D44; 0x09247D4C,
LEVEL_06,6,Medical Outpost Omega,0x002BD6BC,0x093F73BC,Blaster,3,0x0010E0C4; 0x0010E220; 0x0010E744,0x09247DC4; 0x09247F20; 0x09248444,
LEVEL_06,6,Medical Outpost Omega,0x002BD728,0x093F7428,BlasterAkimbo,3,0x0010F724; 0x0010F7A8; 0x0010F7D8,0x09249424; 0x092494A8; 0x092494D8,
LEVEL_06,6,Medical Outpost Omega,0x002BD79C,0x093F749C,BlasterShot,3,0x0010FAA8; 0x0010FAD0; 0x0010FE74,0x092497A8; 0x092497D0; 0x09249B74,
LEVEL_06,6,Medical Outpost Omega,0x002BDBFC,0x093F78FC,BlitzGun,3,0x00111D40; 0x00111E9C; 0x001122F4,0x0924BA40; 0x0924BB9C; 0x0924BFF4,
LEVEL_06,6,Medical Outpost Omega,0x002BDD8C,0x093F7A8C,BlitzGunShot,3,0x00113D88; 0x00113D90; 0x00113F2C,0x0924DA88; 0x0924DA90; 0x0924DC2C,
LEVEL_06,6,Medical Outpost Omega,0x002BDDF0,0x093F7AF0,Bolt,2,0x00114A3C; 0x00114A44,0x0924E73C; 0x0924E744,
LEVEL_06,6,Medical Outpost Omega,0x002BE0E4,0x093F7DE4,BoltController,3,0x00117FAC; 0x001181E0; 0x00118204,0x09251CAC; 0x09251EE0; 0x09251F04,u32 boltAmnt; u32 boltAmountReplay; u32 pad[ 2 ];
LEVEL_06,6,Medical Outpost Omega,0x002BE160,0x093F7E60,BoltGrabber,3,0x001185A0; 0x001185A8; 0x001185B0,0x092522A0; 0x092522A8; 0x092522B0,
LEVEL_06,6,Medical Outpost Omega,0x002BE224,0x093F7F24,Bombglove,3,0x001185B8; 0x00118690; 0x00118B40,0x092522B8; 0x09252390; 0x09252840,
LEVEL_06,6,Medical Outpost Omega,0x002BE288,0x093F7F88,BoxBreaker,3,0x001190B0; 0x001190B8; 0x001190C0,0x09252DB0; 0x09252DB8; 0x09252DC0,
LEVEL_06,6,Medical Outpost Omega,0x002BE2E8,0x093F7FE8,BoxBreakerHelp,3,0x0011914C; 0x00119154; 0x0011915C,0x09252E4C; 0x09252E54; 0x09252E5C,
LEVEL_06,6,Medical Outpost Omega,0x002BE500,0x093F8200,BustyNurse,4,0x001191A8; 0x00119514; 0x00119B70; 0x001195B4,0x09252EA8; 0x09253214; 0x09253870; 0x092532B4,Navigate nav; MobyLink controller; TriggerLink detect; VEC2 panicPos; Toggle panicker; Toggle wanderer; u8 controllerId; u8 runLeft; Launch launch; f32 health;
LEVEL_06,6,Medical Outpost Omega,0x002BE664,0x093F8364,ChameleonDecoy,4,0x0011AC58; 0x0011AC60; 0x0011AC78; 0x0011AD00,0x09254958; 0x09254960; 0x09254978; 0x09254A00,
LEVEL_06,6,Medical Outpost Omega,0x002BE6D8,0x093F83D8,ClankForShipAnim,3,0x0011ADB4; 0x0011ADBC; 0x0011ADC4,0x09254AB4; 0x09254ABC; 0x09254AC4,u32 pad[ 4 ];
LEVEL_06,6,Medical Outpost Omega,0x002BE738,0x093F8438,ClankHead,3,0x0011ADCC; 0x0011ADD4; 0x0011ADDC,0x09254ACC; 0x09254AD4; 0x09254ADC,
LEVEL_06,6,Medical Outpost Omega,0x002BE798,0x093F8498,ClankPack,3,0x0011ADE4; 0x0011AE14; 0x0011AE1C,0x09254AE4; 0x09254B14; 0x09254B1C,
LEVEL_06,6,Medical Outpost Omega,0x002BE824,0x093F8524,ContinuePoint,3,0x0011AE40; 0x0011AE64; 0x0011AE6C,0x09254B40; 0x09254B64; 0x09254B6C,TriggerLink activateTrigger; u8 index;
LEVEL_06,6,Medical Outpost Omega,0x002BE8C4,0x093F85C4,CowBell,3,0x0011B33C; 0x0011B344; 0x0011B34C,0x0925503C; 0x09255044; 0x0925504C,
LEVEL_06,6,Medical Outpost Omega,0x002BE974,0x093F8674,Crate,4,0x0011B484; 0x0011B48C; 0x0011B574; 0x0011B494,0x09255184; 0x0925518C; 0x09255274; 0x09255194,Moby *pCrateBelow; f32 velocityY; f32 fallDistance; f32 distFallen;
LEVEL_06,6,Medical Outpost Omega,0x002BEAB4,0x093F87B4,CrateAmmo,4,0x0011B654; 0x0011B67C; 0x0011B684; 0x0011B68C,0x09255354; 0x0925537C; 0x09255384; 0x0925538C,Moby *pCrateBelow; f32 velocityY; f32 fallDistance; f32 distFallen; Toggle major; Toggle minor; u8 noAmmoType1; u8 noAmmoType2; u8 onlyAmmoType; Toggle validIM; Toggle validDM; Toggle validCTF; u8 pad[8];
LEVEL_06,6,Medical Outpost Omega,0x002BEB18,0x093F8818,CrateChunk,2,0x0011BD50; 0x0011BD58,0x09255A50; 0x09255A58,
LEVEL_06,6,Medical Outpost Omega,0x002BED18,0x093F8A18,CrateChunkController,2,0x0011C3B4; 0x0011C3BC,0x092560B4; 0x092560BC,
LEVEL_06,6,Medical Outpost Omega,0x002BEE3C,0x093F8B3C,CrateExplosive,2,0x0011C57C; 0x0011C5C0,0x0925627C; 0x092562C0,Moby *pCrateBelow; f32 velocityY; f32 fallDistance; f32 distFallen; Toggle explode; u8 keyIdx; Toggle validIM; Toggle validDM; Toggle validCTF; u8 pad[11];
LEVEL_06,6,Medical Outpost Omega,0x002BEFD0,0x093F8CD0,CrateHealth,2,0x0011CDA4; 0x0011CE40,0x09256AA4; 0x09256B40,Moby *pCrateBelow; f32 velocityY; f32 fallDistance; f32 distFallen; Moby *pPowerup; Toggle validIM; Toggle validDM; Toggle validCTF; u8 pad[9];
LEVEL_06,6,Medical Outpost Omega,0x002BF5D4,0x093F92D4,CrossbowGun,3,0x0011D75C; 0x0011D848; 0x0011DA28,0x0925745C; 0x09257548; 0x09257728,
LEVEL_06,6,Medical Outpost Omega,0x002BF7B4,0x093F94B4,CrossbowShot,3,0x0011E078; 0x0011E080; 0x0011F5C0,0x09257D78; 0x09257D80; 0x092592C0,
LEVEL_06,6,Medical Outpost Omega,0x002BF8D0,0x093F95D0,CrystalGroundShard,3,0x001204B4; 0x001206F8; 0x0012093C,0x0925A1B4; 0x0925A3F8; 0x0925A63C,
LEVEL_06,6,Medical Outpost Omega,0x002BFA18,0x093F9718,CutCamera,3,0x0012105C; 0x00121138; 0x00121548,0x0925AD5C; 0x0925AE38; 0x0925B248,f32 time; TriggerLink activate; CurveLink path; MobyLink target; VEC3 targetPos; Toggle destroyOnFinish; Toggle finishOnPath; Toggle bLerpFromActive; u8 pathPointId; MobyLink enemyWave; f32 lerpTime; Toggle bNoRespawn; u8 pad2[7];
LEVEL_06,6,Medical Outpost Omega,0x002BFAE0,0x093F97E0,DeathTrigger,3,0x00121E60; 0x00121EC0; 0x00121EC8,0x0925BB60; 0x0925BBC0; 0x0925BBC8,MobyLink killAreas; MobyLink ignoreAreas; Toggle killHeroInTriggers; f32 minYHeight; u8 pad[3];
LEVEL_06,6,Medical Outpost Omega,0x002BFB40,0x093F9840,DualBlasterHUD,3,0x0012203C; 0x00122044; 0x0012204C,0x0925BD3C; 0x0925BD44; 0x0925BD4C,
LEVEL_06,6,Medical Outpost Omega,0x002BFBDC,0x093F98DC,electricXplo,3,0x00122AEC; 0x00122840; 0x00122848,0x0925C7EC; 0x0925C540; 0x0925C548,f32 lengths[24]; VEC3 normals[18]; f32 timer; s32 scroll;
LEVEL_06,6,Medical Outpost Omega,0x002BFDB0,0x093F9AB0,ElectroBall,3,0x001243D4; 0x00124444; 0x00124488,0x0925E0D4; 0x0925E144; 0x0925E188,
LEVEL_06,6,Medical Outpost Omega,0x002BFEBC,0x093F9BBC,ElectroshockWave,3,0x001250CC; 0x001250D4; 0x00125BAC,0x0925EDCC; 0x0925EDD4; 0x0925F8AC,
LEVEL_06,6,Medical Outpost Omega,0x002C0028,0x093F9D28,EnemyController,3,0x00125F3C; 0x00126148; 0x00126388,0x0925FC3C; 0x0925FE48; 0x09260088,TriggerLink updateArea; TriggerLink updateArea2; TriggerLink destroyTrigger; f32 firstWaveDist; f32 secondWaveDist; Toggle envColl; u8 attackingMax; Toggle destroyControllerToo; u8 pad[ 9 ];
LEVEL_06,6,Medical Outpost Omega,0x002C0194,0x093F9E94,EnemyWave,3,0x00128FD8; 0x00129090; 0x00129394,0x09262CD8; 0x09262D90; 0x09263094,MobyLink destroyedMoby; TriggerLink trigger; MobyLink previousWave; f32 timer; f32 delayRandMax; MobyLink enemyControllerToCheck; u8 mobyToCheckState; Toggle prevWaveDestroyed; u8 enemyInControllerCount; u8 pad[ 9 ];
LEVEL_06,6,Medical Outpost Omega,0x002C0364,0x093FA064,ExplosiveBee,3,0x00129858; 0x00129900; 0x0012A7A8,0x09263558; 0x09263600; 0x092644A8,
LEVEL_06,6,Medical Outpost Omega,0x002C04A0,0x093FA1A0,Flamethrower,3,0x0012B8A0; 0x0012BA1C; 0x0012C82C,0x092655A0; 0x0926571C; 0x0926652C,
LEVEL_06,6,Medical Outpost Omega,0x002C0790,0x093FA490,FlyingCarLightweightDirectional,3,0x0012EE6C; 0x0012F060; 0x0012F068,0x09268B6C; 0x09268D60; 0x09268D68,f32 speed; f32 distance; f32 fadeDist; u8 pad8a; u8 reverse; u8 lanes; u8 pad8; f32 spawnXMod; f32 spawnYMod; VEC3 posVariAmp; VEC3 posVariRate; f32 scale; u32 numShips; f32 spawnRate; Toggle DistantShip1; Toggle DistantShip2; Toggle DistantShip3; Toggle PODCopter; Toggle ShuttleCruiser; Toggle Dragonfly; Toggle pad[15] ;
LEVEL_06,6,Medical Outpost Omega,0x002C0848,0x093FA548,GenericTieForm,3,0x0012F75C; 0x0012F7AC; 0x0012F7E0,0x0926945C; 0x092694AC; 0x092694E0,
LEVEL_06,6,Medical Outpost Omega,0x002C08A8,0x093FA5A8,GravityCrystal,3,0x0012FF20; 0x00130138; 0x00130AB0,0x09269C20; 0x09269E38; 0x0926A7B0,
LEVEL_06,6,Medical Outpost Omega,0x002C0ADC,0x093FA7DC,GrindrailBomb,4,0x001316F4; 0x001317E4; 0x00131848; 0x001315EC,0x0926B3F4; 0x0926B4E4; 0x0926B548; 0x0926B2EC,
LEVEL_06,6,Medical Outpost Omega,0x002C0DAC,0x093FAAAC,GrindrailController,2,0x00132E84; 0x001330F4,0x0926CB84; 0x0926CDF4,VEC4 dir; CurveLink path; f32 grindrailSp; CurveLink secPaths[20]; f32 camDefaultLookLead; f32 camDefaultDist; f32 camDefaultHeight; f32 camDefaultAzimuth; f32 camDefaultElevation; f32 bombDamageFrac; f32 gateDamageFrac;
LEVEL_06,6,Medical Outpost Omega,0x002C0FDC,0x093FACDC,GrindrailGate,3,0x001333F4; 0x001334CC; 0x001336C4,0x0926D0F4; 0x0926D1CC; 0x0926D3C4,u32 pad[4];
LEVEL_06,6,Medical Outpost Omega,0x002C10E0,0x093FADE0,GrindrailLock,3,0x00133D08; 0x001340E8; 0x00134214,0x0926DA08; 0x0926DDE8; 0x0926DF14,TriggerLink promptArea; TriggerLink endArea; MobyLink matrixMoby; u32 lockID; MobyLink destroyMobys; u32 pad[ 3 ];
LEVEL_06,6,Medical Outpost Omega,0x002C11C0,0x093FAEC0,GrindrailSwitch,4,0x00134AF4; 0x00134C3C; 0x00134CA0; 0x001348DC,0x0926E7F4; 0x0926E93C; 0x0926E9A0; 0x0926E5DC,MobyLink gate; Toggle toggleOnOff; s32 gateMember; u32 pad[1];
LEVEL_06,6,Medical Outpost Omega,0x002C1324,0x093FB024,HeadShrapnel,3,0x00135410; 0x00135424; 0x0013542C,0x0926F110; 0x0926F124; 0x0926F12C,
LEVEL_06,6,Medical Outpost Omega,0x002C1580,0x093FB280,HeavyTorso01,4,0x00136510; 0x00135C64; 0x00136B3C; 0x00135A24,0x09270210; 0x0926F964; 0x0927083C; 0x0926F724,Navigate nav; MobyLink controller; TriggerLink detect; f32 alertRadius; CurveLink enterPath; CurveLink patrolPath; TriggerLink enterTrigger; MobyLink enemyWave; TriggerLink autoDetectArea; TriggerLink wanderArea; Toggle waitForInteraction; Toggle runEnter; u8 pad[14];
LEVEL_06,6,Medical Outpost Omega,0x002C16F0,0x093FB3F0,HeavyTorsoShrapnel,3,0x00138674; 0x001386D0; 0x001386D8,0x09272374; 0x092723D0; 0x092723D8,
LEVEL_06,6,Medical Outpost Omega,0x002C175C,0x093FB45C,Helipack,3,0x00138D10; 0x00138D18; 0x00138D20,0x09272A10; 0x09272A18; 0x09272A20,
LEVEL_06,6,Medical Outpost Omega,0x002C1824,0x093FB524,HutDoor,3,0x00138EC4; 0x00139290; 0x001394BC,0x09272BC4; 0x09272F90; 0x092731BC,MobyLink mobysToCheck[ 10 ]; TriggerLink trigger; MobyLink enemyController; f32 radius; u32 pad[3];
LEVEL_06,6,Medical Outpost Omega,0x002C1A0C,0x093FB70C,Hypershot,3,0x00139D00; 0x00139D9C; 0x00139E24,0x09273A00; 0x09273A9C; 0x09273B24,
LEVEL_06,6,Medical Outpost Omega,0x002C1A90,0x093FB790,IntroMovie,3,0x00139FB4; 0x0013A070; 0x0013A078,0x09273CB4; 0x09273D70; 0x09273D78,u32 fromLevel; u32 pad[ 3 ];
LEVEL_06,6,Medical Outpost Omega,0x002C304C,0x093FCD4C,LaserTracer,3,0x0013DD14; 0x0013DE08; 0x0013DF90,0x09277A14; 0x09277B08; 0x09277C90,
LEVEL_06,6,Medical Outpost Omega,0x002C32B4,0x093FCFB4,LevelMusic,2,0x0014379C; 0x0014387C,0x0927D49C; 0x0927D57C,u32 songNumber; TriggerLink trigger; s32 continuePointMin; s32 continuePointMax; s32 levelNumber; u8 priority; u8 pad[ 7 ];
LEVEL_06,6,Medical Outpost Omega,0x002C33A0,0x093FD0A0,Lvl06Controller,3,0x00143EE4; 0x001441C4; 0x00144278,0x0927DBE4; 0x0927DEC4; 0x0927DF78,TriggerLink reactorTrigger; MobyLink checkPoint; MobyLink weaponPickup; MobyLink reactorDoor;
LEVEL_06,6,Medical Outpost Omega,0x002C3660,0x093FD360,Lvl06Door,3,0x00144A90; 0x001445A4; 0x00145150,0x0927E790; 0x0927E2A4; 0x0927EE50,MobyLink controller; TriggerLink activate; TriggerLink updateArea; CurveLink path; f32 moveTime; f32 progInc; const Lvl06Door_Data *pData; u32 drawDist; Toggle bTrapDoor; u8 openOffGroups[8]; u8 outClosedOffGroups[8]; u8 inClosedOffGroups[8]; Toggle hasOpened; Toggle stayOpen; Toggle bInEncounter; MobyLink enemyWave; MobyLink level10UnlockMoby; TriggerLink encounterLock; MobyLink grindrailLock; TriggerLink unlockTrigger; MobyLink specialOpenMobies; TriggerLink specialOpenTrigger; u32 pad[2];
LEVEL_06,6,Medical Outpost Omega,0x002C3720,0x093FD420,Lvl06EndLevel,3,0x00145F20; 0x001460CC; 0x001460D4,0x0927FC20; 0x0927FDCC; 0x0927FDD4,MobyLink controllers[4]; TriggerLink endTrigger; MobyLink sideDoor; u32 pad[2];
LEVEL_06,6,Medical Outpost Omega,0x002C3804,0x093FD504,Lvl06HeadSpawner,3,0x00146268; 0x00146364; 0x0014636C,0x0927FF68; 0x09280064; 0x0928006C,f32 spawnTimes[6]; CurveLink paths[6]; MobyLink turret; f32 speedModifier; Toggle headStates[6]; u8 pad[2];
LEVEL_06,6,Medical Outpost Omega,0x002C3A8C,0x093FD78C,Lvl06MapCutscene,3,0x00146A24; 0x001465BC; 0x00146F60,0x09280724; 0x092802BC; 0x09280C60,TieLink computerWhole; TieLink bigChunk1; TieLink bigChunk2; TieLink bigChunk3; TieLink panels[6]; ShrubLink panels2[3]; MobyLink weaponPack; VEC3 startAt; VEC3 startPos; MobyLink startMoby; MobyLink spawnWave; f32 lightTimer; u8 lightState; u8 contPoint; u8 pad[2]; VEC3 bigChunk1Vel; VEC3 bigChunk2Vel; VEC3 bigChunk3Vel; VEC3 panelVels[9]; VEC3 bigChunk1RotAxis; VEC3 bigChunk2RotAxis; VEC3 bigChunk3RotAxis; VEC3 panelRotAxes[9];
LEVEL_06,6,Medical Outpost Omega,0x002C3D98,0x093FDA98,Lvl06MedicTurret,3,0x00147E3C; 0x001482B8; 0x00149590,0x09281B3C; 0x09281FB8; 0x09283290,TriggerLink detect; f32 curEventTime; MobyLink controller; TriggerLink restrict; Moby *pHeads[8]; CurveLink ratchetCurve; s8 targetedHeadId; u8 playerHealth; Toggle canFire; u8 invulnFrames; ANIM_Manipulator animManip; VEC3 leftHandPos; VEC3 rightHandPos; f32 chestY; VEC4 armVelocity; f32 startY; Moby *pClankHead; f32 eventTime; f32 deathTimer; MobyLink exitDoor; u32 cpId;
LEVEL_06,6,Medical Outpost Omega,0x002C3E74,0x093FDB74,Lvl06MedicTurretShot,3,0x0014B108; 0x0014B3A4; 0x0014B474,0x09284E08; 0x092850A4; 0x09285174,Moby *pTarget; f32 distToTarget; VEC3 *pStartPos; u32 pad;
LEVEL_06,6,Medical Outpost Omega,0x002C3F10,0x093FDC10,MapOMaticGadget,3,0x0014B998; 0x0014B9A0; 0x0014B9A8,0x09285698; 0x092856A0; 0x092856A8,
LEVEL_06,6,Medical Outpost Omega,0x002C3F70,0x093FDC70,MatrixMoby,3,0x0014B9B0; 0x0014B9B8; 0x0014B9C0,0x092856B0; 0x092856B8; 0x092856C0,
LEVEL_06,6,Medical Outpost Omega,0x002C4330,0x093FE030,MedicBot,4,0x0014B9C8; 0x0014C1AC; 0x0014DB70; 0x0014BED0,0x092856C8; 0x09285EAC; 0x09287870; 0x09285BD0,Navigate nav; MobyLink controller; TriggerLink detect; f32 alertRadius; CurveLink enterPath; CurveLink patrolPath; TriggerLink enterTrigger; MobyLink patient; MobyLink enemyWave; TriggerLink autoDetectArea; Toggle waitForInteraction; u8 pad[15];
LEVEL_06,6,Medical Outpost Omega,0x002C4474,0x093FE174,MedicBotShield,4,0x00150028; 0x00150084; 0x001500B8; 0x0015007C,0x09289D28; 0x09289D84; 0x09289DB8; 0x09289D7C,
LEVEL_06,6,Medical Outpost Omega,0x002C451C,0x093FE21C,MobyGroup,3,0x00150260; 0x001502F8; 0x00150300,0x09289F60; 0x09289FF8; 0x0928A000,MobyLink mobysToCheck[ 8 ]; u8 destroyed; u8 count; u8 pad[ 14 ];
LEVEL_06,6,Medical Outpost Omega,0x002C4624,0x093FE324,MobyIce,3,0x00150C20; 0x00150C38; 0x001515BC,0x0928A920; 0x0928A938; 0x0928B2BC,
LEVEL_06,6,Medical Outpost Omega,0x002C4924,0x093FE624,Mootator,3,0x00152164; 0x001523B4; 0x00153504,0x0928BE64; 0x0928C0B4; 0x0928D204,
LEVEL_06,6,Medical Outpost Omega,0x002C49AC,0x093FE6AC,MovieTrigger,3,0x00153A6C; 0x00153B64; 0x00153B6C,0x0928D76C; 0x0928D864; 0x0928D86C,TriggerLink trigger; u32 pad[ 3 ];
LEVEL_06,6,Medical Outpost Omega,0x002C4A50,0x093FE750,MutantCow,4,0x00153BD8; 0x00153D5C; 0x00154288; 0x00189D10,0x0928D8D8; 0x0928DA5C; 0x0928DF88; 0x092C3A10,
LEVEL_06,6,Medical Outpost Omega,0x002C4C20,0x093FE920,MutantMadCow,4,0x00154DE8; 0x00154F50; 0x0015536C; 0x00189D10,0x0928EAE8; 0x0928EC50; 0x0928F06C; 0x092C3A10,
LEVEL_06,6,Medical Outpost Omega,0x002C4CE8,0x093FE9E8,NapalmBubble,3,0x00155FDC; 0x00155FE4; 0x00155FEC,0x0928FCDC; 0x0928FCE4; 0x0928FCEC,
LEVEL_06,6,Medical Outpost Omega,0x002C4D90,0x093FEA90,PDA,3,0x00156A70; 0x00156A78; 0x00156A80,0x09290770; 0x09290778; 0x09290780,
LEVEL_06,6,Medical Outpost Omega,0x002C4E9C,0x093FEB9C,Polarizer,3,0x00156AB4; 0x00156C70; 0x00157758,0x092907B4; 0x09290970; 0x09291458,
LEVEL_06,6,Medical Outpost Omega,0x002C4F94,0x093FEC94,PositionalSound,3,0x001586C8; 0x001587C0; 0x001587C8,0x092923C8; 0x092924C0; 0x092924C8,u32 soundSig; TriggerLink activeArea; GDE_Sound *pGDESound; SND_Positional *pSound; f32 nearRadius; f32 farRadius; Toggle bIsLooping; u8 pad[15];
LEVEL_06,6,Medical Outpost Omega,0x002C50FC,0x093FEDFC,PowerupAmmo,3,0x001588E4; 0x001589B0; 0x001589B8,0x092925E4; 0x092926B0; 0x092926B8,VEC4 velocity; f32 fallDistance; f32 fadeAmnt; u8 ammoType; u8 ammoAmnt; u32 priority; u8 gain; u8 needSync;
LEVEL_06,6,Medical Outpost Omega,0x002C5258,0x093FEF58,PowerupHealth,3,0x00159E58; 0x00159EA8; 0x00159EE4,0x09293B58; 0x09293BA8; 0x09293BE4,Particle *pTrail[8]; Particle *pGlowParticle; Particle *pGlowParticle2; Particle *pSphereParticle; Particle *pSphereParticle2; Moby *pParent; VEC4 velocity; f32 bobCount; f32 goToTimer; f32 deathTimer; f32 fallDistance;
LEVEL_06,6,Medical Outpost Omega,0x002C53E0,0x093FF0E0,Ratchet,4,0x0015B88C; 0x0015B8CC; 0x0015B8D4; 0x0015B8DC,0x0929558C; 0x092955CC; 0x092955D4; 0x092955DC,
LEVEL_06,6,Medical Outpost Omega,0x002C551C,0x093FF21C,RatchetDecoyInner,4,0x0015C7D4; 0x0015C7DC; 0x0015D54C; 0x0015C89C,0x092964D4; 0x092964DC; 0x0929724C; 0x0929659C,
LEVEL_06,6,Medical Outpost Omega,0x002C5590,0x093FF290,RatchetDecoyOuter,3,0x0015DA5C; 0x0015DA98; 0x0015DAA0,0x0929775C; 0x09297798; 0x092977A0,
LEVEL_06,6,Medical Outpost Omega,0x002C5624,0x093FF324,Region,3,0x0015DABC; 0x0015DBB8; 0x0015DBC0,0x092977BC; 0x092978B8; 0x092978C0,Toggle groups[32]; TriggerLink zone; u32 pad[ 3 ];
LEVEL_06,6,Medical Outpost Omega,0x002C56A0,0x093FF3A0,RobotShrapnel,3,0x0015DBC8; 0x0015DC24; 0x0015DC2C,0x092978C8; 0x09297924; 0x0929792C,
LEVEL_06,6,Medical Outpost Omega,0x002C5838,0x093FF538,Ryno,3,0x0015E210; 0x0015E2EC; 0x0015E98C,0x09297F10; 0x09297FEC; 0x0929868C,
LEVEL_06,6,Medical Outpost Omega,0x002C5914,0x093FF614,RynoRocket,3,0x0015F390; 0x0015F3AC; 0x0015F3FC,0x09299090; 0x092990AC; 0x092990FC,
LEVEL_06,6,Medical Outpost Omega,0x002C59B4,0x093FF6B4,SegmentTrigger,3,0x001602B8; 0x00160364; 0x0016036C,0x09299FB8; 0x0929A064; 0x0929A06C,TriggerLink trigger; u32 pad[ 3 ];
LEVEL_06,6,Medical Outpost Omega,0x002C5C8C,0x093FF98C,SentryTurret01,4,0x001603D4; 0x001607B8; 0x00161370; 0x0016096C,0x0929A0D4; 0x0929A4B8; 0x0929B070; 0x0929A66C,MobyLink enemyController; TriggerLink detect; MobyLink enemyWave; MobyLink door; Toggle usePointLights; u8 pad[15];
LEVEL_06,6,Medical Outpost Omega,0x002C5DB0,0x093FFAB0,SentryTurret01Shot,4,0x001621DC; 0x001621F4; 0x001621FC; 0x00162308,0x0929BEDC; 0x0929BEF4; 0x0929BEFC; 0x0929C008,Particle *pLength; Particle *pSphere; Moby *pController; Moby *pParent; f32 distTravelled; f32 collDist; u32 pad[2];
LEVEL_06,6,Medical Outpost Omega,0x002C5F74,0x093FFC74,SentryTurret01Trigger,3,0x00162B68; 0x00162E70; 0x0016325C,0x0929C868; 0x0929CB70; 0x0929CF5C,CurveLink movePath; TriggerLink activate; f32 lerpInc; f32 onTime; f32 offTime; MobyLink sentryTurrets[3]; VEC3 triggerScale; u8 nextPointId; u8 currentPointId; u8 startPoint; Toggle blinker; f32 blinkTimer; SND_Positional *pSound; SND_Positional *pMovingSound; u8 initState; u8 blinkCount; u8 pad[2];
LEVEL_06,6,Medical Outpost Omega,0x002C6144,0x093FFE44,SetCamera,3,0x00163610; 0x00163724; 0x0016372C,0x0929D310; 0x0929D424; 0x0929D42C,TriggerLink area; Toggle lazy; u8 pad[3]; f32 lookHeight; f32 camDist; f32 height; f32 elevation; f32 azimuth; MobyLink parent; Toggle useAzimuth; Toggle useLookHeight; Toggle useCamDist; Toggle useHeight; Toggle useElevation; Toggle enabled; Toggle singleUse; Toggle entered; f32 speed; u32 priority; f32 restoreSpeed; u32 pad2[3];
LEVEL_06,6,Medical Outpost Omega,0x002C61D0,0x093FFED0,ShieldCharger,4,0x00164334; 0x001639F4; 0x00164764; 0x00164F68,0x0929E034; 0x0929D6F4; 0x0929E464; 0x0929EC68,
LEVEL_06,6,Medical Outpost Omega,0x002C6378,0x09400078,ShieldChargerBolt,3,0x00166DC8; 0x00166DD0; 0x00166E14,0x092A0AC8; 0x092A0AD0; 0x092A0B14,
LEVEL_06,6,Medical Outpost Omega,0x002C6478,0x09400178,ShockRocket,3,0x00167168; 0x00167254; 0x00167540,0x092A0E68; 0x092A0F54; 0x092A1240,
LEVEL_06,6,Medical Outpost Omega,0x002C6564,0x09400264,ShockRocketShot,3,0x001680B4; 0x00168104; 0x0016870C,0x092A1DB4; 0x092A1E04; 0x092A240C,
LEVEL_06,6,Medical Outpost Omega,0x002C662C,0x0940032C,ShrinkBeam,3,0x00169524; 0x0016952C; 0x00169BE0,0x092A3224; 0x092A322C; 0x092A38E0,
LEVEL_06,6,Medical Outpost Omega,0x002C6690,0x09400390,ShrinkRayRatchet,3,0x0016A8A0; 0x0016A8A8; 0x0016A8B0,0x092A45A0; 0x092A45A8; 0x092A45B0,
LEVEL_06,6,Medical Outpost Omega,0x002C676C,0x0940046C,SlideController,3,0x0016A8B8; 0x0016ABEC; 0x0016ABF4,0x092A45B8; 0x092A48EC; 0x092A48F4,VEC4 initDir; TriggerLink detectArea; CurveLink path; f32 azimuth; f32 camDist; f32 camHeight; f32 camOfsY; f32 slideSp;
LEVEL_06,6,Medical Outpost Omega,0x002C6838,0x09400538,Spitfire,3,0x0016AEB4; 0x0016AEE8; 0x0016AF0C,0x092A4BB4; 0x092A4BE8; 0x092A4C0C,
LEVEL_06,6,Medical Outpost Omega,0x002C6914,0x09400614,Splash,3,0x0016C2A0; 0x0016C2E8; 0x0016C2F0,0x092A5FA0; 0x092A5FE8; 0x092A5FF0,VEC2 pos; VEC2 velocity; const VEC3 *pPos; f32 startRadius; u16 uOffset; u8 owned; u8 pad;
LEVEL_06,6,Medical Outpost Omega,0x002C69FC,0x094006FC,Sproutomatic,3,0x0016C8C8; 0x0016C970; 0x0016C9A8,0x092A65C8; 0x092A6670; 0x092A66A8,
LEVEL_06,6,Medical Outpost Omega,0x002C6A60,0x09400760,StaticBarrierBelt,3,0x0016CF6C; 0x0016CFA0; 0x0016CFA8,0x092A6C6C; 0x092A6CA0; 0x092A6CA8,
LEVEL_06,6,Medical Outpost Omega,0x002C6BC0,0x094008C0,SuckCannon,3,0x0016CFB0; 0x0016D0F8; 0x0016D714,0x092A6CB0; 0x092A6DF8; 0x092A7414,
LEVEL_06,6,Medical Outpost Omega,0x002C6C28,0x09400928,SuckCannonComet,3,0x0018B1D0; 0x0018B1D8; 0x0018B40C,0x092C4ED0; 0x092C4ED8; 0x092C510C,
LEVEL_06,6,Medical Outpost Omega,0x002C6C90,0x09400990,SuckCannonCometTie,3,0x0018B1D0; 0x0018B1D8; 0x0016E084,0x092C4ED0; 0x092C4ED8; 0x092A7D84,
LEVEL_06,6,Medical Outpost Omega,0x002C6D6C,0x09400A6C,SuckCannonManager,3,0x0016ED64; 0x0016EDB0; 0x0016EDB8,0x092A8A64; 0x092A8AB0; 0x092A8AB8,
LEVEL_06,6,Medical Outpost Omega,0x002C6DFC,0x09400AFC,SwarmManager,3,0x0016FB08; 0x0016FB50; 0x0016FE88,0x092A9808; 0x092A9850; 0x092A9B88,
LEVEL_06,6,Medical Outpost Omega,0x002C706C,0x09400D6C,TieManipulator,3,0x00170724; 0x0017071C; 0x00170CFC,0x092AA424; 0x092AA41C; 0x092AA9FC,TieLink tie[ 8 ]; f32 xAxis; f32 yAxis; f32 zAxis; f32 xRot; f32 yRot; f32 zRot; f32 xSpan; f32 ySpan; f32 zSpan; f32 xCounter; f32 yCounter; f32 zCounter; f32 speed; f32 speedPerFrame; f32 curviness; f32 curvPar; f32 scaleSpeed; f32 scaleSpeedPerFrame; f32 scaleMax; f32 scaleCounter; f32 xPerc[8]; f32 yPerc[8]; f32 zPerc[8]; f32 xPar[8]; f32 yPar[8]; f32 zPar[8]; f32 xStart[8]; f32 yStart[8]; f32 zStart[8]; MATRIX4 *pMat[8]; MATRIX4 scaleMatrix; f32 drawDistance; f32 updateDistance; f32 inverseScale; u32 linkCount;
LEVEL_06,6,Medical Outpost Omega,0x002C71AC,0x09400EAC,TitaniumBolt,3,0x0017108C; 0x0017127C; 0x001713E4,0x092AAD8C; 0x092AAF7C; 0x092AB0E4,f32 dist; f32 height; f32 lookHeight; f32 elevation; f32 azimuth; Toggle magnaboots; Toggle noAnimation; u32 levelToFake; u8 id; u8 pad[5];
LEVEL_06,6,Medical Outpost Omega,0x002C74FC,0x094011FC,TMRobotHeadC,4,0x00171ED4; 0x001720E8; 0x00173C98; 0x00173914,0x092ABBD4; 0x092ABDE8; 0x092AD998; 0x092AD614,MobyLink controller; Navigate nav; MobyLink torso; TriggerLink enterTrigger; TriggerLink detectArea; CurveLink enterPath; TriggerLink autoDetectArea; MobyLink enemyWave; f32 alertRadius; Toggle checkForTorsos; Toggle alertEnter; Toggle waitForInteraction; Toggle checkForFloor;
LEVEL_06,6,Medical Outpost Omega,0x002C7670,0x09401370,TorsoRocket,3,0x001766A0; 0x001768BC; 0x00176F1C,0x092B03A0; 0x092B05BC; 0x092B0C1C,f32 collDist; f32 fallSpeed; f32 baseFlameSize; f32 progress; f32 progressInc; Moby *pParent; u32 pad[2];
LEVEL_06,6,Medical Outpost Omega,0x002C76EC,0x094013EC,TriggerCollection,3,0x00177534; 0x0017753C; 0x00177544,0x092B1234; 0x092B123C; 0x092B1244,TriggerLink triggers[ 14 ];
LEVEL_06,6,Medical Outpost Omega,0x002C7760,0x09401460,TripleWaveBeacon,3,0x00177A3C; 0x00177BEC; 0x00177C20,0x092B173C; 0x092B18EC; 0x092B1920,
LEVEL_06,6,Medical Outpost Omega,0x002C780C,0x0940150C,vendor,3,0x00177EC8; 0x00178090; 0x001780F4,0x092B1BC8; 0x092B1D90; 0x092B1DF4,u32 lastAnimPlayed; u32 vendorType; Toggle bSellsWeapons; u8 pad[ 7 ];
LEVEL_06,6,Medical Outpost Omega,0x002C78F4,0x094015F4,wallJumpTrigger,3,0x0017836C; 0x00178430; 0x00178438,0x092B206C; 0x092B2130; 0x092B2138,TriggerLink volume; f32 camDist; f32 camHeight; f32 camLookUp; f32 camAzimuth; f32 exitStateDelay; u32 pad[2];
LEVEL_06,6,Medical Outpost Omega,0x002C7A68,0x09401768,WeaponPickup,3,0x001786B4; 0x00178850; 0x00178858,0x092B23B4; 0x092B2550; 0x092B2558,Toggle bRegainPickup; u8 formId; Toggle bEquipOnPickup; Toggle bFullAmmo; u8 pad[ 12 ];
LEVEL_06,6,Medical Outpost Omega,0x002C7C88,0x09401988,Wrench,3,0x00178E8C; 0x00178F60; 0x0017939C,0x092B2B8C; 0x092B2C60; 0x092B309C,
LEVEL_07,7,Challax,0x002DC6F8,0x094163F8,Acidbomb,3,0x00108D88; 0x00108D98; 0x00109700,0x09242A88; 0x09242A98; 0x09243400,
LEVEL_07,7,Challax,0x002DC780,0x09416480,AcidbombEpoxy,3,0x0010AB44; 0x0010AB4C; 0x0010ABD4,0x09244844; 0x0924484C; 0x092448D4,
LEVEL_07,7,Challax,0x002DC7E0,0x094164E0,AcidGloveHUD,3,0x0010B0DC; 0x0010B0E4; 0x0010B0EC,0x09244DDC; 0x09244DE4; 0x09244DEC,
LEVEL_07,7,Challax,0x002DC840,0x09416540,AgentController,3,0x0010B0F4; 0x0010B1E4; 0x0010B39C,0x09244DF4; 0x09244EE4; 0x0924509C,
LEVEL_07,7,Challax,0x002DCB94,0x09416894,AgentOfDoom,4,0x0010BAB4; 0x0010BB90; 0x0010BC50; 0x0010BF70,0x092457B4; 0x09245890; 0x09245950; 0x09245C70,
LEVEL_07,7,Challax,0x002DCC74,0x09416974,AgentOfDoomShrapnel,3,0x00110688; 0x00110690; 0x00110698,0x0924A388; 0x0924A390; 0x0924A398,
LEVEL_07,7,Challax,0x002DCDB0,0x09416AB0,AgentsBomb,3,0x00110998; 0x001109A0; 0x001109A8,0x0924A698; 0x0924A6A0; 0x0924A6A8,
LEVEL_07,7,Challax,0x002DCE48,0x09416B48,AgentsGlove,3,0x00111F34; 0x00111FC0; 0x00111FEC,0x0924BC34; 0x0924BCC0; 0x0924BCEC,
LEVEL_07,7,Challax,0x002DCEF4,0x09416BF4,AgentsGrenade,3,0x001124BC; 0x001125AC; 0x00112A60,0x0924C1BC; 0x0924C2AC; 0x0924C760,
LEVEL_07,7,Challax,0x002DCF9C,0x09416C9C,AgentsLaser,3,0x00112FDC; 0x001132E4; 0x00113398,0x0924CCDC; 0x0924CFE4; 0x0924D098,
LEVEL_07,7,Challax,0x002DD090,0x09416D90,AgentsRocket,3,0x00113DA4; 0x00113E68; 0x00113EE8,0x0924DAA4; 0x0924DB68; 0x0924DBE8,
LEVEL_07,7,Challax,0x002DD128,0x09416E28,ArmorHelmet,3,0x001147D0; 0x001147D8; 0x001147E0,0x0924E4D0; 0x0924E4D8; 0x0924E4E0,
LEVEL_07,7,Challax,0x002DD188,0x09416E88,ArmorLeftFoot,3,0x001147E8; 0x001147F0; 0x001147F8,0x0924E4E8; 0x0924E4F0; 0x0924E4F8,
LEVEL_07,7,Challax,0x002DD1F8,0x09416EF8,ArmorLeftHand,3,0x00114800; 0x00114808; 0x00114810,0x0924E500; 0x0924E508; 0x0924E510,u32 pad[ 4 ];
LEVEL_07,7,Challax,0x002DD328,0x09417028,ArmorPickup,3,0x00114B84; 0x00114834; 0x00115088,0x0924E884; 0x0924E534; 0x0924ED88,f32 dist; f32 height; f32 lookHeight; f32 elevation; f32 azimuth; MobyLink driver; MobyLink playerMatrix; u32 playthroughReq; Toggle magnaboots; u8 pad[ 15 ];
LEVEL_07,7,Challax,0x002DD3A0,0x094170A0,ArmorRightFoot,3,0x001155C4; 0x001155CC; 0x001155D4,0x0924F2C4; 0x0924F2CC; 0x0924F2D4,
LEVEL_07,7,Challax,0x002DD410,0x09417110,ArmorRightHand,3,0x001155DC; 0x001155E4; 0x001155EC,0x0924F2DC; 0x0924F2E4; 0x0924F2EC,u32 pad[ 4 ];
LEVEL_07,7,Challax,0x002DD470,0x09417170,ArmorTorso,3,0x001155F4; 0x001155FC; 0x00115604,0x0924F2F4; 0x0924F2FC; 0x0924F304,
LEVEL_07,7,Challax,0x002DD510,0x09417210,BasicAnimated,3,0x0011560C; 0x001157CC; 0x00115830,0x0924F30C; 0x0924F4CC; 0x0924F530,u32 animId; TriggerLink drawArea; Toggle randStart; u8 pad[7];
LEVEL_07,7,Challax,0x002DD5F4,0x094172F4,BeeMine,4,0x00115F94; 0x00115FA4; 0x00116384; 0x0011607C,0x0924FC94; 0x0924FCA4; 0x09250084; 0x0924FD7C,
LEVEL_07,7,Challax,0x002DD6C0,0x094173C0,BeeMineGlove,3,0x00117D60; 0x00117EE8; 0x00117F14,0x09251A60; 0x09251BE8; 0x09251C14,
LEVEL_07,7,Challax,0x002DD720,0x09417420,BeeMineGloveHUD,3,0x00118534; 0x0011853C; 0x00118544,0x09252234; 0x0925223C; 0x09252244,
LEVEL_07,7,Challax,0x002DD7EC,0x094174EC,BeeMineShrapnel,3,0x0011887C; 0x00118884; 0x0011888C,0x0925257C; 0x09252584; 0x0925258C,
LEVEL_07,7,Challax,0x002DD8DC,0x094175DC,Blaster,3,0x00118904; 0x00118A60; 0x00118F84,0x09252604; 0x09252760; 0x09252C84,
LEVEL_07,7,Challax,0x002DD948,0x09417648,BlasterAkimbo,3,0x00119F64; 0x00119FE8; 0x0011A018,0x09253C64; 0x09253CE8; 0x09253D18,
LEVEL_07,7,Challax,0x002DD9BC,0x094176BC,BlasterShot,3,0x0011A2E8; 0x0011A310; 0x0011A6B4,0x09253FE8; 0x09254010; 0x092543B4,
LEVEL_07,7,Challax,0x002DDE1C,0x09417B1C,BlitzGun,3,0x0011C580; 0x0011C6DC; 0x0011CB34,0x09256280; 0x092563DC; 0x09256834,
LEVEL_07,7,Challax,0x002DDFAC,0x09417CAC,BlitzGunShot,3,0x0011E5C8; 0x0011E5D0; 0x0011E76C,0x092582C8; 0x092582D0; 0x0925846C,
LEVEL_07,7,Challax,0x002DE010,0x09417D10,Bolt,2,0x0011F27C; 0x0011F284,0x09258F7C; 0x09258F84,
LEVEL_07,7,Challax,0x002DE304,0x09418004,BoltController,3,0x00122804; 0x00122A38; 0x00122A5C,0x0925C504; 0x0925C738; 0x0925C75C,u32 boltAmnt; u32 boltAmountReplay; u32 pad[ 2 ];
LEVEL_07,7,Challax,0x002DE394,0x09418094,BoltCrankBolt,3,0x00122DF8; 0x00123014; 0x0012301C,0x0925CAF8; 0x0925CD14; 0x0925CD1C,
LEVEL_07,7,Challax,0x002DE480,0x09418180,BoltCrankCam,3,0x0012350C; 0x00123548; 0x00123550,0x0925D20C; 0x0925D248; 0x0925D250,MobyLink boltCrank; f32 dist; f32 height; f32 lookHeight; f32 elevation; f32 azimuth; f32 camBlend; f32 pad;
LEVEL_07,7,Challax,0x002DE4E0,0x094181E0,BoltGrabber,3,0x001237F0; 0x001237F8; 0x00123800,0x0925D4F0; 0x0925D4F8; 0x0925D500,
LEVEL_07,7,Challax,0x002DE5A4,0x094182A4,Bombglove,3,0x00123808; 0x001238E0; 0x00123D90,0x0925D508; 0x0925D5E0; 0x0925DA90,
LEVEL_07,7,Challax,0x002DE608,0x09418308,BoxBreaker,3,0x00124300; 0x00124308; 0x00124310,0x0925E000; 0x0925E008; 0x0925E010,
LEVEL_07,7,Challax,0x002DE668,0x09418368,BoxBreakerHelp,3,0x0012439C; 0x001243A4; 0x001243AC,0x0925E09C; 0x0925E0A4; 0x0925E0AC,
LEVEL_07,7,Challax,0x002DE724,0x09418424,Button,3,0x001243F8; 0x00124610; 0x00124664,0x0925E0F8; 0x0925E310; 0x0925E364,MobyLink attachMoby; Toggle bUseCase; Toggle bUseOnce; Toggle bLocked; u8 pad[ 9 ];
LEVEL_07,7,Challax,0x002DE904,0x09418604,CameraHint,3,0x00124DE4; 0x00125008; 0x00125034,0x0925EAE4; 0x0925ED08; 0x0925ED34,MobyLink target; MobyLink testMoby; TriggerLink activateArea; TriggerLink destroyArea; MobyLink enemyWave; TriggerLink resetArea; s32 frameCount; s8 activateState; u8 hintFrames; u8 updateDist; Toggle stopShort; f32 camSpeed; Toggle onMobyDestroy; Toggle targetMustBeAlive; Toggle bBreakOnInput; Toggle bDontRespawn; Toggle bDeleteWhenFinished; u8 pad[7];
LEVEL_07,7,Challax,0x002DEA6C,0x0941876C,ChameleonDecoy,4,0x00125544; 0x0012554C; 0x00125564; 0x001255EC,0x0925F244; 0x0925F24C; 0x0925F264; 0x0925F2EC,
LEVEL_07,7,Challax,0x002DEAE0,0x094187E0,ClankForShipAnim,3,0x001256A0; 0x001256A8; 0x001256B0,0x0925F3A0; 0x0925F3A8; 0x0925F3B0,u32 pad[ 4 ];
LEVEL_07,7,Challax,0x002DEB40,0x09418840,ClankPack,3,0x001256B8; 0x001256E8; 0x001256F0,0x0925F3B8; 0x0925F3E8; 0x0925F3F0,
LEVEL_07,7,Challax,0x002DEBCC,0x094188CC,ContinuePoint,3,0x00125714; 0x00125738; 0x00125740,0x0925F414; 0x0925F438; 0x0925F440,TriggerLink activateTrigger; u8 index;
LEVEL_07,7,Challax,0x002DEC6C,0x0941896C,CowBell,3,0x00125C10; 0x00125C18; 0x00125C20,0x0925F910; 0x0925F918; 0x0925F920,
LEVEL_07,7,Challax,0x002DED1C,0x09418A1C,Crate,4,0x00125D58; 0x00125D60; 0x00125E48; 0x00125D68,0x0925FA58; 0x0925FA60; 0x0925FB48; 0x0925FA68,Moby *pCrateBelow; f32 velocityY; f32 fallDistance; f32 distFallen;
LEVEL_07,7,Challax,0x002DEE5C,0x09418B5C,CrateAmmo,4,0x00125F28; 0x00125F50; 0x00125F58; 0x00125F60,0x0925FC28; 0x0925FC50; 0x0925FC58; 0x0925FC60,Moby *pCrateBelow; f32 velocityY; f32 fallDistance; f32 distFallen; Toggle major; Toggle minor; u8 noAmmoType1; u8 noAmmoType2; u8 onlyAmmoType; Toggle validIM; Toggle validDM; Toggle validCTF; u8 pad[8];
LEVEL_07,7,Challax,0x002DEF90,0x09418C90,CrateAmmoSpawned,4,0x00126624; 0x00126644; 0x00126660; 0x0012695C,0x09260324; 0x09260344; 0x09260360; 0x0926065C,Moby *pCrateBelow; f32 velocityY; f32 fallDistance; f32 distFallen; Toggle major; Toggle minor; u8 noAmmoType1; u8 noAmmoType2; u8 onlyAmmoType; Toggle validIM; Toggle validDM; Toggle validCTF; u8 pad[8];
LEVEL_07,7,Challax,0x002DEFF0,0x09418CF0,CrateChunk,2,0x0012699C; 0x001269A4,0x0926069C; 0x092606A4,
LEVEL_07,7,Challax,0x002DF1F0,0x09418EF0,CrateChunkController,2,0x00127000; 0x00127008,0x09260D00; 0x09260D08,
LEVEL_07,7,Challax,0x002DF308,0x09419008,CrateHealth,2,0x00127238; 0x001272D4,0x09260F38; 0x09260FD4,Moby *pCrateBelow; f32 velocityY; f32 fallDistance; f32 distFallen; Moby *pPowerup; Toggle validIM; Toggle validDM; Toggle validCTF; u8 pad[9];
LEVEL_07,7,Challax,0x002DF900,0x09419600,CrateHealthSpawned,4,0x00127BF0; 0x00127C84; 0x00127CE0; 0x00127CA0,0x092618F0; 0x09261984; 0x092619E0; 0x092619A0,Moby *pCrateBelow; f32 velocityY; f32 fallDistance; f32 distFallen; Moby *pPowerup; Toggle validIM; Toggle validDM; Toggle validCTF; u8 pad[9];
LEVEL_07,7,Challax,0x002DF9EC,0x094196EC,CrateTeleporter,3,0x001280A8; 0x00128110; 0x001281C4,0x09261DA8; 0x09261E10; 0x09261EC4,u32 type; f32 delay; f32 antiCampRadius; u32 updateDist;
LEVEL_07,7,Challax,0x002DFAEC,0x094197EC,CrossbowGun,3,0x00128694; 0x00128780; 0x00128960,0x09262394; 0x09262480; 0x09262660,
LEVEL_07,7,Challax,0x002DFCCC,0x094199CC,CrossbowShot,3,0x00128FB0; 0x00128FB8; 0x0012A4F8,0x09262CB0; 0x09262CB8; 0x092641F8,
LEVEL_07,7,Challax,0x002DFDE8,0x09419AE8,CrystalGroundShard,3,0x0012B3EC; 0x0012B630; 0x0012B874,0x092650EC; 0x09265330; 0x09265574,
LEVEL_07,7,Challax,0x002DFF30,0x09419C30,CutCamera,3,0x0012BF94; 0x0012C070; 0x0012C480,0x09265C94; 0x09265D70; 0x09266180,f32 time; TriggerLink activate; CurveLink path; MobyLink target; VEC3 targetPos; Toggle destroyOnFinish; Toggle finishOnPath; Toggle bLerpFromActive; u8 pathPointId; MobyLink enemyWave; f32 lerpTime; Toggle bNoRespawn; u8 pad2[7];
LEVEL_07,7,Challax,0x002DFFF8,0x09419CF8,DeathTrigger,3,0x0012CD98; 0x0012CDF8; 0x0012CE00,0x09266A98; 0x09266AF8; 0x09266B00,MobyLink killAreas; MobyLink ignoreAreas; Toggle killHeroInTriggers; f32 minYHeight; u8 pad[3];
LEVEL_07,7,Challax,0x002E037C,0x0941A07C,DropshipC,4,0x0012EEC0; 0x0012CF74; 0x0012F6B8; 0x0012CFBC,0x09268BC0; 0x09266C74; 0x092693B8; 0x09266CBC,MobyLink cars[2]; MobyLink soldiers[2]; TieLink startStacks[3]; MobyLink respawners[2]; MobyLink replayTeleporter; MobyLink bridge; u32 pad[3];
LEVEL_07,7,Challax,0x002E0414,0x0941A114,DropshipLaser,3,0x00133034; 0x00133044; 0x00133090,0x0926CD34; 0x0926CD44; 0x0926CD90,VEC4 targetPos; Particle* pPart;
LEVEL_07,7,Challax,0x002E04EC,0x0941A1EC,DropshipShrapnel,3,0x00133230; 0x00133238; 0x00133240,0x0926CF30; 0x0926CF38; 0x0926CF40,u32 pad[ 4 ];
LEVEL_07,7,Challax,0x002E06F4,0x0941A3F4,DSC_Laser,3,0x0013398C; 0x001339A8; 0x001340AC,0x0926D68C; 0x0926D6A8; 0x0926DDAC,
LEVEL_07,7,Challax,0x002E0828,0x0941A528,DSC_ModeChanger,3,0x00134714; 0x001347EC; 0x001347F4,0x0926E414; 0x0926E4EC; 0x0926E4F4,MobyLink moby; TriggerLink activate; CurveLink curve; TriggerLink trigger; MobyLink nextChanger; u32 priority; f32 timer; Toggle bBool; Toggle destroyWhenActivated; Toggle clearModes; Toggle activateHack;
LEVEL_07,7,Challax,0x002E0888,0x0941A588,DualBlasterHUD,3,0x00134A10; 0x00134A18; 0x00134A20,0x0926E710; 0x0926E718; 0x0926E720,
LEVEL_07,7,Challax,0x002E0924,0x0941A624,electricXplo,3,0x001354C0; 0x00135214; 0x0013521C,0x0926F1C0; 0x0926EF14; 0x0926EF1C,f32 lengths[24]; VEC3 normals[18]; f32 timer; s32 scroll;
LEVEL_07,7,Challax,0x002E0AF8,0x0941A7F8,ElectroBall,3,0x00136DA8; 0x00136E18; 0x00136E5C,0x09270AA8; 0x09270B18; 0x09270B5C,
LEVEL_07,7,Challax,0x002E0C04,0x0941A904,ElectroshockWave,3,0x00137AA0; 0x00137AA8; 0x00138580,0x092717A0; 0x092717A8; 0x09272280,
LEVEL_07,7,Challax,0x002E0D08,0x0941AA08,Electrosoil,3,0x00138910; 0x00138BF8; 0x00138C00,0x09272610; 0x092728F8; 0x09272900,MobyLink target[ 2 ]; TriggerLink bound; f32 angle; f32 throwSpeedXZ; f32 throwSpeedY; MobyLink triggerCollection; u32 pad[ 1 ];
LEVEL_07,7,Challax,0x002E0F98,0x0941AC98,ElectroSoldier02,4,0x00138DB8; 0x00139164; 0x0013A044; 0x0013923C,0x09272AB8; 0x09272E64; 0x09273D44; 0x09272F3C,Navigate nav; MobyLink controller; MobyLink enemyWave; TriggerLink detect; MobyLink respawner; TriggerLink wanderArea; Toggle chargeShockesr; Toggle fakeFloor; Toggle clampFloor; Toggle takeTheShot; Toggle depenWander; u8 pad[11];
LEVEL_07,7,Challax,0x002E1058,0x0941AD58,ElectroSoldierShot,3,0x0013B7BC; 0x0013B7CC; 0x0013BBC4,0x092754BC; 0x092754CC; 0x092758C4,
LEVEL_07,7,Challax,0x002E1144,0x0941AE44,EndMovie,3,0x0013C1D8; 0x0013C31C; 0x0013C324,0x09275ED8; 0x0927601C; 0x09276024,TriggerLink trigger; u32 level; u32 grantedLevel; TriggerLink queueTrigger; Toggle dontReplay; u8 pad[15];
LEVEL_07,7,Challax,0x002E12B0,0x0941AFB0,EnemyController,3,0x0013C500; 0x0013C70C; 0x0013C94C,0x09276200; 0x0927640C; 0x0927664C,TriggerLink updateArea; TriggerLink updateArea2; TriggerLink destroyTrigger; f32 firstWaveDist; f32 secondWaveDist; Toggle envColl; u8 attackingMax; Toggle destroyControllerToo; u8 pad[ 9 ];
LEVEL_07,7,Challax,0x002E141C,0x0941B11C,EnemyRespawner,3,0x0013F258; 0x0013F384; 0x0013F38C,0x09278F58; 0x09279084; 0x0927908C,TriggerLink spawnArea; f32 respawnCooldown; f32 cooldownRand; TriggerLink destroyArea; MobyLink enemyWave; MobyLink targetMoby; MobyLink nextRespawner; u8 waves; Toggle waitForDeaths; Toggle waitAfterWave; u8 pad[1];
LEVEL_07,7,Challax,0x002E155C,0x0941B25C,EnemyWave,3,0x0013FBE8; 0x0013FCA0; 0x0013FFA4,0x092798E8; 0x092799A0; 0x09279CA4,MobyLink destroyedMoby; TriggerLink trigger; MobyLink previousWave; f32 timer; f32 delayRandMax; MobyLink enemyControllerToCheck; u8 mobyToCheckState; Toggle prevWaveDestroyed; u8 enemyInControllerCount; u8 pad[ 9 ];
LEVEL_07,7,Challax,0x002E1634,0x0941B334,ExplodeBerry,4,0x00140408; 0x00140428; 0x0014045C; 0x001407C0,0x0927A108; 0x0927A128; 0x0927A15C; 0x0927A4C0,VEC3 velocity; f32 startY; VEC3 rotationAxis; const Moby *pParent;
LEVEL_07,7,Challax,0x002E16CC,0x0941B3CC,ExplodeSprout,4,0x00140C78; 0x00140E8C; 0x00140EC0; 0x001411BC,0x0927A978; 0x0927AB8C; 0x0927ABC0; 0x0927AEBC,Moby *pElectrosoil; u32 pad[ 3 ];
LEVEL_07,7,Challax,0x002E18C4,0x0941B5C4,ExplosiveBee,3,0x00141754; 0x001417FC; 0x001426A4,0x0927B454; 0x0927B4FC; 0x0927C3A4,
LEVEL_07,7,Challax,0x002E1A00,0x0941B700,Flamethrower,3,0x0014379C; 0x00143918; 0x00144728,0x0927D49C; 0x0927D618; 0x0927E428,
LEVEL_07,7,Challax,0x002E1D3C,0x0941BA3C,FlyingCar,4,0x001471FC; 0x00146C38; 0x00147874; 0x00146C40,0x09280EFC; 0x09280938; 0x09281574; 0x09280940,CurveLink curve; f32 speed; f32 radius; f32 rollAmount; VEC3 rotDamping; u8 reverse; u8 loop; u8 wings; u8 pad8; VEC3 posOffset; VEC3 posVariAmp; VEC3 posVariRate; VEC3 posVariAngle; f32 fadeDist; u32 wingParticle; u32 wingSignature; f32 wingWidth; f32 wingLength; VEC3 wingOffset; f32 wingSpeed; f32 wingMaxAngle; VEC3 explodeOffset; f32 explodeScale; f32 scale; f32 wingUstart; f32 wingUend; f32 wingVstart; f32 wingVend; f32 pad;
LEVEL_07,7,Challax,0x002E1E8C,0x0941BB8C,FogMoby,3,0x00148240; 0x001482E0; 0x001482E8,0x09281F40; 0x09281FE0; 0x09281FE8,TriggerLink region; f32 Side1FogStart; f32 Side1FogEnd; u8 Side1Red; u8 Side1Green; u8 Side1Blue; u8 padAlpha1; f32 Side2FogStart; f32 Side2FogEnd; u8 Side2Red; u8 Side2Green; u8 Side2Blue; u8 padAlpha2; u32 pad[ 1 ];
LEVEL_07,7,Challax,0x002E1F00,0x0941BC00,GenericTieForm,3,0x00148838; 0x00148888; 0x001488BC,0x09282538; 0x09282588; 0x092825BC,
LEVEL_07,7,Challax,0x002E2034,0x0941BD34,GiantClankGrowthPad,3,0x00148C00; 0x00148DB0; 0x00148EB8,0x09282900; 0x09282AB0; 0x09282BB8,u32 giantClankLevel; u32 growMovie; u32 shrinkMovie; Toggle startAsClank; u8 promptId; s16 movieIndex;
LEVEL_07,7,Challax,0x002E2098,0x0941BD98,GravityCrystal,3,0x0014972C; 0x00149944; 0x0014A2BC,0x0928342C; 0x09283644; 0x09283FBC,
LEVEL_07,7,Challax,0x002E22CC,0x0941BFCC,GrindrailBomb,4,0x0014AF00; 0x0014AFF0; 0x0014B054; 0x0014ADF8,0x09284C00; 0x09284CF0; 0x09284D54; 0x09284AF8,
LEVEL_07,7,Challax,0x002E259C,0x0941C29C,GrindrailController,2,0x0014C690; 0x0014C900,0x09286390; 0x09286600,VEC4 dir; CurveLink path; f32 grindrailSp; CurveLink secPaths[20]; f32 camDefaultLookLead; f32 camDefaultDist; f32 camDefaultHeight; f32 camDefaultAzimuth; f32 camDefaultElevation; f32 bombDamageFrac; f32 gateDamageFrac;
LEVEL_07,7,Challax,0x002E27CC,0x0941C4CC,GrindrailGate,3,0x0014CC00; 0x0014CCD8; 0x0014CED0,0x09286900; 0x092869D8; 0x09286BD0,u32 pad[4];
LEVEL_07,7,Challax,0x002E28D0,0x0941C5D0,GrindrailLock,3,0x0014D514; 0x0014D8F4; 0x0014DA20,0x09287214; 0x092875F4; 0x09287720,TriggerLink promptArea; TriggerLink endArea; MobyLink matrixMoby; u32 lockID; MobyLink destroyMobys; u32 pad[ 3 ];
LEVEL_07,7,Challax,0x002E29B0,0x0941C6B0,GrindrailSwitch,4,0x0014E300; 0x0014E448; 0x0014E4AC; 0x0014E0E8,0x09288000; 0x09288148; 0x092881AC; 0x09287DE8,MobyLink gate; Toggle toggleOnOff; s32 gateMember; u32 pad[1];
LEVEL_07,7,Challax,0x002E2A34,0x0941C734,Helipack,3,0x0014EC1C; 0x0014EC24; 0x0014EC2C,0x0928891C; 0x09288924; 0x0928892C,
LEVEL_07,7,Challax,0x002E2AFC,0x0941C7FC,HutDoor,3,0x0014EDD0; 0x0014F19C; 0x0014F3C8,0x09288AD0; 0x09288E9C; 0x092890C8,MobyLink mobysToCheck[ 10 ]; TriggerLink trigger; MobyLink enemyController; f32 radius; u32 pad[3];
LEVEL_07,7,Challax,0x002E2CE4,0x0941C9E4,Hypershot,3,0x0014FC0C; 0x0014FCA8; 0x0014FD30,0x0928990C; 0x092899A8; 0x09289A30,
LEVEL_07,7,Challax,0x002E2DCC,0x0941CACC,InitialCamera,3,0x0014FEC0; 0x0014FFBC; 0x0014FFC4,0x09289BC0; 0x09289CBC; 0x09289CC4,f32 dist; f32 height; f32 lookHeight; f32 elevation; f32 azimuth; Toggle dontCreateNextLevelSeen; u8 pressed; u8 pad[ 10 ];
LEVEL_07,7,Challax,0x002E2E50,0x0941CB50,IntroMovie,3,0x001500EC; 0x001501A8; 0x001501B0,0x09289DEC; 0x09289EA8; 0x09289EB0,u32 fromLevel; u32 pad[ 3 ];
LEVEL_07,7,Challax,0x002E2ED8,0x0941CBD8,LadderSprout,4,0x00150264; 0x001502E4; 0x00150318; 0x00150984,0x09289F64; 0x09289FE4; 0x0928A018; 0x0928A684,Moby *pElectrosoil; u32 pad[ 3 ];
LEVEL_07,7,Challax,0x002E44C4,0x0941E1C4,LaserTracer,3,0x001545DC; 0x001546D0; 0x00154858,0x0928E2DC; 0x0928E3D0; 0x0928E558,
LEVEL_07,7,Challax,0x002E45CC,0x0941E2CC,Level01SkyController,3,0x0015A064; 0x0015A0B4; 0x0015A0BC,0x09293D64; 0x09293DB4; 0x09293DBC,f32 rotSp; f32 rot; u32 pad[2];
LEVEL_07,7,Challax,0x002E47B4,0x0941E4B4,LevelMusic,2,0x0015A1C8; 0x0015A2A8,0x09293EC8; 0x09293FA8,u32 songNumber; TriggerLink trigger; s32 continuePointMin; s32 continuePointMax; s32 levelNumber; u8 priority; u8 pad[ 7 ];
LEVEL_07,7,Challax,0x002E4A68,0x0941E768,Lvl06Door,3,0x0015AC64; 0x0015A910; 0x0015B324,0x09294964; 0x09294610; 0x09295024,MobyLink controller; TriggerLink activate; TriggerLink updateArea; CurveLink path; f32 moveTime; f32 progInc; const Lvl06Door_Data *pData; u32 drawDist; Toggle bTrapDoor; u8 openOffGroups[8]; u8 outClosedOffGroups[8]; u8 inClosedOffGroups[8]; Toggle hasOpened; Toggle stayOpen; Toggle bInEncounter; MobyLink enemyWave; MobyLink level10UnlockMoby; TriggerLink encounterLock; MobyLink grindrailLock; TriggerLink unlockTrigger; MobyLink specialOpenMobies; TriggerLink specialOpenTrigger; u32 pad[2];
LEVEL_07,7,Challax,0x002E4B28,0x0941E828,Lvl07BoltCrank,3,0x0015C0F4; 0x0015C38C; 0x0015C394,0x09295DF4; 0x0929608C; 0x09296094,MobyLink bolt; MobyLink target; MobyLink magnet; MobyLink cameraWave;
LEVEL_07,7,Challax,0x002E4BEC,0x0941E8EC,Lvl07Clover,3,0x0015C5B8; 0x0015C91C; 0x0015C950,0x092962B8; 0x0929661C; 0x09296650,TieLink clover; TieLink stem; u32 pad[ 2 ];
LEVEL_07,7,Challax,0x002E4CD4,0x0941E9D4,Lvl07Console,3,0x0015CF80; 0x0015D1AC; 0x0015D1B4,0x09296C80; 0x09296EAC; 0x09296EB4,MobyLink guardBeam; TieLink redLight; TieLink greenLight; MobyLink object; MobyLink brokenConsole; u32 pad[3];
LEVEL_07,7,Challax,0x002E4DAC,0x0941EAAC,Lvl07ConveyorBelt,3,0x0015D354; 0x0015D480; 0x0015D488,0x09297054; 0x09297180; 0x09297188,TriggerLink area; MobyLink bolt; u32 pad[2];
LEVEL_07,7,Challax,0x002E4EE8,0x0941EBE8,Lvl07EleGlass,3,0x0015D5D4; 0x0015DA2C; 0x0015DAE8,0x092972D4; 0x0929772C; 0x092977E8,MobyLink brokenGlass; MobyLink pieces[5]; MobyLink target; Toggle topPiece; u8 pad[3];
LEVEL_07,7,Challax,0x002E4FA4,0x0941ECA4,Lvl07ExplodeDoor,3,0x0015E730; 0x0015EA50; 0x0015EA84,0x09298430; 0x09298750; 0x09298784,MobyLink brokenDoor; MobyLink car; TriggerLink trigger; u32 pad;
LEVEL_07,7,Challax,0x002E5190,0x0941EE90,Lvl07GuardBeam,3,0x0015EED4; 0x0015EFD4; 0x0015F08C,0x09298BD4; 0x09298CD4; 0x09298D8C,f32 height; f32 width; f32 topWidth; f32 size;
LEVEL_07,7,Challax,0x002E52C4,0x0941EFC4,Lvl07Help,3,0x0015F530; 0x0015F8A0; 0x0015F8A8,0x09299230; 0x092995A0; 0x092995A8,TriggerLink room1Trigger; MobyLink target1; MobyLink gardenSprout; TriggerLink gardenTrigger; MobyLink statueSprout; MobyLink statue; TriggerLink statueTrigger; TriggerLink beamTrigger;
LEVEL_07,7,Challax,0x002E535C,0x0941F05C,Lvl07Leaf,3,0x0015FBF0; 0x0015FBF8; 0x0015FC00,0x092998F0; 0x092998F8; 0x09299900,
LEVEL_07,7,Challax,0x002E5534,0x0941F234,Lvl07Platform,3,0x0016066C; 0x001600E4; 0x00160EB4,0x0929A36C; 0x09299DE4; 0x0929ABB4,MobyLink cars1[2]; MobyLink cars2[2]; TriggerLink innerShaft; MobyLink enemyController; MobyLink bottomGlass[2]; MobyLink topGlass[2]; TriggerLink deathTriggerHack; MobyLink button; TriggerLink nextContPoint; u32 pad[3];
LEVEL_07,7,Challax,0x002E5670,0x0941F370,Lvl07SecretWall,4,0x00161358; 0x00161550; 0x00161558; 0x00161560,0x0929B058; 0x0929B250; 0x0929B258; 0x0929B260,TieLink brokenWall; u32 pad[ 3 ];
LEVEL_07,7,Challax,0x002E58E8,0x0941F5E8,Lvl07Statue,4,0x001619F0; 0x00161E14; 0x001620FC; 0x00161E78,0x0929B6F0; 0x0929BB14; 0x0929BDFC; 0x0929BB78,MobyLink cameraDir; MobyLink endPos; u32 pad[ 2 ];
LEVEL_07,7,Challax,0x002E5ACC,0x0941F7CC,Lvl07TinyCar,3,0x00163C54; 0x00163304; 0x00164270,0x0929D954; 0x0929D004; 0x0929DF70,TriggerLink endPromptArea; TriggerLink startPromptArea; MobyLink startCam; MobyLink startPoint; CurveLink path; MobyLink startTeleporter; MobyLink dropshipTeleporter2; u32 pad[1];
LEVEL_07,7,Challax,0x002E5CB4,0x0941F9B4,Lvl07Tower,3,0x00165018; 0x0016537C; 0x001654D8,0x0929ED18; 0x0929F07C; 0x0929F1D8,CurveLink dataCurve; TieLink tower; f32 speed; f32 accel;
LEVEL_07,7,Challax,0x002E5E74,0x0941FB74,Lvl3Elevator,3,0x00166068; 0x00165B58; 0x0016649C,0x0929FD68; 0x0929F858; 0x092A019C,CurveLink path; f32 moveTime; f32 progress; f32 progInc; f32 waitTime; f32 radius; SND_Positional *pMoveSound; f32 heightDiff; Toggle oneWay; Toggle direction; Toggle waitForHero; Toggle waitForActivate; Toggle matchHero; Toggle checkCrush; Toggle useButton; u8 pad[9];
LEVEL_07,7,Challax,0x002E5FE0,0x0941FCE0,Lvl3GuardBeam,3,0x00166E1C; 0x00166E94; 0x00166EF8,0x092A0B1C; 0x092A0B94; 0x092A0BF8,f32 height; f32 width; f32 size; u8 numBeams; Toggle useAltConfig; u8 pad[2];
LEVEL_07,7,Challax,0x002E6344,0x09420044,Lvl3Steam,3,0x001672C0; 0x001672C8; 0x00167420,0x092A0FC0; 0x092A0FC8; 0x092A1120,TriggerLink visibleArea; f32 riseRate; f32 riseRateRange; f32 windSpeed; f32 riseAccel; f32 startSize; f32 startSizeRange; f32 endSize; f32 endSizeRange; f32 posDeviation; f32 dirDeviation; f32 lifetime; u8 startRed; u8 startBlue; u8 startGreen; u8 startAlpha; u8 endRed; u8 endBlue; u8 endGreen; u8 endAlpha; f32 offTime; f32 onTime; f32 offTimeRand; f32 onTimeRand; u8 presetIndex; u8 blendType; u8 pad[6];
LEVEL_07,7,Challax,0x002E63B0,0x094200B0,MapOMaticGadget,3,0x00167938; 0x00167940; 0x00167948,0x092A1638; 0x092A1640; 0x092A1648,
LEVEL_07,7,Challax,0x002E6410,0x09420110,MatrixMoby,3,0x00167950; 0x00167958; 0x00167960,0x092A1650; 0x092A1658; 0x092A1660,
LEVEL_07,7,Challax,0x002E6488,0x09420188,MobyCollection,3,0x00167968; 0x00167970; 0x00167978,0x092A1668; 0x092A1670; 0x092A1678,MobyLink mobys[ 8 ];
LEVEL_07,7,Challax,0x002E652C,0x0942022C,MobyGroup,3,0x001679B0; 0x00167A48; 0x00167A50,0x092A16B0; 0x092A1748; 0x092A1750,MobyLink mobysToCheck[ 8 ]; u8 destroyed; u8 count; u8 pad[ 14 ];
LEVEL_07,7,Challax,0x002E6634,0x09420334,MobyIce,3,0x00168370; 0x00168388; 0x00168D0C,0x092A2070; 0x092A2088; 0x092A2A0C,
LEVEL_07,7,Challax,0x002E66A0,0x094203A0,ModVendor,3,0x001695C0; 0x00169760; 0x001697C4,0x092A32C0; 0x092A3460; 0x092A34C4,
LEVEL_07,7,Challax,0x002E6994,0x09420694,Mootator,3,0x00169C30; 0x00169E80; 0x0016AFD0,0x092A3930; 0x092A3B80; 0x092A4CD0,
LEVEL_07,7,Challax,0x002E6A28,0x09420728,MutantCow,4,0x0016B538; 0x0016B6BC; 0x0016BBE8; 0x001A69DC,0x092A5238; 0x092A53BC; 0x092A58E8; 0x092E06DC,
LEVEL_07,7,Challax,0x002E6BF8,0x094208F8,MutantMadCow,4,0x0016C748; 0x0016C8B0; 0x0016CCCC; 0x001A69DC,0x092A6448; 0x092A65B0; 0x092A69CC; 0x092E06DC,
LEVEL_07,7,Challax,0x002E6CC0,0x094209C0,NapalmBubble,3,0x0016D93C; 0x0016D944; 0x0016D94C,0x092A763C; 0x092A7644; 0x092A764C,
LEVEL_07,7,Challax,0x002E6D68,0x09420A68,PDA,3,0x0016E3D0; 0x0016E3D8; 0x0016E3E0,0x092A80D0; 0x092A80D8; 0x092A80E0,
LEVEL_07,7,Challax,0x002E6E74,0x09420B74,Polarizer,3,0x0016E414; 0x0016E5D0; 0x0016F120,0x092A8114; 0x092A82D0; 0x092A8E20,
LEVEL_07,7,Challax,0x002E6FD0,0x09420CD0,PolarizerTarget,3,0x00170090; 0x00170304; 0x0017030C,0x092A9D90; 0x092AA004; 0x092AA00C,MobyLink target; TriggerLink updateArea; MobyLink attachMoby; MobyLink target2; Toggle burstEffect; u8 targetType; Toggle bUseOnce; u8 pad[14];
LEVEL_07,7,Challax,0x002E70DC,0x09420DDC,PositionalSound,3,0x001710C4; 0x001711BC; 0x001711C4,0x092AADC4; 0x092AAEBC; 0x092AAEC4,u32 soundSig; TriggerLink activeArea; GDE_Sound *pGDESound; SND_Positional *pSound; f32 nearRadius; f32 farRadius; Toggle bIsLooping; u8 pad[15];
LEVEL_07,7,Challax,0x002E7244,0x09420F44,PowerupAmmo,3,0x001712E0; 0x001713AC; 0x001713B4,0x092AAFE0; 0x092AB0AC; 0x092AB0B4,VEC4 velocity; f32 fallDistance; f32 fadeAmnt; u8 ammoType; u8 ammoAmnt; u32 priority; u8 gain; u8 needSync;
LEVEL_07,7,Challax,0x002E73A0,0x094210A0,PowerupHealth,3,0x00172854; 0x001728A4; 0x001728E0,0x092AC554; 0x092AC5A4; 0x092AC5E0,Particle *pTrail[8]; Particle *pGlowParticle; Particle *pGlowParticle2; Particle *pSphereParticle; Particle *pSphereParticle2; Moby *pParent; VEC4 velocity; f32 bobCount; f32 goToTimer; f32 deathTimer; f32 fallDistance;
LEVEL_07,7,Challax,0x002E7528,0x09421228,Ratchet,4,0x001742BC; 0x001742FC; 0x00174304; 0x0017430C,0x092ADFBC; 0x092ADFFC; 0x092AE004; 0x092AE00C,
LEVEL_07,7,Challax,0x002E7664,0x09421364,RatchetDecoyInner,4,0x00175204; 0x0017520C; 0x00175F7C; 0x001752CC,0x092AEF04; 0x092AEF0C; 0x092AFC7C; 0x092AEFCC,
LEVEL_07,7,Challax,0x002E76D8,0x094213D8,RatchetDecoyOuter,3,0x0017648C; 0x001764C8; 0x001764D0,0x092B018C; 0x092B01C8; 0x092B01D0,
LEVEL_07,7,Challax,0x002E7738,0x09421438,RatchetShip,3,0x001764EC; 0x001766DC; 0x00176740,0x092B01EC; 0x092B03DC; 0x092B0440,
LEVEL_07,7,Challax,0x002E7A60,0x09421760,RatchetShipAnimation,3,0x001771E8; 0x00176A30; 0x00177784,0x092B0EE8; 0x092B0730; 0x092B1484,CurveLink introShipPosCurve; CurveLink introCameraPosCurve; CurveLink outroShipPosCurve; CurveLink outroCameraPosCurve; MobyLink ship; f32 shipSpeedInit; f32 cameraSpeedInit; f32 shipRollAmount; VEC3 shipRotDamping; f32 shipRollAmountHover; VEC3 shipRotDampingHover; f32 cameraRollAmount; VEC3 cameraRotDamping; f32 hoverTime; f32 hoverPause; f32 shipSpeedChange; f32 cameraSpeedChange; VEC3 hoverPosDamping; f32 tiltFactor; f32 tiltInterpSpeed; f32 tiltReturnFactor; f32 tiltVelDamp; f32 tiltGroundThresh; f32 tiltLmaxi; f32 tiltRmaxi; f32 tiltFmaxi; f32 tiltBmaxi; VEC3 ratchetEndOffset; VEC3 cameraInAnimOffset; f32 cameraInAnimLookYOfs; VEC3 cameraOutAnimOffset; f32 cameraOutAnimLookYOfs; f32 pa
LEVEL_07,7,Challax,0x002E7D5C,0x09421A5C,Region,3,0x001796EC; 0x001797E8; 0x001797F0,0x092B33EC; 0x092B34E8; 0x092B34F0,Toggle groups[32]; TriggerLink zone; u32 pad[ 3 ];
LEVEL_07,7,Challax,0x002E7E60,0x09421B60,RiotCar,3,0x001797F8; 0x00179BB4; 0x0017A414,0x092B34F8; 0x092B38B4; 0x092B4114,MobyLink passengers[4]; TriggerLink enterTrigger; CurveLink enterPath; MobyLink flyMatrix; MobyLink enemyRespawner; Toggle bDontRespawn; u8 pad[15];
LEVEL_07,7,Challax,0x002E8158,0x09421E58,Ryno,3,0x0017B8DC; 0x0017B9B8; 0x0017C058,0x092B55DC; 0x092B56B8; 0x092B5D58,
LEVEL_07,7,Challax,0x002E8234,0x09421F34,RynoRocket,3,0x0017CA5C; 0x0017CA78; 0x0017CAC8,0x092B675C; 0x092B6778; 0x092B67C8,
LEVEL_07,7,Challax,0x002E8404,0x09422104,SetCamera,3,0x0017D984; 0x0017DA98; 0x0017DAA0,0x092B7684; 0x092B7798; 0x092B77A0,TriggerLink area; Toggle lazy; u8 pad[3]; f32 lookHeight; f32 camDist; f32 height; f32 elevation; f32 azimuth; MobyLink parent; Toggle useAzimuth; Toggle useLookHeight; Toggle useCamDist; Toggle useHeight; Toggle useElevation; Toggle enabled; Toggle singleUse; Toggle entered; f32 speed; u32 priority; f32 restoreSpeed; u32 pad2[3];
LEVEL_07,7,Challax,0x002E8490,0x09422190,ShieldCharger,4,0x0017E6A8; 0x0017DD68; 0x0017EAD8; 0x0017F2DC,0x092B83A8; 0x092B7A68; 0x092B87D8; 0x092B8FDC,
LEVEL_07,7,Challax,0x002E8638,0x09422338,ShieldChargerBolt,3,0x0018113C; 0x00181144; 0x00181188,0x092BAE3C; 0x092BAE44; 0x092BAE88,
LEVEL_07,7,Challax,0x002E8738,0x09422438,ShockRocket,3,0x001814DC; 0x001815C8; 0x001818B4,0x092BB1DC; 0x092BB2C8; 0x092BB5B4,
LEVEL_07,7,Challax,0x002E8824,0x09422524,ShockRocketShot,3,0x00182428; 0x00182478; 0x00182A80,0x092BC128; 0x092BC178; 0x092BC780,
LEVEL_07,7,Challax,0x002E8AD0,0x094227D0,ShockSoldier02,4,0x00184038; 0x00183898; 0x00184458; 0x00185D08,0x092BDD38; 0x092BD598; 0x092BE158; 0x092BFA08,Navigate nav; MobyLink controller; MobyLink enemyWave; TriggerLink detect; MobyLink enemyRespawner; Toggle waitForPowerup; Toggle fakeFloor; Toggle outsideRestrict; Toggle drawInWave; MobyLink interceptPos; Toggle clampToGround; u8 pad[11];
LEVEL_07,7,Challax,0x002E8B48,0x09422848,ShrapnelGeneric,3,0x00186618; 0x00186620; 0x00186628,0x092C0318; 0x092C0320; 0x092C0328,
LEVEL_07,7,Challax,0x002E8C0C,0x0942290C,ShrinkBeam,3,0x00186780; 0x00186788; 0x00186E3C,0x092C0480; 0x092C0488; 0x092C0B3C,
LEVEL_07,7,Challax,0x002E8C70,0x09422970,ShrinkRayRatchet,3,0x00187AFC; 0x00187B04; 0x00187B0C,0x092C17FC; 0x092C1804; 0x092C180C,
LEVEL_07,7,Challax,0x002E8D3C,0x09422A3C,SkillPoint_L07,3,0x00187B14; 0x00187C90; 0x00187C98,0x092C1814; 0x092C1990; 0x092C1998,TriggerLink enemySegmentArea; TriggerLink exitEnemySegmentArea; u32 killCountShockTakedown; u32 pad[ 1 ];
LEVEL_07,7,Challax,0x002E8E18,0x09422B18,Spitfire,3,0x00188098; 0x001880CC; 0x001880F0,0x092C1D98; 0x092C1DCC; 0x092C1DF0,
LEVEL_07,7,Challax,0x002E8EF4,0x09422BF4,Splash,3,0x00189484; 0x001894CC; 0x001894D4,0x092C3184; 0x092C31CC; 0x092C31D4,VEC2 pos; VEC2 velocity; const VEC3 *pPos; f32 startRadius; u16 uOffset; u8 owned; u8 pad;
LEVEL_07,7,Challax,0x002E90C8,0x09422DC8,Sprout,4,0x0018A948; 0x00189B6C; 0x0018ADC4; 0x00189BD0,0x092C4648; 0x092C386C; 0x092C4AC4; 0x092C38D0,NavBound navBound; TriggerLink setTargetArea; CurveLink path; MobyLink endPathSoil; MobyLink dayNightController; TriggerLink followArea; u8 checkPointIndex; u8 pad[7];
LEVEL_07,7,Challax,0x002E91BC,0x09422EBC,Sproutomatic,3,0x0018BFF8; 0x0018C0A0; 0x0018C0D8,0x092C5CF8; 0x092C5DA0; 0x092C5DD8,
LEVEL_07,7,Challax,0x002E9220,0x09422F20,StaticBarrierBelt,3,0x0018C6E0; 0x0018C714; 0x0018C71C,0x092C63E0; 0x092C6414; 0x092C641C,
LEVEL_07,7,Challax,0x002E9380,0x09423080,SuckCannon,3,0x0018C724; 0x0018C86C; 0x0018CE88,0x092C6424; 0x092C656C; 0x092C6B88,
LEVEL_07,7,Challax,0x002E93E8,0x094230E8,SuckCannonComet,3,0x001A7E9C; 0x001A7EA4; 0x001A80D8,0x092E1B9C; 0x092E1BA4; 0x092E1DD8,
LEVEL_07,7,Challax,0x002E9450,0x09423150,SuckCannonCometTie,3,0x001A7E9C; 0x001A7EA4; 0x0018D7F8,0x092E1B9C; 0x092E1BA4; 0x092C74F8,
LEVEL_07,7,Challax,0x002E952C,0x0942322C,SuckCannonManager,3,0x0018E4D8; 0x0018E524; 0x0018E52C,0x092C81D8; 0x092C8224; 0x092C822C,
LEVEL_07,7,Challax,0x002E95BC,0x094232BC,SwarmManager,3,0x0018F27C; 0x0018F2C4; 0x0018F5FC,0x092C8F7C; 0x092C8FC4; 0x092C92FC,
LEVEL_07,7,Challax,0x002E96D0,0x094233D0,Teleporter,3,0x0018FE1C; 0x001901D4; 0x001905A0,0x092C9B1C; 0x092C9ED4; 0x092CA2A0,MobyLink destination; MobyLink destinationPreferred; TriggerLink activateTrigger; u32 levelId; s32 changeToLevel; Toggle secretActivation; s8 canGoToLevel; u8 pad[ 10 ];
LEVEL_07,7,Challax,0x002E9924,0x09423624,TieGroup,3,0x00190E70; 0x00190EEC; 0x00190EF4,0x092CAB70; 0x092CABEC; 0x092CABF4,TieLink ties[8]; u32 numActive; u32 pad[3];
LEVEL_07,7,Challax,0x002E9B94,0x09423894,TieManipulator,3,0x00190F78; 0x00190F70; 0x00191550,0x092CAC78; 0x092CAC70; 0x092CB250,TieLink tie[ 8 ]; f32 xAxis; f32 yAxis; f32 zAxis; f32 xRot; f32 yRot; f32 zRot; f32 xSpan; f32 ySpan; f32 zSpan; f32 xCounter; f32 yCounter; f32 zCounter; f32 speed; f32 speedPerFrame; f32 curviness; f32 curvPar; f32 scaleSpeed; f32 scaleSpeedPerFrame; f32 scaleMax; f32 scaleCounter; f32 xPerc[8]; f32 yPerc[8]; f32 zPerc[8]; f32 xPar[8]; f32 yPar[8]; f32 zPar[8]; f32 xStart[8]; f32 yStart[8]; f32 zStart[8]; MATRIX4 *pMat[8]; MATRIX4 scaleMatrix; f32 drawDistance; f32 updateDistance; f32 inverseScale; u32 linkCount;
LEVEL_07,7,Challax,0x002E9CD4,0x094239D4,TitaniumBolt,3,0x001918E0; 0x00191AD0; 0x00191C38,0x092CB5E0; 0x092CB7D0; 0x092CB938,f32 dist; f32 height; f32 lookHeight; f32 elevation; f32 azimuth; Toggle magnaboots; Toggle noAnimation; u32 levelToFake; u8 id; u8 pad[5];
LEVEL_07,7,Challax,0x002E9D7C,0x09423A7C,TriggerCollection,3,0x0019265C; 0x00192664; 0x0019266C,0x092CC35C; 0x092CC364; 0x092CC36C,TriggerLink triggers[ 14 ];
LEVEL_07,7,Challax,0x002E9E54,0x09423B54,TriggeredDoor,3,0x00192838; 0x00192B4C; 0x00192ECC,0x092CC538; 0x092CC84C; 0x092CCBCC,TriggerLink trigger; MobyLink mobyToCheck; MobyLink grindrailLock; Toggle stayOpen; Toggle saveState; u8 pad[ 2 ];
LEVEL_07,7,Challax,0x002E9F78,0x09423C78,TripleWaveBeacon,3,0x001938E8; 0x00193A98; 0x00193ACC,0x092CD5E8; 0x092CD798; 0x092CD7CC,
LEVEL_07,7,Challax,0x002EA024,0x09423D24,vendor,3,0x00193D74; 0x00193F3C; 0x00193FA0,0x092CDA74; 0x092CDC3C; 0x092CDCA0,u32 lastAnimPlayed; u32 vendorType; Toggle bSellsWeapons; u8 pad[ 7 ];
LEVEL_07,7,Challax,0x002EA230,0x09423F30,Wrench,3,0x0019431C; 0x001943F0; 0x0019484C,0x092CE01C; 0x092CE0F0; 0x092CE54C,
LEVEL_07,7,Challax,0x002EA358,0x09424058,ZipLineController,3,0x00197678; 0x001978E8; 0x0019791C,0x092D1378; 0x092D15E8; 0x092D161C,VEC4 lineVec; VEC4 dir; CurveLink path; f32 dist; f32 azimuth; f32 camDist; f32 camHeight; f32 camOfsY;
LEVEL_08,8,Dayni Moon,0x0030BB70,0x09445870,Acidbomb,3,0x00113190; 0x001131A0; 0x00113B08,0x0924CE90; 0x0924CEA0; 0x0924D808,
LEVEL_08,8,Dayni Moon,0x0030BBF8,0x094458F8,AcidbombEpoxy,3,0x00114F4C; 0x00114F54; 0x00114FDC,0x0924EC4C; 0x0924EC54; 0x0924ECDC,
LEVEL_08,8,Dayni Moon,0x0030BC58,0x09445958,AcidGloveHUD,3,0x001154E4; 0x001154EC; 0x001154F4,0x0924F1E4; 0x0924F1EC; 0x0924F1F4,
LEVEL_08,8,Dayni Moon,0x0030BCB8,0x094459B8,AgentController,3,0x001154FC; 0x001155EC; 0x001157A4,0x0924F1FC; 0x0924F2EC; 0x0924F4A4,
LEVEL_08,8,Dayni Moon,0x0030C00C,0x09445D0C,AgentOfDoom,4,0x00115EBC; 0x00115F98; 0x00116058; 0x00116378,0x0924FBBC; 0x0924FC98; 0x0924FD58; 0x09250078,
LEVEL_08,8,Dayni Moon,0x0030C0EC,0x09445DEC,AgentOfDoomShrapnel,3,0x0011AA90; 0x0011AA98; 0x0011AAA0,0x09254790; 0x09254798; 0x092547A0,
LEVEL_08,8,Dayni Moon,0x0030C228,0x09445F28,AgentsBomb,3,0x0011ADA0; 0x0011ADA8; 0x0011ADB0,0x09254AA0; 0x09254AA8; 0x09254AB0,
LEVEL_08,8,Dayni Moon,0x0030C2C0,0x09445FC0,AgentsGlove,3,0x0011C33C; 0x0011C3C8; 0x0011C3F4,0x0925603C; 0x092560C8; 0x092560F4,
LEVEL_08,8,Dayni Moon,0x0030C36C,0x0944606C,AgentsGrenade,3,0x0011C8C4; 0x0011C9B4; 0x0011CE68,0x092565C4; 0x092566B4; 0x09256B68,
LEVEL_08,8,Dayni Moon,0x0030C414,0x09446114,AgentsLaser,3,0x0011D3E4; 0x0011D6EC; 0x0011D7A0,0x092570E4; 0x092573EC; 0x092574A0,
LEVEL_08,8,Dayni Moon,0x0030C508,0x09446208,AgentsRocket,3,0x0011E1AC; 0x0011E270; 0x0011E2F0,0x09257EAC; 0x09257F70; 0x09257FF0,
LEVEL_08,8,Dayni Moon,0x0030C9D8,0x094466D8,ArenaController,3,0x0011EEF8; 0x0011EF08; 0x0011F450,0x09258BF8; 0x09258C08; 0x09259150,MobyLink arenaChallenge[ 7 ]; u32 challengeCount; MobyLink dayNightController; MobyLink newMusic; Toggle locked; u8 pad[ 7 ];
LEVEL_08,8,Dayni Moon,0x0030CA58,0x09446758,ArmorHelmet,3,0x0011FC88; 0x0011FC90; 0x0011FC98,0x09259988; 0x09259990; 0x09259998,
LEVEL_08,8,Dayni Moon,0x0030CAB8,0x094467B8,ArmorLeftFoot,3,0x0011FCA0; 0x0011FCA8; 0x0011FCB0,0x092599A0; 0x092599A8; 0x092599B0,
LEVEL_08,8,Dayni Moon,0x0030CB28,0x09446828,ArmorLeftHand,3,0x0011FCB8; 0x0011FCC0; 0x0011FCC8,0x092599B8; 0x092599C0; 0x092599C8,u32 pad[ 4 ];
LEVEL_08,8,Dayni Moon,0x0030CC58,0x09446958,ArmorPickup,3,0x0012003C; 0x0011FCEC; 0x00120540,0x09259D3C; 0x092599EC; 0x0925A240,f32 dist; f32 height; f32 lookHeight; f32 elevation; f32 azimuth; MobyLink driver; MobyLink playerMatrix; u32 playthroughReq; Toggle magnaboots; u8 pad[ 15 ];
LEVEL_08,8,Dayni Moon,0x0030CCD0,0x094469D0,ArmorRightFoot,3,0x00120A7C; 0x00120A84; 0x00120A8C,0x0925A77C; 0x0925A784; 0x0925A78C,
LEVEL_08,8,Dayni Moon,0x0030CD40,0x09446A40,ArmorRightHand,3,0x00120A94; 0x00120A9C; 0x00120AA4,0x0925A794; 0x0925A79C; 0x0925A7A4,u32 pad[ 4 ];
LEVEL_08,8,Dayni Moon,0x0030CDA0,0x09446AA0,ArmorTorso,3,0x00120AAC; 0x00120AB4; 0x00120ABC,0x0925A7AC; 0x0925A7B4; 0x0925A7BC,
LEVEL_08,8,Dayni Moon,0x0030CE84,0x09446B84,BeeMine,4,0x0012115C; 0x0012116C; 0x0012154C; 0x00121244,0x0925AE5C; 0x0925AE6C; 0x0925B24C; 0x0925AF44,
LEVEL_08,8,Dayni Moon,0x0030CF50,0x09446C50,BeeMineGlove,3,0x00122F28; 0x001230B0; 0x001230DC,0x0925CC28; 0x0925CDB0; 0x0925CDDC,
LEVEL_08,8,Dayni Moon,0x0030CFB0,0x09446CB0,BeeMineGloveHUD,3,0x001236FC; 0x00123704; 0x0012370C,0x0925D3FC; 0x0925D404; 0x0925D40C,
LEVEL_08,8,Dayni Moon,0x0030D07C,0x09446D7C,BeeMineShrapnel,3,0x00123A44; 0x00123A4C; 0x00123A54,0x0925D744; 0x0925D74C; 0x0925D754,
LEVEL_08,8,Dayni Moon,0x0030D16C,0x09446E6C,Blaster,3,0x00123ACC; 0x00123C28; 0x0012414C,0x0925D7CC; 0x0925D928; 0x0925DE4C,
LEVEL_08,8,Dayni Moon,0x0030D1D8,0x09446ED8,BlasterAkimbo,3,0x0012512C; 0x001251B0; 0x001251E0,0x0925EE2C; 0x0925EEB0; 0x0925EEE0,
LEVEL_08,8,Dayni Moon,0x0030D24C,0x09446F4C,BlasterShot,3,0x001254B0; 0x001254D8; 0x0012587C,0x0925F1B0; 0x0925F1D8; 0x0925F57C,
LEVEL_08,8,Dayni Moon,0x0030D6AC,0x094473AC,BlitzGun,3,0x00127748; 0x001278A4; 0x00127CFC,0x09261448; 0x092615A4; 0x092619FC,
LEVEL_08,8,Dayni Moon,0x0030D83C,0x0944753C,BlitzGunShot,3,0x00129790; 0x00129798; 0x00129934,0x09263490; 0x09263498; 0x09263634,
LEVEL_08,8,Dayni Moon,0x0030D8A0,0x094475A0,Bolt,2,0x0012A444; 0x0012A44C,0x09264144; 0x0926414C,
LEVEL_08,8,Dayni Moon,0x0030DB94,0x09447894,BoltController,3,0x0012D9B4; 0x0012DBE8; 0x0012DC0C,0x092676B4; 0x092678E8; 0x0926790C,u32 boltAmnt; u32 boltAmountReplay; u32 pad[ 2 ];
LEVEL_08,8,Dayni Moon,0x0030DC10,0x09447910,BoltGrabber,3,0x0012DFF4; 0x0012DFFC; 0x0012E004,0x09267CF4; 0x09267CFC; 0x09267D04,
LEVEL_08,8,Dayni Moon,0x0030DCD4,0x094479D4,Bombglove,3,0x0012E00C; 0x0012E0E4; 0x0012E594,0x09267D0C; 0x09267DE4; 0x09268294,
LEVEL_08,8,Dayni Moon,0x0030DD38,0x09447A38,BotFlingerArm,3,0x0012EB04; 0x0012EBA8; 0x0012EBDC,0x09268804; 0x092688A8; 0x092688DC,
LEVEL_08,8,Dayni Moon,0x0030DDF8,0x09447AF8,BouncySprout,4,0x0012FD44; 0x0012FDF8; 0x0013000C; 0x0012FE2C,0x09269A44; 0x09269AF8; 0x09269D0C; 0x09269B2C,
LEVEL_08,8,Dayni Moon,0x0030DE70,0x09447B70,BoxBreaker,3,0x00130374; 0x0013037C; 0x00130384,0x0926A074; 0x0926A07C; 0x0926A084,
LEVEL_08,8,Dayni Moon,0x0030DED0,0x09447BD0,BoxBreakerHelp,3,0x00130410; 0x00130418; 0x00130420,0x0926A110; 0x0926A118; 0x0926A120,
LEVEL_08,8,Dayni Moon,0x0030E094,0x09447D94,CameraHint,3,0x0013046C; 0x00130690; 0x001306BC,0x0926A16C; 0x0926A390; 0x0926A3BC,MobyLink target; MobyLink testMoby; TriggerLink activateArea; TriggerLink destroyArea; MobyLink enemyWave; TriggerLink resetArea; s32 frameCount; s8 activateState; u8 hintFrames; u8 updateDist; Toggle stopShort; f32 camSpeed; Toggle onMobyDestroy; Toggle targetMustBeAlive; Toggle bBreakOnInput; Toggle bDontRespawn; Toggle bDeleteWhenFinished; u8 pad[7];
LEVEL_08,8,Dayni Moon,0x0030E110,0x09447E10,CannonSprout,4,0x0013094C; 0x00130AF4; 0x00130B28; 0x00130C88,0x0926A64C; 0x0926A7F4; 0x0926A828; 0x0926A988,
LEVEL_08,8,Dayni Moon,0x0030E27C,0x09447F7C,ChameleonDecoy,4,0x00131164; 0x0013116C; 0x00131184; 0x0013120C,0x0926AE64; 0x0926AE6C; 0x0926AE84; 0x0926AF0C,
LEVEL_08,8,Dayni Moon,0x0030E398,0x09448098,ClankBotFlingerVehicle,4,0x0013130C; 0x0013145C; 0x001318DC; 0x00131494,0x0926B00C; 0x0926B15C; 0x0926B5DC; 0x0926B194,MobyLink vehicleController; u32 pad[ 3 ];
LEVEL_08,8,Dayni Moon,0x0030E4A4,0x094481A4,ClankBotShrapnel,3,0x00131F50; 0x00131F58; 0x00131F60,0x0926BC50; 0x0926BC58; 0x0926BC60,
LEVEL_08,8,Dayni Moon,0x0030E534,0x09448234,ClankChallengeMenu,3,0x001322E0; 0x00132338; 0x00132340,0x0926BFE0; 0x0926C038; 0x0926C040,MobyLink arenaController[ 3 ]; u32 pad;
LEVEL_08,8,Dayni Moon,0x0030E620,0x09448320,ClankElectroTorso,4,0x00132638; 0x001327B0; 0x00132CA4; 0x00132820,0x0926C338; 0x0926C4B0; 0x0926C9A4; 0x0926C520,MobyLink vehicleController; u32 pad[ 3 ];
LEVEL_08,8,Dayni Moon,0x0030E6A8,0x094483A8,ClankForShipAnim,3,0x00133054; 0x0013305C; 0x00133064,0x0926CD54; 0x0926CD5C; 0x0926CD64,u32 pad[ 4 ];
LEVEL_08,8,Dayni Moon,0x0030E708,0x09448408,ClankHead,3,0x0013306C; 0x00133074; 0x0013307C,0x0926CD6C; 0x0926CD74; 0x0926CD7C,
LEVEL_08,8,Dayni Moon,0x0030E768,0x09448468,ClankPack,3,0x00133084; 0x001330B4; 0x001330BC,0x0926CD84; 0x0926CDB4; 0x0926CDBC,
LEVEL_08,8,Dayni Moon,0x0030E820,0x09448520,ClankRamTorso,4,0x00133128; 0x00133270; 0x001332EC; 0x0013357C,0x0926CE28; 0x0926CF70; 0x0926CFEC; 0x0926D27C,MobyLink vehicleController; u32 pad[ 3 ];
LEVEL_08,8,Dayni Moon,0x0030E8E8,0x094485E8,ClankSawTorso,4,0x00133B3C; 0x00133C84; 0x00133CEC; 0x00133F80,0x0926D83C; 0x0926D984; 0x0926D9EC; 0x0926DC80,MobyLink vehicleController; u32 pad[ 3 ];
LEVEL_08,8,Dayni Moon,0x0030E9B0,0x094486B0,ClankSpikeTorso,4,0x001346A4; 0x001347EC; 0x00134854; 0x00134B00,0x0926E3A4; 0x0926E4EC; 0x0926E554; 0x0926E800,MobyLink vehicleController; u32 pad[ 3 ];
LEVEL_08,8,Dayni Moon,0x0030EA58,0x09448758,CombineChaseController,3,0x00134F4C; 0x00135000; 0x00135408,0x0926EC4C; 0x0926ED00; 0x0926F108,
LEVEL_08,8,Dayni Moon,0x0030EAEC,0x094487EC,ConditionalStartLocation,3,0x001357AC; 0x001357D0; 0x001357D8,0x0926F4AC; 0x0926F4D0; 0x0926F4D8,u32 fromLevelId; u32 levelBeenSeenId; u32 pad[ 2 ];
LEVEL_08,8,Dayni Moon,0x0030EB7C,0x0944887C,ContinuePoint,3,0x00135858; 0x0013587C; 0x00135884,0x0926F558; 0x0926F57C; 0x0926F584,TriggerLink activateTrigger; u8 index;
LEVEL_08,8,Dayni Moon,0x0030EC1C,0x0944891C,CowBell,3,0x00135D54; 0x00135D5C; 0x00135D64,0x0926FA54; 0x0926FA5C; 0x0926FA64,
LEVEL_08,8,Dayni Moon,0x0030ECCC,0x094489CC,Crate,4,0x00135E9C; 0x00135EA4; 0x00135F8C; 0x00135EAC,0x0926FB9C; 0x0926FBA4; 0x0926FC8C; 0x0926FBAC,Moby *pCrateBelow; f32 velocityY; f32 fallDistance; f32 distFallen;
LEVEL_08,8,Dayni Moon,0x0030EE0C,0x09448B0C,CrateAmmo,4,0x0013606C; 0x00136094; 0x0013609C; 0x001360A4,0x0926FD6C; 0x0926FD94; 0x0926FD9C; 0x0926FDA4,Moby *pCrateBelow; f32 velocityY; f32 fallDistance; f32 distFallen; Toggle major; Toggle minor; u8 noAmmoType1; u8 noAmmoType2; u8 onlyAmmoType; Toggle validIM; Toggle validDM; Toggle validCTF; u8 pad[8];
LEVEL_08,8,Dayni Moon,0x0030EF40,0x09448C40,CrateAmmoSpawned,4,0x00136768; 0x00136788; 0x001367A4; 0x00136AA0,0x09270468; 0x09270488; 0x092704A4; 0x092707A0,Moby *pCrateBelow; f32 velocityY; f32 fallDistance; f32 distFallen; Toggle major; Toggle minor; u8 noAmmoType1; u8 noAmmoType2; u8 onlyAmmoType; Toggle validIM; Toggle validDM; Toggle validCTF; u8 pad[8];
LEVEL_08,8,Dayni Moon,0x0030EFA0,0x09448CA0,CrateChunk,2,0x00136AE0; 0x00136AE8,0x092707E0; 0x092707E8,
LEVEL_08,8,Dayni Moon,0x0030F1A0,0x09448EA0,CrateChunkController,2,0x00137144; 0x0013714C,0x09270E44; 0x09270E4C,
LEVEL_08,8,Dayni Moon,0x0030F2B8,0x09448FB8,CrateHealth,2,0x0013737C; 0x00137418,0x0927107C; 0x09271118,Moby *pCrateBelow; f32 velocityY; f32 fallDistance; f32 distFallen; Moby *pPowerup; Toggle validIM; Toggle validDM; Toggle validCTF; u8 pad[9];
LEVEL_08,8,Dayni Moon,0x0030F8B0,0x094495B0,CrateHealthSpawned,4,0x00137D34; 0x00137DC8; 0x00137E24; 0x00137DE4,0x09271A34; 0x09271AC8; 0x09271B24; 0x09271AE4,Moby *pCrateBelow; f32 velocityY; f32 fallDistance; f32 distFallen; Moby *pPowerup; Toggle validIM; Toggle validDM; Toggle validCTF; u8 pad[9];
LEVEL_08,8,Dayni Moon,0x0030F99C,0x0944969C,CrateTeleporter,3,0x001381EC; 0x00138254; 0x00138308,0x09271EEC; 0x09271F54; 0x09272008,u32 type; f32 delay; f32 antiCampRadius; u32 updateDist;
LEVEL_08,8,Dayni Moon,0x0030FA9C,0x0944979C,CrossbowGun,3,0x001387D8; 0x001388C4; 0x00138AA4,0x092724D8; 0x092725C4; 0x092727A4,
LEVEL_08,8,Dayni Moon,0x0030FC7C,0x0944997C,CrossbowShot,3,0x001390F4; 0x001390FC; 0x0013A63C,0x09272DF4; 0x09272DFC; 0x0927433C,
LEVEL_08,8,Dayni Moon,0x0030FD98,0x09449A98,CrystalGroundShard,3,0x0013B530; 0x0013B774; 0x0013B9B8,0x09275230; 0x09275474; 0x092756B8,
LEVEL_08,8,Dayni Moon,0x0030FECC,0x09449BCC,DayNightController,3,0x0013C0D8; 0x0013C5AC; 0x0013C80C,0x09275DD8; 0x092762AC; 0x0927650C,MobyLink dayToNightTriggers; MobyLink fogMoby; MobyLink dayTimeMusic; MobyLink nightTimeMusic; u8 fogNightTimeRed; u8 fogNightTimeGreen; u8 fogNightTimeBlue; u8 pad[ 13 ];
LEVEL_08,8,Dayni Moon,0x0030FFA8,0x09449CA8,DeathTrigger,3,0x0013D080; 0x0013D0E0; 0x0013D0E8,0x09276D80; 0x09276DE0; 0x09276DE8,MobyLink killAreas; MobyLink ignoreAreas; Toggle killHeroInTriggers; f32 minYHeight; u8 pad[3];
LEVEL_08,8,Dayni Moon,0x00310008,0x09449D08,DerbyCrateHealth,4,0x0013D25C; 0x0013D470; 0x0013D48C; 0x0013D4A8,0x09276F5C; 0x09277170; 0x0927718C; 0x092771A8,
LEVEL_08,8,Dayni Moon,0x00310588,0x0944A288,DerbyCratePowerup,4,0x0013DCB0; 0x0013DCE4; 0x0013DD00; 0x0013DD08,0x092779B0; 0x092779E4; 0x09277A00; 0x09277A08,
LEVEL_08,8,Dayni Moon,0x00310650,0x0944A350,DerbyPowerup,3,0x0013DD54; 0x0013DD88; 0x0013DD90,0x09277A54; 0x09277A88; 0x09277A90,
LEVEL_08,8,Dayni Moon,0x003106B0,0x0944A3B0,DerbyPowerupHealth,3,0x0013EBD4; 0x0013EC48; 0x0013EC64,0x092788D4; 0x09278948; 0x09278964,
LEVEL_08,8,Dayni Moon,0x00310888,0x0944A588,DerbyTeleporterHealth,3,0x00140310; 0x00140330; 0x00140338,0x0927A010; 0x0927A030; 0x0927A038,
LEVEL_08,8,Dayni Moon,0x00310938,0x0944A638,DerbyTeleporterPowerup,3,0x00140850; 0x00140878; 0x00140880,0x0927A550; 0x0927A578; 0x0927A580,
LEVEL_08,8,Dayni Moon,0x00310A0C,0x0944A70C,DestructionDerby,3,0x00140DBC; 0x00140F08; 0x00140FE0,0x0927AABC; 0x0927AC08; 0x0927ACE0,MobyLink vehicleController; MobyLink resetMobys; s32 movieNumber; s32 movieHandle;
LEVEL_08,8,Dayni Moon,0x00310A88,0x0944A788,DualBlasterHUD,3,0x00141344; 0x0014134C; 0x00141354,0x0927B044; 0x0927B04C; 0x0927B054,
LEVEL_08,8,Dayni Moon,0x00310B24,0x0944A824,electricXplo,3,0x00141DF4; 0x00141B48; 0x00141B50,0x0927BAF4; 0x0927B848; 0x0927B850,f32 lengths[24]; VEC3 normals[18]; f32 timer; s32 scroll;
LEVEL_08,8,Dayni Moon,0x00310CF8,0x0944A9F8,ElectroBall,3,0x001436DC; 0x0014374C; 0x00143790,0x0927D3DC; 0x0927D44C; 0x0927D490,
LEVEL_08,8,Dayni Moon,0x00310E04,0x0944AB04,ElectroshockWave,3,0x001443D4; 0x001443DC; 0x00144EB4,0x0927E0D4; 0x0927E0DC; 0x0927EBB4,
LEVEL_08,8,Dayni Moon,0x00310F08,0x0944AC08,Electrosoil,3,0x00145244; 0x0014552C; 0x00145534,0x0927EF44; 0x0927F22C; 0x0927F234,MobyLink target[ 2 ]; TriggerLink bound; f32 angle; f32 throwSpeedXZ; f32 throwSpeedY; MobyLink triggerCollection; u32 pad[ 1 ];
LEVEL_08,8,Dayni Moon,0x00310FF0,0x0944ACF0,EnemyBotFlingerVehicle,4,0x00145738; 0x001458EC; 0x00146AC4; 0x00145924,0x0927F438; 0x0927F5EC; 0x092807C4; 0x0927F624,MobyLink vehicleController; s32 headType; u32 pad[ 2 ];
LEVEL_08,8,Dayni Moon,0x00311248,0x0944AF48,EnemyController,3,0x00146E08; 0x00147014; 0x001470F4,0x09280B08; 0x09280D14; 0x09280DF4,TriggerLink updateArea; TriggerLink updateArea2; TriggerLink destroyTrigger; f32 firstWaveDist; f32 secondWaveDist; Toggle envColl; u8 attackingMax; Toggle destroyControllerToo; u8 pad[ 9 ];
LEVEL_08,8,Dayni Moon,0x0031134C,0x0944B04C,EnemyElectroTorso,4,0x00149A48; 0x00149C34; 0x0014A4B4; 0x00149CBC,0x09283748; 0x09283934; 0x092841B4; 0x092839BC,MobyLink vehicleController; s32 headType; u32 pad[ 2 ];
LEVEL_08,8,Dayni Moon,0x0031140C,0x0944B10C,EnemyHead,3,0x0014A890; 0x0014A8A0; 0x0014A8A8,0x09284590; 0x092845A0; 0x092845A8,
LEVEL_08,8,Dayni Moon,0x0031151C,0x0944B21C,EnemyRamTorso,4,0x0014AC50; 0x0014AE3C; 0x0014B8D0; 0x0014AED0,0x09284950; 0x09284B3C; 0x092855D0; 0x09284BD0,MobyLink vehicleController; s32 headType; u32 pad[ 2 ];
LEVEL_08,8,Dayni Moon,0x003115EC,0x0944B2EC,EnemySawTorso,4,0x0014BD2C; 0x0014BEAC; 0x0014C71C; 0x0014BF2C,0x09285A2C; 0x09285BAC; 0x0928641C; 0x09285C2C,MobyLink vehicleController; u32 pad[ 3 ];
LEVEL_08,8,Dayni Moon,0x0031176C,0x0944B46C,EnemyWave,3,0x0014CABC; 0x0014CB74; 0x0014CE78,0x092867BC; 0x09286874; 0x09286B78,MobyLink destroyedMoby; TriggerLink trigger; MobyLink previousWave; f32 timer; f32 delayRandMax; MobyLink enemyControllerToCheck; u8 mobyToCheckState; Toggle prevWaveDestroyed; u8 enemyInControllerCount; u8 pad[ 9 ];
LEVEL_08,8,Dayni Moon,0x00311858,0x0944B558,EnergyBlade,3,0x0014D2DC; 0x0014D6AC; 0x0014DB5C,0x09286FDC; 0x092873AC; 0x0928785C,
LEVEL_08,8,Dayni Moon,0x00311A14,0x0944B714,ExplosiveBee,3,0x0014E5F4; 0x0014E69C; 0x0014F544,0x092882F4; 0x0928839C; 0x09289244,
LEVEL_08,8,Dayni Moon,0x00311BE0,0x0944B8E0,FarmerBot,4,0x0015063C; 0x00150928; 0x00151128; 0x001509E8,0x0928A33C; 0x0928A628; 0x0928AE28; 0x0928A6E8,Navigate navigate; MobyLink enemyController; CurveLink initPath; MobyLink enemyWave; u32 pad[ 3 ];
LEVEL_08,8,Dayni Moon,0x00311D04,0x0944BA04,FarmerVehicle,4,0x0015204C; 0x0015218C; 0x001521B0; 0x00152470,0x0928BD4C; 0x0928BE8C; 0x0928BEB0; 0x0928C170,MobyLink vehicleController; u32 pad[ 3 ];
LEVEL_08,8,Dayni Moon,0x00311E48,0x0944BB48,Flamethrower,3,0x0015277C; 0x001528F8; 0x00153708,0x0928C47C; 0x0928C5F8; 0x0928D408,
LEVEL_08,8,Dayni Moon,0x003120AC,0x0944BDAC,FogMoby,3,0x00155608; 0x001556A8; 0x001556B0,0x0928F308; 0x0928F3A8; 0x0928F3B0,TriggerLink region; f32 Side1FogStart; f32 Side1FogEnd; u8 Side1Red; u8 Side1Green; u8 Side1Blue; u8 padAlpha1; f32 Side2FogStart; f32 Side2FogEnd; u8 Side2Red; u8 Side2Green; u8 Side2Blue; u8 padAlpha2; u32 pad[ 1 ];
LEVEL_08,8,Dayni Moon,0x00312120,0x0944BE20,GenericTieForm,3,0x00155C00; 0x00155C50; 0x00155C84,0x0928F900; 0x0928F950; 0x0928F984,
LEVEL_08,8,Dayni Moon,0x003121D4,0x0944BED4,GlowCard,3,0x00155F94; 0x001560B4; 0x001560BC,0x0928FC94; 0x0928FDB4; 0x0928FDBC,u8 red; u8 green; u8 blue; u8 alpha; f32 size; f32 zOffset; CurveLink points;
LEVEL_08,8,Dayni Moon,0x00312248,0x0944BF48,GravityCrystal,3,0x00156AE0; 0x00156CF8; 0x00157670,0x092907E0; 0x092909F8; 0x09291370,
LEVEL_08,8,Dayni Moon,0x0031247C,0x0944C17C,GrindrailBomb,4,0x001582B4; 0x001583A4; 0x00158408; 0x001581AC,0x09291FB4; 0x092920A4; 0x09292108; 0x09291EAC,
LEVEL_08,8,Dayni Moon,0x0031274C,0x0944C44C,GrindrailController,2,0x00159A44; 0x00159CB4,0x09293744; 0x092939B4,VEC4 dir; CurveLink path; f32 grindrailSp; CurveLink secPaths[20]; f32 camDefaultLookLead; f32 camDefaultDist; f32 camDefaultHeight; f32 camDefaultAzimuth; f32 camDefaultElevation; f32 bombDamageFrac; f32 gateDamageFrac;
LEVEL_08,8,Dayni Moon,0x0031297C,0x0944C67C,GrindrailGate,3,0x00159FB4; 0x0015A08C; 0x0015A284,0x09293CB4; 0x09293D8C; 0x09293F84,u32 pad[4];
LEVEL_08,8,Dayni Moon,0x00312A80,0x0944C780,GrindrailLock,3,0x0015A8C8; 0x0015ACA8; 0x0015ADD4,0x092945C8; 0x092949A8; 0x09294AD4,TriggerLink promptArea; TriggerLink endArea; MobyLink matrixMoby; u32 lockID; MobyLink destroyMobys; u32 pad[ 3 ];
LEVEL_08,8,Dayni Moon,0x00312B60,0x0944C860,GrindrailSwitch,4,0x0015B6B4; 0x0015B7FC; 0x0015B860; 0x0015B49C,0x092953B4; 0x092954FC; 0x09295560; 0x0929519C,MobyLink gate; Toggle toggleOnOff; s32 gateMember; u32 pad[1];
LEVEL_08,8,Dayni Moon,0x00312D4C,0x0944CA4C,HappyRam,4,0x0015BFD0; 0x0015C0E4; 0x0015D024; 0x0015C1C8,0x09295CD0; 0x09295DE4; 0x09296D24; 0x09295EC8,Navigate navigate; MobyLink enemyController; TriggerLink detectArea; CurveLink retreatPoint; TriggerLink stopDetectArea; MobyLink mobyGroup;
LEVEL_08,8,Dayni Moon,0x00312E9C,0x0944CB9C,HappyRamVehicle,4,0x0015DC34; 0x0015DD8C; 0x0015E5C4; 0x0015DDB0,0x09297934; 0x09297A8C; 0x092982C4; 0x09297AB0,MobyLink vehicleController; u32 pad[ 3 ];
LEVEL_08,8,Dayni Moon,0x00313110,0x0944CE10,HeavyTorso01,4,0x0015F47C; 0x0015ECC0; 0x0015FAA8; 0x0015EA80,0x0929917C; 0x092989C0; 0x092997A8; 0x09298780,Navigate nav; MobyLink controller; TriggerLink detect; f32 alertRadius; CurveLink enterPath; CurveLink patrolPath; TriggerLink enterTrigger; MobyLink enemyWave; TriggerLink autoDetectArea; TriggerLink wanderArea; Toggle waitForInteraction; Toggle runEnter; u8 pad[14];
LEVEL_08,8,Dayni Moon,0x00313280,0x0944CF80,HeavyTorsoShrapnel,3,0x001615E0; 0x0016163C; 0x00161644,0x0929B2E0; 0x0929B33C; 0x0929B344,
LEVEL_08,8,Dayni Moon,0x003132EC,0x0944CFEC,Helipack,3,0x00161C7C; 0x00161C84; 0x00161C8C,0x0929B97C; 0x0929B984; 0x0929B98C,
LEVEL_08,8,Dayni Moon,0x00313354,0x0944D054,Hypershot,3,0x00161E30; 0x00161ECC; 0x00161F54,0x0929BB30; 0x0929BBCC; 0x0929BC54,
LEVEL_08,8,Dayni Moon,0x003133D8,0x0944D0D8,IntroMovie,3,0x001620E4; 0x001621A0; 0x001621A8,0x0929BDE4; 0x0929BEA0; 0x0929BEA8,u32 fromLevel; u32 pad[ 3 ];
LEVEL_08,8,Dayni Moon,0x00313450,0x0944D150,Lamp,4,0x0016225C; 0x001623D8; 0x0016243C; 0x00162484,0x0929BF5C; 0x0929C0D8; 0x0929C13C; 0x0929C184,
LEVEL_08,8,Dayni Moon,0x00314A8C,0x0944E78C,LaserTracer,3,0x00166798; 0x0016688C; 0x00166A14,0x092A0498; 0x092A058C; 0x092A0714,
LEVEL_08,8,Dayni Moon,0x00314B94,0x0944E894,Level01SkyController,3,0x0016C220; 0x0016C270; 0x0016C278,0x092A5F20; 0x092A5F70; 0x092A5F78,f32 rotSp; f32 rot; u32 pad[2];
LEVEL_08,8,Dayni Moon,0x00314CAC,0x0944E9AC,Level08Cutscene00,3,0x0016C384; 0x0016C7CC; 0x0016C7DC,0x092A6084; 0x092A64CC; 0x092A64DC,MobyLink triggeredDoor; MobyLink enemyWave; MobyLink dayNightController; TriggerLink startTrigger; MobyLink playerMatrix; TriggerLink completedTrigger; u32 pad[ 2 ];
LEVEL_08,8,Dayni Moon,0x00314DDC,0x0944EADC,Level08Cutscene01,3,0x0016CA2C; 0x0016CDAC; 0x0016CDFC,0x092A672C; 0x092A6AAC; 0x092A6AFC,TriggerLink startTrigger; MobyLink enemyWave; MobyLink door; MobyLink farmerBot; MobyLink cameraStart; MobyLink cameraEnd; MobyLink lever; MobyLink playerMatrix;
LEVEL_08,8,Dayni Moon,0x00314E9C,0x0944EB9C,Level08Cutscene02,3,0x0016D1C4; 0x0016D324; 0x0016D32C,0x092A6EC4; 0x092A7024; 0x092A702C,MobyLink thresherAs[ 5 ]; MobyLink camera; TriggerLink startTrigger; MobyLink lever;
LEVEL_08,8,Dayni Moon,0x00314F74,0x0944EC74,Level08Door,3,0x0016D4E0; 0x0016D6C0; 0x0016D768,0x092A71E0; 0x092A73C0; 0x092A7468,TriggerLink closeTrigger; MobyLink dayNightController; MobyLink openOnDestroy; u32 pad[ 1 ];
LEVEL_08,8,Dayni Moon,0x00315024,0x0944ED24,Level08ForceDay,3,0x0016DC64; 0x0016DD4C; 0x0016DD54,0x092A7964; 0x092A7A4C; 0x092A7A54,MobyLink sprout1; MobyLink sprout2; MobyLink dayNightController; u32 pad;
LEVEL_08,8,Dayni Moon,0x003150B0,0x0944EDB0,Level08GoIntoClankPrompt,3,0x0016DDC0; 0x0016DE28; 0x0016DE30,0x092A7AC0; 0x092A7B28; 0x092A7B30,TriggerLink promptArea; u32 pad[ 3 ];
LEVEL_08,8,Dayni Moon,0x00315294,0x0944EF94,LevelMusic,2,0x0016DED0; 0x0016DFB0,0x092A7BD0; 0x092A7CB0,u32 songNumber; TriggerLink trigger; s32 continuePointMin; s32 continuePointMax; s32 levelNumber; u8 priority; u8 pad[ 7 ];
LEVEL_08,8,Dayni Moon,0x00315328,0x0944F028,LevelSettings,3,0x0016E670; 0x0016E678; 0x0016E680,0x092A8370; 0x092A8378; 0x092A8380,u32 breakableBoltTotal; u32 pad[3];
LEVEL_08,8,Dayni Moon,0x00315398,0x0944F098,LightningAttack,3,0x0016E688; 0x0016E6C8; 0x0016EB08,0x092A8388; 0x092A83C8; 0x092A8808,
LEVEL_08,8,Dayni Moon,0x003153F8,0x0944F0F8,LightweightSystem,3,0x0016EF90; 0x0016EF98; 0x0016EFA0,0x092A8C90; 0x092A8C98; 0x092A8CA0,
LEVEL_08,8,Dayni Moon,0x003159D4,0x0944F6D4,LunaBoss,4,0x00171FAC; 0x0016F278; 0x0016F300; 0x0016F4AC,0x092ABCAC; 0x092A8F78; 0x092A9000; 0x092A91AC,MobyLink combineChaseController; TriggerLink startTrigger; MobyLink chaseStartPos; MobyLink chaseEndPos; MobyLink dayNightController; MobyLink crateController; MobyLink startTeleporter; u32 pad[ 1 ];
LEVEL_08,8,Dayni Moon,0x00315BA8,0x0944F8A8,LunaBossBomb,3,0x00174A8C; 0x00174AE0; 0x00175004,0x092AE78C; 0x092AE7E0; 0x092AED04,
LEVEL_08,8,Dayni Moon,0x00315C08,0x0944F908,LunaBossCorn,3,0x001753F4; 0x001753FC; 0x00175404,0x092AF0F4; 0x092AF0FC; 0x092AF104,
LEVEL_08,8,Dayni Moon,0x00315C6C,0x0944F96C,LunaBossPilot,3,0x0017540C; 0x00175434; 0x0017543C,0x092AF10C; 0x092AF134; 0x092AF13C,
LEVEL_08,8,Dayni Moon,0x00315CD0,0x0944F9D0,LunaCorpse,3,0x001754D0; 0x00175660; 0x001756C4,0x092AF1D0; 0x092AF360; 0x092AF3C4,
LEVEL_08,8,Dayni Moon,0x00315D74,0x0944FA74,LunaCutscene,3,0x001756CC; 0x00175854; 0x0017585C,0x092AF3CC; 0x092AF554; 0x092AF55C,CurveLink curve; MobyLink enemyWave; u32 pad[ 2 ];
LEVEL_08,8,Dayni Moon,0x00315DE8,0x0944FAE8,LunaLever,3,0x00175920; 0x00175AA8; 0x00175AB0,0x092AF620; 0x092AF7A8; 0x092AF7B0,
LEVEL_08,8,Dayni Moon,0x00315E48,0x0944FB48,LunaObstruction,3,0x00175AB8; 0x00175BF8; 0x00175C00,0x092AF7B8; 0x092AF8F8; 0x092AF900,
LEVEL_08,8,Dayni Moon,0x00315F0C,0x0944FC0C,LunaObstructionSection,4,0x00175C1C; 0x00175D98; 0x00175DCC; 0x00175DD4,0x092AF91C; 0x092AFA98; 0x092AFACC; 0x092AFAD4,
LEVEL_08,8,Dayni Moon,0x00315FA8,0x0944FCA8,LunaObstructionShrapnel,3,0x001760D4; 0x001760DC; 0x001760E4,0x092AFDD4; 0x092AFDDC; 0x092AFDE4,
LEVEL_08,8,Dayni Moon,0x00316104,0x0944FE04,LunaRock,3,0x00176434; 0x0017643C; 0x00176444,0x092B0134; 0x092B013C; 0x092B0144,
LEVEL_08,8,Dayni Moon,0x003161AC,0x0944FEAC,LunaRockShrapnel,3,0x00176CD4; 0x00176CDC; 0x00176CE4,0x092B09D4; 0x092B09DC; 0x092B09E4,
LEVEL_08,8,Dayni Moon,0x003162B0,0x0944FFB0,Lvl10CC,3,0x00177A44; 0x00177BF4; 0x00177BFC,0x092B1744; 0x092B18F4; 0x092B18FC,MobyLink crateTP[4]; float spawnTime; float healthChance; MobyLink trigAlso; Toggle initHealthCrate; u8 pad[3];
LEVEL_08,8,Dayni Moon,0x00316320,0x09450020,MapOMaticGadget,3,0x00177F9C; 0x00177FA4; 0x00177FAC,0x092B1C9C; 0x092B1CA4; 0x092B1CAC,
LEVEL_08,8,Dayni Moon,0x00316380,0x09450080,MatrixMoby,3,0x00177FB4; 0x00177FBC; 0x00177FC4,0x092B1CB4; 0x092B1CBC; 0x092B1CC4,
LEVEL_08,8,Dayni Moon,0x00316410,0x09450110,Microbot,3,0x00177FCC; 0x001780B4; 0x00178AC8,0x092B1CCC; 0x092B1DB4; 0x092B27C8,
LEVEL_08,8,Dayni Moon,0x0031651C,0x0945021C,MicroBotSurvival,3,0x00179694; 0x0017976C; 0x00179DA0,0x092B3394; 0x092B346C; 0x092B3AA0,MobyLink gameBoard; TriggerLink gameZone; f32 pad[2];
LEVEL_08,8,Dayni Moon,0x0031667C,0x0945037C,MicrobotToss,3,0x0017AF3C; 0x0017B124; 0x0017B650,0x092B4C3C; 0x092B4E24; 0x092B5350,MobyLink botPads[ 4 ]; MobyLink bombPads[ 4 ]; MobyLink vehicleController; f32 arenaHeight; f32 deadlyFluidHeight; u16 botsToSpawn; u16 bombsToSpawn; MobyLink resetMobys; u32 goalsToWin; u32 pad[ 2 ];
LEVEL_08,8,Dayni Moon,0x00316738,0x09450438,MicrobotTossBomb,4,0x0017BB84; 0x0017BC60; 0x0017BC94; 0x0017BF40,0x092B5884; 0x092B5960; 0x092B5994; 0x092B5C40,
LEVEL_08,8,Dayni Moon,0x00316808,0x09450508,MicrobotTossGoal,3,0x0017C76C; 0x0017C81C; 0x0017C824,0x092B646C; 0x092B651C; 0x092B6524,
LEVEL_08,8,Dayni Moon,0x00316890,0x09450590,MicrobotTossTeleporter,3,0x0017D0E4; 0x0017D128; 0x0017D18C,0x092B6DE4; 0x092B6E28; 0x092B6E8C,
LEVEL_08,8,Dayni Moon,0x00316960,0x09450660,MobyCollection,3,0x0017D5A4; 0x0017D5AC; 0x0017D5B4,0x092B72A4; 0x092B72AC; 0x092B72B4,MobyLink mobys[ 8 ];
LEVEL_08,8,Dayni Moon,0x00316A04,0x09450704,MobyGroup,3,0x0017D5EC; 0x0017D684; 0x0017D68C,0x092B72EC; 0x092B7384; 0x092B738C,MobyLink mobysToCheck[ 8 ]; u8 destroyed; u8 count; u8 pad[ 14 ];
LEVEL_08,8,Dayni Moon,0x00316B0C,0x0945080C,MobyIce,3,0x0017DFAC; 0x0017DFC4; 0x0017E948,0x092B7CAC; 0x092B7CC4; 0x092B8648,
LEVEL_08,8,Dayni Moon,0x00316E54,0x09450B54,MonsterRam,4,0x0017F1FC; 0x0017F4B4; 0x001814B8; 0x0017F5A4,0x092B8EFC; 0x092B91B4; 0x092BB1B8; 0x092B92A4,Navigate navigate; TriggerLink detectArea; MobyLink enemyController; MobyLink enemyWave; CurveLink initPath; Toggle fakeFloor; Toggle canTurn; Toggle stopPathEarly; Toggle pad1[ 1 ]; CurveLink retreatPoint; TriggerLink stopDetectArea; MobyLink mobyGroup; u32 pad2[ 1 ];
LEVEL_08,8,Dayni Moon,0x00317048,0x09450D48,MonsterRamSpawner,3,0x00182868; 0x00182B94; 0x00182F88,0x092BC568; 0x092BC894; 0x092BCC88,CurveLink startPaths[ 4 ]; MobyLink enemyController; MobyLink avoidTriggers; TriggerLink restrictArea; TriggerLink startSpawnArea; MobyLink dayNightController; TriggerLink detectArea; TriggerLink stopDetectArea; TriggerLink freezeTimeArea;
LEVEL_08,8,Dayni Moon,0x00317354,0x09451054,Mootator,3,0x001835A0; 0x001837F0; 0x00184940,0x092BD2A0; 0x092BD4F0; 0x092BE640,
LEVEL_08,8,Dayni Moon,0x003173E8,0x094510E8,MutantCow,4,0x00184EA8; 0x0018502C; 0x00185558; 0x001D2E0C,0x092BEBA8; 0x092BED2C; 0x092BF258; 0x0930CB0C,
LEVEL_08,8,Dayni Moon,0x003175B8,0x094512B8,MutantMadCow,4,0x001860B8; 0x00186220; 0x0018663C; 0x001D2E0C,0x092BFDB8; 0x092BFF20; 0x092C033C; 0x0930CB0C,
LEVEL_08,8,Dayni Moon,0x00317680,0x09451380,NapalmBubble,3,0x001872AC; 0x001872B4; 0x001872BC,0x092C0FAC; 0x092C0FB4; 0x092C0FBC,
LEVEL_08,8,Dayni Moon,0x00317738,0x09451438,ObstacleBouncer,3,0x00187D40; 0x00187D74; 0x00187DD8,0x092C1A40; 0x092C1A74; 0x092C1AD8,
LEVEL_08,8,Dayni Moon,0x003178F8,0x094515F8,ObstacleFlameJets,3,0x001880D0; 0x00188114; 0x0018811C,0x092C1DD0; 0x092C1E14; 0x092C1E1C,
LEVEL_08,8,Dayni Moon,0x00317A50,0x09451750,ObstacleHay,3,0x00188A64; 0x00188AE8; 0x00188AF0,0x092C2764; 0x092C27E8; 0x092C27F0,MobyLink hayBelow; u32 pad[ 3 ];
LEVEL_08,8,Dayni Moon,0x00317AD8,0x094517D8,ObstacleSpinningFloor,3,0x00189228; 0x001892A4; 0x001892AC,0x092C2F28; 0x092C2FA4; 0x092C2FAC,
LEVEL_08,8,Dayni Moon,0x00317BC4,0x094518C4,ObstacleThresher,3,0x00189504; 0x001895AC; 0x001895B4,0x092C3204; 0x092C32AC; 0x092C32B4,
LEVEL_08,8,Dayni Moon,0x00317C78,0x09451978,ObstacleThresherBase,3,0x00189A24; 0x00189B60; 0x00189BC4,0x092C3724; 0x092C3860; 0x092C38C4,MobyLink thresherMoby; u32 pad[ 3 ];
LEVEL_08,8,Dayni Moon,0x00317D90,0x09451A90,ObstacleVent,3,0x00189CC8; 0x00189D74; 0x00189D7C,0x092C39C8; 0x092C3A74; 0x092C3A7C,ShrubLink ventShrub; u32 pad[ 3 ];
LEVEL_08,8,Dayni Moon,0x00317E68,0x09451B68,ObstacleWall,3,0x0018A730; 0x0018A8B0; 0x0018A914,0x092C4430; 0x092C45B0; 0x092C4614,
LEVEL_08,8,Dayni Moon,0x00317EE0,0x09451BE0,PDA,3,0x0018A91C; 0x0018A924; 0x0018A92C,0x092C461C; 0x092C4624; 0x092C462C,
LEVEL_08,8,Dayni Moon,0x00317FEC,0x09451CEC,Polarizer,3,0x0018A960; 0x0018AB1C; 0x0018B604,0x092C4660; 0x092C481C; 0x092C5304,
LEVEL_08,8,Dayni Moon,0x0031813C,0x09451E3C,PowerupAmmo,3,0x0018C574; 0x0018C640; 0x0018C648,0x092C6274; 0x092C6340; 0x092C6348,VEC4 velocity; f32 fallDistance; f32 fadeAmnt; u8 ammoType; u8 ammoAmnt; u32 priority; u8 gain; u8 needSync;
LEVEL_08,8,Dayni Moon,0x00318298,0x09451F98,PowerupHealth,3,0x0018DAE8; 0x0018DB38; 0x0018DB74,0x092C77E8; 0x092C7838; 0x092C7874,Particle *pTrail[8]; Particle *pGlowParticle; Particle *pGlowParticle2; Particle *pSphereParticle; Particle *pSphereParticle2; Moby *pParent; VEC4 velocity; f32 bobCount; f32 goToTimer; f32 deathTimer; f32 fallDistance;
LEVEL_08,8,Dayni Moon,0x00318420,0x09452120,Ratchet,4,0x0018F550; 0x0018F590; 0x0018F598; 0x0018F5A0,0x092C9250; 0x092C9290; 0x092C9298; 0x092C92A0,
LEVEL_08,8,Dayni Moon,0x0031855C,0x0945225C,RatchetDecoyInner,4,0x00190498; 0x001904A0; 0x00191210; 0x00190560,0x092CA198; 0x092CA1A0; 0x092CAF10; 0x092CA260,
LEVEL_08,8,Dayni Moon,0x003185D0,0x094522D0,RatchetDecoyOuter,3,0x00191720; 0x0019175C; 0x00191764,0x092CB420; 0x092CB45C; 0x092CB464,
LEVEL_08,8,Dayni Moon,0x00318630,0x09452330,RatchetShip,3,0x00191780; 0x00191970; 0x001919D4,0x092CB480; 0x092CB670; 0x092CB6D4,
LEVEL_08,8,Dayni Moon,0x00318958,0x09452658,RatchetShipAnimation,3,0x0019247C; 0x00191CC4; 0x00192A18,0x092CC17C; 0x092CB9C4; 0x092CC718,CurveLink introShipPosCurve; CurveLink introCameraPosCurve; CurveLink outroShipPosCurve; CurveLink outroCameraPosCurve; MobyLink ship; f32 shipSpeedInit; f32 cameraSpeedInit; f32 shipRollAmount; VEC3 shipRotDamping; f32 shipRollAmountHover; VEC3 shipRotDampingHover; f32 cameraRollAmount; VEC3 cameraRotDamping; f32 hoverTime; f32 hoverPause; f32 shipSpeedChange; f32 cameraSpeedChange; VEC3 hoverPosDamping; f32 tiltFactor; f32 tiltInterpSpeed; f32 tiltReturnFactor; f32 tiltVelDamp; f32 tiltGroundThresh; f32 tiltLmaxi; f32 tiltRmaxi; f32 tiltFmaxi; f32 tiltBmaxi; VEC3 ratchetEndOffset; VEC3 cameraInAnimOffset; f32 cameraInAnimLookYOfs; VEC3 cameraOutAnimOffset; f32 cameraOutAnimLookYOfs; f32 pa
LEVEL_08,8,Dayni Moon,0x00318C54,0x09452954,Region,3,0x00194980; 0x00194A7C; 0x00194A84,0x092CE680; 0x092CE77C; 0x092CE784,Toggle groups[32]; TriggerLink zone; u32 pad[ 3 ];
LEVEL_08,8,Dayni Moon,0x00318DF8,0x09452AF8,Ryno,3,0x00194A8C; 0x00194B68; 0x00195208,0x092CE78C; 0x092CE868; 0x092CEF08,
LEVEL_08,8,Dayni Moon,0x00318ED4,0x09452BD4,RynoRocket,3,0x00195C0C; 0x00195C28; 0x00195C78,0x092CF90C; 0x092CF928; 0x092CF978,
LEVEL_08,8,Dayni Moon,0x003190A4,0x09452DA4,SetCamera,3,0x00196B34; 0x00196C48; 0x00196C50,0x092D0834; 0x092D0948; 0x092D0950,TriggerLink area; Toggle lazy; u8 pad[3]; f32 lookHeight; f32 camDist; f32 height; f32 elevation; f32 azimuth; MobyLink parent; Toggle useAzimuth; Toggle useLookHeight; Toggle useCamDist; Toggle useHeight; Toggle useElevation; Toggle enabled; Toggle singleUse; Toggle entered; f32 speed; u32 priority; f32 restoreSpeed; u32 pad2[3];
LEVEL_08,8,Dayni Moon,0x00319130,0x09452E30,ShieldBubble,3,0x00196F18; 0x00196F9C; 0x00196FA4,0x092D0C18; 0x092D0C9C; 0x092D0CA4,
LEVEL_08,8,Dayni Moon,0x003191E8,0x09452EE8,ShieldCharger,4,0x00198C74; 0x00198334; 0x001990A4; 0x001998A8,0x092D2974; 0x092D2034; 0x092D2DA4; 0x092D35A8,
LEVEL_08,8,Dayni Moon,0x00319390,0x09453090,ShieldChargerBolt,3,0x0019B708; 0x0019B710; 0x0019B754,0x092D5408; 0x092D5410; 0x092D5454,
LEVEL_08,8,Dayni Moon,0x00319490,0x09453190,ShockRocket,3,0x0019BAA8; 0x0019BB94; 0x0019BE80,0x092D57A8; 0x092D5894; 0x092D5B80,
LEVEL_08,8,Dayni Moon,0x0031957C,0x0945327C,ShockRocketShot,3,0x0019C9F4; 0x0019CA44; 0x0019D04C,0x092D66F4; 0x092D6744; 0x092D6D4C,
LEVEL_08,8,Dayni Moon,0x003195FC,0x094532FC,ShrapnelModel,3,0x0019DE64; 0x0019DE6C; 0x0019DE74,0x092D7B64; 0x092D7B6C; 0x092D7B74,
LEVEL_08,8,Dayni Moon,0x003196AC,0x094533AC,ShrinkBeam,3,0x0019E290; 0x0019E298; 0x0019E94C,0x092D7F90; 0x092D7F98; 0x092D864C,
LEVEL_08,8,Dayni Moon,0x00319710,0x09453410,ShrinkRayRatchet,3,0x0019F60C; 0x0019F614; 0x0019F61C,0x092D930C; 0x092D9314; 0x092D931C,
LEVEL_08,8,Dayni Moon,0x003197C8,0x094534C8,SkillPoint_L08,3,0x0019F624; 0x0019F848; 0x0019F850,0x092D9324; 0x092D9548; 0x092D9550,TriggerLink woolStart; TriggerLink woolEnd; MobyLink woolTeleporterFail; u32 pad[ 1 ];
LEVEL_08,8,Dayni Moon,0x00319AE8,0x094537E8,SmasherBot,4,0x0019FB94; 0x0019FCEC; 0x001A0310; 0x0019FD18,0x092D9894; 0x092D99EC; 0x092DA010; 0x092D9A18,MobyLink vehicleController; u32 pad[ 3 ];
LEVEL_08,8,Dayni Moon,0x00319BA8,0x094538A8,Spitfire,3,0x001A09F4; 0x001A0A28; 0x001A0A4C,0x092DA6F4; 0x092DA728; 0x092DA74C,
LEVEL_08,8,Dayni Moon,0x00319C84,0x09453984,Splash,3,0x001A1DE0; 0x001A1E28; 0x001A1E30,0x092DBAE0; 0x092DBB28; 0x092DBB30,VEC2 pos; VEC2 velocity; const VEC3 *pPos; f32 startRadius; u16 uOffset; u8 owned; u8 pad;
LEVEL_08,8,Dayni Moon,0x00319E58,0x09453B58,Sprout,4,0x001A32A4; 0x001A24C8; 0x001A3720; 0x001A252C,0x092DCFA4; 0x092DC1C8; 0x092DD420; 0x092DC22C,NavBound navBound; TriggerLink setTargetArea; CurveLink path; MobyLink endPathSoil; MobyLink dayNightController; TriggerLink followArea; u8 checkPointIndex; u8 pad[7];
LEVEL_08,8,Dayni Moon,0x00319F4C,0x09453C4C,Sproutomatic,3,0x001A4954; 0x001A49FC; 0x001A4A34,0x092DE654; 0x092DE6FC; 0x092DE734,
LEVEL_08,8,Dayni Moon,0x00319FB0,0x09453CB0,StaticBarrierBelt,3,0x001A503C; 0x001A5070; 0x001A5078,0x092DED3C; 0x092DED70; 0x092DED78,
LEVEL_08,8,Dayni Moon,0x0031A110,0x09453E10,SuckCannon,3,0x001A5080; 0x001A51C8; 0x001A57E4,0x092DED80; 0x092DEEC8; 0x092DF4E4,
LEVEL_08,8,Dayni Moon,0x0031A178,0x09453E78,SuckCannonComet,3,0x001D52D4; 0x001D52DC; 0x001D5510,0x0930EFD4; 0x0930EFDC; 0x0930F210,
LEVEL_08,8,Dayni Moon,0x0031A1E0,0x09453EE0,SuckCannonCometTie,3,0x001D52D4; 0x001D52DC; 0x001A6154,0x0930EFD4; 0x0930EFDC; 0x092DFE54,
LEVEL_08,8,Dayni Moon,0x0031A2BC,0x09453FBC,SuckCannonManager,3,0x001A6E34; 0x001A6E80; 0x001A6E88,0x092E0B34; 0x092E0B80; 0x092E0B88,
LEVEL_08,8,Dayni Moon,0x0031A34C,0x0945404C,SurvivalBGTile,3,0x001A7790; 0x001A77A8; 0x001A77B0,0x092E1490; 0x092E14A8; 0x092E14B0,MobyLink survivalController; u32 pad[3];
LEVEL_08,8,Dayni Moon,0x0031A50C,0x0945420C,SurvivalBot,3,0x001A7E9C; 0x001A7EA4; 0x001A9180,0x092E1B9C; 0x092E1BA4; 0x092E2E80,
LEVEL_08,8,Dayni Moon,0x0031A5EC,0x094542EC,SurvivalBotPort,3,0x001AB08C; 0x001AB0F8; 0x001AB12C,0x092E4D8C; 0x092E4DF8; 0x092E4E2C,u32 botsNeeded; u32 currentBots; MobyLink survivalController; u32 pad;
LEVEL_08,8,Dayni Moon,0x0031A6B8,0x094543B8,SurvivalBotSpawner,3,0x001AB660; 0x001AB6C8; 0x001AB6FC,0x092E5360; 0x092E53C8; 0x092E53FC,f32 spawnRate; f32 totalBots; MobyLink survivalController; u32 pad;
LEVEL_08,8,Dayni Moon,0x0031A7F0,0x094544F0,SurvivalBotTeleport,3,0x001ABAB4; 0x001ABC40; 0x001ABD48,0x092E57B4; 0x092E5940; 0x092E5A48,MobyLink targetPort; MobyLink survivalController; u32 pad[2];
LEVEL_08,8,Dayni Moon,0x0031A868,0x09454568,SurvivalBridge,3,0x001AC274; 0x001AC31C; 0x001AC35C,0x092E5F74; 0x092E601C; 0x092E605C,
LEVEL_08,8,Dayni Moon,0x0031A910,0x09454610,SurvivalGround,3,0x001AC8D4; 0x001AC908; 0x001AC96C,0x092E65D4; 0x092E6608; 0x092E666C,Toggle unBlowUpable; MobyLink survivalController; u32 pad[ 2 ];
LEVEL_08,8,Dayni Moon,0x0031A99C,0x0945469C,SurvivalReversePad,3,0x001ACBB8; 0x001ACBEC; 0x001ACC20,0x092E68B8; 0x092E68EC; 0x092E6920,MobyLink survivalController; u32 pad[3];
LEVEL_08,8,Dayni Moon,0x0031AA38,0x09454738,SurvivalTrapeze,3,0x001ACE34; 0x001ACF24; 0x001ACF58,0x092E6B34; 0x092E6C24; 0x092E6C58,MobyLink survivalController; u32 pad[3];
LEVEL_08,8,Dayni Moon,0x0031AAD8,0x094547D8,SurvivalWall,3,0x001AD33C; 0x001AD3C8; 0x001AD3FC,0x092E703C; 0x092E70C8; 0x092E70FC,Toggle reverseWall; MobyLink survivalController; u32 pad[2];
LEVEL_08,8,Dayni Moon,0x0031AB64,0x09454864,SwarmManager,3,0x001AD8C8; 0x001AD910; 0x001ADC48,0x092E75C8; 0x092E7610; 0x092E7948,
LEVEL_08,8,Dayni Moon,0x0031AC78,0x09454978,Teleporter,3,0x001AE468; 0x001AE820; 0x001AEBEC,0x092E8168; 0x092E8520; 0x092E88EC,MobyLink destination; MobyLink destinationPreferred; TriggerLink activateTrigger; u32 levelId; s32 changeToLevel; Toggle secretActivation; s8 canGoToLevel; u8 pad[ 10 ];
LEVEL_08,8,Dayni Moon,0x0031AF20,0x09454C20,ThresherA,3,0x001AF4BC; 0x001AFAB4; 0x001AFE70,0x092E91BC; 0x092E97B4; 0x092E9B70,f32 halfPeriod; MobyLink thresherB; f32 bladeSpeed; u32 pad[ 1 ];
LEVEL_08,8,Dayni Moon,0x0031AFC4,0x09454CC4,ThresherB,3,0x001B0178; 0x001B04E4; 0x001B04EC,0x092E9E78; 0x092EA1E4; 0x092EA1EC,
LEVEL_08,8,Dayni Moon,0x0031B038,0x09454D38,ThresherBlade,3,0x001B085C; 0x001B0864; 0x001B086C,0x092EA55C; 0x092EA564; 0x092EA56C,
LEVEL_08,8,Dayni Moon,0x0031B2A4,0x09454FA4,TieManipulator,3,0x001B095C; 0x001B0954; 0x001B0F34,0x092EA65C; 0x092EA654; 0x092EAC34,TieLink tie[ 8 ]; f32 xAxis; f32 yAxis; f32 zAxis; f32 xRot; f32 yRot; f32 zRot; f32 xSpan; f32 ySpan; f32 zSpan; f32 xCounter; f32 yCounter; f32 zCounter; f32 speed; f32 speedPerFrame; f32 curviness; f32 curvPar; f32 scaleSpeed; f32 scaleSpeedPerFrame; f32 scaleMax; f32 scaleCounter; f32 xPerc[8]; f32 yPerc[8]; f32 zPerc[8]; f32 xPar[8]; f32 yPar[8]; f32 zPar[8]; f32 xStart[8]; f32 yStart[8]; f32 zStart[8]; MATRIX4 *pMat[8]; MATRIX4 scaleMatrix; f32 drawDistance; f32 updateDistance; f32 inverseScale; u32 linkCount;
LEVEL_08,8,Dayni Moon,0x0031B3E4,0x094550E4,TitaniumBolt,3,0x001B12C4; 0x001B14B4; 0x001B161C,0x092EAFC4; 0x092EB1B4; 0x092EB31C,f32 dist; f32 height; f32 lookHeight; f32 elevation; f32 azimuth; Toggle magnaboots; Toggle noAnimation; u32 levelToFake; u8 id; u8 pad[5];
LEVEL_08,8,Dayni Moon,0x0031B558,0x09455258,TorsoRocket,3,0x001B2040; 0x001B225C; 0x001B28BC,0x092EBD40; 0x092EBF5C; 0x092EC5BC,f32 collDist; f32 fallSpeed; f32 baseFlameSize; f32 progress; f32 progressInc; Moby *pParent; u32 pad[2];
LEVEL_08,8,Dayni Moon,0x0031B5D4,0x094552D4,TriggerCollection,3,0x001B2ED4; 0x001B2EDC; 0x001B2EE4,0x092ECBD4; 0x092ECBDC; 0x092ECBE4,TriggerLink triggers[ 14 ];
LEVEL_08,8,Dayni Moon,0x0031B6AC,0x094553AC,TriggeredDoor,3,0x001B30B0; 0x001B33C4; 0x001B3938,0x092ECDB0; 0x092ED0C4; 0x092ED638,TriggerLink trigger; MobyLink mobyToCheck; MobyLink grindrailLock; Toggle stayOpen; Toggle saveState; u8 pad[ 2 ];
LEVEL_08,8,Dayni Moon,0x0031B7D0,0x094554D0,TripleWaveBeacon,3,0x001B4354; 0x001B4504; 0x001B4538,0x092EE054; 0x092EE204; 0x092EE238,
LEVEL_08,8,Dayni Moon,0x0031B924,0x09455624,VehicleController,3,0x001B47E0; 0x001B4920; 0x001B718C,0x092EE4E0; 0x092EE620; 0x092F0E8C,MobyLink obstacles[ 16 ]; MobyLink healthTeleporters[ 4 ]; MobyLink powerupTeleporters[ 4 ]; f32 radius; Toggle hexagon; u8 pad[ 11 ];
LEVEL_08,8,Dayni Moon,0x0031B9FC,0x094556FC,VehicleHusk,4,0x001B7998; 0x001B79A0; 0x001B79C4; 0x001B7C18,0x092F1698; 0x092F16A0; 0x092F16C4; 0x092F1918,
LEVEL_08,8,Dayni Moon,0x0031BA7C,0x0945577C,VehicleHuskSmasher,4,0x001B7D38; 0x001B7D40; 0x001B7D64; 0x001B7FB4,0x092F1A38; 0x092F1A40; 0x092F1A64; 0x092F1CB4,
LEVEL_08,8,Dayni Moon,0x0031BB18,0x09455818,VehicleMine,3,0x001B80D4; 0x001B8100; 0x001B8108,0x092F1DD4; 0x092F1E00; 0x092F1E08,
LEVEL_08,8,Dayni Moon,0x0031BC3C,0x0945593C,VehicleMissile,3,0x001B8544; 0x001B8574; 0x001B8950,0x092F2244; 0x092F2274; 0x092F2650,
LEVEL_08,8,Dayni Moon,0x0031BCEC,0x094559EC,vendor,3,0x001B8FD8; 0x001B91A0; 0x001B9204,0x092F2CD8; 0x092F2EA0; 0x092F2F04,u32 lastAnimPlayed; u32 vendorType; Toggle bSellsWeapons; u8 pad[ 7 ];
LEVEL_08,8,Dayni Moon,0x0031BEF8,0x09455BF8,Wrench,3,0x001B9580; 0x001B9654; 0x001B9A90,0x092F3280; 0x092F3354; 0x092F3790,
LEVEL_09,9,Inside Clank,0x002B6E50,0x093F0B50,Acidbomb,3,0x001007E0; 0x001007F0; 0x00101158,0x0923A4E0; 0x0923A4F0; 0x0923AE58,
LEVEL_09,9,Inside Clank,0x002B6ED8,0x093F0BD8,AcidbombEpoxy,3,0x0010259C; 0x001025A4; 0x0010262C,0x0923C29C; 0x0923C2A4; 0x0923C32C,
LEVEL_09,9,Inside Clank,0x002B6F38,0x093F0C38,AcidGloveHUD,3,0x00102B34; 0x00102B3C; 0x00102B44,0x0923C834; 0x0923C83C; 0x0923C844,
LEVEL_09,9,Inside Clank,0x002B6F98,0x093F0C98,AgentController,3,0x00102B4C; 0x00102C3C; 0x00102DF4,0x0923C84C; 0x0923C93C; 0x0923CAF4,
LEVEL_09,9,Inside Clank,0x002B72EC,0x093F0FEC,AgentOfDoom,4,0x0010350C; 0x001035E8; 0x001036A8; 0x001039C8,0x0923D20C; 0x0923D2E8; 0x0923D3A8; 0x0923D6C8,
LEVEL_09,9,Inside Clank,0x002B73CC,0x093F10CC,AgentOfDoomShrapnel,3,0x001080E0; 0x001080E8; 0x001080F0,0x09241DE0; 0x09241DE8; 0x09241DF0,
LEVEL_09,9,Inside Clank,0x002B7508,0x093F1208,AgentsBomb,3,0x001083F0; 0x001083F8; 0x00108400,0x092420F0; 0x092420F8; 0x09242100,
LEVEL_09,9,Inside Clank,0x002B75A0,0x093F12A0,AgentsGlove,3,0x0010998C; 0x00109A18; 0x00109A44,0x0924368C; 0x09243718; 0x09243744,
LEVEL_09,9,Inside Clank,0x002B764C,0x093F134C,AgentsGrenade,3,0x00109F14; 0x0010A004; 0x0010A4B8,0x09243C14; 0x09243D04; 0x092441B8,
LEVEL_09,9,Inside Clank,0x002B76F4,0x093F13F4,AgentsLaser,3,0x0010AA34; 0x0010AD3C; 0x0010ADF0,0x09244734; 0x09244A3C; 0x09244AF0,
LEVEL_09,9,Inside Clank,0x002B77E8,0x093F14E8,AgentsRocket,3,0x0010B7FC; 0x0010B8C0; 0x0010B940,0x092454FC; 0x092455C0; 0x09245640,
LEVEL_09,9,Inside Clank,0x002B7880,0x093F1580,ArmorHelmet,3,0x0010C228; 0x0010C230; 0x0010C238,0x09245F28; 0x09245F30; 0x09245F38,
LEVEL_09,9,Inside Clank,0x002B78E0,0x093F15E0,ArmorLeftFoot,3,0x0010C240; 0x0010C248; 0x0010C250,0x09245F40; 0x09245F48; 0x09245F50,
LEVEL_09,9,Inside Clank,0x002B7950,0x093F1650,ArmorLeftHand,3,0x0010C258; 0x0010C260; 0x0010C268,0x09245F58; 0x09245F60; 0x09245F68,u32 pad[ 4 ];
LEVEL_09,9,Inside Clank,0x002B7A80,0x093F1780,ArmorPickup,3,0x0010C5DC; 0x0010C28C; 0x0010CAE0,0x092462DC; 0x09245F8C; 0x092467E0,f32 dist; f32 height; f32 lookHeight; f32 elevation; f32 azimuth; MobyLink driver; MobyLink playerMatrix; u32 playthroughReq; Toggle magnaboots; u8 pad[ 15 ];
LEVEL_09,9,Inside Clank,0x002B7AF8,0x093F17F8,ArmorRightFoot,3,0x0010D01C; 0x0010D024; 0x0010D02C,0x09246D1C; 0x09246D24; 0x09246D2C,
LEVEL_09,9,Inside Clank,0x002B7B68,0x093F1868,ArmorRightHand,3,0x0010D034; 0x0010D03C; 0x0010D044,0x09246D34; 0x09246D3C; 0x09246D44,u32 pad[ 4 ];
LEVEL_09,9,Inside Clank,0x002B7BC8,0x093F18C8,ArmorTorso,3,0x0010D04C; 0x0010D054; 0x0010D05C,0x09246D4C; 0x09246D54; 0x09246D5C,
LEVEL_09,9,Inside Clank,0x002B7CAC,0x093F19AC,BeeMine,4,0x0010D6FC; 0x0010D70C; 0x0010DAEC; 0x0010D7E4,0x092473FC; 0x0924740C; 0x092477EC; 0x092474E4,
LEVEL_09,9,Inside Clank,0x002B7D78,0x093F1A78,BeeMineGlove,3,0x0010F4C8; 0x0010F650; 0x0010F67C,0x092491C8; 0x09249350; 0x0924937C,
LEVEL_09,9,Inside Clank,0x002B7DD8,0x093F1AD8,BeeMineGloveHUD,3,0x0010FC9C; 0x0010FCA4; 0x0010FCAC,0x0924999C; 0x092499A4; 0x092499AC,
LEVEL_09,9,Inside Clank,0x002B7EA4,0x093F1BA4,BeeMineShrapnel,3,0x0010FFE4; 0x0010FFEC; 0x0010FFF4,0x09249CE4; 0x09249CEC; 0x09249CF4,
LEVEL_09,9,Inside Clank,0x002B7F94,0x093F1C94,Blaster,3,0x0011006C; 0x001101C8; 0x001106EC,0x09249D6C; 0x09249EC8; 0x0924A3EC,
LEVEL_09,9,Inside Clank,0x002B8000,0x093F1D00,BlasterAkimbo,3,0x001116CC; 0x00111750; 0x00111780,0x0924B3CC; 0x0924B450; 0x0924B480,
LEVEL_09,9,Inside Clank,0x002B8074,0x093F1D74,BlasterShot,3,0x00111A50; 0x00111A78; 0x00111E1C,0x0924B750; 0x0924B778; 0x0924BB1C,
LEVEL_09,9,Inside Clank,0x002B84D4,0x093F21D4,BlitzGun,3,0x00113CE8; 0x00113E44; 0x0011429C,0x0924D9E8; 0x0924DB44; 0x0924DF9C,
LEVEL_09,9,Inside Clank,0x002B8664,0x093F2364,BlitzGunShot,3,0x00115D30; 0x00115D38; 0x00115ED4,0x0924FA30; 0x0924FA38; 0x0924FBD4,
LEVEL_09,9,Inside Clank,0x002B86C8,0x093F23C8,Bolt,2,0x001169E4; 0x001169EC,0x092506E4; 0x092506EC,
LEVEL_09,9,Inside Clank,0x002B89BC,0x093F26BC,BoltController,3,0x00119F54; 0x0011A188; 0x0011A1AC,0x09253C54; 0x09253E88; 0x09253EAC,u32 boltAmnt; u32 boltAmountReplay; u32 pad[ 2 ];
LEVEL_09,9,Inside Clank,0x002B8A38,0x093F2738,BoltGrabber,3,0x0011A548; 0x0011A550; 0x0011A558,0x09254248; 0x09254250; 0x09254258,
LEVEL_09,9,Inside Clank,0x002B8AFC,0x093F27FC,Bombglove,3,0x0011A560; 0x0011A638; 0x0011AAE8,0x09254260; 0x09254338; 0x092547E8,
LEVEL_09,9,Inside Clank,0x002B8B60,0x093F2860,BoxBreaker,3,0x0011B058; 0x0011B060; 0x0011B068,0x09254D58; 0x09254D60; 0x09254D68,
LEVEL_09,9,Inside Clank,0x002B8BC0,0x093F28C0,BoxBreakerHelp,3,0x0011B0F4; 0x0011B0FC; 0x0011B104,0x09254DF4; 0x09254DFC; 0x09254E04,
LEVEL_09,9,Inside Clank,0x002B8C7C,0x093F297C,Button,3,0x0011B150; 0x0011B368; 0x0011B3BC,0x09254E50; 0x09255068; 0x092550BC,MobyLink attachMoby; Toggle bUseCase; Toggle bUseOnce; Toggle bLocked; u8 pad[ 9 ];
LEVEL_09,9,Inside Clank,0x002B8E54,0x093F2B54,CameraHint,3,0x0011BA18; 0x0011BC3C; 0x0011BC68,0x09255718; 0x0925593C; 0x09255968,MobyLink target; MobyLink testMoby; TriggerLink activateArea; TriggerLink destroyArea; MobyLink enemyWave; TriggerLink resetArea; s32 frameCount; s8 activateState; u8 hintFrames; u8 updateDist; Toggle stopShort; f32 camSpeed; Toggle onMobyDestroy; Toggle targetMustBeAlive; Toggle bBreakOnInput; Toggle bDontRespawn; Toggle bDeleteWhenFinished; u8 pad[7];
LEVEL_09,9,Inside Clank,0x002B8FBC,0x093F2CBC,ChameleonDecoy,4,0x0011C178; 0x0011C180; 0x0011C198; 0x0011C220,0x09255E78; 0x09255E80; 0x09255E98; 0x09255F20,
LEVEL_09,9,Inside Clank,0x002B9030,0x093F2D30,ClankForShipAnim,3,0x0011C2D4; 0x0011C2DC; 0x0011C2E4,0x09255FD4; 0x09255FDC; 0x09255FE4,u32 pad[ 4 ];
LEVEL_09,9,Inside Clank,0x002B90BC,0x093F2DBC,ContinuePoint,3,0x0011C2EC; 0x0011C310; 0x0011C318,0x09255FEC; 0x09256010; 0x09256018,TriggerLink activateTrigger; u8 index;
LEVEL_09,9,Inside Clank,0x002B915C,0x093F2E5C,CowBell,3,0x0011C7E8; 0x0011C7F0; 0x0011C7F8,0x092564E8; 0x092564F0; 0x092564F8,
LEVEL_09,9,Inside Clank,0x002B920C,0x093F2F0C,Crate,4,0x0011C930; 0x0011C938; 0x0011CA20; 0x0011C940,0x09256630; 0x09256638; 0x09256720; 0x09256640,Moby *pCrateBelow; f32 velocityY; f32 fallDistance; f32 distFallen;
LEVEL_09,9,Inside Clank,0x002B934C,0x093F304C,CrateAmmo,4,0x0011CB00; 0x0011CB28; 0x0011CB30; 0x0011CB38,0x09256800; 0x09256828; 0x09256830; 0x09256838,Moby *pCrateBelow; f32 velocityY; f32 fallDistance; f32 distFallen; Toggle major; Toggle minor; u8 noAmmoType1; u8 noAmmoType2; u8 onlyAmmoType; Toggle validIM; Toggle validDM; Toggle validCTF; u8 pad[8];
LEVEL_09,9,Inside Clank,0x002B93B0,0x093F30B0,CrateChunk,2,0x0011D1FC; 0x0011D204,0x09256EFC; 0x09256F04,
LEVEL_09,9,Inside Clank,0x002B95B0,0x093F32B0,CrateChunkController,2,0x0011D860; 0x0011D868,0x09257560; 0x09257568,
LEVEL_09,9,Inside Clank,0x002B96D4,0x093F33D4,CrateExplosive,2,0x0011DA28; 0x0011DA6C,0x09257728; 0x0925776C,Moby *pCrateBelow; f32 velocityY; f32 fallDistance; f32 distFallen; Toggle explode; u8 keyIdx; Toggle validIM; Toggle validDM; Toggle validCTF; u8 pad[11];
LEVEL_09,9,Inside Clank,0x002B9868,0x093F3568,CrateHealth,2,0x0011E250; 0x0011E2EC,0x09257F50; 0x09257FEC,Moby *pCrateBelow; f32 velocityY; f32 fallDistance; f32 distFallen; Moby *pPowerup; Toggle validIM; Toggle validDM; Toggle validCTF; u8 pad[9];
LEVEL_09,9,Inside Clank,0x002B9E6C,0x093F3B6C,CrossbowGun,3,0x0011EC08; 0x0011ECF4; 0x0011EED4,0x09258908; 0x092589F4; 0x09258BD4,
LEVEL_09,9,Inside Clank,0x002BA04C,0x093F3D4C,CrossbowShot,3,0x0011F524; 0x0011F52C; 0x00120A6C,0x09259224; 0x0925922C; 0x0925A76C,
LEVEL_09,9,Inside Clank,0x002BA168,0x093F3E68,CrystalGroundShard,3,0x00121960; 0x00121BA4; 0x00121DE8,0x0925B660; 0x0925B8A4; 0x0925BAE8,
LEVEL_09,9,Inside Clank,0x002BA2B0,0x093F3FB0,CutCamera,3,0x00122508; 0x001225E4; 0x001229F4,0x0925C208; 0x0925C2E4; 0x0925C6F4,f32 time; TriggerLink activate; CurveLink path; MobyLink target; VEC3 targetPos; Toggle destroyOnFinish; Toggle finishOnPath; Toggle bLerpFromActive; u8 pathPointId; MobyLink enemyWave; f32 lerpTime; Toggle bNoRespawn; u8 pad2[7];
LEVEL_09,9,Inside Clank,0x002BA378,0x093F4078,DeathTrigger,3,0x0012330C; 0x0012336C; 0x00123374,0x0925D00C; 0x0925D06C; 0x0925D074,MobyLink killAreas; MobyLink ignoreAreas; Toggle killHeroInTriggers; f32 minYHeight; u8 pad[3];
LEVEL_09,9,Inside Clank,0x002BA3E8,0x093F40E8,DesignTest,3,0x001234E8; 0x001234F0; 0x001234F8,0x0925D1E8; 0x0925D1F0; 0x0925D1F8,u32 pad[4];
LEVEL_09,9,Inside Clank,0x002BA448,0x093F4148,DualBlasterHUD,3,0x0012355C; 0x00123564; 0x0012356C,0x0925D25C; 0x0925D264; 0x0925D26C,
LEVEL_09,9,Inside Clank,0x002BA4E4,0x093F41E4,electricXplo,3,0x0012400C; 0x00123D60; 0x00123D68,0x0925DD0C; 0x0925DA60; 0x0925DA68,f32 lengths[24]; VEC3 normals[18]; f32 timer; s32 scroll;
LEVEL_09,9,Inside Clank,0x002BA6B8,0x093F43B8,ElectroBall,3,0x001258F4; 0x00125964; 0x001259A8,0x0925F5F4; 0x0925F664; 0x0925F6A8,
LEVEL_09,9,Inside Clank,0x002BA7C4,0x093F44C4,ElectroshockWave,3,0x001265EC; 0x001265F4; 0x001270CC,0x092602EC; 0x092602F4; 0x09260DCC,
LEVEL_09,9,Inside Clank,0x002BAA0C,0x093F470C,ElectroSoldier01,4,0x0012745C; 0x001277C8; 0x0012842C; 0x00127898,0x0926115C; 0x092614C8; 0x0926212C; 0x09261598,Navigate nav; MobyLink controller; MobyLink enemyWave; TriggerLink detect; TriggerLink wanderArea; Toggle chargeShockesr; Toggle fakeFloor; Toggle clampFloor; u8 pad[1];
LEVEL_09,9,Inside Clank,0x002BAAD0,0x093F47D0,ElectroSoldierShot,3,0x00129770; 0x00129780; 0x00129B58,0x09263470; 0x09263480; 0x09263858,
LEVEL_09,9,Inside Clank,0x002BAC48,0x093F4948,EnemyController,3,0x0012A16C; 0x0012A378; 0x0012A5B8,0x09263E6C; 0x09264078; 0x092642B8,TriggerLink updateArea; TriggerLink updateArea2; TriggerLink destroyTrigger; f32 firstWaveDist; f32 secondWaveDist; Toggle envColl; u8 attackingMax; Toggle destroyControllerToo; u8 pad[ 9 ];
LEVEL_09,9,Inside Clank,0x002BADB4,0x093F4AB4,EnemyWave,3,0x0012CEC4; 0x0012CF7C; 0x0012D280,0x09266BC4; 0x09266C7C; 0x09266F80,MobyLink destroyedMoby; TriggerLink trigger; MobyLink previousWave; f32 timer; f32 delayRandMax; MobyLink enemyControllerToCheck; u8 mobyToCheckState; Toggle prevWaveDestroyed; u8 enemyInControllerCount; u8 pad[ 9 ];
LEVEL_09,9,Inside Clank,0x002BAF84,0x093F4C84,ExplosiveBee,3,0x0012D744; 0x0012D7EC; 0x0012E694,0x09267444; 0x092674EC; 0x09268394,
LEVEL_09,9,Inside Clank,0x002BB0C0,0x093F4DC0,Flamethrower,3,0x0012F78C; 0x0012F908; 0x00130718,0x0926948C; 0x09269608; 0x0926A418,
LEVEL_09,9,Inside Clank,0x002BB324,0x093F5024,FogMoby,3,0x00132618; 0x001326B8; 0x001326C0,0x0926C318; 0x0926C3B8; 0x0926C3C0,TriggerLink region; f32 Side1FogStart; f32 Side1FogEnd; u8 Side1Red; u8 Side1Green; u8 Side1Blue; u8 padAlpha1; f32 Side2FogStart; f32 Side2FogEnd; u8 Side2Red; u8 Side2Green; u8 Side2Blue; u8 padAlpha2; u32 pad[ 1 ];
LEVEL_09,9,Inside Clank,0x002BB398,0x093F5098,GenericTieForm,3,0x00132C10; 0x00132C60; 0x00132C94,0x0926C910; 0x0926C960; 0x0926C994,
LEVEL_09,9,Inside Clank,0x002BB3F8,0x093F50F8,GravityCrystal,3,0x001333D4; 0x001335EC; 0x00133F64,0x0926D0D4; 0x0926D2EC; 0x0926DC64,
LEVEL_09,9,Inside Clank,0x002BB62C,0x093F532C,GrindrailBomb,4,0x00134BA8; 0x00134C98; 0x00134CFC; 0x00134AA0,0x0926E8A8; 0x0926E998; 0x0926E9FC; 0x0926E7A0,
LEVEL_09,9,Inside Clank,0x002BB8FC,0x093F55FC,GrindrailController,2,0x00136338; 0x001365A8,0x09270038; 0x092702A8,VEC4 dir; CurveLink path; f32 grindrailSp; CurveLink secPaths[20]; f32 camDefaultLookLead; f32 camDefaultDist; f32 camDefaultHeight; f32 camDefaultAzimuth; f32 camDefaultElevation; f32 bombDamageFrac; f32 gateDamageFrac;
LEVEL_09,9,Inside Clank,0x002BBB2C,0x093F582C,GrindrailGate,3,0x001368A8; 0x00136980; 0x00136B78,0x092705A8; 0x09270680; 0x09270878,u32 pad[4];
LEVEL_09,9,Inside Clank,0x002BBC30,0x093F5930,GrindrailLock,3,0x001371BC; 0x0013759C; 0x001376C8,0x09270EBC; 0x0927129C; 0x092713C8,TriggerLink promptArea; TriggerLink endArea; MobyLink matrixMoby; u32 lockID; MobyLink destroyMobys; u32 pad[ 3 ];
LEVEL_09,9,Inside Clank,0x002BBD10,0x093F5A10,GrindrailSwitch,4,0x00137FA8; 0x001380F0; 0x00138154; 0x00137D90,0x09271CA8; 0x09271DF0; 0x09271E54; 0x09271A90,MobyLink gate; Toggle toggleOnOff; s32 gateMember; u32 pad[1];
LEVEL_09,9,Inside Clank,0x002BBE38,0x093F5B38,Hookshot,3,0x00138920; 0x00138ABC; 0x00138AF0,0x09272620; 0x092727BC; 0x092727F0,CurveLink path; VEC3 pathPoint; f32 speed; f32 ropeLength; f32 range; u8 attached; u8 swing; u8 pathPointId; Toggle validIM; Toggle validDM; Toggle validCTF; u8 pad[14];
LEVEL_09,9,Inside Clank,0x002BBF24,0x093F5C24,HutDoor,3,0x00138F18; 0x001392E4; 0x00139510,0x09272C18; 0x09272FE4; 0x09273210,MobyLink mobysToCheck[ 10 ]; TriggerLink trigger; MobyLink enemyController; f32 radius; u32 pad[3];
LEVEL_09,9,Inside Clank,0x002BC10C,0x093F5E0C,Hypershot,3,0x00139D54; 0x00139DF0; 0x00139E78,0x09273A54; 0x09273AF0; 0x09273B78,
LEVEL_09,9,Inside Clank,0x002BC1F4,0x093F5EF4,InitialCamera,3,0x0013A008; 0x0013A104; 0x0013A10C,0x09273D08; 0x09273E04; 0x09273E0C,f32 dist; f32 height; f32 lookHeight; f32 elevation; f32 azimuth; Toggle dontCreateNextLevelSeen; u8 pressed; u8 pad[ 10 ];
LEVEL_09,9,Inside Clank,0x002BC278,0x093F5F78,IntroMovie,3,0x0013A234; 0x0013A2F0; 0x0013A2F8,0x09273F34; 0x09273FF0; 0x09273FF8,u32 fromLevel; u32 pad[ 3 ];
LEVEL_09,9,Inside Clank,0x002BD834,0x093F7534,LaserTracer,3,0x0013DF94; 0x0013E088; 0x0013E210,0x09277C94; 0x09277D88; 0x09277F10,
LEVEL_09,9,Inside Clank,0x002BD958,0x093F7658,LevelChanger,3,0x00143A1C; 0x00143ABC; 0x00143AC4,0x0927D71C; 0x0927D7BC; 0x0927D7C4,TriggerLink trigger; u32 level; u32 grantedLevel; u32 pad[ 1 ];
LEVEL_09,9,Inside Clank,0x002BDB54,0x093F7854,LevelMusic,2,0x00143B5C; 0x00143C3C,0x0927D85C; 0x0927D93C,u32 songNumber; TriggerLink trigger; s32 continuePointMin; s32 continuePointMax; s32 levelNumber; u8 priority; u8 pad[ 7 ];
LEVEL_09,9,Inside Clank,0x002BDE08,0x093F7B08,Lvl06Door,3,0x001445F8; 0x001442A4; 0x00144CB8,0x0927E2F8; 0x0927DFA4; 0x0927E9B8,MobyLink controller; TriggerLink activate; TriggerLink updateArea; CurveLink path; f32 moveTime; f32 progInc; const Lvl06Door_Data *pData; u32 drawDist; Toggle bTrapDoor; u8 openOffGroups[8]; u8 outClosedOffGroups[8]; u8 inClosedOffGroups[8]; Toggle hasOpened; Toggle stayOpen; Toggle bInEncounter; MobyLink enemyWave; MobyLink level10UnlockMoby; TriggerLink encounterLock; MobyLink grindrailLock; TriggerLink unlockTrigger; MobyLink specialOpenMobies; TriggerLink specialOpenTrigger; u32 pad[2];
LEVEL_09,9,Inside Clank,0x002BDEA0,0x093F7BA0,Lvl09CPUFan,3,0x00145A88; 0x00145CA0; 0x00145CD4,0x0927F788; 0x0927F9A0; 0x0927F9D4,TriggerLink destroyArea; u32 pad[ 3 ];
LEVEL_09,9,Inside Clank,0x002BDF88,0x093F7C88,Lvl09Fan,3,0x0014612C; 0x001463A4; 0x001463AC,0x0927FE2C; 0x092800A4; 0x092800AC,TieLink blades[8]; MobyLink enemies; MobyLink controller; TriggerLink shaft; MobyLink button;
LEVEL_09,9,Inside Clank,0x002BE0CC,0x093F7DCC,Lvl09Heart,3,0x001467B0; 0x00146B34; 0x00146B3C,0x092804B0; 0x09280834; 0x0928083C,MobyLink pieces[4]; MobyLink frontDoor; MobyLink backDoor; TriggerLink enterTrigger; MobyLink cutscene; MobyLink controller; TieLink innerHeart; f32 glowTimer; u32 pad[1];
LEVEL_09,9,Inside Clank,0x002BE1BC,0x093F7EBC,Lvl09HeartPiece,3,0x00146F1C; 0x00147148; 0x001475D0,0x09280C1C; 0x09280E48; 0x092812D0,MobyLink endMatrix; u32 pad[ 3 ];
LEVEL_09,9,Inside Clank,0x002BE220,0x093F7F20,Lvl09HeartPulse,3,0x00147B00; 0x00147C70; 0x00147DA4,0x09281800; 0x09281970; 0x09281AA4,
LEVEL_09,9,Inside Clank,0x002BE31C,0x093F801C,Lvl09Lift,3,0x00148414; 0x0014855C; 0x00148564,0x09282114; 0x0928225C; 0x09282264,MobyLink soldier; TriggerLink activate; u32 pad[3];
LEVEL_09,9,Inside Clank,0x002BE3C0,0x093F80C0,Lvl09Piston,3,0x00148680; 0x00148804; 0x00148838,0x09282380; 0x09282504; 0x09282538,u32 pad[ 4 ];
LEVEL_09,9,Inside Clank,0x002BE4CC,0x093F81CC,Lvl09Platform,3,0x00148D90; 0x00149208; 0x00149620,0x09282A90; 0x09282F08; 0x09283320,TriggerLink shaft; TriggerLink enterTrigger; MobyLink group1; MobyLink group2; MobyLink group1Controller; MobyLink group2Controller; u32 pad[2];
LEVEL_09,9,Inside Clank,0x002BE668,0x093F8368,Lvl09Shocker,3,0x00149E30; 0x00149F88; 0x0014A3D4,0x09283B30; 0x09283C88; 0x092840D4,f32 height; f32 width; TriggerLink damageArea; TriggerLink updateArea; MobyLink nextShocker; TriggerLink killZone; f32 onTime; f32 offTime; u8 numBolts; Toggle bUseSounds; Toggle bOffsetFlash; u8 pad[13];
LEVEL_09,9,Inside Clank,0x002BE780,0x093F8480,Lvl09Spark,3,0x0014AAF4; 0x0014ADF0; 0x0014AE68,0x092847F4; 0x09284AF0; 0x09284B68,CurveLink path; u32 updateDist; f32 speed; Toggle useFloor; u8 startId; u8 pad[2];
LEVEL_09,9,Inside Clank,0x002BE810,0x093F8510,Lvl09Televator,3,0x0014B7EC; 0x0014BA40; 0x0014BAC0,0x092854EC; 0x09285740; 0x092857C0,MobyLink button; u32 pad[3];
LEVEL_09,9,Inside Clank,0x002BE8B8,0x093F85B8,MapOMaticGadget,3,0x0014C318; 0x0014C320; 0x0014C328,0x09286018; 0x09286020; 0x09286028,
LEVEL_09,9,Inside Clank,0x002BE918,0x093F8618,MatrixMoby,3,0x0014C330; 0x0014C338; 0x0014C340,0x09286030; 0x09286038; 0x09286040,
LEVEL_09,9,Inside Clank,0x002BE990,0x093F8690,MobyCollection,3,0x0014C348; 0x0014C350; 0x0014C358,0x09286048; 0x09286050; 0x09286058,MobyLink mobys[ 8 ];
LEVEL_09,9,Inside Clank,0x002BEA34,0x093F8734,MobyGroup,3,0x0014C390; 0x0014C428; 0x0014C430,0x09286090; 0x09286128; 0x09286130,MobyLink mobysToCheck[ 8 ]; u8 destroyed; u8 count; u8 pad[ 14 ];
LEVEL_09,9,Inside Clank,0x002BEB3C,0x093F883C,MobyIce,3,0x0014CD50; 0x0014CD68; 0x0014D6EC,0x09286A50; 0x09286A68; 0x092873EC,
LEVEL_09,9,Inside Clank,0x002BEE3C,0x093F8B3C,Mootator,3,0x0014E294; 0x0014E4E4; 0x0014F634,0x09287F94; 0x092881E4; 0x09289334,
LEVEL_09,9,Inside Clank,0x002BEED0,0x093F8BD0,MutantCow,4,0x0014FB9C; 0x0014FD20; 0x0015024C; 0x00184B98,0x0928989C; 0x09289A20; 0x09289F4C; 0x092BE898,
LEVEL_09,9,Inside Clank,0x002BF0A0,0x093F8DA0,MutantMadCow,4,0x00150DAC; 0x00150F14; 0x00151330; 0x00184B98,0x0928AAAC; 0x0928AC14; 0x0928B030; 0x092BE898,
LEVEL_09,9,Inside Clank,0x002BF37C,0x093F907C,NanoBot,4,0x00151B94; 0x00152020; 0x00152988; 0x00152184,0x0928B894; 0x0928BD20; 0x0928C688; 0x0928BE84,Navigate nav; MobyLink controller; Launch launch; MobyLink enemyWave; TriggerLink teleportActivate; TriggerLink detect; VEC3 startPos; u8 controllerId; Toggle teleporter; u8 respawning; u8 jetOn; f32 health; f32 getHitTimer;
LEVEL_09,9,Inside Clank,0x002BF448,0x093F9148,NapalmBubble,3,0x00153C68; 0x00153C70; 0x00153C78,0x0928D968; 0x0928D970; 0x0928D978,
LEVEL_09,9,Inside Clank,0x002BF4F0,0x093F91F0,PDA,3,0x001546FC; 0x00154704; 0x0015470C,0x0928E3FC; 0x0928E404; 0x0928E40C,
LEVEL_09,9,Inside Clank,0x002BF5FC,0x093F92FC,Polarizer,3,0x00154740; 0x001548FC; 0x0015544C,0x0928E440; 0x0928E5FC; 0x0928F14C,
LEVEL_09,9,Inside Clank,0x002BF698,0x093F9398,PolarizerPlatform,3,0x001563BC; 0x00156628; 0x00156790,0x092900BC; 0x09290328; 0x09290490,MobyLink cpPos; u8 cpId; Toggle useCpId; u8 pad[10];
LEVEL_09,9,Inside Clank,0x002BF800,0x093F9500,PolarizerTarget,3,0x00156D8C; 0x00157000; 0x00157008,0x09290A8C; 0x09290D00; 0x09290D08,MobyLink target; TriggerLink updateArea; MobyLink attachMoby; MobyLink target2; Toggle burstEffect; u8 targetType; Toggle bUseOnce; u8 pad[14];
LEVEL_09,9,Inside Clank,0x002BF90C,0x093F960C,PositionalSound,3,0x00157DC0; 0x00157EB8; 0x00157EC0,0x09291AC0; 0x09291BB8; 0x09291BC0,u32 soundSig; TriggerLink activeArea; GDE_Sound *pGDESound; SND_Positional *pSound; f32 nearRadius; f32 farRadius; Toggle bIsLooping; u8 pad[15];
LEVEL_09,9,Inside Clank,0x002BFA74,0x093F9774,PowerupAmmo,3,0x00157FDC; 0x001580A8; 0x001580B0,0x09291CDC; 0x09291DA8; 0x09291DB0,VEC4 velocity; f32 fallDistance; f32 fadeAmnt; u8 ammoType; u8 ammoAmnt; u32 priority; u8 gain; u8 needSync;
LEVEL_09,9,Inside Clank,0x002BFBD0,0x093F98D0,PowerupHealth,3,0x00159550; 0x001595A0; 0x001595DC,0x09293250; 0x092932A0; 0x092932DC,Particle *pTrail[8]; Particle *pGlowParticle; Particle *pGlowParticle2; Particle *pSphereParticle; Particle *pSphereParticle2; Moby *pParent; VEC4 velocity; f32 bobCount; f32 goToTimer; f32 deathTimer; f32 fallDistance;
LEVEL_09,9,Inside Clank,0x002BFD58,0x093F9A58,Ratchet,4,0x0015AF84; 0x0015AFC4; 0x0015AFCC; 0x0015AFD4,0x09294C84; 0x09294CC4; 0x09294CCC; 0x09294CD4,
LEVEL_09,9,Inside Clank,0x002BFE94,0x093F9B94,RatchetDecoyInner,4,0x0015BECC; 0x0015BED4; 0x0015CC44; 0x0015BF94,0x09295BCC; 0x09295BD4; 0x09296944; 0x09295C94,
LEVEL_09,9,Inside Clank,0x002BFF08,0x093F9C08,RatchetDecoyOuter,3,0x0015D154; 0x0015D190; 0x0015D198,0x09296E54; 0x09296E90; 0x09296E98,
LEVEL_09,9,Inside Clank,0x002BFF9C,0x093F9C9C,Region,3,0x0015D1B4; 0x0015D2B0; 0x0015D2B8,0x09296EB4; 0x09296FB0; 0x09296FB8,Toggle groups[32]; TriggerLink zone; u32 pad[ 3 ];
LEVEL_09,9,Inside Clank,0x002C0140,0x093F9E40,Ryno,3,0x0015D2C0; 0x0015D39C; 0x0015DA3C,0x09296FC0; 0x0929709C; 0x0929773C,
LEVEL_09,9,Inside Clank,0x002C021C,0x093F9F1C,RynoRocket,3,0x0015E440; 0x0015E45C; 0x0015E4AC,0x09298140; 0x0929815C; 0x092981AC,
LEVEL_09,9,Inside Clank,0x002C03EC,0x093FA0EC,SetCamera,3,0x0015F368; 0x0015F47C; 0x0015F484,0x09299068; 0x0929917C; 0x09299184,TriggerLink area; Toggle lazy; u8 pad[3]; f32 lookHeight; f32 camDist; f32 height; f32 elevation; f32 azimuth; MobyLink parent; Toggle useAzimuth; Toggle useLookHeight; Toggle useCamDist; Toggle useHeight; Toggle useElevation; Toggle enabled; Toggle singleUse; Toggle entered; f32 speed; u32 priority; f32 restoreSpeed; u32 pad2[3];
LEVEL_09,9,Inside Clank,0x002C0478,0x093FA178,ShieldCharger,4,0x0016008C; 0x0015F74C; 0x001604BC; 0x00160CC0,0x09299D8C; 0x0929944C; 0x0929A1BC; 0x0929A9C0,
LEVEL_09,9,Inside Clank,0x002C0620,0x093FA320,ShieldChargerBolt,3,0x00162B20; 0x00162B28; 0x00162B6C,0x0929C820; 0x0929C828; 0x0929C86C,
LEVEL_09,9,Inside Clank,0x002C0720,0x093FA420,ShockRocket,3,0x00162EC0; 0x00162FAC; 0x00163298,0x0929CBC0; 0x0929CCAC; 0x0929CF98,
LEVEL_09,9,Inside Clank,0x002C080C,0x093FA50C,ShockRocketShot,3,0x00163E0C; 0x00163E5C; 0x00164464,0x0929DB0C; 0x0929DB5C; 0x0929E164,
LEVEL_09,9,Inside Clank,0x002C0AE8,0x093FA7E8,ShockSoldier01,4,0x0016527C; 0x0016571C; 0x0016620C; 0x00165804,0x0929EF7C; 0x0929F41C; 0x0929FF0C; 0x0929F504,Navigate nav; MobyLink controller; MobyLink enemyWave; TriggerLink detect; TriggerLink ignore; CurveLink roundCurve; TriggerLink roundUpper; Toggle waitForPowerup; Toggle checkChargeFloor; Toggle fakeFloor; Toggle outsideRestrict; Toggle roundRoomNav; Toggle clampToGround; u8 pad[6];
LEVEL_09,9,Inside Clank,0x002C0BAC,0x093FA8AC,ShrinkBeam,3,0x00167A18; 0x00167A20; 0x001680D4,0x092A1718; 0x092A1720; 0x092A1DD4,
LEVEL_09,9,Inside Clank,0x002C0C10,0x093FA910,ShrinkRayRatchet,3,0x00168D94; 0x00168D9C; 0x00168DA4,0x092A2A94; 0x092A2A9C; 0x092A2AA4,
LEVEL_09,9,Inside Clank,0x002C0CA4,0x093FA9A4,SimpleSound,3,0x00168DAC; 0x00168F04; 0x00168F0C,0x092A2AAC; 0x092A2C04; 0x092A2C0C,u32 soundSig; f32 minTime; f32 maxTime; u32 pad[1];
LEVEL_09,9,Inside Clank,0x002C0D84,0x093FAA84,SkillPoint_L09,3,0x0016912C; 0x00169378; 0x00169380,0x092A2E2C; 0x092A3078; 0x092A3080,TriggerLink headStart; TriggerLink headEnd; TriggerLink enemySegmentArea; TriggerLink exitEnemySegmentArea;
LEVEL_09,9,Inside Clank,0x002C0E8C,0x093FAB8C,SlideController,3,0x001696CC; 0x00169A00; 0x00169A08,0x092A33CC; 0x092A3700; 0x092A3708,VEC4 initDir; TriggerLink detectArea; CurveLink path; f32 azimuth; f32 camDist; f32 camHeight; f32 camOfsY; f32 slideSp;
LEVEL_09,9,Inside Clank,0x002C0FF4,0x093FACF4,SparkEmitter,3,0x00169A70; 0x00169ACC; 0x00169AD4,0x092A3770; 0x092A37CC; 0x092A37D4,f32 waitTime; f32 randTime; u32 typeId; u32 pad[2];
LEVEL_09,9,Inside Clank,0x002C10A8,0x093FADA8,Spitfire,3,0x00169E70; 0x00169EA4; 0x00169EC8,0x092A3B70; 0x092A3BA4; 0x092A3BC8,
LEVEL_09,9,Inside Clank,0x002C1184,0x093FAE84,Splash,3,0x0016B25C; 0x0016B2A4; 0x0016B2AC,0x092A4F5C; 0x092A4FA4; 0x092A4FAC,VEC2 pos; VEC2 velocity; const VEC3 *pPos; f32 startRadius; u16 uOffset; u8 owned; u8 pad;
LEVEL_09,9,Inside Clank,0x002C126C,0x093FAF6C,Sproutomatic,3,0x0016B884; 0x0016B92C; 0x0016B964,0x092A5584; 0x092A562C; 0x092A5664,
LEVEL_09,9,Inside Clank,0x002C12D0,0x093FAFD0,StaticBarrierBelt,3,0x0016BF28; 0x0016BF5C; 0x0016BF64,0x092A5C28; 0x092A5C5C; 0x092A5C64,
LEVEL_09,9,Inside Clank,0x002C1430,0x093FB130,SuckCannon,3,0x0016BF6C; 0x0016C0B4; 0x0016C6D0,0x092A5C6C; 0x092A5DB4; 0x092A63D0,
LEVEL_09,9,Inside Clank,0x002C1498,0x093FB198,SuckCannonComet,3,0x00186058; 0x00186060; 0x00186294,0x092BFD58; 0x092BFD60; 0x092BFF94,
LEVEL_09,9,Inside Clank,0x002C1500,0x093FB200,SuckCannonCometTie,3,0x00186058; 0x00186060; 0x0016D040,0x092BFD58; 0x092BFD60; 0x092A6D40,
LEVEL_09,9,Inside Clank,0x002C15DC,0x093FB2DC,SuckCannonManager,3,0x0016DD20; 0x0016DD6C; 0x0016DD74,0x092A7A20; 0x092A7A6C; 0x092A7A74,
LEVEL_09,9,Inside Clank,0x002C166C,0x093FB36C,SwarmManager,3,0x0016EAC4; 0x0016EB0C; 0x0016EE44,0x092A87C4; 0x092A880C; 0x092A8B44,
LEVEL_09,9,Inside Clank,0x002C1780,0x093FB480,Teleporter,3,0x0016F664; 0x0016FA1C; 0x0016FDE8,0x092A9364; 0x092A971C; 0x092A9AE8,MobyLink destination; MobyLink destinationPreferred; TriggerLink activateTrigger; u32 levelId; s32 changeToLevel; Toggle secretActivation; s8 canGoToLevel; u8 pad[ 10 ];
LEVEL_09,9,Inside Clank,0x002C1BB4,0x093FB8B4,TieManipulator,3,0x00170734; 0x0017072C; 0x00170D0C,0x092AA434; 0x092AA42C; 0x092AAA0C,TieLink tie[ 8 ]; f32 xAxis; f32 yAxis; f32 zAxis; f32 xRot; f32 yRot; f32 zRot; f32 xSpan; f32 ySpan; f32 zSpan; f32 xCounter; f32 yCounter; f32 zCounter; f32 speed; f32 speedPerFrame; f32 curviness; f32 curvPar; f32 scaleSpeed; f32 scaleSpeedPerFrame; f32 scaleMax; f32 scaleCounter; f32 xPerc[8]; f32 yPerc[8]; f32 zPerc[8]; f32 xPar[8]; f32 yPar[8]; f32 zPar[8]; f32 xStart[8]; f32 yStart[8]; f32 zStart[8]; MATRIX4 *pMat[8]; MATRIX4 scaleMatrix; f32 drawDistance; f32 updateDistance; f32 inverseScale; u32 linkCount;
LEVEL_09,9,Inside Clank,0x002C1CF4,0x093FB9F4,TitaniumBolt,3,0x0017109C; 0x0017128C; 0x001713F4,0x092AAD9C; 0x092AAF8C; 0x092AB0F4,f32 dist; f32 height; f32 lookHeight; f32 elevation; f32 azimuth; Toggle magnaboots; Toggle noAnimation; u32 levelToFake; u8 id; u8 pad[5];
LEVEL_09,9,Inside Clank,0x002C1D9C,0x093FBA9C,TriggerCollection,3,0x00171E18; 0x00171E20; 0x00171E28,0x092ABB18; 0x092ABB20; 0x092ABB28,TriggerLink triggers[ 14 ];
LEVEL_09,9,Inside Clank,0x002C1E10,0x093FBB10,TripleWaveBeacon,3,0x00172320; 0x001724D0; 0x00172504,0x092AC020; 0x092AC1D0; 0x092AC204,
LEVEL_09,9,Inside Clank,0x002C1EBC,0x093FBBBC,vendor,3,0x001727AC; 0x00172974; 0x001729D8,0x092AC4AC; 0x092AC674; 0x092AC6D8,u32 lastAnimPlayed; u32 vendorType; Toggle bSellsWeapons; u8 pad[ 7 ];
LEVEL_09,9,Inside Clank,0x002C20C8,0x093FBDC8,Wrench,3,0x00172D54; 0x00172E28; 0x00173264,0x092ACA54; 0x092ACB28; 0x092ACF64,
LEVEL_09,9,Inside Clank,0x002C21F0,0x093FBEF0,ZipLineController,3,0x00176090; 0x00176300; 0x00176334,0x092AFD90; 0x092B0000; 0x092B0034,VEC4 lineVec; VEC4 dir; CurveLink path; f32 dist; f32 azimuth; f32 camDist; f32 camHeight; f32 camOfsY;
LEVEL_10,10,Quadrona,0x002D4250,0x0940DF50,Acidbomb,3,0x00104D50; 0x00104D60; 0x001056C8,0x0923EA50; 0x0923EA60; 0x0923F3C8,
LEVEL_10,10,Quadrona,0x002D42D8,0x0940DFD8,AcidbombEpoxy,3,0x00106B0C; 0x00106B14; 0x00106B9C,0x0924080C; 0x09240814; 0x0924089C,
LEVEL_10,10,Quadrona,0x002D4338,0x0940E038,AcidGloveHUD,3,0x001070A4; 0x001070AC; 0x001070B4,0x09240DA4; 0x09240DAC; 0x09240DB4,
LEVEL_10,10,Quadrona,0x002D4398,0x0940E098,AgentController,3,0x001070BC; 0x001071AC; 0x00107364,0x09240DBC; 0x09240EAC; 0x09241064,
LEVEL_10,10,Quadrona,0x002D46EC,0x0940E3EC,AgentOfDoom,4,0x00107A7C; 0x00107B58; 0x00107C18; 0x00107F38,0x0924177C; 0x09241858; 0x09241918; 0x09241C38,
LEVEL_10,10,Quadrona,0x002D47CC,0x0940E4CC,AgentOfDoomShrapnel,3,0x0010C650; 0x0010C658; 0x0010C660,0x09246350; 0x09246358; 0x09246360,
LEVEL_10,10,Quadrona,0x002D4908,0x0940E608,AgentsBomb,3,0x0010C960; 0x0010C968; 0x0010C970,0x09246660; 0x09246668; 0x09246670,
LEVEL_10,10,Quadrona,0x002D49A0,0x0940E6A0,AgentsGlove,3,0x0010DEFC; 0x0010DF88; 0x0010DFB4,0x09247BFC; 0x09247C88; 0x09247CB4,
LEVEL_10,10,Quadrona,0x002D4A4C,0x0940E74C,AgentsGrenade,3,0x0010E484; 0x0010E574; 0x0010EA28,0x09248184; 0x09248274; 0x09248728,
LEVEL_10,10,Quadrona,0x002D4AF4,0x0940E7F4,AgentsLaser,3,0x0010EFA4; 0x0010F2AC; 0x0010F360,0x09248CA4; 0x09248FAC; 0x09249060,
LEVEL_10,10,Quadrona,0x002D4BE8,0x0940E8E8,AgentsRocket,3,0x0010FD6C; 0x0010FE30; 0x0010FEB0,0x09249A6C; 0x09249B30; 0x09249BB0,
LEVEL_10,10,Quadrona,0x002D4CDC,0x0940E9DC,AreaCam,3,0x00110798; 0x00110844; 0x0011084C,0x0924A498; 0x0924A544; 0x0924A54C,TriggerLink camArea; f32 elevation; f32 distance; f32 height; f32 lookHeight; u32 pad[3];
LEVEL_10,10,Quadrona,0x002D4D50,0x0940EA50,ArmorHelmet,3,0x001109CC; 0x001109D4; 0x001109DC,0x0924A6CC; 0x0924A6D4; 0x0924A6DC,
LEVEL_10,10,Quadrona,0x002D4DB0,0x0940EAB0,ArmorLeftFoot,3,0x001109E4; 0x001109EC; 0x001109F4,0x0924A6E4; 0x0924A6EC; 0x0924A6F4,
LEVEL_10,10,Quadrona,0x002D4E20,0x0940EB20,ArmorLeftHand,3,0x001109FC; 0x00110A04; 0x00110A0C,0x0924A6FC; 0x0924A704; 0x0924A70C,u32 pad[ 4 ];
LEVEL_10,10,Quadrona,0x002D4E80,0x0940EB80,ArmorRightFoot,3,0x00110A14; 0x00110A1C; 0x00110A24,0x0924A714; 0x0924A71C; 0x0924A724,
LEVEL_10,10,Quadrona,0x002D4EF0,0x0940EBF0,ArmorRightHand,3,0x00110A2C; 0x00110A34; 0x00110A3C,0x0924A72C; 0x0924A734; 0x0924A73C,u32 pad[ 4 ];
LEVEL_10,10,Quadrona,0x002D4F50,0x0940EC50,ArmorTorso,3,0x00110A44; 0x00110A4C; 0x00110A54,0x0924A744; 0x0924A74C; 0x0924A754,
LEVEL_10,10,Quadrona,0x002D5034,0x0940ED34,BeeMine,4,0x001110F4; 0x00111104; 0x001114E4; 0x001111DC,0x0924ADF4; 0x0924AE04; 0x0924B1E4; 0x0924AEDC,
LEVEL_10,10,Quadrona,0x002D5100,0x0940EE00,BeeMineGlove,3,0x00112EC0; 0x00113048; 0x00113074,0x0924CBC0; 0x0924CD48; 0x0924CD74,
LEVEL_10,10,Quadrona,0x002D5160,0x0940EE60,BeeMineGloveHUD,3,0x00113694; 0x0011369C; 0x001136A4,0x0924D394; 0x0924D39C; 0x0924D3A4,
LEVEL_10,10,Quadrona,0x002D522C,0x0940EF2C,BeeMineShrapnel,3,0x001139DC; 0x001139E4; 0x001139EC,0x0924D6DC; 0x0924D6E4; 0x0924D6EC,
LEVEL_10,10,Quadrona,0x002D531C,0x0940F01C,Blaster,3,0x00113A64; 0x00113BC0; 0x001140E4,0x0924D764; 0x0924D8C0; 0x0924DDE4,
LEVEL_10,10,Quadrona,0x002D5388,0x0940F088,BlasterAkimbo,3,0x001150C4; 0x00115148; 0x00115178,0x0924EDC4; 0x0924EE48; 0x0924EE78,
LEVEL_10,10,Quadrona,0x002D53F4,0x0940F0F4,BlasterClone,3,0x001151C8; 0x001151F0; 0x001151F8,0x0924EEC8; 0x0924EEF0; 0x0924EEF8,
LEVEL_10,10,Quadrona,0x002D5518,0x0940F218,BlasterCloneShot,3,0x0011577C; 0x00115784; 0x0011590C,0x0924F47C; 0x0924F484; 0x0924F60C,
LEVEL_10,10,Quadrona,0x002D5594,0x0940F294,BlasterShot,3,0x00116690; 0x001166B8; 0x00116A5C,0x09250390; 0x092503B8; 0x0925075C,
LEVEL_10,10,Quadrona,0x002D59F4,0x0940F6F4,BlitzGun,3,0x00118928; 0x00118A84; 0x00118EDC,0x09252628; 0x09252784; 0x09252BDC,
LEVEL_10,10,Quadrona,0x002D5B84,0x0940F884,BlitzGunShot,3,0x0011A970; 0x0011A978; 0x0011AB14,0x09254670; 0x09254678; 0x09254814,
LEVEL_10,10,Quadrona,0x002D5BE8,0x0940F8E8,Bolt,2,0x0011B624; 0x0011B62C,0x09255324; 0x0925532C,
LEVEL_10,10,Quadrona,0x002D5EDC,0x0940FBDC,BoltController,3,0x0011EBAC; 0x0011EDE0; 0x0011EE04,0x092588AC; 0x09258AE0; 0x09258B04,u32 boltAmnt; u32 boltAmountReplay; u32 pad[ 2 ];
LEVEL_10,10,Quadrona,0x002D5F58,0x0940FC58,BoltGrabber,3,0x0011F1EC; 0x0011F1F4; 0x0011F1FC,0x09258EEC; 0x09258EF4; 0x09258EFC,
LEVEL_10,10,Quadrona,0x002D601C,0x0940FD1C,Bombglove,3,0x0011F204; 0x0011F2DC; 0x0011F78C,0x09258F04; 0x09258FDC; 0x0925948C,
LEVEL_10,10,Quadrona,0x002D6080,0x0940FD80,BoxBreaker,3,0x0011FCFC; 0x0011FD04; 0x0011FD0C,0x092599FC; 0x09259A04; 0x09259A0C,
LEVEL_10,10,Quadrona,0x002D60E0,0x0940FDE0,BoxBreakerHelp,3,0x0011FD98; 0x0011FDA0; 0x0011FDA8,0x09259A98; 0x09259AA0; 0x09259AA8,
LEVEL_10,10,Quadrona,0x002D62F8,0x0940FFF8,BustyNurse,4,0x0011FDF4; 0x00120160; 0x001207BC; 0x00120200,0x09259AF4; 0x09259E60; 0x0925A4BC; 0x09259F00,Navigate nav; MobyLink controller; TriggerLink detect; VEC2 panicPos; Toggle panicker; Toggle wanderer; u8 controllerId; u8 runLeft; Launch launch; f32 health;
LEVEL_10,10,Quadrona,0x002D645C,0x0941015C,ChameleonDecoy,4,0x001218A4; 0x001218AC; 0x001218C4; 0x0012194C,0x0925B5A4; 0x0925B5AC; 0x0925B5C4; 0x0925B64C,
LEVEL_10,10,Quadrona,0x002D64D0,0x094101D0,ClankForShipAnim,3,0x00121A00; 0x00121A08; 0x00121A10,0x0925B700; 0x0925B708; 0x0925B710,u32 pad[ 4 ];
LEVEL_10,10,Quadrona,0x002D6530,0x09410230,ClankPack,3,0x00121A18; 0x00121A48; 0x00121A50,0x0925B718; 0x0925B748; 0x0925B750,
LEVEL_10,10,Quadrona,0x002D65BC,0x094102BC,ContinuePoint,3,0x00121A74; 0x00121A98; 0x00121AA0,0x0925B774; 0x0925B798; 0x0925B7A0,TriggerLink activateTrigger; u8 index;
LEVEL_10,10,Quadrona,0x002D6668,0x09410368,ConveyorBelt,3,0x00121BB8; 0x00121D48; 0x00121D50,0x0925B8B8; 0x0925BA48; 0x0925BA50,CurveLink conveyorCurve; f32 speed; f32 width; u32 soundSig;
LEVEL_10,10,Quadrona,0x002D6704,0x09410404,CowBell,3,0x0012235C; 0x00122364; 0x0012236C,0x0925C05C; 0x0925C064; 0x0925C06C,
LEVEL_10,10,Quadrona,0x002D67B4,0x094104B4,Crate,4,0x001224A4; 0x001224AC; 0x00122594; 0x001224B4,0x0925C1A4; 0x0925C1AC; 0x0925C294; 0x0925C1B4,Moby *pCrateBelow; f32 velocityY; f32 fallDistance; f32 distFallen;
LEVEL_10,10,Quadrona,0x002D68F4,0x094105F4,CrateAmmo,4,0x00122674; 0x0012269C; 0x001226A4; 0x001226AC,0x0925C374; 0x0925C39C; 0x0925C3A4; 0x0925C3AC,Moby *pCrateBelow; f32 velocityY; f32 fallDistance; f32 distFallen; Toggle major; Toggle minor; u8 noAmmoType1; u8 noAmmoType2; u8 onlyAmmoType; Toggle validIM; Toggle validDM; Toggle validCTF; u8 pad[8];
LEVEL_10,10,Quadrona,0x002D6A28,0x09410728,CrateAmmoSpawned,4,0x00122D70; 0x00122D90; 0x00122DAC; 0x001230A8,0x0925CA70; 0x0925CA90; 0x0925CAAC; 0x0925CDA8,Moby *pCrateBelow; f32 velocityY; f32 fallDistance; f32 distFallen; Toggle major; Toggle minor; u8 noAmmoType1; u8 noAmmoType2; u8 onlyAmmoType; Toggle validIM; Toggle validDM; Toggle validCTF; u8 pad[8];
LEVEL_10,10,Quadrona,0x002D6A88,0x09410788,CrateChunk,2,0x001230E8; 0x001230F0,0x0925CDE8; 0x0925CDF0,
LEVEL_10,10,Quadrona,0x002D6C88,0x09410988,CrateChunkController,2,0x0012374C; 0x00123754,0x0925D44C; 0x0925D454,
LEVEL_10,10,Quadrona,0x002D6DA0,0x09410AA0,CrateHealth,2,0x00123984; 0x00123A20,0x0925D684; 0x0925D720,Moby *pCrateBelow; f32 velocityY; f32 fallDistance; f32 distFallen; Moby *pPowerup; Toggle validIM; Toggle validDM; Toggle validCTF; u8 pad[9];
LEVEL_10,10,Quadrona,0x002D7398,0x09411098,CrateHealthSpawned,4,0x0012433C; 0x001243D0; 0x0012442C; 0x001243EC,0x0925E03C; 0x0925E0D0; 0x0925E12C; 0x0925E0EC,Moby *pCrateBelow; f32 velocityY; f32 fallDistance; f32 distFallen; Moby *pPowerup; Toggle validIM; Toggle validDM; Toggle validCTF; u8 pad[9];
LEVEL_10,10,Quadrona,0x002D7484,0x09411184,CrateTeleporter,3,0x001247F4; 0x0012485C; 0x00124910,0x0925E4F4; 0x0925E55C; 0x0925E610,u32 type; f32 delay; f32 antiCampRadius; u32 updateDist;
LEVEL_10,10,Quadrona,0x002D7584,0x09411284,CrossbowGun,3,0x00124DE0; 0x00124ECC; 0x001250AC,0x0925EAE0; 0x0925EBCC; 0x0925EDAC,
LEVEL_10,10,Quadrona,0x002D7764,0x09411464,CrossbowShot,3,0x001256FC; 0x00125704; 0x00126C44,0x0925F3FC; 0x0925F404; 0x09260944,
LEVEL_10,10,Quadrona,0x002D7880,0x09411580,CrystalGroundShard,3,0x00127B38; 0x00127D7C; 0x00127FC0,0x09261838; 0x09261A7C; 0x09261CC0,
LEVEL_10,10,Quadrona,0x002D7940,0x09411640,DeathTrigger,3,0x001286E0; 0x00128740; 0x00128748,0x092623E0; 0x09262440; 0x09262448,MobyLink killAreas; MobyLink ignoreAreas; Toggle killHeroInTriggers; f32 minYHeight; u8 pad[3];
LEVEL_10,10,Quadrona,0x002D79D0,0x094116D0,DoorButton,3,0x001288BC; 0x00128AB8; 0x00128AEC,0x092625BC; 0x092627B8; 0x092627EC,MobyLink door; u32 pad[ 3 ];
LEVEL_10,10,Quadrona,0x002D7A40,0x09411740,DualBlasterHUD,3,0x00128DE8; 0x00128DF0; 0x00128DF8,0x09262AE8; 0x09262AF0; 0x09262AF8,
LEVEL_10,10,Quadrona,0x002D7ADC,0x094117DC,electricXplo,3,0x00129898; 0x001295EC; 0x001295F4,0x09263598; 0x092632EC; 0x092632F4,f32 lengths[24]; VEC3 normals[18]; f32 timer; s32 scroll;
LEVEL_10,10,Quadrona,0x002D7CB0,0x094119B0,ElectroBall,3,0x0012B180; 0x0012B1F0; 0x0012B234,0x09264E80; 0x09264EF0; 0x09264F34,
LEVEL_10,10,Quadrona,0x002D7DBC,0x09411ABC,ElectroshockWave,3,0x0012BE78; 0x0012BE80; 0x0012C958,0x09265B78; 0x09265B80; 0x09266658,
LEVEL_10,10,Quadrona,0x002D7FAC,0x09411CAC,EliteCloneMuscle,4,0x0012CCE8; 0x0012CE04; 0x0012CEFC; 0x0012CF28,0x092669E8; 0x09266B04; 0x09266BFC; 0x09266C28,Navigate navigate; TriggerLink detectArea; MobyLink enemyCont; int prototype; u32 pad[ 2 ];
LEVEL_10,10,Quadrona,0x002D8030,0x09411D30,EliteCloneMuscleGun,3,0x0012E63C; 0x0012E644; 0x0012E64C,0x0926833C; 0x09268344; 0x0926834C,
LEVEL_10,10,Quadrona,0x002D81F4,0x09411EF4,EliteCloneSpeedy,4,0x0012E6E8; 0x0012E7F4; 0x0012E8F4; 0x0012E920,0x092683E8; 0x092684F4; 0x092685F4; 0x09268620,Navigate navigate; TriggerLink detectArea; MobyLink enemyCont; int prototype; u32 pad[ 2 ];
LEVEL_10,10,Quadrona,0x002D8278,0x09411F78,EliteCloneSpeedyGun,3,0x00131BE8; 0x00131BF0; 0x00131BF8,0x0926B8E8; 0x0926B8F0; 0x0926B8F8,
LEVEL_10,10,Quadrona,0x002D8348,0x09412048,EliteSpawner,3,0x00131C94; 0x00131ECC; 0x00131F30,0x0926B994; 0x0926BBCC; 0x0926BC30,MobyLink spawnMoby; u32 pad[ 3 ];
LEVEL_10,10,Quadrona,0x002D8414,0x09412114,EliteWave,3,0x00132668; 0x00132850; 0x00132858,0x0926C368; 0x0926C550; 0x0926C558,MobyLink spawner[8]; MobyLink enemy[4]; u8 count[4]; MobyLink nextWave; f32 spawnRate; TriggerLink trigger;
LEVEL_10,10,Quadrona,0x002D8580,0x09412280,EnemyController,3,0x00132B88; 0x00132D94; 0x00132FD4,0x0926C888; 0x0926CA94; 0x0926CCD4,TriggerLink updateArea; TriggerLink updateArea2; TriggerLink destroyTrigger; f32 firstWaveDist; f32 secondWaveDist; Toggle envColl; u8 attackingMax; Toggle destroyControllerToo; u8 pad[ 9 ];
LEVEL_10,10,Quadrona,0x002D86EC,0x094123EC,EnemyWave,3,0x00135A74; 0x00135B2C; 0x00135E30,0x0926F774; 0x0926F82C; 0x0926FB30,MobyLink destroyedMoby; TriggerLink trigger; MobyLink previousWave; f32 timer; f32 delayRandMax; MobyLink enemyControllerToCheck; u8 mobyToCheckState; Toggle prevWaveDestroyed; u8 enemyInControllerCount; u8 pad[ 9 ];
LEVEL_10,10,Quadrona,0x002D88BC,0x094125BC,ExplosiveBee,3,0x001362F4; 0x0013639C; 0x00137244,0x0926FFF4; 0x0927009C; 0x09270F44,
LEVEL_10,10,Quadrona,0x002D89F8,0x094126F8,Flamethrower,3,0x0013833C; 0x001384B8; 0x001392C8,0x0927203C; 0x092721B8; 0x09272FC8,
LEVEL_10,10,Quadrona,0x002D8B80,0x09412880,GenericTieForm,3,0x0013B1C8; 0x0013B218; 0x0013B24C,0x09274EC8; 0x09274F18; 0x09274F4C,
LEVEL_10,10,Quadrona,0x002D8C0C,0x0941290C,GiantClankAmmo,3,0x0013B55C; 0x0013B5CC; 0x0013B740,0x0927525C; 0x092752CC; 0x09275440,TieLink bldg;
LEVEL_10,10,Quadrona,0x002D8F68,0x09412C68,GiantClankPlayer,4,0x0013E2CC; 0x0013E594; 0x0013E5C8; 0x0013E5D0,0x09277FCC; 0x09278294; 0x092782C8; 0x092782D0,u32 pad[ 4 ];
LEVEL_10,10,Quadrona,0x002D90D0,0x09412DD0,GiantClankRocket,3,0x0013EDDC; 0x0013EE0C; 0x0013EE44,0x09278ADC; 0x09278B0C; 0x09278B44,
LEVEL_10,10,Quadrona,0x002D9130,0x09412E30,GravityCrystal,3,0x0013F898; 0x0013FAB0; 0x00140428,0x09279598; 0x092797B0; 0x0927A128,
LEVEL_10,10,Quadrona,0x002D9364,0x09413064,GrindrailBomb,4,0x0014106C; 0x0014115C; 0x001411C0; 0x00140F64,0x0927AD6C; 0x0927AE5C; 0x0927AEC0; 0x0927AC64,
LEVEL_10,10,Quadrona,0x002D9634,0x09413334,GrindrailController,2,0x001427FC; 0x00142A6C,0x0927C4FC; 0x0927C76C,VEC4 dir; CurveLink path; f32 grindrailSp; CurveLink secPaths[20]; f32 camDefaultLookLead; f32 camDefaultDist; f32 camDefaultHeight; f32 camDefaultAzimuth; f32 camDefaultElevation; f32 bombDamageFrac; f32 gateDamageFrac;
LEVEL_10,10,Quadrona,0x002D9864,0x09413564,GrindrailGate,3,0x00142D6C; 0x00142E44; 0x0014303C,0x0927CA6C; 0x0927CB44; 0x0927CD3C,u32 pad[4];
LEVEL_10,10,Quadrona,0x002D9968,0x09413668,GrindrailLock,3,0x00143680; 0x00143A60; 0x00143B8C,0x0927D380; 0x0927D760; 0x0927D88C,TriggerLink promptArea; TriggerLink endArea; MobyLink matrixMoby; u32 lockID; MobyLink destroyMobys; u32 pad[ 3 ];
LEVEL_10,10,Quadrona,0x002D9A48,0x09413748,GrindrailSwitch,4,0x0014446C; 0x001445B4; 0x00144618; 0x00144254,0x0927E16C; 0x0927E2B4; 0x0927E318; 0x0927DF54,MobyLink gate; Toggle toggleOnOff; s32 gateMember; u32 pad[1];
LEVEL_10,10,Quadrona,0x002D9ACC,0x094137CC,Helipack,3,0x00144D88; 0x00144D90; 0x00144D98,0x0927EA88; 0x0927EA90; 0x0927EA98,
LEVEL_10,10,Quadrona,0x002D9BE0,0x094138E0,Hookshot,3,0x00144F98; 0x00145134; 0x00145168,0x0927EC98; 0x0927EE34; 0x0927EE68,CurveLink path; VEC3 pathPoint; f32 speed; f32 ropeLength; f32 range; u8 attached; u8 swing; u8 pathPointId; Toggle validIM; Toggle validDM; Toggle validCTF; u8 pad[14];
LEVEL_10,10,Quadrona,0x002D9CCC,0x094139CC,HutDoor,3,0x00145590; 0x0014595C; 0x00145B88,0x0927F290; 0x0927F65C; 0x0927F888,MobyLink mobysToCheck[ 10 ]; TriggerLink trigger; MobyLink enemyController; f32 radius; u32 pad[3];
LEVEL_10,10,Quadrona,0x002D9EB4,0x09413BB4,Hypershot,3,0x001463CC; 0x00146468; 0x001464F0,0x092800CC; 0x09280168; 0x092801F0,
LEVEL_10,10,Quadrona,0x002D9F44,0x09413C44,IntMachine,3,0x00146680; 0x001466C8; 0x001466F4,0x09280380; 0x092803C8; 0x092803F4,
LEVEL_10,10,Quadrona,0x002DB504,0x09415204,LaserTracer,3,0x0014A618; 0x0014A70C; 0x0014A894,0x09284318; 0x0928440C; 0x09284594,
LEVEL_10,10,Quadrona,0x002DB634,0x09415334,Level01OceanSound,3,0x001500A0; 0x001501D8; 0x0015021C,0x09289DA0; 0x09289ED8; 0x09289F1C,TriggerLink playTriggers[ 4 ]; TriggerLink noPlayTriggers[ 4 ];
LEVEL_10,10,Quadrona,0x002DB6D8,0x094153D8,Level10BossStarter,3,0x00150518; 0x001505A4; 0x001505AC,0x0928A218; 0x0928A2A4; 0x0928A2AC,TriggerLink startTrigger; MobyLink triggerMoby; u32 pad[ 2 ];
LEVEL_10,10,Quadrona,0x002DB838,0x09415538,Level10CollapsingPlatform,3,0x0015069C; 0x00150BBC; 0x00150C2C,0x0928A39C; 0x0928A8BC; 0x0928A92C,TieLink leg1; TieLink leg2; TriggerLink belowArea; TriggerLink dontCollapseArea; TriggerLink avoidArea1; TriggerLink avoidArea2; MobyLink triggerCollection; u32 pad;
LEVEL_10,10,Quadrona,0x002DB91C,0x0941561C,Level10CrateDoor,3,0x00151294; 0x001512E4; 0x001512EC,0x0928AF94; 0x0928AFE4; 0x0928AFEC,
LEVEL_10,10,Quadrona,0x002DB9E0,0x094156E0,Level10Cutscene,3,0x00151954; 0x00151A90; 0x00151A98,0x0928B654; 0x0928B790; 0x0928B798,MobyLink ratchetMatrix; TriggerLink showSceneArea; u32 pad[ 2 ];
LEVEL_10,10,Quadrona,0x002DBC04,0x09415904,Level10Door,3,0x00151DA0; 0x00151C1C; 0x00152420,0x0928BAA0; 0x0928B91C; 0x0928C120,MobyLink controller; TriggerLink activate; TriggerLink updateArea; CurveLink path; f32 moveTime; f32 progInc; const Level10Door_Data *pData; SND_Positional *pSound; Toggle bTrapDoor; u8 openOffGroups[8]; u8 outClosedOffGroups[8]; u8 inClosedOffGroups[8]; Toggle hasOpened; Toggle stayOpen; Toggle bInEncounter; MobyLink enemyWave; MobyLink level10UnlockMoby; TriggerLink encounterLock; MobyLink grindrailLock; u32 pad2[ 1 ];
LEVEL_10,10,Quadrona,0x002DBCA8,0x094159A8,Level10StartMoby,3,0x00153128; 0x0015314C; 0x00153154,0x0928CE28; 0x0928CE4C; 0x0928CE54,
LEVEL_10,10,Quadrona,0x002DBE58,0x09415B58,Level10StreetLight,3,0x00153210; 0x001534E8; 0x00153FB4,0x0928CF10; 0x0928D1E8; 0x0928DCB4,MobyLink otto; TriggerLink trigger; u32 pad[2];
LEVEL_10,10,Quadrona,0x002DBEE0,0x09415BE0,Level10TinyCar,3,0x00154A5C; 0x00154C5C; 0x00154CC0,0x0928E75C; 0x0928E95C; 0x0928E9C0,TriggerLink shipTrigger; u32 pad[ 3 ];
LEVEL_10,10,Quadrona,0x002DC0DC,0x09415DDC,LevelMusic,2,0x00154E14; 0x00154EF4,0x0928EB14; 0x0928EBF4,u32 songNumber; TriggerLink trigger; s32 continuePointMin; s32 continuePointMax; s32 levelNumber; u8 priority; u8 pad[ 7 ];
LEVEL_10,10,Quadrona,0x002DC1B8,0x09415EB8,Lvl10CC,3,0x0015555C; 0x0015570C; 0x00155714,0x0928F25C; 0x0928F40C; 0x0928F414,MobyLink crateTP[4]; float spawnTime; float healthChance; MobyLink trigAlso; Toggle initHealthCrate; u8 pad[3];
LEVEL_10,10,Quadrona,0x002DC2C4,0x09415FC4,Lvl10FloorTile,3,0x00155AB4; 0x00155CC4; 0x00155FF0,0x0928F7B4; 0x0928F9C4; 0x0928FCF0,MobyLink otto; TriggerLink trigger; u32 pad[2];
LEVEL_10,10,Quadrona,0x002DC354,0x09416054,MapDisable,3,0x001567B4; 0x001568D4; 0x001568DC,0x092904B4; 0x092905D4; 0x092905DC,MobyLink triggerCollection; u32 pad[ 3 ];
LEVEL_10,10,Quadrona,0x002DC3C8,0x094160C8,MapOMaticGadget,3,0x001569A0; 0x001569A8; 0x001569B0,0x092906A0; 0x092906A8; 0x092906B0,
LEVEL_10,10,Quadrona,0x002DC428,0x09416128,MatrixMoby,3,0x001569B8; 0x001569C0; 0x001569C8,0x092906B8; 0x092906C0; 0x092906C8,
LEVEL_10,10,Quadrona,0x002DC51C,0x0941621C,MobyIce,3,0x0015723C; 0x00157254; 0x00157BD8,0x09290F3C; 0x09290F54; 0x092918D8,
LEVEL_10,10,Quadrona,0x002DC588,0x09416288,ModVendor,3,0x0015848C; 0x0015862C; 0x00158690,0x0929218C; 0x0929232C; 0x09292390,
LEVEL_10,10,Quadrona,0x002DC87C,0x0941657C,Mootator,3,0x00158AFC; 0x00158D4C; 0x00159E9C,0x092927FC; 0x09292A4C; 0x09293B9C,
LEVEL_10,10,Quadrona,0x002DC978,0x09416678,MovieTeleport,3,0x0015A404; 0x0015A5BC; 0x0015A5C4,0x09294104; 0x092942BC; 0x092942C4,MobyLink switchPlayer; TriggerLink trigger; MobyLink trigAfter; MobyLink continuePt; int trigHack; Toggle onlyPlayOnce; Toggle bShipHack; u8 pad[10];
LEVEL_10,10,Quadrona,0x002DCA08,0x09416708,MutantCow,4,0x0015A864; 0x0015A9E8; 0x0015AF14; 0x0019E718,0x09294564; 0x092946E8; 0x09294C14; 0x092D8418,
LEVEL_10,10,Quadrona,0x002DCBD8,0x094168D8,MutantMadCow,4,0x0015BA74; 0x0015BBDC; 0x0015BFF8; 0x0019E718,0x09295774; 0x092958DC; 0x09295CF8; 0x092D8418,
LEVEL_10,10,Quadrona,0x002DCCA0,0x094169A0,NapalmBubble,3,0x0015CC68; 0x0015CC70; 0x0015CC78,0x09296968; 0x09296970; 0x09296978,
LEVEL_10,10,Quadrona,0x002DCFA8,0x09416CA8,Otto,4,0x0015E308; 0x0015D6FC; 0x0015D7B4; 0x0015D8C8,0x09298008; 0x092973FC; 0x092974B4; 0x092975C8,Navigate navigate; MobyLink endMovie; MobyLink intMachine;
LEVEL_10,10,Quadrona,0x002DD134,0x09416E34,OttoChase,4,0x0015FCF8; 0x00160164; 0x001601E4; 0x00160430,0x092999F8; 0x09299E64; 0x09299EE4; 0x0929A130,CurveLink chasePath; CurveLink pathCenter; TriggerLink endTrigger; MobyLink endMovie;
LEVEL_10,10,Quadrona,0x002DD444,0x09417144,OttoGiant,4,0x00161974; 0x00161DA8; 0x00161E0C; 0x001620E0,0x0929B674; 0x0929BAA8; 0x0929BB0C; 0x0929BDE0,Navigate navigate; MobyLink endMovie;
LEVEL_10,10,Quadrona,0x002DD538,0x09417238,OttoRocket,3,0x001644DC; 0x0016457C; 0x0016459C,0x0929E1DC; 0x0929E27C; 0x0929E29C,
LEVEL_10,10,Quadrona,0x002DD5A8,0x094172A8,OttoRocketPack,3,0x00165800; 0x00165820; 0x00165828,0x0929F500; 0x0929F520; 0x0929F528,
LEVEL_10,10,Quadrona,0x002DD608,0x09417308,PDA,3,0x0016594C; 0x00165954; 0x0016595C,0x0929F64C; 0x0929F654; 0x0929F65C,
LEVEL_10,10,Quadrona,0x002DD714,0x09417414,Polarizer,3,0x00165990; 0x00165B4C; 0x00166634,0x0929F690; 0x0929F84C; 0x092A0334,
LEVEL_10,10,Quadrona,0x002DD864,0x09417564,PowerupAmmo,3,0x001675A4; 0x00167670; 0x00167678,0x092A12A4; 0x092A1370; 0x092A1378,VEC4 velocity; f32 fallDistance; f32 fadeAmnt; u8 ammoType; u8 ammoAmnt; u32 priority; u8 gain; u8 needSync;
LEVEL_10,10,Quadrona,0x002DD9C0,0x094176C0,PowerupHealth,3,0x00168B18; 0x00168B68; 0x00168BA4,0x092A2818; 0x092A2868; 0x092A28A4,Particle *pTrail[8]; Particle *pGlowParticle; Particle *pGlowParticle2; Particle *pSphereParticle; Particle *pSphereParticle2; Moby *pParent; VEC4 velocity; f32 bobCount; f32 goToTimer; f32 deathTimer; f32 fallDistance;
LEVEL_10,10,Quadrona,0x002DDBA0,0x094178A0,PsychicBomb,3,0x0016A514; 0x0016A924; 0x0016A974,0x092A4214; 0x092A4624; 0x092A4674,
LEVEL_10,10,Quadrona,0x002DDC60,0x09417960,PsychicGirder,3,0x0016B0B0; 0x0016B1BC; 0x0016B43C,0x092A4DB0; 0x092A4EBC; 0x092A513C,
LEVEL_10,10,Quadrona,0x002DDD58,0x09417A58,PsychicHands,3,0x0016B7C4; 0x0016B960; 0x0016C3D0,0x092A54C4; 0x092A5660; 0x092A60D0,
LEVEL_10,10,Quadrona,0x002DDDB8,0x09417AB8,Ratchet,4,0x0016C934; 0x0016C974; 0x0016C97C; 0x0016C984,0x092A6634; 0x092A6674; 0x092A667C; 0x092A6684,
LEVEL_10,10,Quadrona,0x002DDFB8,0x09417CB8,RatchetCloneBlaster,4,0x0016D854; 0x0016DA30; 0x0016ED44; 0x001A0100,0x092A7554; 0x092A7730; 0x092A8A44; 0x092D9E00,Navigate navigate; TriggerLink detectArea; MobyLink enemyController; MobyLink enemyWave; CurveLink initPath; TieLink initVat; MobyLink sparringPartner; MobyLink door1; MobyLink door2; MobyLink cutscene;
LEVEL_10,10,Quadrona,0x002DE158,0x09417E58,RatchetCloneWrench,4,0x0016F918; 0x0016FA04; 0x0016FF20; 0x0016FDD8,0x092A9618; 0x092A9704; 0x092A9C20; 0x092A9AD8,Navigate navigate; TriggerLink detectArea; MobyLink enemyController; MobyLink enemyWave; CurveLink initPath; TieLink initVat; MobyLink sparringPartner; MobyLink door1; MobyLink door2; MobyLink cutscene;
LEVEL_10,10,Quadrona,0x002DE254,0x09417F54,RatchetDecoyInner,4,0x00170B50; 0x00170B58; 0x001718C8; 0x00170C18,0x092AA850; 0x092AA858; 0x092AB5C8; 0x092AA918,
LEVEL_10,10,Quadrona,0x002DE2C8,0x09417FC8,RatchetDecoyOuter,3,0x00171DD8; 0x00171E14; 0x00171E1C,0x092ABAD8; 0x092ABB14; 0x092ABB1C,
LEVEL_10,10,Quadrona,0x002DE358,0x09418058,RatchetInsideArea,3,0x00171E38; 0x00171EEC; 0x00171EF4,0x092ABB38; 0x092ABBEC; 0x092ABBF4,MobyLink insideTriggerCollection; u32 pad[ 3 ];
LEVEL_10,10,Quadrona,0x002DE404,0x09418104,Region,3,0x00171F54; 0x00172050; 0x00172058,0x092ABC54; 0x092ABD50; 0x092ABD58,Toggle groups[32]; TriggerLink zone; u32 pad[ 3 ];
LEVEL_10,10,Quadrona,0x002DE49C,0x0941819C,ReplayPrompt,3,0x00172060; 0x001720B8; 0x001720C0,0x092ABD60; 0x092ABDB8; 0x092ABDC0,MobyLink warpContinuePoint; u32 pad[ 3 ];
LEVEL_10,10,Quadrona,0x002DE510,0x09418210,RobotShrapnel,3,0x001722C4; 0x00172320; 0x00172328,0x092ABFC4; 0x092AC020; 0x092AC028,
LEVEL_10,10,Quadrona,0x002DE6A8,0x094183A8,Ryno,3,0x0017290C; 0x001729E8; 0x00173088,0x092AC60C; 0x092AC6E8; 0x092ACD88,
LEVEL_10,10,Quadrona,0x002DE784,0x09418484,RynoRocket,3,0x00173A8C; 0x00173AA8; 0x00173AF8,0x092AD78C; 0x092AD7A8; 0x092AD7F8,
LEVEL_10,10,Quadrona,0x002DEA3C,0x0941873C,SentryTurret01,4,0x001749B4; 0x00174D98; 0x001755F4; 0x00174F4C,0x092AE6B4; 0x092AEA98; 0x092AF2F4; 0x092AEC4C,MobyLink enemyController; TriggerLink detect; MobyLink enemyWave; MobyLink door; Toggle usePointLights; u8 pad[15];
LEVEL_10,10,Quadrona,0x002DEB60,0x09418860,SentryTurret01Shot,4,0x00176460; 0x00176478; 0x00176480; 0x0017658C,0x092B0160; 0x092B0178; 0x092B0180; 0x092B028C,Particle *pLength; Particle *pSphere; Moby *pController; Moby *pParent; f32 distTravelled; f32 collDist; u32 pad[2];
LEVEL_10,10,Quadrona,0x002DED34,0x09418A34,SetCamera,3,0x00176DEC; 0x00176F00; 0x00176F08,0x092B0AEC; 0x092B0C00; 0x092B0C08,TriggerLink area; Toggle lazy; u8 pad[3]; f32 lookHeight; f32 camDist; f32 height; f32 elevation; f32 azimuth; MobyLink parent; Toggle useAzimuth; Toggle useLookHeight; Toggle useCamDist; Toggle useHeight; Toggle useElevation; Toggle enabled; Toggle singleUse; Toggle entered; f32 speed; u32 priority; f32 restoreSpeed; u32 pad2[3];
LEVEL_10,10,Quadrona,0x002DEDC0,0x09418AC0,ShieldBubble,3,0x001771D0; 0x00177254; 0x0017725C,0x092B0ED0; 0x092B0F54; 0x092B0F5C,
LEVEL_10,10,Quadrona,0x002DEE80,0x09418B80,ShieldCharger,4,0x001795FC; 0x00178CBC; 0x00179A2C; 0x0017A230,0x092B32FC; 0x092B29BC; 0x092B372C; 0x092B3F30,
LEVEL_10,10,Quadrona,0x002DF028,0x09418D28,ShieldChargerBolt,3,0x0017C090; 0x0017C098; 0x0017C0DC,0x092B5D90; 0x092B5D98; 0x092B5DDC,
LEVEL_10,10,Quadrona,0x002DF128,0x09418E28,ShockRocket,3,0x0017C430; 0x0017C51C; 0x0017C808,0x092B6130; 0x092B621C; 0x092B6508,
LEVEL_10,10,Quadrona,0x002DF214,0x09418F14,ShockRocketShot,3,0x0017D37C; 0x0017D3CC; 0x0017D9D4,0x092B707C; 0x092B70CC; 0x092B76D4,
LEVEL_10,10,Quadrona,0x002DF2AC,0x09418FAC,ShockWave,3,0x0017E7EC; 0x0017E888; 0x0017E890,0x092B84EC; 0x092B8588; 0x092B8590,
LEVEL_10,10,Quadrona,0x002DF35C,0x0941905C,ShrinkBeam,3,0x0017EC18; 0x0017EC20; 0x0017F3A8,0x092B8918; 0x092B8920; 0x092B90A8,
LEVEL_10,10,Quadrona,0x002DF3D0,0x094190D0,ShrinkRay,3,0x00180068; 0x00180070; 0x00180078,0x092B9D68; 0x092B9D70; 0x092B9D78,u32 pad[ 4 ];
LEVEL_10,10,Quadrona,0x002DF430,0x09419130,ShrinkRayRatchet,3,0x00180114; 0x0018011C; 0x00180124,0x092B9E14; 0x092B9E1C; 0x092B9E24,
LEVEL_10,10,Quadrona,0x002DF4DC,0x094191DC,SimpleTimer,3,0x0018012C; 0x0018023C; 0x00180258,0x092B9E2C; 0x092B9F3C; 0x092B9F58,f32 time; MobyLink signalStart; MobyLink signalEnd; TriggerLink trigger;
LEVEL_10,10,Quadrona,0x002DF5B4,0x094192B4,SkillPoint_L10,3,0x00180380; 0x00180560; 0x00180568,0x092BA080; 0x092BA260; 0x092BA268,TriggerLink eliteStart; TriggerLink enemySegmentArea; TriggerLink exitEnemySegmentArea; u32 pad;
LEVEL_10,10,Quadrona,0x002DF690,0x09419390,Spitfire,3,0x00180B70; 0x00180BA4; 0x00180BC8,0x092BA870; 0x092BA8A4; 0x092BA8C8,
LEVEL_10,10,Quadrona,0x002DF76C,0x0941946C,Splash,3,0x00181F5C; 0x00181FA4; 0x00181FAC,0x092BBC5C; 0x092BBCA4; 0x092BBCAC,VEC2 pos; VEC2 velocity; const VEC3 *pPos; f32 startRadius; u16 uOffset; u8 owned; u8 pad;
LEVEL_10,10,Quadrona,0x002DF854,0x09419554,Sproutomatic,3,0x00182584; 0x0018262C; 0x00182664,0x092BC284; 0x092BC32C; 0x092BC364,
LEVEL_10,10,Quadrona,0x002DF8B8,0x094195B8,StaticBarrierBelt,3,0x00182C28; 0x00182C5C; 0x00182C64,0x092BC928; 0x092BC95C; 0x092BC964,
LEVEL_10,10,Quadrona,0x002DFA18,0x09419718,SuckCannon,3,0x00182C6C; 0x00182DB4; 0x001833D0,0x092BC96C; 0x092BCAB4; 0x092BD0D0,
LEVEL_10,10,Quadrona,0x002DFA80,0x09419780,SuckCannonComet,3,0x001A1A10; 0x001A1A18; 0x001A1C4C,0x092DB710; 0x092DB718; 0x092DB94C,
LEVEL_10,10,Quadrona,0x002DFAE8,0x094197E8,SuckCannonCometTie,3,0x001A1A10; 0x001A1A18; 0x00183D40,0x092DB710; 0x092DB718; 0x092BDA40,
LEVEL_10,10,Quadrona,0x002DFBC4,0x094198C4,SuckCannonManager,3,0x00184A20; 0x00184A6C; 0x00184A74,0x092BE720; 0x092BE76C; 0x092BE774,
LEVEL_10,10,Quadrona,0x002DFC54,0x09419954,SwarmManager,3,0x001857C4; 0x0018580C; 0x00185B44,0x092BF4C4; 0x092BF50C; 0x092BF844,
LEVEL_10,10,Quadrona,0x002DFD68,0x09419A68,Teleporter,3,0x00186364; 0x0018671C; 0x00186AE8,0x092C0064; 0x092C041C; 0x092C07E8,MobyLink destination; MobyLink destinationPreferred; TriggerLink activateTrigger; u32 levelId; s32 changeToLevel; Toggle secretActivation; s8 canGoToLevel; u8 pad[ 10 ];
LEVEL_10,10,Quadrona,0x002E019C,0x09419E9C,TieManipulator,3,0x00187434; 0x0018742C; 0x00187A0C,0x092C1134; 0x092C112C; 0x092C170C,TieLink tie[ 8 ]; f32 xAxis; f32 yAxis; f32 zAxis; f32 xRot; f32 yRot; f32 zRot; f32 xSpan; f32 ySpan; f32 zSpan; f32 xCounter; f32 yCounter; f32 zCounter; f32 speed; f32 speedPerFrame; f32 curviness; f32 curvPar; f32 scaleSpeed; f32 scaleSpeedPerFrame; f32 scaleMax; f32 scaleCounter; f32 xPerc[8]; f32 yPerc[8]; f32 zPerc[8]; f32 xPar[8]; f32 yPar[8]; f32 zPar[8]; f32 xStart[8]; f32 yStart[8]; f32 zStart[8]; MATRIX4 *pMat[8]; MATRIX4 scaleMatrix; f32 drawDistance; f32 updateDistance; f32 inverseScale; u32 linkCount;
LEVEL_10,10,Quadrona,0x002E02DC,0x09419FDC,TitaniumBolt,3,0x00187D9C; 0x00187F8C; 0x001880F4,0x092C1A9C; 0x092C1C8C; 0x092C1DF4,f32 dist; f32 height; f32 lookHeight; f32 elevation; f32 azimuth; Toggle magnaboots; Toggle noAnimation; u32 levelToFake; u8 id; u8 pad[5];
LEVEL_10,10,Quadrona,0x002E0438,0x0941A138,TrainingDummy,4,0x00188ED8; 0x00188B18; 0x00189428; 0x00188B7C,0x092C2BD8; 0x092C2818; 0x092C3128; 0x092C287C,MobyLink triggerCollection; CurveLink movePath; MobyLink moveInWave; MobyLink moveBackWave; MobyLink enemyController; u32 pad[ 3 ];
LEVEL_10,10,Quadrona,0x002E04CC,0x0941A1CC,TriggerCollection,3,0x00189D00; 0x00189D08; 0x00189D10,0x092C3A00; 0x092C3A08; 0x092C3A10,TriggerLink triggers[ 14 ];
LEVEL_10,10,Quadrona,0x002E05A4,0x0941A2A4,TriggeredDoor,3,0x00189EDC; 0x0018A1F0; 0x0018A570,0x092C3BDC; 0x092C3EF0; 0x092C4270,TriggerLink trigger; MobyLink mobyToCheck; MobyLink grindrailLock; Toggle stayOpen; Toggle saveState; u8 pad[ 2 ];
LEVEL_10,10,Quadrona,0x002E06C8,0x0941A3C8,TripleWaveBeacon,3,0x0018AF8C; 0x0018B13C; 0x0018B170,0x092C4C8C; 0x092C4E3C; 0x092C4E70,
LEVEL_10,10,Quadrona,0x002E08FC,0x0941A5FC,TubeController,3,0x0018B418; 0x0018B658; 0x0018BAE8,0x092C5118; 0x092C5358; 0x092C57E8,CurveLink tubePath; TriggerLink updateArea; u32 pad[ 2 ];
LEVEL_10,10,Quadrona,0x002E09BC,0x0941A6BC,vendor,3,0x0018BF04; 0x0018C0CC; 0x0018C130,0x092C5C04; 0x092C5DCC; 0x092C5E30,u32 lastAnimPlayed; u32 vendorType; Toggle bSellsWeapons; u8 pad[ 7 ];
LEVEL_10,10,Quadrona,0x002E0BC8,0x0941A8C8,Wrench,3,0x0018C4AC; 0x0018C580; 0x0018C9BC,0x092C61AC; 0x092C6280; 0x092C66BC,
LEVEL_10,10,Quadrona,0x002E0C98,0x0941A998,WrenchClone,3,0x0018F7E8; 0x0018F82C; 0x0018F848,0x092C94E8; 0x092C952C; 0x092C9548,
LEVEL_15,15,Giant Clank — niveau 4,0x00235B78,0x0936F878,GCS,3,0x000D719C; 0x000D7338; 0x000D736C,0x09210E9C; 0x09211038; 0x0921106C,CurveLink curveCameraPath; u32 pad[ 3 ];
LEVEL_15,15,Giant Clank — niveau 4,0x0023C83C,0x0937653C,GCS_Asteroid,3,0x00109A24; 0x00109A7C; 0x00109A84,0x09243724; 0x0924377C; 0x09243784,float health; float moveSpeedMin; float moveSpeedMax; float spinSpeedMin; float spinSpeedMax; Toggle spinRandom; u8 pad1[3]; float spinStartAngle; float spinAxisYaw; float spinAxisPitch; u32 pad2[1];
LEVEL_15,15,Giant Clank — niveau 4,0x0023C8B0,0x093765B0,GCS_Models,3,0x00109E78; 0x00109ED0; 0x00109ED8,0x09243B78; 0x09243BD0; 0x09243BD8,u32 pad[ 4 ];
LEVEL_15,15,Giant Clank — niveau 4,0x0023CD64,0x09376A64,GCS_Ship,4,0x0010CB68; 0x0010CB94; 0x0010CB9C; 0x0010CBA4,0x09246868; 0x09246894; 0x0924689C; 0x092468A4,u32 pad[ 4 ];
LEVEL_15,15,Giant Clank — niveau 4,0x0023D054,0x09376D54,GCS_WaveBomberGrid,3,0x0010D4C0; 0x0010D518; 0x0010D520,0x092471C0; 0x09247218; 0x09247220,s32 waveID; f32 enemyHealth; s32 enemyGunType; f32 enemyLifetime; f32 enemyRandExtraLifetime; f32 enemySpawnInterval; f32 enemyRandSpawnDelay; VEC3 gridCenter; VEC3 gridRandOffset; s32 gridWidth; s32 gridHeight; f32 gridYaw; f32 gridPitch; f32 gridRoll; VEC3 gridScale; VEC3 enterOffset; f32 enterAngleStart; f32 enterAngleEnd; f32 enterAngleRand; f32 appearOvershootDist; f32 appearMaxSpeed; f32 fleeVel; f32 fleeAccel; f32 fleeScreenAngleMin; f32 fleeScreenAngleMax; f32 idleFireInitDelay; f32 idleFireInterval; f32 evadeIntervalMin; f32 evadeIntervalMax; VEC3 evadeMoveOffset; f32 evadeMoveVel; f32 evadeMoveAccel;
LEVEL_15,15,Giant Clank — niveau 4,0x0023D498,0x09377198,GCS_WaveCorvetteGrid,3,0x0010DB40; 0x0010DB98; 0x0010DBA0,0x09247840; 0x09247898; 0x092478A0,s32 waveID; f32 enemyHealth; f32 enemyLifetime; f32 enemyStopRailDelay; f32 enemyRandExtraLifetime; f32 enemySpawnInterval; f32 enemyRandSpawnDelay; VEC3 gridCenter; VEC3 gridRandOffset; s32 gridWidth; s32 gridHeight; f32 gridYaw; f32 gridPitch; f32 gridRoll; VEC3 gridScale; s32 gunFrontType; f32 gunFrontFireInterval; f32 gunFrontFireDelay; s32 gunTopType; f32 gunTopFireInterval; f32 gunTopFireDelay; s32 gunSideType; f32 gunSideFireInterval; f32 gunSideFireDelay; s32 gunWingType; f32 gunWingFireInterval; f32 gunWingFireDelay; VEC3 enterOffset; f32 enterAngleStart; f32 enterAngleEnd; f32 enterAngleRand; f32 appearStartVel; f32 appearDecel; f32 appearClampPitch; f32 fleeVel; f32 fleeAccel; f32
LEVEL_15,15,Giant Clank — niveau 4,0x0023D7A0,0x093774A0,GCS_WaveLancerGrid,3,0x0010E3C4; 0x0010E41C; 0x0010E424,0x092480C4; 0x0924811C; 0x09248124,s32 waveID; f32 enemyHealth; f32 enemyShieldHealth; f32 enemyLifetime; f32 enemyRandExtraLifetime; f32 enemySpawnInterval; f32 enemyRandSpawnDelay; VEC3 gridCenter; VEC3 gridRandOffset; s32 gridWidth; s32 gridHeight; f32 gridYaw; f32 gridPitch; f32 gridRoll; VEC3 gridScale; VEC3 enterOffset; f32 enterAngleStart; f32 enterAngleEnd; f32 enterAngleRand; f32 appearStartVel; f32 appearDecel; f32 fleeVel; f32 fleeAccel; f32 fleeScreenAngleMin; f32 fleeScreenAngleMax; f32 strafeIntervalMin; f32 strafeIntervalMax; VEC3 strafeMoveOffset; f32 strafeMoveVel; f32 strafeMoveAccel; f32 strafeTargetScale; f32 strafeTargetOffsetX; f32 strafeTargetOffsetY;
LEVEL_15,15,Giant Clank — niveau 4,0x0023DAC8,0x093777C8,GCS_WaveMaxiGrid,3,0x0010EA40; 0x0010EA98; 0x0010EAA0,0x09248740; 0x09248798; 0x092487A0,s32 waveID; f32 enemyHealth; f32 enemyLifetime; f32 enemyRandExtraLifetime; f32 enemySpawnInterval; f32 enemyRandSpawnDelay; VEC3 gridCenter; VEC3 gridRandOffset; s32 gridWidth; s32 gridHeight; f32 gridYaw; f32 gridPitch; f32 gridRoll; VEC3 gridScale; s32 gunTopType; f32 gunTopFireInterval; f32 gunTopFireDelay; s32 gunBottomType; f32 gunBottomFireInterval; f32 gunBottomRightFireDelay; f32 gunBottomLeftFireDelay; VEC3 enterOffset; f32 enterAngleStart; f32 enterAngleEnd; f32 enterAngleRand; f32 appearStartVel; f32 appearDecel; Toggle fleeToPoint; u8 pad1[3]; f32 fleeVel; f32 fleeAccel; f32 fleeScreenAngleMin; f32 fleeScreenAngleMax; VEC3 fleePoint; f32 idleFireInitDelay;
LEVEL_15,15,Giant Clank — niveau 4,0x0023DE30,0x09377B30,GCS_WaveMiniGrid,3,0x0010F14C; 0x0010F1A4; 0x0010F1AC,0x09248E4C; 0x09248EA4; 0x09248EAC,s32 waveID; MobyLink launchFromCorvette; Toggle launchRear; f32 enemyHealth; s32 enemyGunType; f32 enemyLifetime; f32 enemyRandExtraLifetime; f32 enemySpawnInterval; f32 enemyRandSpawnDelay; Toggle enemyLaunched; VEC3 gridCenter; VEC3 gridRandOffset; s32 gridWidth; s32 gridHeight; f32 gridYaw; f32 gridPitch; f32 gridRoll; VEC3 gridScale; VEC3 enterOffset; f32 enterAngleStart; f32 enterAngleEnd; f32 enterAngleRand; f32 appearStartVel; f32 appearDecel; f32 fleeVel; f32 fleeAccel; f32 fleeScreenAngleMin; f32 fleeScreenAngleMax; f32 idleFireInitDelay; f32 idleFireInterval; f32 evadeIntervalMin; f32 evadeIntervalMax; VEC3 evadeMoveOffset; f32 evadeMoveVel; f32 evadeMoveAccel; f32 evadeSpin; f32 e
LEVEL_15,15,Giant Clank — niveau 4,0x0023E014,0x09377D14,LevelMusic,2,0x0010F9BC; 0x0010FA9C,0x092496BC; 0x0924979C,u32 songNumber; TriggerLink trigger; s32 continuePointMin; s32 continuePointMax; s32 levelNumber; u8 priority; u8 pad[ 7 ];
LEVEL_21,21,Giant Clank — niveau 7,0x00235B78,0x0936F878,GCS,3,0x000D719C; 0x000D7338; 0x000D736C,0x09210E9C; 0x09211038; 0x0921106C,CurveLink curveCameraPath; u32 pad[ 3 ];
LEVEL_21,21,Giant Clank — niveau 7,0x0023C83C,0x0937653C,GCS_Asteroid,3,0x00109A24; 0x00109A7C; 0x00109A84,0x09243724; 0x0924377C; 0x09243784,float health; float moveSpeedMin; float moveSpeedMax; float spinSpeedMin; float spinSpeedMax; Toggle spinRandom; u8 pad1[3]; float spinStartAngle; float spinAxisYaw; float spinAxisPitch; u32 pad2[1];
LEVEL_21,21,Giant Clank — niveau 7,0x0023C8B0,0x093765B0,GCS_Models,3,0x00109E78; 0x00109ED0; 0x00109ED8,0x09243B78; 0x09243BD0; 0x09243BD8,u32 pad[ 4 ];
LEVEL_21,21,Giant Clank — niveau 7,0x0023CD64,0x09376A64,GCS_Ship,4,0x0010CB68; 0x0010CB94; 0x0010CB9C; 0x0010CBA4,0x09246868; 0x09246894; 0x0924689C; 0x092468A4,u32 pad[ 4 ];
LEVEL_21,21,Giant Clank — niveau 7,0x0023D054,0x09376D54,GCS_WaveBomberGrid,3,0x0010D4C0; 0x0010D518; 0x0010D520,0x092471C0; 0x09247218; 0x09247220,s32 waveID; f32 enemyHealth; s32 enemyGunType; f32 enemyLifetime; f32 enemyRandExtraLifetime; f32 enemySpawnInterval; f32 enemyRandSpawnDelay; VEC3 gridCenter; VEC3 gridRandOffset; s32 gridWidth; s32 gridHeight; f32 gridYaw; f32 gridPitch; f32 gridRoll; VEC3 gridScale; VEC3 enterOffset; f32 enterAngleStart; f32 enterAngleEnd; f32 enterAngleRand; f32 appearOvershootDist; f32 appearMaxSpeed; f32 fleeVel; f32 fleeAccel; f32 fleeScreenAngleMin; f32 fleeScreenAngleMax; f32 idleFireInitDelay; f32 idleFireInterval; f32 evadeIntervalMin; f32 evadeIntervalMax; VEC3 evadeMoveOffset; f32 evadeMoveVel; f32 evadeMoveAccel;
LEVEL_21,21,Giant Clank — niveau 7,0x0023D498,0x09377198,GCS_WaveCorvetteGrid,3,0x0010DB40; 0x0010DB98; 0x0010DBA0,0x09247840; 0x09247898; 0x092478A0,s32 waveID; f32 enemyHealth; f32 enemyLifetime; f32 enemyStopRailDelay; f32 enemyRandExtraLifetime; f32 enemySpawnInterval; f32 enemyRandSpawnDelay; VEC3 gridCenter; VEC3 gridRandOffset; s32 gridWidth; s32 gridHeight; f32 gridYaw; f32 gridPitch; f32 gridRoll; VEC3 gridScale; s32 gunFrontType; f32 gunFrontFireInterval; f32 gunFrontFireDelay; s32 gunTopType; f32 gunTopFireInterval; f32 gunTopFireDelay; s32 gunSideType; f32 gunSideFireInterval; f32 gunSideFireDelay; s32 gunWingType; f32 gunWingFireInterval; f32 gunWingFireDelay; VEC3 enterOffset; f32 enterAngleStart; f32 enterAngleEnd; f32 enterAngleRand; f32 appearStartVel; f32 appearDecel; f32 appearClampPitch; f32 fleeVel; f32 fleeAccel; f32
LEVEL_21,21,Giant Clank — niveau 7,0x0023D7A0,0x093774A0,GCS_WaveLancerGrid,3,0x0010E3C4; 0x0010E41C; 0x0010E424,0x092480C4; 0x0924811C; 0x09248124,s32 waveID; f32 enemyHealth; f32 enemyShieldHealth; f32 enemyLifetime; f32 enemyRandExtraLifetime; f32 enemySpawnInterval; f32 enemyRandSpawnDelay; VEC3 gridCenter; VEC3 gridRandOffset; s32 gridWidth; s32 gridHeight; f32 gridYaw; f32 gridPitch; f32 gridRoll; VEC3 gridScale; VEC3 enterOffset; f32 enterAngleStart; f32 enterAngleEnd; f32 enterAngleRand; f32 appearStartVel; f32 appearDecel; f32 fleeVel; f32 fleeAccel; f32 fleeScreenAngleMin; f32 fleeScreenAngleMax; f32 strafeIntervalMin; f32 strafeIntervalMax; VEC3 strafeMoveOffset; f32 strafeMoveVel; f32 strafeMoveAccel; f32 strafeTargetScale; f32 strafeTargetOffsetX; f32 strafeTargetOffsetY;
LEVEL_21,21,Giant Clank — niveau 7,0x0023DAC8,0x093777C8,GCS_WaveMaxiGrid,3,0x0010EA40; 0x0010EA98; 0x0010EAA0,0x09248740; 0x09248798; 0x092487A0,s32 waveID; f32 enemyHealth; f32 enemyLifetime; f32 enemyRandExtraLifetime; f32 enemySpawnInterval; f32 enemyRandSpawnDelay; VEC3 gridCenter; VEC3 gridRandOffset; s32 gridWidth; s32 gridHeight; f32 gridYaw; f32 gridPitch; f32 gridRoll; VEC3 gridScale; s32 gunTopType; f32 gunTopFireInterval; f32 gunTopFireDelay; s32 gunBottomType; f32 gunBottomFireInterval; f32 gunBottomRightFireDelay; f32 gunBottomLeftFireDelay; VEC3 enterOffset; f32 enterAngleStart; f32 enterAngleEnd; f32 enterAngleRand; f32 appearStartVel; f32 appearDecel; Toggle fleeToPoint; u8 pad1[3]; f32 fleeVel; f32 fleeAccel; f32 fleeScreenAngleMin; f32 fleeScreenAngleMax; VEC3 fleePoint; f32 idleFireInitDelay;
LEVEL_21,21,Giant Clank — niveau 7,0x0023DE30,0x09377B30,GCS_WaveMiniGrid,3,0x0010F14C; 0x0010F1A4; 0x0010F1AC,0x09248E4C; 0x09248EA4; 0x09248EAC,s32 waveID; MobyLink launchFromCorvette; Toggle launchRear; f32 enemyHealth; s32 enemyGunType; f32 enemyLifetime; f32 enemyRandExtraLifetime; f32 enemySpawnInterval; f32 enemyRandSpawnDelay; Toggle enemyLaunched; VEC3 gridCenter; VEC3 gridRandOffset; s32 gridWidth; s32 gridHeight; f32 gridYaw; f32 gridPitch; f32 gridRoll; VEC3 gridScale; VEC3 enterOffset; f32 enterAngleStart; f32 enterAngleEnd; f32 enterAngleRand; f32 appearStartVel; f32 appearDecel; f32 fleeVel; f32 fleeAccel; f32 fleeScreenAngleMin; f32 fleeScreenAngleMax; f32 idleFireInitDelay; f32 idleFireInterval; f32 evadeIntervalMin; f32 evadeIntervalMax; VEC3 evadeMoveOffset; f32 evadeMoveVel; f32 evadeMoveAccel; f32 evadeSpin; f32 e
LEVEL_21,21,Giant Clank — niveau 7,0x0023E014,0x09377D14,LevelMusic,2,0x0010F9BC; 0x0010FA9C,0x092496BC; 0x0924979C,u32 songNumber; TriggerLink trigger; s32 continuePointMin; s32 continuePointMax; s32 levelNumber; u8 priority; u8 pad[ 7 ];
LEVEL_22,22,Airboard — niveau 3,0x0023D9D8,0x093776D8,AirboardTrigger,3,0x000E859C; 0x000E8928; 0x000E8930,0x0922229C; 0x09222628; 0x09222630,CurveLink paths[8]; u8 pathRelevance[8]; CurveLink endPath; MobyLink raceController; int trigSet; int pad[3];
LEVEL_22,22,Airboard — niveau 3,0x0023DB4C,0x0937784C,AirRaceBarrier,3,0x000E8A78; 0x000E8998; 0x000E9068,0x09222778; 0x09222698; 0x09222D68,TriggerLink alternateLocationLnk; TriggerLink rotationalAxisLnk; f32 timeFractionAccel[2]; f32 timeFractionDecel[2]; f32 timeMoving[2]; f32 timeResting[2]; f32 timeRotating[2]; f32 timeOffset; u8 racesPresent; u8 paddingSmall[3]; u32 paddingLarge[2];
LEVEL_22,22,Airboard — niveau 3,0x0023DD34,0x09377A34,AirRaceCameraCurve,3,0x000E9CFC; 0x000E9EF4; 0x000EAE08,0x092239FC; 0x09223BF4; 0x09224B08,TriggerLink dominion[4]; CurveLink routes[4]; f32 leadDistance; f32 searchDistance; f32 distance; f32 height; f32 lookAbove; u8 priority; Toggle imposeAzimuth; Toggle imposeElevation; Toggle imposeDistance; Toggle imposeHeight; Toggle imposeLookAbove; Toggle noSlideZone; u8 paddingOfEarCaressingTelephoneHandles[ 2 ]; u32 paddingOfProddingBBQCoathangars[ 1 ];
LEVEL_22,22,Airboard — niveau 3,0x0023DF38,0x09377C38,AirRaceCameraTweaker,3,0x000EB118; 0x000EB18C; 0x000EB194,0x09224E18; 0x09224E8C; 0x09224E94,TriggerLink modificationZones[4]; TriggerLink orientationZones[4]; f32 driftAzimuthScale; f32 driftTether; f32 distance; f32 height; f32 elevation; f32 speed; u8 cameraType; u8 cameraPriority; u8 paddingOfLickableClawHammers[2]; f32 lookAbove; u32 paddingOfLovesSecretDomain[3];
LEVEL_22,22,Airboard — niveau 3,0x0023E018,0x09377D18,AirRaceMine,3,0x000EB53C; 0x000EBA14; 0x000EC86C,0x0922523C; 0x09225714; 0x0922656C,f32 triggerRadius; f32 warningTime; f32 explosionRadius; u8 slowdownMine; u8 racesPresent; u8 paddingOfPumpernickelAngiush[2];
LEVEL_22,22,Airboard — niveau 3,0x0023E5D4,0x093782D4,AirRacePickupBoost,3,0x000EE69C; 0x000EDB40; 0x000EDB48,0x0922839C; 0x09227840; 0x09227848,u8 racesPresent; u8 paddingSmall[3]; u32 paddingLarge[3];
LEVEL_22,22,Airboard — niveau 3,0x0023E6A4,0x093783A4,AirRaceProp,3,0x000EFF30; 0x000F01A8; 0x000F0220,0x09229C30; 0x09229EA8; 0x09229F20,u8 racesPresent; u8 paddingSmall[3]; u32 paddingLarge[3];
LEVEL_22,22,Airboard — niveau 3,0x0023E79C,0x0937849C,AirRaceRings,3,0x000F0228; 0x000F0304; 0x000F114C,0x09229F28; 0x0922A004; 0x0922AE4C,f32 speedRotationOuter; f32 speedRotationInner; f32 innerRingScale; u8 racesPresent; u8 boostsThroughCenter; u8 paddingOfHustleRoseIsGreiving[2];
LEVEL_22,22,Airboard — niveau 3,0x0023E8B8,0x093785B8,AirRaceSpeedSurface,3,0x000F2B24; 0x000F1384; 0x000F138C,0x0922C824; 0x0922B084; 0x0922B08C,u8 racesPresent; u8 gridDivisionsX; u8 gridDivisionsY; u8 paddingSmall[1]; u32 paddingLarge[3];
LEVEL_22,22,Airboard — niveau 3,0x0023EA58,0x09378758,AirRaceVent,3,0x000F46E8; 0x000F3C30; 0x000F3CA8,0x0922E3E8; 0x0922D930; 0x0922D9A8,f32 force; f32 turnForce; f32 coneWidthEnd; f32 coneLength; f32 timeVenting; f32 timeResting; f32 timeOffset; u8 racesPresent; u8 suck; u8 paddingOfPenguinGenitalSoccer[2];
LEVEL_22,22,Airboard — niveau 3,0x0023EB28,0x09378828,ArmorHelmet,3,0x000F576C; 0x000F5774; 0x000F577C,0x0922F46C; 0x0922F474; 0x0922F47C,
LEVEL_22,22,Airboard — niveau 3,0x0023EB88,0x09378888,ArmorLeftFoot,3,0x000F5784; 0x000F578C; 0x000F5794,0x0922F484; 0x0922F48C; 0x0922F494,
LEVEL_22,22,Airboard — niveau 3,0x0023EBF8,0x093788F8,ArmorLeftHand,3,0x000F579C; 0x000F57A4; 0x000F57AC,0x0922F49C; 0x0922F4A4; 0x0922F4AC,u32 pad[ 4 ];
LEVEL_22,22,Airboard — niveau 3,0x0023EC58,0x09378958,ArmorRightFoot,3,0x000F57B4; 0x000F57BC; 0x000F57C4,0x0922F4B4; 0x0922F4BC; 0x0922F4C4,
LEVEL_22,22,Airboard — niveau 3,0x0023ECC8,0x093789C8,ArmorRightHand,3,0x000F57CC; 0x000F57D4; 0x000F57DC,0x0922F4CC; 0x0922F4D4; 0x0922F4DC,u32 pad[ 4 ];
LEVEL_22,22,Airboard — niveau 3,0x0023ED28,0x09378A28,ArmorTorso,3,0x000F57E4; 0x000F57EC; 0x000F57F4,0x0922F4E4; 0x0922F4EC; 0x0922F4F4,
LEVEL_22,22,Airboard — niveau 3,0x0023EE14,0x09378B14,Blaster,3,0x000F582C; 0x000F5988; 0x000F5EAC,0x0922F52C; 0x0922F688; 0x0922FBAC,
LEVEL_22,22,Airboard — niveau 3,0x0023EE80,0x09378B80,BlasterAkimbo,3,0x000F6E8C; 0x000F6F10; 0x000F6F40,0x09230B8C; 0x09230C10; 0x09230C40,
LEVEL_22,22,Airboard — niveau 3,0x0023EEF4,0x09378BF4,BlasterShot,3,0x000F7210; 0x000F7238; 0x000F75DC,0x09230F10; 0x09230F38; 0x092312DC,
LEVEL_22,22,Airboard — niveau 3,0x0023F278,0x09378F78,Bolt,2,0x000F94A8; 0x000F94B0,0x092331A8; 0x092331B0,
LEVEL_22,22,Airboard — niveau 3,0x0023F2D8,0x09378FD8,BoltGrabber,3,0x000F94B8; 0x000F94C0; 0x000F94C8,0x092331B8; 0x092331C0; 0x092331C8,
LEVEL_22,22,Airboard — niveau 3,0x0023F338,0x09379038,BoxBreaker,3,0x000F94D0; 0x000F94D8; 0x000F94E0,0x092331D0; 0x092331D8; 0x092331E0,
LEVEL_22,22,Airboard — niveau 3,0x0023F398,0x09379098,BoxBreakerHelp,3,0x000F956C; 0x000F9574; 0x000F957C,0x0923326C; 0x09233274; 0x0923327C,
LEVEL_22,22,Airboard — niveau 3,0x0023F498,0x09379198,CrystalGroundShard,3,0x000F9A38; 0x000F9C7C; 0x000F9EC0,0x09233738; 0x0923397C; 0x09233BC0,
LEVEL_22,22,Airboard — niveau 3,0x0023F4F8,0x093791F8,DualBlasterHUD,3,0x000FA5E0; 0x000FA5E8; 0x000FA5F0,0x092342E0; 0x092342E8; 0x092342F0,
LEVEL_22,22,Airboard — niveau 3,0x0023F5FC,0x093792FC,ElectroshockWave,3,0x000FA5F8; 0x000FA600; 0x000FB0D8,0x092342F8; 0x09234300; 0x09234DD8,
LEVEL_22,22,Airboard — niveau 3,0x0023F7D8,0x093794D8,FlyingCarLightweightDirectional,3,0x000FBBA8; 0x000FBD9C; 0x000FBDA4,0x092358A8; 0x09235A9C; 0x09235AA4,f32 speed; f32 distance; f32 fadeDist; u8 pad8a; u8 reverse; u8 lanes; u8 pad8; f32 spawnXMod; f32 spawnYMod; VEC3 posVariAmp; VEC3 posVariRate; f32 scale; u32 numShips; f32 spawnRate; Toggle DistantShip1; Toggle DistantShip2; Toggle DistantShip3; Toggle PODCopter; Toggle ShuttleCruiser; Toggle Dragonfly; Toggle pad[15] ;
LEVEL_22,22,Airboard — niveau 3,0x0023FA00,0x09379700,FlyingCarLightweightOrbit,3,0x000FCC64; 0x000FCE40; 0x000FCE48,0x09236964; 0x09236B40; 0x09236B48,f32 speed; f32 radius; f32 fadeDist; u8 pad8a; u8 spawnRadiusMod; u8 reverse; u8 lanes; f32 spawnYMod; VEC3 posVariAmp; VEC3 posVariRate; u32 numShips; f32 spawnRate; f32 scale; f32 startAngle; f32 endAngle; Toggle DistantShip1; Toggle DistantShip2; Toggle DistantShip3; Toggle PODCopter; Toggle ShuttleCruiser; Toggle pad[11] ;
LEVEL_22,22,Airboard — niveau 3,0x0023FC04,0x09379904,FlyingCarLightweightPathed,3,0x000FE8B8; 0x000FDE18; 0x000FDE20,0x092385B8; 0x09237B18; 0x09237B20,CurveLink path; f32 speed; f32 fadeDist; u8 loop; u8 reverse; u8 lanes; u8 rotSmooth; f32 spawnXMod; f32 spawnYMod; VEC3 posVariAmp; VEC3 posVariRate; f32 spawnRate; f32 scale; u32 numShips; Toggle DistantShip1; Toggle DistantShip2; Toggle DistantShip3; Toggle PODCopter; Toggle ShuttleCruiser; Toggle pad[15] ;
LEVEL_22,22,Airboard — niveau 3,0x0023FCD8,0x093799D8,GravityCrystal,3,0x000FF204; 0x000FF41C; 0x000FFD94,0x09238F04; 0x0923911C; 0x09239A94,
LEVEL_22,22,Airboard — niveau 3,0x0023FE94,0x09379B94,Hypershot,3,0x00100190; 0x0010022C; 0x001002B4,0x09239E90; 0x09239F2C; 0x09239FB4,
LEVEL_22,22,Airboard — niveau 3,0x0023FF1C,0x09379C1C,Level01SkyController,3,0x00100444; 0x00100494; 0x0010049C,0x0923A144; 0x0923A194; 0x0923A19C,f32 rotSp; f32 rot; u32 pad[2];
LEVEL_22,22,Airboard — niveau 3,0x00240104,0x09379E04,LevelMusic,2,0x001005A8; 0x00100688,0x0923A2A8; 0x0923A388,u32 songNumber; TriggerLink trigger; s32 continuePointMin; s32 continuePointMax; s32 levelNumber; u8 priority; u8 pad[ 7 ];
LEVEL_22,22,Airboard — niveau 3,0x002401B4,0x09379EB4,Lvl3FluidBubble,3,0x00100CF0; 0x00100E0C; 0x00100E14,0x0923A9F0; 0x0923AB0C; 0x0923AB14,f32 offsetTime; f32 offTime; f32 offTimeRand; u32 pad;
LEVEL_22,22,Airboard — niveau 3,0x00240258,0x09379F58,MapOMaticGadget,3,0x00101348; 0x00101350; 0x00101358,0x0923B048; 0x0923B050; 0x0923B058,
LEVEL_22,22,Airboard — niveau 3,0x0024034C,0x0937A04C,MobyIce,3,0x00101BCC; 0x00101BE4; 0x00102568,0x0923B8CC; 0x0923B8E4; 0x0923C268,
LEVEL_22,22,Airboard — niveau 3,0x002403B8,0x0937A0B8,PDA,3,0x00102E1C; 0x00102E24; 0x00102E2C,0x0923CB1C; 0x0923CB24; 0x0923CB2C,
LEVEL_22,22,Airboard — niveau 3,0x002404C4,0x0937A1C4,Polarizer,3,0x00102E60; 0x0010301C; 0x00103B04,0x0923CB60; 0x0923CD1C; 0x0923D804,
LEVEL_22,22,Airboard — niveau 3,0x002405B0,0x0937A2B0,RaceController,3,0x00104A74; 0x00104E2C; 0x00104E34,0x0923E774; 0x0923EB2C; 0x0923EB34,CurveLink progress; TriggerLink finishLine; TriggerLink halfWay; u8 numLaps; u8 paddingOfLaserPuppies[3]; TriggerLink boostZones[32];
LEVEL_22,22,Airboard — niveau 3,0x00240660,0x0937A360,Ratchet,4,0x00106F90; 0x00106FD0; 0x00106FD8; 0x00106FE0,0x09240C90; 0x09240CD0; 0x09240CD8; 0x09240CE0,
LEVEL_22,22,Airboard — niveau 3,0x00240718,0x0937A418,ShrinkRayRatchet,3,0x00107EB0; 0x00107EB8; 0x00107EC0,0x09241BB0; 0x09241BB8; 0x09241BC0,
LEVEL_22,22,Airboard — niveau 3,0x00240884,0x0937A584,Skyboard,3,0x00107EC8; 0x00107F20; 0x00107F28,0x09241BC8; 0x09241C20; 0x09241C28,VEC4 lastLEnginePos; VEC4 lastREnginePos; VEC4 lastLEngineAt; VEC4 lastREngineAt; u8 engineActive; u8 turboActive; u8 expansionState; u32 paddingOfRuthlessDeterminism[1];
LEVEL_22,22,Airboard — niveau 3,0x00240AC0,0x0937A7C0,Skyboarder01,3,0x0010A1A8; 0x00108CA0; 0x00108CA8,0x09243EA8; 0x092429A0; 0x092429A8,CurveLink path; MobyLink raceController; Toggle isProp; u8 racesPresent; u8 isMovieSwitched; u8 textureSet; f32 baseSpeed; f32 trackThresholds[4]; f32 speedAdjustments[4];
LEVEL_22,22,Airboard — niveau 3,0x00240BC4,0x0937A8C4,Sproutomatic,3,0x0010C5E0; 0x0010C688; 0x0010C6C0,0x092462E0; 0x09246388; 0x092463C0,
LEVEL_22,22,Airboard — niveau 3,0x00240E34,0x0937AB34,TieManipulator,3,0x0010CD00; 0x0010CCF8; 0x0010D2D8,0x09246A00; 0x092469F8; 0x09246FD8,TieLink tie[ 8 ]; f32 xAxis; f32 yAxis; f32 zAxis; f32 xRot; f32 yRot; f32 zRot; f32 xSpan; f32 ySpan; f32 zSpan; f32 xCounter; f32 yCounter; f32 zCounter; f32 speed; f32 speedPerFrame; f32 curviness; f32 curvPar; f32 scaleSpeed; f32 scaleSpeedPerFrame; f32 scaleMax; f32 scaleCounter; f32 xPerc[8]; f32 yPerc[8]; f32 zPerc[8]; f32 xPar[8]; f32 yPar[8]; f32 zPar[8]; f32 xStart[8]; f32 yStart[8]; f32 zStart[8]; MATRIX4 *pMat[8]; MATRIX4 scaleMatrix; f32 drawDistance; f32 updateDistance; f32 inverseScale; u32 linkCount;
LEVEL_22,22,Airboard — niveau 3,0x00241040,0x0937AD40,Wrench,3,0x0010D76C; 0x0010D840; 0x0010DC7C,0x0924746C; 0x09247540; 0x0924797C,
LEVEL_23,23,Airboard — niveau 6,0x0029FB40,0x093D9840,Acidbomb,3,0x000FA828; 0x000FA838; 0x000FB1A0,0x09234528; 0x09234538; 0x09234EA0,
LEVEL_23,23,Airboard — niveau 6,0x0029FBC8,0x093D98C8,AcidbombEpoxy,3,0x000FC5E4; 0x000FC5EC; 0x000FC674,0x092362E4; 0x092362EC; 0x09236374,
LEVEL_23,23,Airboard — niveau 6,0x0029FC28,0x093D9928,AcidGloveHUD,3,0x000FCB7C; 0x000FCB84; 0x000FCB8C,0x0923687C; 0x09236884; 0x0923688C,
LEVEL_23,23,Airboard — niveau 6,0x0029FC88,0x093D9988,AgentController,3,0x000FCB94; 0x000FCC84; 0x000FCE3C,0x09236894; 0x09236984; 0x09236B3C,
LEVEL_23,23,Airboard — niveau 6,0x0029FFDC,0x093D9CDC,AgentOfDoom,4,0x000FD48C; 0x000FD568; 0x000FD628; 0x000FD948,0x0923718C; 0x09237268; 0x09237328; 0x09237648,
LEVEL_23,23,Airboard — niveau 6,0x002A00BC,0x093D9DBC,AgentOfDoomShrapnel,3,0x00102060; 0x00102068; 0x00102070,0x0923BD60; 0x0923BD68; 0x0923BD70,
LEVEL_23,23,Airboard — niveau 6,0x002A01F8,0x093D9EF8,AgentsBomb,3,0x00102370; 0x00102378; 0x00102380,0x0923C070; 0x0923C078; 0x0923C080,
LEVEL_23,23,Airboard — niveau 6,0x002A0290,0x093D9F90,AgentsGlove,3,0x0010390C; 0x00103998; 0x001039C4,0x0923D60C; 0x0923D698; 0x0923D6C4,
LEVEL_23,23,Airboard — niveau 6,0x002A033C,0x093DA03C,AgentsGrenade,3,0x00103E94; 0x00103F84; 0x00104438,0x0923DB94; 0x0923DC84; 0x0923E138,
LEVEL_23,23,Airboard — niveau 6,0x002A03E4,0x093DA0E4,AgentsLaser,3,0x001049B4; 0x00104CBC; 0x00104D70,0x0923E6B4; 0x0923E9BC; 0x0923EA70,
LEVEL_23,23,Airboard — niveau 6,0x002A04D8,0x093DA1D8,AgentsRocket,3,0x0010577C; 0x00105840; 0x001058C0,0x0923F47C; 0x0923F540; 0x0923F5C0,
LEVEL_23,23,Airboard — niveau 6,0x002A05E0,0x093DA2E0,AirboardTrigger,3,0x001061A8; 0x00106534; 0x0010653C,0x0923FEA8; 0x09240234; 0x0924023C,CurveLink paths[8]; u8 pathRelevance[8]; CurveLink endPath; MobyLink raceController; int trigSet; int pad[3];
LEVEL_23,23,Airboard — niveau 6,0x002A0754,0x093DA454,AirRaceBarrier,3,0x00106684; 0x001065A4; 0x00106C74,0x09240384; 0x092402A4; 0x09240974,TriggerLink alternateLocationLnk; TriggerLink rotationalAxisLnk; f32 timeFractionAccel[2]; f32 timeFractionDecel[2]; f32 timeMoving[2]; f32 timeResting[2]; f32 timeRotating[2]; f32 timeOffset; u8 racesPresent; u8 paddingSmall[3]; u32 paddingLarge[2];
LEVEL_23,23,Airboard — niveau 6,0x002A093C,0x093DA63C,AirRaceCameraCurve,3,0x00107908; 0x00107B00; 0x00108A14,0x09241608; 0x09241800; 0x09242714,TriggerLink dominion[4]; CurveLink routes[4]; f32 leadDistance; f32 searchDistance; f32 distance; f32 height; f32 lookAbove; u8 priority; Toggle imposeAzimuth; Toggle imposeElevation; Toggle imposeDistance; Toggle imposeHeight; Toggle imposeLookAbove; Toggle noSlideZone; u8 paddingOfEarCaressingTelephoneHandles[ 2 ]; u32 paddingOfProddingBBQCoathangars[ 1 ];
LEVEL_23,23,Airboard — niveau 6,0x002A0A90,0x093DA790,AirRaceInvitation,3,0x00108D24; 0x00108F3C; 0x00108F44,0x09242A24; 0x09242C3C; 0x09242C44,TriggerLink startTrigger; TriggerLink playerWarpPos; TriggerLink movieQueueTrigger; MobyLink startCam;
LEVEL_23,23,Airboard — niveau 6,0x002A0B90,0x093DA890,AirRaceMine,3,0x00109B88; 0x0010A060; 0x0010AEB8,0x09243888; 0x09243D60; 0x09244BB8,f32 triggerRadius; f32 warningTime; f32 explosionRadius; u8 slowdownMine; u8 racesPresent; u8 paddingOfPumpernickelAngiush[2];
LEVEL_23,23,Airboard — niveau 6,0x002A114C,0x093DAE4C,AirRacePickupBoost,3,0x0010CCE8; 0x0010C18C; 0x0010C194,0x092469E8; 0x09245E8C; 0x09245E94,u8 racesPresent; u8 paddingSmall[3]; u32 paddingLarge[3];
LEVEL_23,23,Airboard — niveau 6,0x002A121C,0x093DAF1C,AirRaceProp,3,0x0010E57C; 0x0010E7F4; 0x0010E86C,0x0924827C; 0x092484F4; 0x0924856C,u8 racesPresent; u8 paddingSmall[3]; u32 paddingLarge[3];
LEVEL_23,23,Airboard — niveau 6,0x002A1314,0x093DB014,AirRaceRings,3,0x0010E874; 0x0010E950; 0x0010F798,0x09248574; 0x09248650; 0x09249498,f32 speedRotationOuter; f32 speedRotationInner; f32 innerRingScale; u8 racesPresent; u8 boostsThroughCenter; u8 paddingOfHustleRoseIsGreiving[2];
LEVEL_23,23,Airboard — niveau 6,0x002A1450,0x093DB150,AirRaceSentry,3,0x0010F9D0; 0x0010FE80; 0x0010FE88,0x092496D0; 0x09249B80; 0x09249B88,TriggerLink otherEndpoint; f32 timeTravelling; f32 timeOffset; Toggle circling; u8 racesPresent; u8 paddingOfLegTremors[ 2 ];
LEVEL_23,23,Airboard — niveau 6,0x002A15A0,0x093DB2A0,AirRaceSpeedSurface,3,0x00112B5C; 0x001113BC; 0x001113C4,0x0924C85C; 0x0924B0BC; 0x0924B0C4,u8 racesPresent; u8 gridDivisionsX; u8 gridDivisionsY; u8 paddingSmall[1]; u32 paddingLarge[3];
LEVEL_23,23,Airboard — niveau 6,0x002A1740,0x093DB440,AirRaceVent,3,0x00114720; 0x00113C68; 0x00113CE0,0x0924E420; 0x0924D968; 0x0924D9E0,f32 force; f32 turnForce; f32 coneWidthEnd; f32 coneLength; f32 timeVenting; f32 timeResting; f32 timeOffset; u8 racesPresent; u8 suck; u8 paddingOfPenguinGenitalSoccer[2];
LEVEL_23,23,Airboard — niveau 6,0x002A1810,0x093DB510,ArmorHelmet,3,0x001157A4; 0x001157AC; 0x001157B4,0x0924F4A4; 0x0924F4AC; 0x0924F4B4,
LEVEL_23,23,Airboard — niveau 6,0x002A1870,0x093DB570,ArmorLeftFoot,3,0x001157BC; 0x001157C4; 0x001157CC,0x0924F4BC; 0x0924F4C4; 0x0924F4CC,
LEVEL_23,23,Airboard — niveau 6,0x002A18E0,0x093DB5E0,ArmorLeftHand,3,0x001157D4; 0x001157DC; 0x001157E4,0x0924F4D4; 0x0924F4DC; 0x0924F4E4,u32 pad[ 4 ];
LEVEL_23,23,Airboard — niveau 6,0x002A1A10,0x093DB710,ArmorPickup,3,0x00115B58; 0x00115808; 0x0011605C,0x0924F858; 0x0924F508; 0x0924FD5C,f32 dist; f32 height; f32 lookHeight; f32 elevation; f32 azimuth; MobyLink driver; MobyLink playerMatrix; u32 playthroughReq; Toggle magnaboots; u8 pad[ 15 ];
LEVEL_23,23,Airboard — niveau 6,0x002A1A88,0x093DB788,ArmorRightFoot,3,0x00116598; 0x001165A0; 0x001165A8,0x09250298; 0x092502A0; 0x092502A8,
LEVEL_23,23,Airboard — niveau 6,0x002A1AF8,0x093DB7F8,ArmorRightHand,3,0x001165B0; 0x001165B8; 0x001165C0,0x092502B0; 0x092502B8; 0x092502C0,u32 pad[ 4 ];
LEVEL_23,23,Airboard — niveau 6,0x002A1B58,0x093DB858,ArmorTorso,3,0x001165C8; 0x001165D0; 0x001165D8,0x092502C8; 0x092502D0; 0x092502D8,
LEVEL_23,23,Airboard — niveau 6,0x002A1C3C,0x093DB93C,BeeMine,4,0x00116C78; 0x00116C88; 0x00117068; 0x00116D60,0x09250978; 0x09250988; 0x09250D68; 0x09250A60,
LEVEL_23,23,Airboard — niveau 6,0x002A1D08,0x093DBA08,BeeMineGlove,3,0x00118A44; 0x00118BCC; 0x00118BF8,0x09252744; 0x092528CC; 0x092528F8,
LEVEL_23,23,Airboard — niveau 6,0x002A1D68,0x093DBA68,BeeMineGloveHUD,3,0x00119218; 0x00119220; 0x00119228,0x09252F18; 0x09252F20; 0x09252F28,
LEVEL_23,23,Airboard — niveau 6,0x002A1E34,0x093DBB34,BeeMineShrapnel,3,0x00119560; 0x00119568; 0x00119570,0x09253260; 0x09253268; 0x09253270,
LEVEL_23,23,Airboard — niveau 6,0x002A1F24,0x093DBC24,Blaster,3,0x001195E8; 0x00119744; 0x00119C68,0x092532E8; 0x09253444; 0x09253968,
LEVEL_23,23,Airboard — niveau 6,0x002A1F90,0x093DBC90,BlasterAkimbo,3,0x0011AC48; 0x0011ACCC; 0x0011ACFC,0x09254948; 0x092549CC; 0x092549FC,
LEVEL_23,23,Airboard — niveau 6,0x002A2004,0x093DBD04,BlasterShot,3,0x0011AFCC; 0x0011AFF4; 0x0011B398,0x09254CCC; 0x09254CF4; 0x09255098,
LEVEL_23,23,Airboard — niveau 6,0x002A2464,0x093DC164,BlitzGun,3,0x0011D264; 0x0011D3C0; 0x0011D818,0x09256F64; 0x092570C0; 0x09257518,
LEVEL_23,23,Airboard — niveau 6,0x002A25F4,0x093DC2F4,BlitzGunShot,3,0x0011F2AC; 0x0011F2B4; 0x0011F450,0x09258FAC; 0x09258FB4; 0x09259150,
LEVEL_23,23,Airboard — niveau 6,0x002A2658,0x093DC358,BoltGrabber,3,0x0011FF60; 0x0011FF68; 0x0011FF70,0x09259C60; 0x09259C68; 0x09259C70,
LEVEL_23,23,Airboard — niveau 6,0x002A271C,0x093DC41C,Bombglove,3,0x0011FF78; 0x00120050; 0x00120500,0x09259C78; 0x09259D50; 0x0925A200,
LEVEL_23,23,Airboard — niveau 6,0x002A2780,0x093DC480,BoxBreaker,3,0x00120A70; 0x00120A78; 0x00120A80,0x0925A770; 0x0925A778; 0x0925A780,
LEVEL_23,23,Airboard — niveau 6,0x002A27E0,0x093DC4E0,BoxBreakerHelp,3,0x00120B0C; 0x00120B14; 0x00120B1C,0x0925A80C; 0x0925A814; 0x0925A81C,
LEVEL_23,23,Airboard — niveau 6,0x002A2934,0x093DC634,ChameleonDecoy,4,0x00120DE8; 0x00120DF0; 0x00120E08; 0x00120E90,0x0925AAE8; 0x0925AAF0; 0x0925AB08; 0x0925AB90,
LEVEL_23,23,Airboard — niveau 6,0x002A29A8,0x093DC6A8,ClankForShipAnim,3,0x00120F44; 0x00120F4C; 0x00120F54,0x0925AC44; 0x0925AC4C; 0x0925AC54,u32 pad[ 4 ];
LEVEL_23,23,Airboard — niveau 6,0x002A2A08,0x093DC708,ClankPack,3,0x00120F5C; 0x00120F8C; 0x00120F94,0x0925AC5C; 0x0925AC8C; 0x0925AC94,
LEVEL_23,23,Airboard — niveau 6,0x002A2A94,0x093DC794,ContinuePoint,3,0x00120FB8; 0x00120FDC; 0x00120FE4,0x0925ACB8; 0x0925ACDC; 0x0925ACE4,TriggerLink activateTrigger; u8 index;
LEVEL_23,23,Airboard — niveau 6,0x002A2B34,0x093DC834,CowBell,3,0x001214B4; 0x001214BC; 0x001214C4,0x0925B1B4; 0x0925B1BC; 0x0925B1C4,
LEVEL_23,23,Airboard — niveau 6,0x002A2C34,0x093DC934,CrossbowGun,3,0x00121524; 0x00121610; 0x001217F0,0x0925B224; 0x0925B310; 0x0925B4F0,
LEVEL_23,23,Airboard — niveau 6,0x002A2E14,0x093DCB14,CrossbowShot,3,0x00121E40; 0x00121E48; 0x00123388,0x0925BB40; 0x0925BB48; 0x0925D088,
LEVEL_23,23,Airboard — niveau 6,0x002A2F30,0x093DCC30,CrystalGroundShard,3,0x0012427C; 0x001244C0; 0x00124704,0x0925DF7C; 0x0925E1C0; 0x0925E404,
LEVEL_23,23,Airboard — niveau 6,0x002A2FF0,0x093DCCF0,DeathTrigger,3,0x00124E24; 0x00124E84; 0x00124E8C,0x0925EB24; 0x0925EB84; 0x0925EB8C,MobyLink killAreas; MobyLink ignoreAreas; Toggle killHeroInTriggers; f32 minYHeight; u8 pad[3];
LEVEL_23,23,Airboard — niveau 6,0x002A3050,0x093DCD50,DualBlasterHUD,3,0x00125000; 0x00125008; 0x00125010,0x0925ED00; 0x0925ED08; 0x0925ED10,
LEVEL_23,23,Airboard — niveau 6,0x002A30EC,0x093DCDEC,electricXplo,3,0x00125AB0; 0x00125804; 0x0012580C,0x0925F7B0; 0x0925F504; 0x0925F50C,f32 lengths[24]; VEC3 normals[18]; f32 timer; s32 scroll;
LEVEL_23,23,Airboard — niveau 6,0x002A32C0,0x093DCFC0,ElectroBall,3,0x00127398; 0x00127408; 0x0012744C,0x09261098; 0x09261108; 0x0926114C,
LEVEL_23,23,Airboard — niveau 6,0x002A33CC,0x093DD0CC,ElectroshockWave,3,0x00128090; 0x00128098; 0x00128B70,0x09261D90; 0x09261D98; 0x09262870,
LEVEL_23,23,Airboard — niveau 6,0x002A359C,0x093DD29C,ExplosiveBee,3,0x00128F60; 0x00129008; 0x00129EB0,0x09262C60; 0x09262D08; 0x09263BB0,
LEVEL_23,23,Airboard — niveau 6,0x002A36D8,0x093DD3D8,Flamethrower,3,0x0012AFA8; 0x0012B124; 0x0012BF34,0x09264CA8; 0x09264E24; 0x09265C34,
LEVEL_23,23,Airboard — niveau 6,0x002A39C8,0x093DD6C8,FlyingCarLightweightDirectional,3,0x0012E574; 0x0012E768; 0x0012E770,0x09268274; 0x09268468; 0x09268470,f32 speed; f32 distance; f32 fadeDist; u8 pad8a; u8 reverse; u8 lanes; u8 pad8; f32 spawnXMod; f32 spawnYMod; VEC3 posVariAmp; VEC3 posVariRate; f32 scale; u32 numShips; f32 spawnRate; Toggle DistantShip1; Toggle DistantShip2; Toggle DistantShip3; Toggle PODCopter; Toggle ShuttleCruiser; Toggle Dragonfly; Toggle pad[15] ;
LEVEL_23,23,Airboard — niveau 6,0x002A3BF0,0x093DD8F0,FlyingCarLightweightOrbit,3,0x0012F630; 0x0012F80C; 0x0012F814,0x09269330; 0x0926950C; 0x09269514,f32 speed; f32 radius; f32 fadeDist; u8 pad8a; u8 spawnRadiusMod; u8 reverse; u8 lanes; f32 spawnYMod; VEC3 posVariAmp; VEC3 posVariRate; u32 numShips; f32 spawnRate; f32 scale; f32 startAngle; f32 endAngle; Toggle DistantShip1; Toggle DistantShip2; Toggle DistantShip3; Toggle PODCopter; Toggle ShuttleCruiser; Toggle pad[11] ;
LEVEL_23,23,Airboard — niveau 6,0x002A3DF4,0x093DDAF4,FlyingCarLightweightPathed,3,0x00131284; 0x001307E4; 0x001307EC,0x0926AF84; 0x0926A4E4; 0x0926A4EC,CurveLink path; f32 speed; f32 fadeDist; u8 loop; u8 reverse; u8 lanes; u8 rotSmooth; f32 spawnXMod; f32 spawnYMod; VEC3 posVariAmp; VEC3 posVariRate; f32 spawnRate; f32 scale; u32 numShips; Toggle DistantShip1; Toggle DistantShip2; Toggle DistantShip3; Toggle PODCopter; Toggle ShuttleCruiser; Toggle pad[15] ;
LEVEL_23,23,Airboard — niveau 6,0x002A3EC8,0x093DDBC8,GravityCrystal,3,0x00131BD0; 0x00131DE8; 0x00132760,0x0926B8D0; 0x0926BAE8; 0x0926C460,
LEVEL_23,23,Airboard — niveau 6,0x002A408C,0x093DDD8C,Helipack,3,0x00132B5C; 0x00132B64; 0x00132B6C,0x0926C85C; 0x0926C864; 0x0926C86C,
LEVEL_23,23,Airboard — niveau 6,0x002A40F4,0x093DDDF4,Hypershot,3,0x00132D10; 0x00132DAC; 0x00132E34,0x0926CA10; 0x0926CAAC; 0x0926CB34,
LEVEL_23,23,Airboard — niveau 6,0x002A56B4,0x093DF3B4,LaserTracer,3,0x00136BAC; 0x00136CA0; 0x00136E28,0x092708AC; 0x092709A0; 0x09270B28,
LEVEL_23,23,Airboard — niveau 6,0x002A591C,0x093DF61C,LevelMusic,2,0x0013C634; 0x0013C714,0x09276334; 0x09276414,u32 songNumber; TriggerLink trigger; s32 continuePointMin; s32 continuePointMax; s32 levelNumber; u8 priority; u8 pad[ 7 ];
LEVEL_23,23,Airboard — niveau 6,0x002A59B0,0x093DF6B0,LevelSettings,3,0x0013CDD4; 0x0013CDDC; 0x0013CDE4,0x09276AD4; 0x09276ADC; 0x09276AE4,u32 breakableBoltTotal; u32 pad[3];
LEVEL_23,23,Airboard — niveau 6,0x002A5A10,0x093DF710,MapOMaticGadget,3,0x0013CDEC; 0x0013CDF4; 0x0013CDFC,0x09276AEC; 0x09276AF4; 0x09276AFC,
LEVEL_23,23,Airboard — niveau 6,0x002A5B04,0x093DF804,MobyIce,3,0x0013D670; 0x0013D688; 0x0013E00C,0x09277370; 0x09277388; 0x09277D0C,
LEVEL_23,23,Airboard — niveau 6,0x002A5E04,0x093DFB04,Mootator,3,0x0013EBB4; 0x0013EE04; 0x0013FF54,0x092788B4; 0x09278B04; 0x09279C54,
LEVEL_23,23,Airboard — niveau 6,0x002A5E98,0x093DFB98,MutantCow,4,0x001404BC; 0x00140640; 0x00140B6C; 0x0016DBE0,0x0927A1BC; 0x0927A340; 0x0927A86C; 0x092A78E0,
LEVEL_23,23,Airboard — niveau 6,0x002A6068,0x093DFD68,MutantMadCow,4,0x001416CC; 0x00141834; 0x00141C50; 0x0016DBE0,0x0927B3CC; 0x0927B534; 0x0927B950; 0x092A78E0,
LEVEL_23,23,Airboard — niveau 6,0x002A6130,0x093DFE30,NapalmBubble,3,0x001428C0; 0x001428C8; 0x001428D0,0x0927C5C0; 0x0927C5C8; 0x0927C5D0,
LEVEL_23,23,Airboard — niveau 6,0x002A61D8,0x093DFED8,PDA,3,0x00143354; 0x0014335C; 0x00143364,0x0927D054; 0x0927D05C; 0x0927D064,
LEVEL_23,23,Airboard — niveau 6,0x002A62E4,0x093DFFE4,Polarizer,3,0x00143398; 0x00143554; 0x0014403C,0x0927D098; 0x0927D254; 0x0927DD3C,
LEVEL_23,23,Airboard — niveau 6,0x002A63D0,0x093E00D0,RaceController,3,0x00144FAC; 0x00145364; 0x0014536C,0x0927ECAC; 0x0927F064; 0x0927F06C,CurveLink progress; TriggerLink finishLine; TriggerLink halfWay; u8 numLaps; u8 paddingOfLaserPuppies[3]; TriggerLink boostZones[32];
LEVEL_23,23,Airboard — niveau 6,0x002A6480,0x093E0180,Ratchet,4,0x001474C8; 0x00147508; 0x00147510; 0x00147518,0x092811C8; 0x09281208; 0x09281210; 0x09281218,
LEVEL_23,23,Airboard — niveau 6,0x002A65BC,0x093E02BC,RatchetDecoyInner,4,0x00148410; 0x00148418; 0x00149188; 0x001484D8,0x09282110; 0x09282118; 0x09282E88; 0x092821D8,
LEVEL_23,23,Airboard — niveau 6,0x002A6630,0x093E0330,RatchetDecoyOuter,3,0x00149698; 0x001496D4; 0x001496DC,0x09283398; 0x092833D4; 0x092833DC,
LEVEL_23,23,Airboard — niveau 6,0x002A6690,0x093E0390,RatchetShip,3,0x001496F8; 0x001498E8; 0x0014994C,0x092833F8; 0x092835E8; 0x0928364C,
LEVEL_23,23,Airboard — niveau 6,0x002A69B8,0x093E06B8,RatchetShipAnimation,3,0x0014A3F4; 0x00149C3C; 0x0014A990,0x092840F4; 0x0928393C; 0x09284690,CurveLink introShipPosCurve; CurveLink introCameraPosCurve; CurveLink outroShipPosCurve; CurveLink outroCameraPosCurve; MobyLink ship; f32 shipSpeedInit; f32 cameraSpeedInit; f32 shipRollAmount; VEC3 shipRotDamping; f32 shipRollAmountHover; VEC3 shipRotDampingHover; f32 cameraRollAmount; VEC3 cameraRotDamping; f32 hoverTime; f32 hoverPause; f32 shipSpeedChange; f32 cameraSpeedChange; VEC3 hoverPosDamping; f32 tiltFactor; f32 tiltInterpSpeed; f32 tiltReturnFactor; f32 tiltVelDamp; f32 tiltGroundThresh; f32 tiltLmaxi; f32 tiltRmaxi; f32 tiltFmaxi; f32 tiltBmaxi; VEC3 ratchetEndOffset; VEC3 cameraInAnimOffset; f32 cameraInAnimLookYOfs; VEC3 cameraOutAnimOffset; f32 cameraOutAnimLookYOfs; f32 pa
LEVEL_23,23,Airboard — niveau 6,0x002A6DB8,0x093E0AB8,Ryno,3,0x0014C8F8; 0x0014C9D4; 0x0014D074,0x092865F8; 0x092866D4; 0x09286D74,
LEVEL_23,23,Airboard — niveau 6,0x002A6E94,0x093E0B94,RynoRocket,3,0x0014DA78; 0x0014DA94; 0x0014DAE4,0x09287778; 0x09287794; 0x092877E4,
LEVEL_23,23,Airboard — niveau 6,0x002A6F3C,0x093E0C3C,SelfInflictedCatatonia,3,0x0014E9A0; 0x0014EA58; 0x0014EA60,0x092886A0; 0x09288758; 0x09288760,TriggerLink triggerPrompt; u32 pad[ 3 ];
LEVEL_23,23,Airboard — niveau 6,0x002A6FD0,0x093E0CD0,ShieldCharger,4,0x0014F45C; 0x0014EB1C; 0x0014F88C; 0x00150090,0x0928915C; 0x0928881C; 0x0928958C; 0x09289D90,
LEVEL_23,23,Airboard — niveau 6,0x002A7178,0x093E0E78,ShieldChargerBolt,3,0x00151EF0; 0x00151EF8; 0x00151F3C,0x0928BBF0; 0x0928BBF8; 0x0928BC3C,
LEVEL_23,23,Airboard — niveau 6,0x002A7278,0x093E0F78,ShockRocket,3,0x00152290; 0x0015237C; 0x00152668,0x0928BF90; 0x0928C07C; 0x0928C368,
LEVEL_23,23,Airboard — niveau 6,0x002A7364,0x093E1064,ShockRocketShot,3,0x001531DC; 0x0015322C; 0x00153834,0x0928CEDC; 0x0928CF2C; 0x0928D534,
LEVEL_23,23,Airboard — niveau 6,0x002A742C,0x093E112C,ShrinkBeam,3,0x0015464C; 0x00154654; 0x00154D08,0x0928E34C; 0x0928E354; 0x0928EA08,
LEVEL_23,23,Airboard — niveau 6,0x002A7490,0x093E1190,ShrinkRayRatchet,3,0x001559C8; 0x001559D0; 0x001559D8,0x0928F6C8; 0x0928F6D0; 0x0928F6D8,
LEVEL_23,23,Airboard — niveau 6,0x002A75FC,0x093E12FC,Skyboard,3,0x001559E0; 0x00155A38; 0x00155A40,0x0928F6E0; 0x0928F738; 0x0928F740,VEC4 lastLEnginePos; VEC4 lastREnginePos; VEC4 lastLEngineAt; VEC4 lastREngineAt; u8 engineActive; u8 turboActive; u8 expansionState; u32 paddingOfRuthlessDeterminism[1];
LEVEL_23,23,Airboard — niveau 6,0x002A7838,0x093E1538,Skyboarder01,3,0x00157CC0; 0x001567B8; 0x001567C0,0x092919C0; 0x092904B8; 0x092904C0,CurveLink path; MobyLink raceController; Toggle isProp; u8 racesPresent; u8 isMovieSwitched; u8 textureSet; f32 baseSpeed; f32 trackThresholds[4]; f32 speedAdjustments[4];
LEVEL_23,23,Airboard — niveau 6,0x002A7908,0x093E1608,Spitfire,3,0x0015A350; 0x0015A384; 0x0015A3A8,0x09294050; 0x09294084; 0x092940A8,
LEVEL_23,23,Airboard — niveau 6,0x002A79F4,0x093E16F4,Sproutomatic,3,0x0015B73C; 0x0015B7E4; 0x0015B81C,0x0929543C; 0x092954E4; 0x0929551C,
LEVEL_23,23,Airboard — niveau 6,0x002A7A58,0x093E1758,StaticBarrierBelt,3,0x0015BDE0; 0x0015BE14; 0x0015BE1C,0x09295AE0; 0x09295B14; 0x09295B1C,
LEVEL_23,23,Airboard — niveau 6,0x002A7BB8,0x093E18B8,SuckCannon,3,0x0015BE24; 0x0015BF6C; 0x0015C588,0x09295B24; 0x09295C6C; 0x09296288,
LEVEL_23,23,Airboard — niveau 6,0x002A7C20,0x093E1920,SuckCannonComet,3,0x0016EE5C; 0x0016EE64; 0x0016F098,0x092A8B5C; 0x092A8B64; 0x092A8D98,
LEVEL_23,23,Airboard — niveau 6,0x002A7C88,0x093E1988,SuckCannonCometTie,3,0x0016EE5C; 0x0016EE64; 0x0015CEF8,0x092A8B5C; 0x092A8B64; 0x09296BF8,
LEVEL_23,23,Airboard — niveau 6,0x002A7D64,0x093E1A64,SuckCannonManager,3,0x0015DBD8; 0x0015DC24; 0x0015DC2C,0x092978D8; 0x09297924; 0x0929792C,
LEVEL_23,23,Airboard — niveau 6,0x002A7DF4,0x093E1AF4,SwarmManager,3,0x0015E97C; 0x0015E9C4; 0x0015ECFC,0x0929867C; 0x092986C4; 0x092989FC,
LEVEL_23,23,Airboard — niveau 6,0x002A8064,0x093E1D64,TieManipulator,3,0x0015F598; 0x0015F590; 0x0015FB70,0x09299298; 0x09299290; 0x09299870,TieLink tie[ 8 ]; f32 xAxis; f32 yAxis; f32 zAxis; f32 xRot; f32 yRot; f32 zRot; f32 xSpan; f32 ySpan; f32 zSpan; f32 xCounter; f32 yCounter; f32 zCounter; f32 speed; f32 speedPerFrame; f32 curviness; f32 curvPar; f32 scaleSpeed; f32 scaleSpeedPerFrame; f32 scaleMax; f32 scaleCounter; f32 xPerc[8]; f32 yPerc[8]; f32 zPerc[8]; f32 xPar[8]; f32 yPar[8]; f32 zPar[8]; f32 xStart[8]; f32 yStart[8]; f32 zStart[8]; MATRIX4 *pMat[8]; MATRIX4 scaleMatrix; f32 drawDistance; f32 updateDistance; f32 inverseScale; u32 linkCount;
LEVEL_23,23,Airboard — niveau 6,0x002A81A4,0x093E1EA4,TitaniumBolt,3,0x0015FF00; 0x001600F0; 0x00160258,0x09299C00; 0x09299DF0; 0x09299F58,f32 dist; f32 height; f32 lookHeight; f32 elevation; f32 azimuth; Toggle magnaboots; Toggle noAnimation; u32 levelToFake; u8 id; u8 pad[5];
LEVEL_23,23,Airboard — niveau 6,0x002A824C,0x093E1F4C,TriggerCollection,3,0x00160C7C; 0x00160C84; 0x00160C8C,0x0929A97C; 0x0929A984; 0x0929A98C,TriggerLink triggers[ 14 ];
LEVEL_23,23,Airboard — niveau 6,0x002A82C0,0x093E1FC0,TripleWaveBeacon,3,0x001610E4; 0x00161294; 0x001612C8,0x0929ADE4; 0x0929AF94; 0x0929AFC8,
LEVEL_23,23,Airboard — niveau 6,0x002A84C8,0x093E21C8,Wrench,3,0x00161674; 0x00161748; 0x00161B84,0x0929B374; 0x0929B448; 0x0929B884,
LEVEL_24,24,HIG Treehouse,0x0029C338,0x093D6038,Acidbomb,3,0x000FD04C; 0x000FD05C; 0x000FD9C4,0x09236D4C; 0x09236D5C; 0x092376C4,
LEVEL_24,24,HIG Treehouse,0x0029C3C0,0x093D60C0,AcidbombEpoxy,3,0x000FEE08; 0x000FEE10; 0x000FEE98,0x09238B08; 0x09238B10; 0x09238B98,
LEVEL_24,24,HIG Treehouse,0x0029C420,0x093D6120,AcidGloveHUD,3,0x000FF3A0; 0x000FF3A8; 0x000FF3B0,0x092390A0; 0x092390A8; 0x092390B0,
LEVEL_24,24,HIG Treehouse,0x0029C480,0x093D6180,AgentController,3,0x000FF3B8; 0x000FF4A8; 0x000FF660,0x092390B8; 0x092391A8; 0x09239360,
LEVEL_24,24,HIG Treehouse,0x0029C7D4,0x093D64D4,AgentOfDoom,4,0x000FFD78; 0x000FFE54; 0x000FFF14; 0x00100234,0x09239A78; 0x09239B54; 0x09239C14; 0x09239F34,
LEVEL_24,24,HIG Treehouse,0x0029C8B4,0x093D65B4,AgentOfDoomShrapnel,3,0x0010494C; 0x00104954; 0x0010495C,0x0923E64C; 0x0923E654; 0x0923E65C,
LEVEL_24,24,HIG Treehouse,0x0029C9F0,0x093D66F0,AgentsBomb,3,0x00104C5C; 0x00104C64; 0x00104C6C,0x0923E95C; 0x0923E964; 0x0923E96C,
LEVEL_24,24,HIG Treehouse,0x0029CA88,0x093D6788,AgentsGlove,3,0x001061F8; 0x00106284; 0x001062B0,0x0923FEF8; 0x0923FF84; 0x0923FFB0,
LEVEL_24,24,HIG Treehouse,0x0029CB34,0x093D6834,AgentsGrenade,3,0x00106780; 0x00106870; 0x00106D24,0x09240480; 0x09240570; 0x09240A24,
LEVEL_24,24,HIG Treehouse,0x0029CBDC,0x093D68DC,AgentsLaser,3,0x001072A0; 0x001075A8; 0x0010765C,0x09240FA0; 0x092412A8; 0x0924135C,
LEVEL_24,24,HIG Treehouse,0x0029CCD0,0x093D69D0,AgentsRocket,3,0x00108068; 0x0010812C; 0x001081AC,0x09241D68; 0x09241E2C; 0x09241EAC,
LEVEL_24,24,HIG Treehouse,0x0029D1A0,0x093D6EA0,ArenaController,3,0x00108DB4; 0x00108DC4; 0x0010930C,0x09242AB4; 0x09242AC4; 0x0924300C,MobyLink arenaChallenge[ 7 ]; u32 challengeCount; MobyLink dayNightController; MobyLink newMusic; Toggle locked; u8 pad[ 7 ];
LEVEL_24,24,HIG Treehouse,0x0029D220,0x093D6F20,ArmorHelmet,3,0x00109B44; 0x00109B4C; 0x00109B54,0x09243844; 0x0924384C; 0x09243854,
LEVEL_24,24,HIG Treehouse,0x0029D280,0x093D6F80,ArmorLeftFoot,3,0x00109B5C; 0x00109B64; 0x00109B6C,0x0924385C; 0x09243864; 0x0924386C,
LEVEL_24,24,HIG Treehouse,0x0029D2F0,0x093D6FF0,ArmorLeftHand,3,0x00109B74; 0x00109B7C; 0x00109B84,0x09243874; 0x0924387C; 0x09243884,u32 pad[ 4 ];
LEVEL_24,24,HIG Treehouse,0x0029D350,0x093D7050,ArmorRightFoot,3,0x00109B8C; 0x00109B94; 0x00109B9C,0x0924388C; 0x09243894; 0x0924389C,
LEVEL_24,24,HIG Treehouse,0x0029D3C0,0x093D70C0,ArmorRightHand,3,0x00109BA4; 0x00109BAC; 0x00109BB4,0x092438A4; 0x092438AC; 0x092438B4,u32 pad[ 4 ];
LEVEL_24,24,HIG Treehouse,0x0029D420,0x093D7120,ArmorTorso,3,0x00109BBC; 0x00109BC4; 0x00109BCC,0x092438BC; 0x092438C4; 0x092438CC,
LEVEL_24,24,HIG Treehouse,0x0029D504,0x093D7204,BeeMine,4,0x0010A26C; 0x0010A27C; 0x0010A65C; 0x0010A354,0x09243F6C; 0x09243F7C; 0x0924435C; 0x09244054,
LEVEL_24,24,HIG Treehouse,0x0029D5D0,0x093D72D0,BeeMineGlove,3,0x0010C038; 0x0010C1C0; 0x0010C1EC,0x09245D38; 0x09245EC0; 0x09245EEC,
LEVEL_24,24,HIG Treehouse,0x0029D630,0x093D7330,BeeMineGloveHUD,3,0x0010C80C; 0x0010C814; 0x0010C81C,0x0924650C; 0x09246514; 0x0924651C,
LEVEL_24,24,HIG Treehouse,0x0029D6FC,0x093D73FC,BeeMineShrapnel,3,0x0010CB54; 0x0010CB5C; 0x0010CB64,0x09246854; 0x0924685C; 0x09246864,
LEVEL_24,24,HIG Treehouse,0x0029D7D8,0x093D74D8,Birdadactyl,4,0x0010CBAC; 0x0010CE84; 0x0010CE94; 0x0010CE8C,0x092468AC; 0x09246B84; 0x09246B94; 0x09246B8C,VEC4 offset; f32 pathPointX; f32 pathPointZ; f32 speed; CurveLink path; u32 pathPointIndex; u32 direction; u32 pad[2];
LEVEL_24,24,HIG Treehouse,0x0029D8DC,0x093D75DC,Blaster,3,0x0010D20C; 0x0010D368; 0x0010D88C,0x09246F0C; 0x09247068; 0x0924758C,
LEVEL_24,24,HIG Treehouse,0x0029D948,0x093D7648,BlasterAkimbo,3,0x0010E86C; 0x0010E8F0; 0x0010E920,0x0924856C; 0x092485F0; 0x09248620,
LEVEL_24,24,HIG Treehouse,0x0029D9BC,0x093D76BC,BlasterShot,3,0x0010EBF0; 0x0010EC18; 0x0010EFBC,0x092488F0; 0x09248918; 0x09248CBC,
LEVEL_24,24,HIG Treehouse,0x0029DE1C,0x093D7B1C,BlitzGun,3,0x00110E88; 0x00110FE4; 0x0011143C,0x0924AB88; 0x0924ACE4; 0x0924B13C,
LEVEL_24,24,HIG Treehouse,0x0029DFAC,0x093D7CAC,BlitzGunShot,3,0x00112ED0; 0x00112ED8; 0x00113074,0x0924CBD0; 0x0924CBD8; 0x0924CD74,
LEVEL_24,24,HIG Treehouse,0x0029E010,0x093D7D10,Bolt,2,0x00113B84; 0x00113B8C,0x0924D884; 0x0924D88C,
LEVEL_24,24,HIG Treehouse,0x0029E304,0x093D8004,BoltController,3,0x001170F4; 0x00117328; 0x0011734C,0x09250DF4; 0x09251028; 0x0925104C,u32 boltAmnt; u32 boltAmountReplay; u32 pad[ 2 ];
LEVEL_24,24,HIG Treehouse,0x0029E380,0x093D8080,BoltGrabber,3,0x001176E8; 0x001176F0; 0x001176F8,0x092513E8; 0x092513F0; 0x092513F8,
LEVEL_24,24,HIG Treehouse,0x0029E444,0x093D8144,Bombglove,3,0x00117700; 0x001177D8; 0x00117C88,0x09251400; 0x092514D8; 0x09251988,
LEVEL_24,24,HIG Treehouse,0x0029E4A8,0x093D81A8,BoxBreaker,3,0x001181F8; 0x00118200; 0x00118208,0x09251EF8; 0x09251F00; 0x09251F08,
LEVEL_24,24,HIG Treehouse,0x0029E508,0x093D8208,BoxBreakerHelp,3,0x00118294; 0x0011829C; 0x001182A4,0x09251F94; 0x09251F9C; 0x09251FA4,
LEVEL_24,24,HIG Treehouse,0x0029E65C,0x093D835C,ChameleonDecoy,4,0x00118570; 0x00118578; 0x00118590; 0x00118618,0x09252270; 0x09252278; 0x09252290; 0x09252318,
LEVEL_24,24,HIG Treehouse,0x0029E724,0x093D8424,ClankBotShrapnel,3,0x001186CC; 0x001186D4; 0x001186DC,0x092523CC; 0x092523D4; 0x092523DC,
LEVEL_24,24,HIG Treehouse,0x0029E7B4,0x093D84B4,ClankChallengeMenu,3,0x00118A5C; 0x00118AB4; 0x00118ABC,0x0925275C; 0x092527B4; 0x092527BC,MobyLink arenaController[ 3 ]; u32 pad;
LEVEL_24,24,HIG Treehouse,0x0029E828,0x093D8528,ClankForShipAnim,3,0x00118C6C; 0x00118C74; 0x00118C7C,0x0925296C; 0x09252974; 0x0925297C,u32 pad[ 4 ];
LEVEL_24,24,HIG Treehouse,0x0029E888,0x093D8588,ClankPack,3,0x00118C84; 0x00118CB4; 0x00118CBC,0x09252984; 0x092529B4; 0x092529BC,
LEVEL_24,24,HIG Treehouse,0x0029E924,0x093D8624,CowBell,3,0x00119098; 0x001190A0; 0x001190A8,0x09252D98; 0x09252DA0; 0x09252DA8,
LEVEL_24,24,HIG Treehouse,0x0029EA24,0x093D8724,CrossbowGun,3,0x00119108; 0x001191F4; 0x001193D4,0x09252E08; 0x09252EF4; 0x092530D4,
LEVEL_24,24,HIG Treehouse,0x0029EC04,0x093D8904,CrossbowShot,3,0x00119A24; 0x00119A2C; 0x0011AF6C,0x09253724; 0x0925372C; 0x09254C6C,
LEVEL_24,24,HIG Treehouse,0x0029ED20,0x093D8A20,CrystalGroundShard,3,0x0011BE60; 0x0011C0A4; 0x0011C2E8,0x09255B60; 0x09255DA4; 0x09255FE8,
LEVEL_24,24,HIG Treehouse,0x0029EDE0,0x093D8AE0,DeathTrigger,3,0x0011CA08; 0x0011CA68; 0x0011CA70,0x09256708; 0x09256768; 0x09256770,MobyLink killAreas; MobyLink ignoreAreas; Toggle killHeroInTriggers; f32 minYHeight; u8 pad[3];
LEVEL_24,24,HIG Treehouse,0x0029EE64,0x093D8B64,DropshipLaser,3,0x0011CBE4; 0x0011CBF4; 0x0011CC40,0x092568E4; 0x092568F4; 0x09256940,VEC4 targetPos; Particle* pPart;
LEVEL_24,24,HIG Treehouse,0x0029EEC8,0x093D8BC8,DualBlasterHUD,3,0x0011CDE0; 0x0011CDE8; 0x0011CDF0,0x09256AE0; 0x09256AE8; 0x09256AF0,
LEVEL_24,24,HIG Treehouse,0x0029EF64,0x093D8C64,electricXplo,3,0x0011D890; 0x0011D5E4; 0x0011D5EC,0x09257590; 0x092572E4; 0x092572EC,f32 lengths[24]; VEC3 normals[18]; f32 timer; s32 scroll;
LEVEL_24,24,HIG Treehouse,0x0029F138,0x093D8E38,ElectroBall,3,0x0011F178; 0x0011F1E8; 0x0011F22C,0x09258E78; 0x09258EE8; 0x09258F2C,
LEVEL_24,24,HIG Treehouse,0x0029F244,0x093D8F44,ElectroshockWave,3,0x0011FE70; 0x0011FE78; 0x00120950,0x09259B70; 0x09259B78; 0x0925A650,
LEVEL_24,24,HIG Treehouse,0x0029F414,0x093D9114,ExplosiveBee,3,0x00120D40; 0x00120DE8; 0x00121C90,0x0925AA40; 0x0925AAE8; 0x0925B990,
LEVEL_24,24,HIG Treehouse,0x0029F550,0x093D9250,Flamethrower,3,0x00122D88; 0x00122F04; 0x00123D14,0x0925CA88; 0x0925CC04; 0x0925DA14,
LEVEL_24,24,HIG Treehouse,0x0029F6D8,0x093D93D8,GenericTieForm,3,0x00125C14; 0x00125C64; 0x00125C98,0x0925F914; 0x0925F964; 0x0925F998,
LEVEL_24,24,HIG Treehouse,0x0029F738,0x093D9438,GravityCrystal,3,0x001263D8; 0x001265F0; 0x00126F68,0x092600D8; 0x092602F0; 0x09260C68,
LEVEL_24,24,HIG Treehouse,0x0029F96C,0x093D966C,GrindrailBomb,4,0x00127BAC; 0x00127C9C; 0x00127D00; 0x00127AA4,0x092618AC; 0x0926199C; 0x09261A00; 0x092617A4,
LEVEL_24,24,HIG Treehouse,0x0029FC3C,0x093D993C,GrindrailController,2,0x0012933C; 0x001295AC,0x0926303C; 0x092632AC,VEC4 dir; CurveLink path; f32 grindrailSp; CurveLink secPaths[20]; f32 camDefaultLookLead; f32 camDefaultDist; f32 camDefaultHeight; f32 camDefaultAzimuth; f32 camDefaultElevation; f32 bombDamageFrac; f32 gateDamageFrac;
LEVEL_24,24,HIG Treehouse,0x0029FE6C,0x093D9B6C,GrindrailGate,3,0x001298AC; 0x00129984; 0x00129B7C,0x092635AC; 0x09263684; 0x0926387C,u32 pad[4];
LEVEL_24,24,HIG Treehouse,0x0029FF70,0x093D9C70,GrindrailLock,3,0x0012A1B0; 0x0012A590; 0x0012A6BC,0x09263EB0; 0x09264290; 0x092643BC,TriggerLink promptArea; TriggerLink endArea; MobyLink matrixMoby; u32 lockID; MobyLink destroyMobys; u32 pad[ 3 ];
LEVEL_24,24,HIG Treehouse,0x002A0050,0x093D9D50,GrindrailSwitch,4,0x0012AF9C; 0x0012B0E4; 0x0012B148; 0x0012AD84,0x09264C9C; 0x09264DE4; 0x09264E48; 0x09264A84,MobyLink gate; Toggle toggleOnOff; s32 gateMember; u32 pad[1];
LEVEL_24,24,HIG Treehouse,0x002A00D4,0x093D9DD4,Helipack,3,0x0012B8B8; 0x0012B8C0; 0x0012B8C8,0x092655B8; 0x092655C0; 0x092655C8,
LEVEL_24,24,HIG Treehouse,0x002A01E8,0x093D9EE8,Hookshot,3,0x0012BAC8; 0x0012BC64; 0x0012BC98,0x092657C8; 0x09265964; 0x09265998,CurveLink path; VEC3 pathPoint; f32 speed; f32 ropeLength; f32 range; u8 attached; u8 swing; u8 pathPointId; Toggle validIM; Toggle validDM; Toggle validCTF; u8 pad[14];
LEVEL_24,24,HIG Treehouse,0x002A0274,0x093D9F74,Hypershot,3,0x0012C0C0; 0x0012C15C; 0x0012C1E4,0x09265DC0; 0x09265E5C; 0x09265EE4,
LEVEL_24,24,HIG Treehouse,0x002A1834,0x093DB534,LaserTracer,3,0x0012FF5C; 0x00130050; 0x001301D8,0x09269C5C; 0x09269D50; 0x09269ED8,
LEVEL_24,24,HIG Treehouse,0x002A1A9C,0x093DB79C,LevelMusic,2,0x001359E4; 0x00135AC4,0x0926F6E4; 0x0926F7C4,u32 songNumber; TriggerLink trigger; s32 continuePointMin; s32 continuePointMax; s32 levelNumber; u8 priority; u8 pad[ 7 ];
LEVEL_24,24,HIG Treehouse,0x002A1B30,0x093DB830,LevelSettings,3,0x00136184; 0x0013618C; 0x00136194,0x0926FE84; 0x0926FE8C; 0x0926FE94,u32 breakableBoltTotal; u32 pad[3];
LEVEL_24,24,HIG Treehouse,0x002A1CDC,0x093DB9DC,Lvl3Elevator,3,0x001366AC; 0x0013619C; 0x00136AE0,0x092703AC; 0x0926FE9C; 0x092707E0,CurveLink path; f32 moveTime; f32 progress; f32 progInc; f32 waitTime; f32 radius; SND_Positional *pMoveSound; f32 heightDiff; Toggle oneWay; Toggle direction; Toggle waitForHero; Toggle waitForActivate; Toggle matchHero; Toggle checkCrush; Toggle useButton; u8 pad[9];
LEVEL_24,24,HIG Treehouse,0x002A1D50,0x093DBA50,MapOMaticGadget,3,0x00137460; 0x00137468; 0x00137470,0x09271160; 0x09271168; 0x09271170,
LEVEL_24,24,HIG Treehouse,0x002A1DB0,0x093DBAB0,MatrixMoby,3,0x00137478; 0x00137480; 0x00137488,0x09271178; 0x09271180; 0x09271188,
LEVEL_24,24,HIG Treehouse,0x002A1E74,0x093DBB74,MicroBotSurvival,3,0x00137504; 0x001375DC; 0x00137C10,0x09271204; 0x092712DC; 0x09271910,MobyLink gameBoard; TriggerLink gameZone; f32 pad[2];
LEVEL_24,24,HIG Treehouse,0x002A1F48,0x093DBC48,MiniTurret,3,0x00139160; 0x00139168; 0x001399B0,0x09272E60; 0x09272E68; 0x092736B0,
LEVEL_24,24,HIG Treehouse,0x002A1FBC,0x093DBCBC,MiniTurretBall,3,0x0013A39C; 0x0013A3A4; 0x0013A3AC,0x0927409C; 0x092740A4; 0x092740AC,
LEVEL_24,24,HIG Treehouse,0x002A206C,0x093DBD6C,MiniTurretGlove,3,0x0013A5F4; 0x0013A6AC; 0x0013A7AC,0x092742F4; 0x092743AC; 0x092744AC,
LEVEL_24,24,HIG Treehouse,0x002A20F0,0x093DBDF0,MiniTurretManager,3,0x0013B014; 0x0013B01C; 0x0013B024,0x09274D14; 0x09274D1C; 0x09274D24,
LEVEL_24,24,HIG Treehouse,0x002A2158,0x093DBE58,MiniTurretRocket,3,0x0013B1EC; 0x0013B1F4; 0x0013B214,0x09274EEC; 0x09274EF4; 0x09274F14,
LEVEL_24,24,HIG Treehouse,0x002A21D0,0x093DBED0,MobyCollection,3,0x0013B350; 0x0013B358; 0x0013B360,0x09275050; 0x09275058; 0x09275060,MobyLink mobys[ 8 ];
LEVEL_24,24,HIG Treehouse,0x002A22C4,0x093DBFC4,MobyIce,3,0x0013BC04; 0x0013BC1C; 0x0013C5A0,0x09275904; 0x0927591C; 0x092762A0,
LEVEL_24,24,HIG Treehouse,0x002A25C4,0x093DC2C4,Mootator,3,0x0013D148; 0x0013D398; 0x0013E4E8,0x09276E48; 0x09277098; 0x092781E8,
LEVEL_24,24,HIG Treehouse,0x002A2658,0x093DC358,MutantCow,4,0x0013EA50; 0x0013EBD4; 0x0013F100; 0x0016CD20,0x09278750; 0x092788D4; 0x09278E00; 0x092A6A20,
LEVEL_24,24,HIG Treehouse,0x002A2828,0x093DC528,MutantMadCow,4,0x0013FC60; 0x0013FDC8; 0x001401E4; 0x0016CD20,0x09279960; 0x09279AC8; 0x09279EE4; 0x092A6A20,
LEVEL_24,24,HIG Treehouse,0x002A28F0,0x093DC5F0,NapalmBubble,3,0x00140E54; 0x00140E5C; 0x00140E64,0x0927AB54; 0x0927AB5C; 0x0927AB64,
LEVEL_24,24,HIG Treehouse,0x002A2998,0x093DC698,PDA,3,0x001418E8; 0x001418F0; 0x001418F8,0x0927B5E8; 0x0927B5F0; 0x0927B5F8,
LEVEL_24,24,HIG Treehouse,0x002A2AA4,0x093DC7A4,Polarizer,3,0x0014192C; 0x00141AE8; 0x001425D0,0x0927B62C; 0x0927B7E8; 0x0927C2D0,
LEVEL_24,24,HIG Treehouse,0x002A2B08,0x093DC808,Ratchet,4,0x001435AC; 0x001435EC; 0x001435F4; 0x001435FC,0x0927D2AC; 0x0927D2EC; 0x0927D2F4; 0x0927D2FC,
LEVEL_24,24,HIG Treehouse,0x002A2C44,0x093DC944,RatchetDecoyInner,4,0x001444F4; 0x001444FC; 0x0014526C; 0x001445BC,0x0927E1F4; 0x0927E1FC; 0x0927EF6C; 0x0927E2BC,
LEVEL_24,24,HIG Treehouse,0x002A2CB8,0x093DC9B8,RatchetDecoyOuter,3,0x0014577C; 0x001457B8; 0x001457C0,0x0927F47C; 0x0927F4B8; 0x0927F4C0,
LEVEL_24,24,HIG Treehouse,0x002A2D18,0x093DCA18,RatchetShip,3,0x001457DC; 0x001459CC; 0x00145A30,0x0927F4DC; 0x0927F6CC; 0x0927F730,
LEVEL_24,24,HIG Treehouse,0x002A3040,0x093DCD40,RatchetShipAnimation,3,0x001464D8; 0x00145D20; 0x00146A74,0x092801D8; 0x0927FA20; 0x09280774,CurveLink introShipPosCurve; CurveLink introCameraPosCurve; CurveLink outroShipPosCurve; CurveLink outroCameraPosCurve; MobyLink ship; f32 shipSpeedInit; f32 cameraSpeedInit; f32 shipRollAmount; VEC3 shipRotDamping; f32 shipRollAmountHover; VEC3 shipRotDampingHover; f32 cameraRollAmount; VEC3 cameraRotDamping; f32 hoverTime; f32 hoverPause; f32 shipSpeedChange; f32 cameraSpeedChange; VEC3 hoverPosDamping; f32 tiltFactor; f32 tiltInterpSpeed; f32 tiltReturnFactor; f32 tiltVelDamp; f32 tiltGroundThresh; f32 tiltLmaxi; f32 tiltRmaxi; f32 tiltFmaxi; f32 tiltBmaxi; VEC3 ratchetEndOffset; VEC3 cameraInAnimOffset; f32 cameraInAnimLookYOfs; VEC3 cameraOutAnimOffset; f32 cameraOutAnimLookYOfs; f32 pa
LEVEL_24,24,HIG Treehouse,0x002A333C,0x093DD03C,Region,3,0x001489DC; 0x00148AD8; 0x00148AE0,0x092826DC; 0x092827D8; 0x092827E0,Toggle groups[32]; TriggerLink zone; u32 pad[ 3 ];
LEVEL_24,24,HIG Treehouse,0x002A34E0,0x093DD1E0,Ryno,3,0x00148AE8; 0x00148BC4; 0x00149264,0x092827E8; 0x092828C4; 0x09282F64,
LEVEL_24,24,HIG Treehouse,0x002A35BC,0x093DD2BC,RynoRocket,3,0x00149C68; 0x00149C84; 0x00149CD4,0x09283968; 0x09283984; 0x092839D4,
LEVEL_24,24,HIG Treehouse,0x002A3650,0x093DD350,ShieldCharger,4,0x0014B4D0; 0x0014AB90; 0x0014B900; 0x0014C104,0x092851D0; 0x09284890; 0x09285600; 0x09285E04,
LEVEL_24,24,HIG Treehouse,0x002A37F8,0x093DD4F8,ShieldChargerBolt,3,0x0014DF64; 0x0014DF6C; 0x0014DFB0,0x09287C64; 0x09287C6C; 0x09287CB0,
LEVEL_24,24,HIG Treehouse,0x002A38F8,0x093DD5F8,ShockRocket,3,0x0014E304; 0x0014E3F0; 0x0014E6DC,0x09288004; 0x092880F0; 0x092883DC,
LEVEL_24,24,HIG Treehouse,0x002A39E4,0x093DD6E4,ShockRocketShot,3,0x0014F250; 0x0014F2A0; 0x0014F8A8,0x09288F50; 0x09288FA0; 0x092895A8,
LEVEL_24,24,HIG Treehouse,0x002A3AAC,0x093DD7AC,ShrinkBeam,3,0x001506C0; 0x001506C8; 0x00150D7C,0x0928A3C0; 0x0928A3C8; 0x0928AA7C,
LEVEL_24,24,HIG Treehouse,0x002A3B10,0x093DD810,ShrinkRayRatchet,3,0x00151A3C; 0x00151A44; 0x00151A4C,0x0928B73C; 0x0928B744; 0x0928B74C,
LEVEL_24,24,HIG Treehouse,0x002A3BC0,0x093DD8C0,Spitfire,3,0x00151CAC; 0x00151CE0; 0x00151D04,0x0928B9AC; 0x0928B9E0; 0x0928BA04,
LEVEL_24,24,HIG Treehouse,0x002A3CAC,0x093DD9AC,Sproutomatic,3,0x00153098; 0x00153140; 0x00153178,0x0928CD98; 0x0928CE40; 0x0928CE78,
LEVEL_24,24,HIG Treehouse,0x002A3D10,0x093DDA10,StaticBarrierBelt,3,0x0015373C; 0x00153770; 0x00153778,0x0928D43C; 0x0928D470; 0x0928D478,
LEVEL_24,24,HIG Treehouse,0x002A3E70,0x093DDB70,SuckCannon,3,0x00153780; 0x001538C8; 0x00153EE4,0x0928D480; 0x0928D5C8; 0x0928DBE4,
LEVEL_24,24,HIG Treehouse,0x002A3ED8,0x093DDBD8,SuckCannonComet,3,0x0016DF9C; 0x0016DFA4; 0x0016E1D8,0x092A7C9C; 0x092A7CA4; 0x092A7ED8,
LEVEL_24,24,HIG Treehouse,0x002A3F40,0x093DDC40,SuckCannonCometTie,3,0x0016DF9C; 0x0016DFA4; 0x00154854,0x092A7C9C; 0x092A7CA4; 0x0928E554,
LEVEL_24,24,HIG Treehouse,0x002A401C,0x093DDD1C,SuckCannonManager,3,0x00155534; 0x00155580; 0x00155588,0x0928F234; 0x0928F280; 0x0928F288,
LEVEL_24,24,HIG Treehouse,0x002A40AC,0x093DDDAC,SurvivalBGTile,3,0x00155E90; 0x00155EA8; 0x00155EB0,0x0928FB90; 0x0928FBA8; 0x0928FBB0,MobyLink survivalController; u32 pad[3];
LEVEL_24,24,HIG Treehouse,0x002A426C,0x093DDF6C,SurvivalBot,3,0x0015659C; 0x001565A4; 0x00157880,0x0929029C; 0x092902A4; 0x09291580,
LEVEL_24,24,HIG Treehouse,0x002A434C,0x093DE04C,SurvivalBotPort,3,0x0015978C; 0x001597F8; 0x0015982C,0x0929348C; 0x092934F8; 0x0929352C,u32 botsNeeded; u32 currentBots; MobyLink survivalController; u32 pad;
LEVEL_24,24,HIG Treehouse,0x002A4418,0x093DE118,SurvivalBotSpawner,3,0x00159D60; 0x00159DC8; 0x00159DFC,0x09293A60; 0x09293AC8; 0x09293AFC,f32 spawnRate; f32 totalBots; MobyLink survivalController; u32 pad;
LEVEL_24,24,HIG Treehouse,0x002A4550,0x093DE250,SurvivalBotTeleport,3,0x0015A1B4; 0x0015A340; 0x0015A448,0x09293EB4; 0x09294040; 0x09294148,MobyLink targetPort; MobyLink survivalController; u32 pad[2];
LEVEL_24,24,HIG Treehouse,0x002A45C8,0x093DE2C8,SurvivalBridge,3,0x0015A974; 0x0015AA1C; 0x0015AA5C,0x09294674; 0x0929471C; 0x0929475C,
LEVEL_24,24,HIG Treehouse,0x002A4670,0x093DE370,SurvivalGround,3,0x0015AFD4; 0x0015B008; 0x0015B06C,0x09294CD4; 0x09294D08; 0x09294D6C,Toggle unBlowUpable; MobyLink survivalController; u32 pad[ 2 ];
LEVEL_24,24,HIG Treehouse,0x002A46FC,0x093DE3FC,SurvivalReversePad,3,0x0015B2B8; 0x0015B2EC; 0x0015B320,0x09294FB8; 0x09294FEC; 0x09295020,MobyLink survivalController; u32 pad[3];
LEVEL_24,24,HIG Treehouse,0x002A4798,0x093DE498,SurvivalTrapeze,3,0x0015B534; 0x0015B624; 0x0015B658,0x09295234; 0x09295324; 0x09295358,MobyLink survivalController; u32 pad[3];
LEVEL_24,24,HIG Treehouse,0x002A4838,0x093DE538,SurvivalWall,3,0x0015BA3C; 0x0015BAC8; 0x0015BAFC,0x0929573C; 0x092957C8; 0x092957FC,Toggle reverseWall; MobyLink survivalController; u32 pad[2];
LEVEL_24,24,HIG Treehouse,0x002A48C4,0x093DE5C4,SwarmManager,3,0x0015BFC8; 0x0015C010; 0x0015C348,0x09295CC8; 0x09295D10; 0x09296048,
LEVEL_24,24,HIG Treehouse,0x002A4B34,0x093DE834,TieManipulator,3,0x0015CBE4; 0x0015CBDC; 0x0015D1BC,0x092968E4; 0x092968DC; 0x09296EBC,TieLink tie[ 8 ]; f32 xAxis; f32 yAxis; f32 zAxis; f32 xRot; f32 yRot; f32 zRot; f32 xSpan; f32 ySpan; f32 zSpan; f32 xCounter; f32 yCounter; f32 zCounter; f32 speed; f32 speedPerFrame; f32 curviness; f32 curvPar; f32 scaleSpeed; f32 scaleSpeedPerFrame; f32 scaleMax; f32 scaleCounter; f32 xPerc[8]; f32 yPerc[8]; f32 zPerc[8]; f32 xPar[8]; f32 yPar[8]; f32 zPar[8]; f32 xStart[8]; f32 yStart[8]; f32 zStart[8]; MATRIX4 *pMat[8]; MATRIX4 scaleMatrix; f32 drawDistance; f32 updateDistance; f32 inverseScale; u32 linkCount;
LEVEL_24,24,HIG Treehouse,0x002A4BC0,0x093DE8C0,TreehouseDozer,3,0x0015D54C; 0x0015D6CC; 0x0015D730,0x0929724C; 0x092973CC; 0x09297430,TriggerLink detectArea; u32 pad[ 3 ];
LEVEL_24,24,HIG Treehouse,0x002A4C4C,0x093DE94C,TreehouseEliteCloneMuscle,3,0x0015D8F0; 0x0015DB54; 0x0015DCA0,0x092975F0; 0x09297854; 0x092979A0,TriggerLink detectArea; u32 pad[ 3 ];
LEVEL_24,24,HIG Treehouse,0x002A4CB0,0x093DE9B0,TreehouseEliteWrench,3,0x0015E0FC; 0x0015E104; 0x0015E10C,0x09297DFC; 0x09297E04; 0x09297E0C,
LEVEL_24,24,HIG Treehouse,0x002A4D38,0x093DEA38,TreehouseMovieViewer,3,0x0015E114; 0x0015E11C; 0x0015E124,0x09297E14; 0x09297E1C; 0x09297E24,TriggerLink detectArea; u32 pad[ 3 ];
LEVEL_24,24,HIG Treehouse,0x002A4DEC,0x093DEAEC,TreehouseSign,3,0x0015E1E4; 0x0015E388; 0x0015E3EC,0x09297EE4; 0x09298088; 0x092980EC,u32 state; u32 pad[ 3 ];
LEVEL_24,24,HIG Treehouse,0x002A4E70,0x093DEB70,TreehouseTurretPickup,3,0x0015E5E4; 0x0015E6B4; 0x0015E714,0x092982E4; 0x092983B4; 0x09298414,
LEVEL_24,24,HIG Treehouse,0x002A4EEC,0x093DEBEC,TriggerCollection,3,0x0015E920; 0x0015E928; 0x0015E930,0x09298620; 0x09298628; 0x09298630,TriggerLink triggers[ 14 ];
LEVEL_24,24,HIG Treehouse,0x002A4F60,0x093DEC60,TripleWaveBeacon,3,0x0015ED88; 0x0015EF38; 0x0015EF6C,0x09298A88; 0x09298C38; 0x09298C6C,
LEVEL_24,24,HIG Treehouse,0x002A5168,0x093DEE68,Wrench,3,0x0015F318; 0x0015F3EC; 0x0015F828,0x09299018; 0x092990EC; 0x09299528,
