module,level,object_name,category,descriptor_rva,descriptor_file_offset,name_pointer_vanilla_word,object_name_rva,callback_count,callback_rvas,callback_pointer_file_offsets,pvar_schema,candidate_sites_depth3,fixed_step_sites_depth3,static_presence_only,runtime_address_rule
1,Pokitaru,Acidbomb,"Armes, projectiles et degats",0x002CCC90,0x002CCD04,0x001C5DF0,0x001C5DF0,3,0x00106BBC; 0x00106BCC; 0x00107534,0x002CCD08; 0x002CCD0C; 0x002CCD10,,35,0,compiled descriptor; no assertion spawned or active,current verified module text base + RVA
1,Pokitaru,AcidbombEpoxy,"Armes, projectiles et degats",0x002CCD18,0x002CCD8C,0x001C5E18,0x001C5E18,3,0x00108978; 0x00108980; 0x00108A08,0x002CCD90; 0x002CCD94; 0x002CCD98,,5,0,compiled descriptor; no assertion spawned or active,current verified module text base + RVA
1,Pokitaru,AcidGloveHUD,"Armes, projectiles et degats",0x002CCD78,0x002CCDEC,0x001C5E28,0x001C5E28,3,0x00108F10; 0x00108F18; 0x00108F20,0x002CCDF0; 0x002CCDF4; 0x002CCDF8,,0,0,compiled descriptor; no assertion spawned or active,current verified module text base + RVA
1,Pokitaru,AgentController,"Armes, projectiles et degats",0x002CCDD8,0x002CCE4C,0x001C5E38,0x001C5E38,3,0x00108F28; 0x00109018; 0x001091D0,0x002CCE50; 0x002CCE54; 0x002CCE58,,6,0,compiled descriptor; no assertion spawned or active,current verified module text base + RVA
1,Pokitaru,AgentOfDoom,"Armes, projectiles et degats",0x002CD12C,0x002CD1A0,0x001C5F10,0x001C5F10,4,0x00109820; 0x001098FC; 0x001099BC; 0x00109CDC,0x002CD1A4; 0x002CD1A8; 0x002CD1AC; 0x002CD1B0,,21,1,compiled descriptor; no assertion spawned or active,current verified module text base + RVA
1,Pokitaru,AgentOfDoomShrapnel,"Armes, projectiles et degats",0x002CD20C,0x002CD280,0x001C5F98,0x001C5F98,3,0x0010E3F4; 0x0010E3FC; 0x0010E404,0x002CD284; 0x002CD288; 0x002CD28C,,31,0,compiled descriptor; no assertion spawned or active,current verified module text base + RVA
1,Pokitaru,AgentsBomb,"Armes, projectiles et degats",0x002CD348,0x002CD3BC,0x001C5FB0,0x001C5FB0,3,0x0010E704; 0x0010E70C; 0x0010E714,0x002CD3C0; 0x002CD3C4; 0x002CD3C8,,19,0,compiled descriptor; no assertion spawned or active,current verified module text base + RVA
1,Pokitaru,AgentsGlove,"Armes, projectiles et degats",0x002CD3E0,0x002CD454,0x001C5FC0,0x001C5FC0,3,0x0010FCA0; 0x0010FD2C; 0x0010FD58,0x002CD458; 0x002CD45C; 0x002CD460,,8,2,compiled descriptor; no assertion spawned or active,current verified module text base + RVA
1,Pokitaru,AgentsGrenade,"Armes, projectiles et degats",0x002CD48C,0x002CD500,0x001C5FD0,0x001C5FD0,3,0x00110228; 0x00110318; 0x001107CC,0x002CD504; 0x002CD508; 0x002CD50C,,33,2,compiled descriptor; no assertion spawned or active,current verified module text base + RVA
1,Pokitaru,AgentsLaser,"Armes, projectiles et degats",0x002CD534,0x002CD5A8,0x001C6058,0x001C6058,3,0x00110D48; 0x00111050; 0x00111104,0x002CD5AC; 0x002CD5B0; 0x002CD5B4,,17,0,compiled descriptor; no assertion spawned or active,current verified module text base + RVA
1,Pokitaru,AgentsRocket,"Armes, projectiles et degats",0x002CD628,0x002CD69C,0x001C6130,0x001C6130,3,0x00111B10; 0x00111BD4; 0x00111C54,0x002CD6A0; 0x002CD6A4; 0x002CD6A8,,26,1,compiled descriptor; no assertion spawned or active,current verified module text base + RVA
1,Pokitaru,ArmorHelmet,Autres objets et controleurs,0x002CD6C0,0x002CD734,0x001C61B8,0x001C61B8,3,0x0011253C; 0x00112544; 0x0011254C,0x002CD738; 0x002CD73C; 0x002CD740,,0,0,compiled descriptor; no assertion spawned or active,current verified module text base + RVA
1,Pokitaru,ArmorLeftFoot,Autres objets et controleurs,0x002CD720,0x002CD794,0x001C61C8,0x001C61C8,3,0x00112554; 0x0011255C; 0x00112564,0x002CD798; 0x002CD79C; 0x002CD7A0,,0,0,compiled descriptor; no assertion spawned or active,current verified module text base + RVA
1,Pokitaru,ArmorLeftHand,Autres objets et controleurs,0x002CD790,0x002CD804,0x001C61D8,0x001C61D8,3,0x0011256C; 0x00112574; 0x0011257C,0x002CD808; 0x002CD80C; 0x002CD810,u32 pad[ 4 ];,0,0,compiled descriptor; no assertion spawned or active,current verified module text base + RVA
1,Pokitaru,ArmorPickup,"Caisses, pickups et bonus",0x002CD8C0,0x002CD934,0x001C61E8,0x001C61E8,3,0x001128F0; 0x001125A0; 0x00112DF4,0x002CD938; 0x002CD93C; 0x002CD940,f32 dist; f32 height; f32 lookHeight; f32 elevation; f32 azimuth; MobyLink driver; MobyLink playerMatrix; u32 playthroughReq; Toggle magnaboots; u8 pad[ 15 ];,43,0,compiled descriptor; no assertion spawned or active,current verified module text base + RVA
1,Pokitaru,ArmorRightFoot,Autres objets et controleurs,0x002CD938,0x002CD9AC,0x001C6378,0x001C6378,3,0x00113330; 0x00113338; 0x00113340,0x002CD9B0; 0x002CD9B4; 0x002CD9B8,,0,0,compiled descriptor; no assertion spawned or active,current verified module text base + RVA
1,Pokitaru,ArmorRightHand,Autres objets et controleurs,0x002CD9A8,0x002CDA1C,0x001C6388,0x001C6388,3,0x00113348; 0x00113350; 0x00113358,0x002CDA20; 0x002CDA24; 0x002CDA28,u32 pad[ 4 ];,0,0,compiled descriptor; no assertion spawned or active,current verified module text base + RVA
1,Pokitaru,ArmorTorso,Vehicules et minijeux,0x002CDA08,0x002CDA7C,0x001C6398,0x001C6398,3,0x00113360; 0x00113368; 0x00113370,0x002CDA80; 0x002CDA84; 0x002CDA88,,0,0,compiled descriptor; no assertion spawned or active,current verified module text base + RVA
1,Pokitaru,BeeMine,"Armes, projectiles et degats",0x002CDAEC,0x002CDB60,0x001C63A8,0x001C63A8,4,0x00113A10; 0x00113A20; 0x00113E00; 0x00113AF8,0x002CDB64; 0x002CDB68; 0x002CDB6C; 0x002CDB70,,2,0,compiled descriptor; no assertion spawned or active,current verified module text base + RVA
1,Pokitaru,BeeMineGlove,"Armes, projectiles et degats",0x002CDBB8,0x002CDC2C,0x001C63D8,0x001C63D8,3,0x001157DC; 0x00115964; 0x00115990,0x002CDC30; 0x002CDC34; 0x002CDC38,,2,0,compiled descriptor; no assertion spawned or active,current verified module text base + RVA
1,Pokitaru,BeeMineGloveHUD,"Armes, projectiles et degats",0x002CDC18,0x002CDC8C,0x001C63E8,0x001C63E8,3,0x00115FB0; 0x00115FB8; 0x00115FC0,0x002CDC90; 0x002CDC94; 0x002CDC98,,0,0,compiled descriptor; no assertion spawned or active,current verified module text base + RVA
1,Pokitaru,BeeMineShrapnel,"Armes, projectiles et degats",0x002CDCE4,0x002CDD58,0x001C63F8,0x001C63F8,3,0x001162F8; 0x00116300; 0x00116308,0x002CDD5C; 0x002CDD60; 0x002CDD64,,31,0,compiled descriptor; no assertion spawned or active,current verified module text base + RVA
1,Pokitaru,Blaster,"Armes, projectiles et degats",0x002CDDD4,0x002CDE48,0x001C6408,0x001C6408,3,0x00116380; 0x001164DC; 0x00116A00,0x002CDE4C; 0x002CDE50; 0x002CDE54,,53,3,compiled descriptor; no assertion spawned or active,current verified module text base + RVA
1,Pokitaru,BlasterAkimbo,"Armes, projectiles et degats",0x002CDE40,0x002CDEB4,0x001C6410,0x001C6410,3,0x001179E0; 0x00117A64; 0x00117A94,0x002CDEB8; 0x002CDEBC; 0x002CDEC0,,21,2,compiled descriptor; no assertion spawned or active,current verified module text base + RVA
1,Pokitaru,BlasterShot,"Armes, projectiles et degats",0x002CDEB4,0x002CDF28,0x001C6420,0x001C6420,3,0x00117D64; 0x00117D8C; 0x00118130,0x002CDF2C; 0x002CDF30; 0x002CDF34,,28,2,compiled descriptor; no assertion spawned or active,current verified module text base + RVA
1,Pokitaru,BlitzGun,"Armes, projectiles et degats",0x002CE314,0x002CE388,0x001C6430,0x001C6430,3,0x00119FFC; 0x0011A158; 0x0011A5B0,0x002CE38C; 0x002CE390; 0x002CE394,,40,1,compiled descriptor; no assertion spawned or active,current verified module text base + RVA
1,Pokitaru,BlitzGunShot,"Armes, projectiles et degats",0x002CE4A4,0x002CE518,0x001C6440,0x001C6440,3,0x0011C044; 0x0011C04C; 0x0011C1E8,0x002CE51C; 0x002CE520; 0x002CE524,,21,2,compiled descriptor; no assertion spawned or active,current verified module text base + RVA
1,Pokitaru,Bolt,"Caisses, pickups et bonus",0x002CE508,0x002CE57C,0x001C6450,0x001C6450,2,0x0011CCF8; 0x0011CD00,0x002CE580; 0x002CE584,,0,0,compiled descriptor; no assertion spawned or active,current verified module text base + RVA
1,Pokitaru,BoltController,"Caisses, pickups et bonus",0x002CE7FC,0x002CE870,0x001C6498,0x001C6498,3,0x00120268; 0x0012049C; 0x001204C0,0x002CE874; 0x002CE878; 0x002CE87C,u32 boltAmnt; u32 boltAmountReplay; u32 pad[ 2 ];,0,0,compiled descriptor; no assertion spawned or active,current verified module text base + RVA
1,Pokitaru,BoltCrankBolt,Pieges et mecanismes,0x002CE88C,0x002CE900,0x001C6548,0x001C6548,3,0x0012085C; 0x00120A78; 0x00120A80,0x002CE904; 0x002CE908; 0x002CE90C,,29,1,compiled descriptor; no assertion spawned or active,current verified module text base + RVA
1,Pokitaru,BoltCrankCam,Pieges et mecanismes,0x002CE978,0x002CE9EC,0x001C65D0,0x001C65D0,3,0x00120F70; 0x00120FAC; 0x00120FB4,0x002CE9F0; 0x002CE9F4; 0x002CE9F8,MobyLink boltCrank; f32 dist; f32 height; f32 lookHeight; f32 elevation; f32 azimuth; f32 camBlend; f32 pad;,2,1,compiled descriptor; no assertion spawned or active,current verified module text base + RVA
1,Pokitaru,BoltGrabber,"Caisses, pickups et bonus",0x002CE9D8,0x002CEA4C,0x001C65E0,0x001C65E0,3,0x00121254; 0x0012125C; 0x00121264,0x002CEA50; 0x002CEA54; 0x002CEA58,,0,0,compiled descriptor; no assertion spawned or active,current verified module text base + RVA
1,Pokitaru,Bombglove,"Armes, projectiles et degats",0x002CEA9C,0x002CEB10,0x001C65F0,0x001C65F0,3,0x0012126C; 0x00121344; 0x001217F4,0x002CEB14; 0x002CEB18; 0x002CEB1C,,17,0,compiled descriptor; no assertion spawned or active,current verified module text base + RVA
1,Pokitaru,BoxBreaker,"Caisses, pickups et bonus",0x002CEB00,0x002CEB74,0x001C6600,0x001C6600,3,0x00121D64; 0x00121D6C; 0x00121D74,0x002CEB78; 0x002CEB7C; 0x002CEB80,,0,0,compiled descriptor; no assertion spawned or active,current verified module text base + RVA
1,Pokitaru,BoxBreakerHelp,"Caisses, pickups et bonus",0x002CEB60,0x002CEBD4,0x001C6610,0x001C6610,3,0x00121E00; 0x00121E08; 0x00121E10,0x002CEBD8; 0x002CEBDC; 0x002CEBE0,,5,0,compiled descriptor; no assertion spawned or active,current verified module text base + RVA
1,Pokitaru,BreakableObject,"Caisses, pickups et bonus",0x002CEBC0,0x002CEC34,0x001C6630,0x001C6630,4,0x00121E5C; 0x0012204C; 0x00122080; 0x00122088,0x002CEC38; 0x002CEC3C; 0x002CEC40; 0x002CEC44,,17,0,compiled descriptor; no assertion spawned or active,current verified module text base + RVA
1,Pokitaru,Butterfly,"Effets, particules et environnement",0x002CED2C,0x002CEDA0,0x001C6640,0x001C6640,3,0x001220C8; 0x001223B4; 0x00122820,0x002CEDA4; 0x002CEDA8; 0x002CEDAC,VEC4 localRotVel; VEC4 localDir; VEC4 localPos; VEC4 localDest; VEC3 globalRotVel; CurveLink path; f32 speed; Particle *pLeftWing; Particle *pRightWing; f32 angleSpeed; f32 localAccel; f32 localSpeed; f32 targetSpeed; u16 localPointTimer; u8 curvePoint; u8 pad[ 1 ];,19,0,compiled descriptor; no assertion spawned or active,current verified module text base + RVA
1,Pokitaru,ChameleonDecoy,Autres objets et controleurs,0x002CEEEC,0x002CEF60,0x001C6710,0x001C6710,4,0x00123228; 0x00123230; 0x00123248; 0x001232D0,0x002CEF64; 0x002CEF68; 0x002CEF6C; 0x002CEF70,,7,1,compiled descriptor; no assertion spawned or active,current verified module text base + RVA
1,Pokitaru,ClankForShipAnim,"Joueur, acteurs et accessoires",0x002CEF60,0x002CEFD4,0x001C6720,0x001C6720,3,0x00123384; 0x0012338C; 0x00123394,0x002CEFD8; 0x002CEFDC; 0x002CEFE0,u32 pad[ 4 ];,0,0,compiled descriptor; no assertion spawned or active,current verified module text base + RVA
1,Pokitaru,ClankPack,"Joueur, acteurs et accessoires",0x002CEFC0,0x002CF034,0x001C6738,0x001C6738,3,0x0012339C; 0x001233CC; 0x001233D4,0x002CF038; 0x002CF03C; 0x002CF040,,2,0,compiled descriptor; no assertion spawned or active,current verified module text base + RVA
1,Pokitaru,ConditionalStartLocation,Autres objets et controleurs,0x002CF054,0x002CF0C8,0x001C6748,0x001C6748,3,0x001233F8; 0x0012341C; 0x00123424,0x002CF0CC; 0x002CF0D0; 0x002CF0D4,u32 fromLevelId; u32 levelBeenSeenId; u32 pad[ 2 ];,5,0,compiled descriptor; no assertion spawned or active,current verified module text base + RVA
1,Pokitaru,ContinuePoint,Autres objets et controleurs,0x002CF0E4,0x002CF158,0x001C6768,0x001C6768,3,0x001234A4; 0x001234C8; 0x001234D0,0x002CF15C; 0x002CF160; 0x002CF164,TriggerLink activateTrigger; u8 index;,0,0,compiled descriptor; no assertion spawned or active,current verified module text base + RVA
1,Pokitaru,CowBell,Autres objets et controleurs,0x002CF184,0x002CF1F8,0x001C6778,0x001C6778,3,0x001239A0; 0x001239A8; 0x001239B0,0x002CF1FC; 0x002CF200; 0x002CF204,,31,0,compiled descriptor; no assertion spawned or active,current verified module text base + RVA
1,Pokitaru,Crab,Ennemis et boss,0x002CF444,0x002CF4B8,0x001C6780,0x001C6780,4,0x00123AE8; 0x00124114; 0x00126F28; 0x001241E8,0x002CF4BC; 0x002CF4C0; 0x002CF4C4; 0x002CF4C8,Navigate navigateBehavior; TriggerLink detectArea; TriggerLink startPathTrigger; MobyLink objController; MobyLink enemyController; CurveLink initCurve; MobyLink enemyWave; f32 scale; TriggerLink noDetectArea; Toggle pathNotice; u8 pad[ 3 ];,77,0,compiled descriptor; no assertion spawned or active,current verified module text base + RVA
1,Pokitaru,CrabObjectController,Ennemis et boss,0x002CF574,0x002CF5E8,0x001C6A48,0x001C6A48,3,0x00127C7C; 0x00127CF0; 0x00127F18,0x002CF5EC; 0x002CF5F0; 0x002CF5F4,TieLink examineObjs[ 8 ]; VEC4 velocities [ 8 ]; VEC4 rotationAxes[ 8 ]; f32 stopRollingThresh[ 8 ]; u8 flags[ 8 ]; u32 examineObjCount; u32 pad[ 1 ];,8,0,compiled descriptor; no assertion spawned or active,current verified module text base + RVA
1,Pokitaru,CrabShrapnel,Ennemis et boss,0x002CF790,0x002CF804,0x001C6A60,0x001C6A60,3,0x001281B8; 0x001281C0; 0x001281C8,0x002CF808; 0x002CF80C; 0x002CF810,,32,0,compiled descriptor; no assertion spawned or active,current verified module text base + RVA
1,Pokitaru,CrankedObject,Pieges et mecanismes,0x002CF8B4,0x002CF928,0x001C6A70,0x001C6A70,3,0x001287E4; 0x00128668; 0x00128C20,0x002CF92C; 0x002CF930; 0x002CF934,MobyLink boltCrank; f32 moveAmount; f32 speed; f32 accel; GDE_Sound *pSoundRaised; GDE_Sound *pSoundRaising; GDE_Sound *pSoundDropped; SND_Positional *pSoundRaisingPos; MobyLink boltCrank2;,31,0,compiled descriptor; no assertion spawned or active,current verified module text base + RVA
1,Pokitaru,Crate,"Caisses, pickups et bonus",0x002CFBE4,0x002CFC58,0x001C6B78,0x001C6B78,4,0x00129468; 0x00129470; 0x00129558; 0x00129478,0x002CFC5C; 0x002CFC60; 0x002CFC64; 0x002CFC68,Moby *pCrateBelow; f32 velocityY; f32 fallDistance; f32 distFallen;,15,0,compiled descriptor; no assertion spawned or active,current verified module text base + RVA
1,Pokitaru,CrateAmmo,"Caisses, pickups et bonus",0x002CFD24,0x002CFD98,0x001C6B80,0x001C6B80,4,0x00129638; 0x00129660; 0x00129668; 0x00129670,0x002CFD9C; 0x002CFDA0; 0x002CFDA4; 0x002CFDA8,Moby *pCrateBelow; f32 velocityY; f32 fallDistance; f32 distFallen; Toggle major; Toggle minor; u8 noAmmoType1; u8 noAmmoType2; u8 onlyAmmoType; Toggle validIM; Toggle validDM; Toggle validCTF; u8 pad[8];,12,0,compiled descriptor; no assertion spawned or active,current verified module text base + RVA
1,Pokitaru,CrateChunk,"Caisses, pickups et bonus",0x002CFD88,0x002CFDFC,0x001C6B90,0x001C6B90,2,0x00129D34; 0x00129D3C,0x002CFE00; 0x002CFE04,,0,0,compiled descriptor; no assertion spawned or active,current verified module text base + RVA
1,Pokitaru,CrateChunkController,"Caisses, pickups et bonus",0x002CFF88,0x002CFFFC,0x001C6BA0,0x001C6BA0,2,0x0012A398; 0x0012A3A0,0x002D0000; 0x002D0004,,0,0,compiled descriptor; no assertion spawned or active,current verified module text base + RVA
1,Pokitaru,CrateHealth,"Caisses, pickups et bonus",0x002D00A0,0x002D0114,0x001C6C40,0x001C6C40,2,0x0012A5D0; 0x0012A66C,0x002D0118; 0x002D011C,Moby *pCrateBelow; f32 velocityY; f32 fallDistance; f32 distFallen; Moby *pPowerup; Toggle validIM; Toggle validDM; Toggle validCTF; u8 pad[9];,1,0,compiled descriptor; no assertion spawned or active,current verified module text base + RVA
1,Pokitaru,CrossbowGun,"Armes, projectiles et degats",0x002D06A4,0x002D0718,0x001C6C50,0x001C6C50,3,0x0012AF88; 0x0012B074; 0x0012B254,0x002D071C; 0x002D0720; 0x002D0724,,33,3,compiled descriptor; no assertion spawned or active,current verified module text base + RVA
1,Pokitaru,CrossbowShot,"Armes, projectiles et degats",0x002D0884,0x002D08F8,0x001C6C88,0x001C6C88,3,0x0012B8A4; 0x0012B8AC; 0x0012CDEC,0x002D08FC; 0x002D0900; 0x002D0904,,63,4,compiled descriptor; no assertion spawned or active,current verified module text base + RVA
1,Pokitaru,CrystalGroundShard,Autres objets et controleurs,0x002D09A0,0x002D0A14,0x001C6C98,0x001C6C98,3,0x0012DCE0; 0x0012DF24; 0x0012E168,0x002D0A18; 0x002D0A1C; 0x002D0A20,,33,1,compiled descriptor; no assertion spawned or active,current verified module text base + RVA
1,Pokitaru,DesignTest,Autres objets et controleurs,0x002D0A10,0x002D0A84,0x001C6CB0,0x001C6CB0,3,0x0012E888; 0x0012E890; 0x0012E898,0x002D0A88; 0x002D0A8C; 0x002D0A90,u32 pad[4];,0,0,compiled descriptor; no assertion spawned or active,current verified module text base + RVA
1,Pokitaru,DropshipB,Autres objets et controleurs,0x002D0C34,0x002D0CA8,0x001C6CC0,0x001C6CC0,4,0x0012F490; 0x0012E8FC; 0x0012F850; 0x0012E904,0x002D0CAC; 0x002D0CB0; 0x002D0CB4; 0x002D0CB8,Moby *pEnemiesInShip[ 8 ]; Moby_OnDropshipSpawnCB *pSpawnCBs[ 8 ]; VEC4 idealForward; VEC4 curForward; VEC4 curUp; VEC4 pathPoint; VEC4 gunPos; VEC4 rEnginePos; f32 speed; f32 actualSpeed; f32 deltaSpeed; f32 beamSize; CurveLink path; CurveLink spawnPoints; TriggerLink enterTrigger; u8 pathPointIndex; u8 beamFadeMode; u8 inShipCount; u8 spawnCount; SND_Positional *pEngineSound; u32 pad[ 3 ];,35,0,compiled descriptor; no assertion spawned or active,current verified module text base + RVA
1,Pokitaru,DropshipLaser,"Armes, projectiles et degats",0x002D0CDC,0x002D0D50,0x001C6EA8,0x001C6EA8,3,0x0013057C; 0x0013058C; 0x001305D8,0x002D0D54; 0x002D0D58; 0x002D0D5C,VEC4 targetPos; Particle* pPart;,11,0,compiled descriptor; no assertion spawned or active,current verified module text base + RVA
1,Pokitaru,DualBlasterHUD,"Armes, projectiles et degats",0x002D0D40,0x002D0DB4,0x001C6EB8,0x001C6EB8,3,0x001307A0; 0x001307A8; 0x001307B0,0x002D0DB8; 0x002D0DBC; 0x002D0DC0,,0,0,compiled descriptor; no assertion spawned or active,current verified module text base + RVA
1,Pokitaru,electricXplo,Autres objets et controleurs,0x002D0DDC,0x002D0E50,0x001C6EC8,0x001C6EC8,3,0x00131250; 0x00130FA4; 0x00130FAC,0x002D0E54; 0x002D0E58; 0x002D0E5C,f32 lengths[24]; VEC3 normals[18]; f32 timer; s32 scroll;,14,2,compiled descriptor; no assertion spawned or active,current verified module text base + RVA
1,Pokitaru,ElectroBall,Autres objets et controleurs,0x002D0FB0,0x002D1024,0x001C6F48,0x001C6F48,3,0x00132B38; 0x00132BA8; 0x00132BEC,0x002D1028; 0x002D102C; 0x002D1030,,19,3,compiled descriptor; no assertion spawned or active,current verified module text base + RVA
1,Pokitaru,ElectroshockWave,Autres objets et controleurs,0x002D10BC,0x002D1130,0x001C6F58,0x001C6F58,3,0x00133830; 0x00133838; 0x00134310,0x002D1134; 0x002D1138; 0x002D113C,,14,3,compiled descriptor; no assertion spawned or active,current verified module text base + RVA
1,Pokitaru,EndMovie,Autres objets et controleurs,0x002D119C,0x002D1210,0x001C6F70,0x001C6F70,3,0x001346A0; 0x001347E4; 0x001347EC,0x002D1214; 0x002D1218; 0x002D121C,TriggerLink trigger; u32 level; u32 grantedLevel; TriggerLink queueTrigger; Toggle dontReplay; u8 pad[15];,2,0,compiled descriptor; no assertion spawned or active,current verified module text base + RVA
1,Pokitaru,EnemyController,Ennemis et boss,0x002D1308,0x002D137C,0x001C6FF0,0x001C6FF0,3,0x001349C8; 0x00134BD4; 0x00134FCC,0x002D1380; 0x002D1384; 0x002D1388,TriggerLink updateArea; TriggerLink updateArea2; TriggerLink destroyTrigger; f32 firstWaveDist; f32 secondWaveDist; Toggle envColl; u8 attackingMax; Toggle destroyControllerToo; u8 pad[ 9 ];,79,1,compiled descriptor; no assertion spawned or active,current verified module text base + RVA
1,Pokitaru,EnemyWave,Ennemis et boss,0x002D1474,0x002D14E8,0x001C7190,0x001C7190,3,0x001379E0; 0x00137A98; 0x00137D9C,0x002D14EC; 0x002D14F0; 0x002D14F4,MobyLink destroyedMoby; TriggerLink trigger; MobyLink previousWave; f32 timer; f32 delayRandMax; MobyLink enemyControllerToCheck; u8 mobyToCheckState; Toggle prevWaveDestroyed; u8 enemyInControllerCount; u8 pad[ 9 ];,9,1,compiled descriptor; no assertion spawned or active,current verified module text base + RVA
1,Pokitaru,ExplosiveBee,Autres objets et controleurs,0x002D1644,0x002D16B8,0x001C7220,0x001C7220,3,0x00138260; 0x00138308; 0x001391B0,0x002D16BC; 0x002D16C0; 0x002D16C4,,9,2,compiled descriptor; no assertion spawned or active,current verified module text base + RVA
1,Pokitaru,Fire,"Effets, particules et environnement",0x002D1914,0x002D1988,0x001C7278,0x001C7278,3,0x0013A2A8; 0x0013A41C; 0x0013A51C,0x002D198C; 0x002D1990; 0x002D1994,TriggerLink activeArea; TriggerLink damageArea; f32 damage; Toggle sound; u8 pad[ 3 ];,12,0,compiled descriptor; no assertion spawned or active,current verified module text base + RVA
1,Pokitaru,Flamethrower,"Armes, projectiles et degats",0x002D1A58,0x002D1ACC,0x001C7308,0x001C7308,3,0x0013A964; 0x0013AAE0; 0x0013B8F0,0x002D1AD0; 0x002D1AD4; 0x002D1AD8,,12,2,compiled descriptor; no assertion spawned or active,current verified module text base + RVA
1,Pokitaru,FlyingCarLightweightDirectional,Autres objets et controleurs,0x002D1D48,0x002D1DBC,0x001C7318,0x001C7318,3,0x0013DF30; 0x0013E124; 0x0013E12C,0x002D1DC0; 0x002D1DC4; 0x002D1DC8,f32 speed; f32 distance; f32 fadeDist; u8 pad8a; u8 reverse; u8 lanes; u8 pad8; f32 spawnXMod; f32 spawnYMod; VEC3 posVariAmp; VEC3 posVariRate; f32 scale; u32 numShips; f32 spawnRate; Toggle DistantShip1; Toggle DistantShip2; Toggle DistantShip3; Toggle PODCopter; Toggle ShuttleCruiser; Toggle Dragonfly; Toggle pad[15] ;,7,1,compiled descriptor; no assertion spawned or active,current verified module text base + RVA
1,Pokitaru,FlyingCarLightweightOrbit,Autres objets et controleurs,0x002D1F70,0x002D1FE4,0x001C7478,0x001C7478,3,0x0013EFEC; 0x0013F1C8; 0x0013F1D0,0x002D1FE8; 0x002D1FEC; 0x002D1FF0,f32 speed; f32 radius; f32 fadeDist; u8 pad8a; u8 spawnRadiusMod; u8 reverse; u8 lanes; f32 spawnYMod; VEC3 posVariAmp; VEC3 posVariRate; u32 numShips; f32 spawnRate; f32 scale; f32 startAngle; f32 endAngle; Toggle DistantShip1; Toggle DistantShip2; Toggle DistantShip3; Toggle PODCopter; Toggle ShuttleCruiser; Toggle pad[11] ;,6,1,compiled descriptor; no assertion spawned or active,current verified module text base + RVA
1,Pokitaru,FlyingCarLightweightPathed,Autres objets et controleurs,0x002D2174,0x002D21E8,0x001C75B8,0x001C75B8,3,0x00140C40; 0x001401A0; 0x001401A8,0x002D21EC; 0x002D21F0; 0x002D21F4,CurveLink path; f32 speed; f32 fadeDist; u8 loop; u8 reverse; u8 lanes; u8 rotSmooth; f32 spawnXMod; f32 spawnYMod; VEC3 posVariAmp; VEC3 posVariRate; f32 spawnRate; f32 scale; u32 numShips; Toggle DistantShip1; Toggle DistantShip2; Toggle DistantShip3; Toggle PODCopter; Toggle ShuttleCruiser; Toggle pad[15] ;,7,1,compiled descriptor; no assertion spawned or active,current verified module text base + RVA
1,Pokitaru,FogMoby,Autres objets et controleurs,0x002D2324,0x002D2398,0x001C7738,0x001C7738,3,0x0014115C; 0x001411FC; 0x00141204,0x002D239C; 0x002D23A0; 0x002D23A4,TriggerLink region; f32 Side1FogStart; f32 Side1FogEnd; u8 Side1Red; u8 Side1Green; u8 Side1Blue; u8 padAlpha1; f32 Side2FogStart; f32 Side2FogEnd; u8 Side2Red; u8 Side2Green; u8 Side2Blue; u8 padAlpha2; u32 pad[ 1 ];,1,0,compiled descriptor; no assertion spawned or active,current verified module text base + RVA
1,Pokitaru,GlowCard,"Effets, particules et environnement",0x002D23EC,0x002D2460,0x001C77A8,0x001C77A8,3,0x00141754; 0x00141874; 0x0014187C,0x002D2464; 0x002D2468; 0x002D246C,u8 red; u8 green; u8 blue; u8 alpha; f32 size; f32 zOffset; CurveLink points;,2,0,compiled descriptor; no assertion spawned or active,current verified module text base + RVA
1,Pokitaru,GravityCrystal,Autres objets et controleurs,0x002D2460,0x002D24D4,0x001C7870,0x001C7870,3,0x001422A0; 0x001424B8; 0x00142E30,0x002D24D8; 0x002D24DC; 0x002D24E0,,40,3,compiled descriptor; no assertion spawned or active,current verified module text base + RVA
1,Pokitaru,HeadShrapnel,Autres objets et controleurs,0x002D2704,0x002D2778,0x001C7880,0x001C7880,3,0x0014322C; 0x00143240; 0x00143248,0x002D277C; 0x002D2780; 0x002D2784,,48,0,compiled descriptor; no assertion spawned or active,current verified module text base + RVA
1,Pokitaru,Helipack,Autres objets et controleurs,0x002D2774,0x002D27E8,0x001C7890,0x001C7890,3,0x00143840; 0x00143848; 0x00143850,0x002D27EC; 0x002D27F0; 0x002D27F4,,3,0,compiled descriptor; no assertion spawned or active,current verified module text base + RVA
1,Pokitaru,HutDoor,Pieges et mecanismes,0x002D283C,0x002D28B0,0x001C78A0,0x001C78A0,3,0x001439F4; 0x00143DC0; 0x00143FEC,0x002D28B4; 0x002D28B8; 0x002D28BC,MobyLink mobysToCheck[ 10 ]; TriggerLink trigger; MobyLink enemyController; f32 radius; u32 pad[3];,33,0,compiled descriptor; no assertion spawned or active,current verified module text base + RVA
1,Pokitaru,Hypershot,Gadgets et outils,0x002D2A24,0x002D2A98,0x001C7998,0x001C7998,3,0x00144830; 0x001448CC; 0x00144954,0x002D2A9C; 0x002D2AA0; 0x002D2AA4,,13,0,compiled descriptor; no assertion spawned or active,current verified module text base + RVA
1,Pokitaru,InitialCamera,Camera et presentation,0x002D2B0C,0x002D2B80,0x001C79B0,0x001C79B0,3,0x00144AE4; 0x00144BE0; 0x00144BE8,0x002D2B84; 0x002D2B88; 0x002D2B8C,f32 dist; f32 height; f32 lookHeight; f32 elevation; f32 azimuth; Toggle dontCreateNextLevelSeen; u8 pressed; u8 pad[ 10 ];,6,1,compiled descriptor; no assertion spawned or active,current verified module text base + RVA
1,Pokitaru,IntroMovie,Autres objets et controleurs,0x002D2B90,0x002D2C04,0x001C79C0,0x001C79C0,3,0x00144D10; 0x00144DCC; 0x00144DD4,0x002D2C08; 0x002D2C0C; 0x002D2C10,u32 fromLevel; u32 pad[ 3 ];,7,1,compiled descriptor; no assertion spawned or active,current verified module text base + RVA
1,Pokitaru,LaserTracer,"Armes, projectiles et degats",0x002D414C,0x002D41C0,0x001C79D0,0x001C79D0,3,0x00148A70; 0x00148B64; 0x00148CEC,0x002D41C4; 0x002D41C8; 0x002D41CC,,16,3,compiled descriptor; no assertion spawned or active,current verified module text base + RVA
1,Pokitaru,Level01Boat,Autres objets et controleurs,0x002D4304,0x002D4378,0x001C7A18,0x001C7A18,3,0x0014E554; 0x0014E4F8; 0x0014EB68,0x002D437C; 0x002D4380; 0x002D4384,MobyLink mobysToCheck[ 8 ]; CurveLink path; TriggerLink avoidTrigger; MobyLink cameraTarget[ 2 ]; TriggerLink goBackTrigger; u8 numInGroup[ 2 ]; u8 pad[ 10 ];,15,0,compiled descriptor; no assertion spawned or active,current verified module text base + RVA
1,Pokitaru,Level01Cutscene01,Camera et presentation,0x002D4440,0x002D44B4,0x001C7B38,0x001C7B38,3,0x0014FF6C; 0x00150388; 0x001503AC,0x002D44B8; 0x002D44BC; 0x002D44C0,ShrubLink buildingShrubs[ 16 ]; TieLink buildingTies[ 5 ]; TriggerLink firstTrigger; TriggerLink secondTrigger; TieLink shackBase; MobyLink enemyWaveToSpawn; MobyLink postSceneMusic; u32 pad[ 2 ];,6,0,compiled descriptor; no assertion spawned or active,current verified module text base + RVA
1,Pokitaru,Level01DoorTarget,Pieges et mecanismes,0x002D4504,0x002D4578,0x001C7CB0,0x001C7CB0,3,0x00150608; 0x00150808; 0x0015083C,0x002D457C; 0x002D4580; 0x002D4584,MobyLink target; f32 moveAmount; f32 speed; f32 accel;,16,0,compiled descriptor; no assertion spawned or active,current verified module text base + RVA
1,Pokitaru,Level01HelpManager,Autres objets et controleurs,0x002D468C,0x002D4700,0x001C7D58,0x001C7D58,3,0x00150AB4; 0x00150EF0; 0x00150EF8,0x002D4704; 0x002D4708; 0x002D470C,TriggerLink highJumpArea; MobyLink boltCrank; TriggerLink longJumpArea; TriggerLink gateArea; TriggerLink bombArea; TriggerLink magnabootsArea; TriggerLink ziplineArea; MobyLink doorTarget; TriggerLink startStrafeArea; TriggerLink strafeOptionsArea; u32 pad[ 2 ];,8,1,compiled descriptor; no assertion spawned or active,current verified module text base + RVA
1,Pokitaru,Level01OceanSound,Camera et presentation,0x002D4754,0x002D47C8,0x001C80D8,0x001C80D8,3,0x001514D8; 0x00151610; 0x00151654,0x002D47CC; 0x002D47D0; 0x002D47D4,TriggerLink playTriggers[ 4 ]; TriggerLink noPlayTriggers[ 4 ];,4,2,compiled descriptor; no assertion spawned or active,current verified module text base + RVA
1,Pokitaru,Level01SkyController,"Effets, particules et environnement",0x002D47DC,0x002D4850,0x001C80F0,0x001C80F0,3,0x00151950; 0x001519A0; 0x001519A8,0x002D4854; 0x002D4858; 0x002D485C,f32 rotSp; f32 rot; u32 pad[2];,17,0,compiled descriptor; no assertion spawned or active,current verified module text base + RVA
1,Pokitaru,Level01Waterfall,"Effets, particules et environnement",0x002D48B8,0x002D492C,0x001C8108,0x001C8108,3,0x00151AB4; 0x00151BEC; 0x00151D78,0x002D4930; 0x002D4934; 0x002D4938,TriggerLink effectArea; TriggerLink effectArea2; u32 pad[ 2 ];,20,4,compiled descriptor; no assertion spawned or active,current verified module text base + RVA
1,Pokitaru,LevelMusic,Autres objets et controleurs,0x002D4BA4,0x002D4C18,0x001C81E0,0x001C81E0,2,0x001521EC; 0x001522CC,0x002D4C1C; 0x002D4C20,u32 songNumber; TriggerLink trigger; s32 continuePointMin; s32 continuePointMax; s32 levelNumber; u8 priority; u8 pad[ 7 ];,1,0,compiled descriptor; no assertion spawned or active,current verified module text base + RVA
1,Pokitaru,LevelSettings,Autres objets et controleurs,0x002D4C38,0x002D4CAC,0x001C8200,0x001C8200,3,0x0015298C; 0x00152994; 0x0015299C,0x002D4CB0; 0x002D4CB4; 0x002D4CB8,u32 breakableBoltTotal; u32 pad[3];,0,0,compiled descriptor; no assertion spawned or active,current verified module text base + RVA
1,Pokitaru,LunaCamera,Ennemis et boss,0x002D4CC4,0x002D4D38,0x001C8210,0x001C8210,3,0x001529A4; 0x001529E8; 0x001529F0,0x002D4D3C; 0x002D4D40; 0x002D4D44,,4,1,compiled descriptor; no assertion spawned or active,current verified module text base + RVA
1,Pokitaru,LunaCutscene,Ennemis et boss,0x002D4D6C,0x002D4DE0,0x001C8220,0x001C8220,3,0x00152D10; 0x00152E98; 0x00152EA0,0x002D4DE4; 0x002D4DE8; 0x002D4DEC,CurveLink curve; MobyLink enemyWave; u32 pad[ 2 ];,16,0,compiled descriptor; no assertion spawned or active,current verified module text base + RVA
1,Pokitaru,LunaNPC,Ennemis et boss,0x002D4F34,0x002D4FA8,0x001C8298,0x001C8298,4,0x00152F84; 0x0015346C; 0x00154294; 0x001534C0,0x002D4FAC; 0x002D4FB0; 0x002D4FB4; 0x002D4FB8,NavBound navBound; u32 pad; TriggerLink moveTriggers[ 11 ]; MobyLink enemyControllers[ 11 ]; CurveLink waitPoints; MobyLink cutscene; MobyLink targetMobys[ 12 ];,25,0,compiled descriptor; no assertion spawned or active,current verified module text base + RVA
1,Pokitaru,LunaPhotoTarget,Ennemis et boss,0x002D4FEC,0x002D5060,0x001C8458,0x001C8458,3,0x00155C1C; 0x00155CDC; 0x00155CE4,0x002D5064; 0x002D5068; 0x002D506C,TriggerLink photoArea; TriggerLink turnToFaceArea; u32 pad[ 2 ];,1,0,compiled descriptor; no assertion spawned or active,current verified module text base + RVA
1,Pokitaru,Lvl3Elevator,Pieges et mecanismes,0x002D51B4,0x002D5228,0x001C84E8,0x001C84E8,3,0x001562DC; 0x00155DCC; 0x00156710,0x002D522C; 0x002D5230; 0x002D5234,CurveLink path; f32 moveTime; f32 progress; f32 progInc; f32 waitTime; f32 radius; SND_Positional *pMoveSound; f32 heightDiff; Toggle oneWay; Toggle direction; Toggle waitForHero; Toggle waitForActivate; Toggle matchHero; Toggle checkCrush; Toggle useButton; u8 pad[9];,23,0,compiled descriptor; no assertion spawned or active,current verified module text base + RVA
1,Pokitaru,MapOMaticGadget,Gadgets et outils,0x002D5228,0x002D529C,0x001C8630,0x001C8630,3,0x00157090; 0x00157098; 0x001570A0,0x002D52A0; 0x002D52A4; 0x002D52A8,,0,0,compiled descriptor; no assertion spawned or active,current verified module text base + RVA
1,Pokitaru,MatrixMoby,Autres objets et controleurs,0x002D5288,0x002D52FC,0x001C8640,0x001C8640,3,0x001570A8; 0x001570B0; 0x001570B8,0x002D5300; 0x002D5304; 0x002D5308,,0,0,compiled descriptor; no assertion spawned or active,current verified module text base + RVA
1,Pokitaru,MobyGroup,Autres objets et controleurs,0x002D532C,0x002D53A0,0x001C8650,0x001C8650,3,0x001570C0; 0x00157158; 0x00157160,0x002D53A4; 0x002D53A8; 0x002D53AC,MobyLink mobysToCheck[ 8 ]; u8 destroyed; u8 count; u8 pad[ 14 ];,6,0,compiled descriptor; no assertion spawned or active,current verified module text base + RVA
1,Pokitaru,MobyIce,Autres objets et controleurs,0x002D5434,0x002D54A8,0x001C86D0,0x001C86D0,3,0x00157A80; 0x00157A98; 0x0015841C,0x002D54AC; 0x002D54B0; 0x002D54B4,,31,1,compiled descriptor; no assertion spawned or active,current verified module text base + RVA
1,Pokitaru,Mootator,"Armes, projectiles et degats",0x002D5734,0x002D57A8,0x001C86D8,0x001C86D8,3,0x00158FC4; 0x00159214; 0x0015A364,0x002D57AC; 0x002D57B0; 0x002D57B4,,21,0,compiled descriptor; no assertion spawned or active,current verified module text base + RVA
1,Pokitaru,MutantCow,Autres objets et controleurs,0x002D57C8,0x002D583C,0x001C86E8,0x001C86E8,4,0x0015A8CC; 0x0015AA50; 0x0015AF7C; 0x001996F8,0x002D5840; 0x002D5844; 0x002D5848; 0x002D584C,,29,1,compiled descriptor; no assertion spawned or active,current verified module text base + RVA
1,Pokitaru,MutantMadCow,Autres objets et controleurs,0x002D5998,0x002D5A0C,0x001C8718,0x001C8718,4,0x0015BADC; 0x0015BC44; 0x0015C060; 0x001996F8,0x002D5A10; 0x002D5A14; 0x002D5A18; 0x002D5A1C,,47,2,compiled descriptor; no assertion spawned or active,current verified module text base + RVA
1,Pokitaru,NapalmBubble,Autres objets et controleurs,0x002D5A60,0x002D5AD4,0x001C8728,0x001C8728,3,0x0015CCD0; 0x0015CCD8; 0x0015CCE0,0x002D5AD8; 0x002D5ADC; 0x002D5AE0,,8,1,compiled descriptor; no assertion spawned or active,current verified module text base + RVA
1,Pokitaru,PathAnimal,"Joueur, acteurs et accessoires",0x002D5B74,0x002D5BE8,0x001C8738,0x001C8738,4,0x0015D764; 0x0015DC0C; 0x0015DD3C; 0x0015DC40,0x002D5BEC; 0x002D5BF0; 0x002D5BF4; 0x002D5BF8,CurveLink path; f32 speed; u32 pad[ 2 ];,38,1,compiled descriptor; no assertion spawned or active,current verified module text base + RVA
1,Pokitaru,PDA,Autres objets et controleurs,0x002D5BE8,0x002D5C5C,0x001C8810,0x001C8810,3,0x0015E370; 0x0015E378; 0x0015E380,0x002D5C60; 0x002D5C64; 0x002D5C68,,0,0,compiled descriptor; no assertion spawned or active,current verified module text base + RVA
1,Pokitaru,Polarizer,Gadgets et outils,0x002D5CF4,0x002D5D68,0x001C8818,0x001C8818,3,0x0015E3B4; 0x0015E570; 0x0015F058,0x002D5D6C; 0x002D5D70; 0x002D5D74,,34,0,compiled descriptor; no assertion spawned or active,current verified module text base + RVA
1,Pokitaru,PowerupAmmo,"Caisses, pickups et bonus",0x002D5E44,0x002D5EB8,0x001C8828,0x001C8828,3,0x0015FFC8; 0x00160094; 0x0016009C,0x002D5EBC; 0x002D5EC0; 0x002D5EC4,VEC4 velocity; f32 fallDistance; f32 fadeAmnt; u8 ammoType; u8 ammoAmnt; u32 priority; u8 gain; u8 needSync;,48,1,compiled descriptor; no assertion spawned or active,current verified module text base + RVA
1,Pokitaru,PowerupHealth,"Caisses, pickups et bonus",0x002D5FA0,0x002D6014,0x001C88A8,0x001C88A8,3,0x0016153C; 0x0016158C; 0x001615C8,0x002D6018; 0x002D601C; 0x002D6020,Particle *pTrail[8]; Particle *pGlowParticle; Particle *pGlowParticle2; Particle *pSphereParticle; Particle *pSphereParticle2; Moby *pParent; VEC4 velocity; f32 bobCount; f32 goToTimer; f32 deathTimer; f32 fallDistance;,21,5,compiled descriptor; no assertion spawned or active,current verified module text base + RVA
1,Pokitaru,Ratchet,"Joueur, acteurs et accessoires",0x002D6128,0x002D619C,0x001C88B8,0x001C88B8,4,0x00162F70; 0x00162FB0; 0x00162FB8; 0x00162FC0,0x002D61A0; 0x002D61A4; 0x002D61A8; 0x002D61AC,,14,0,compiled descriptor; no assertion spawned or active,current verified module text base + RVA
1,Pokitaru,RatchetDecoyInner,"Joueur, acteurs et accessoires",0x002D6264,0x002D62D8,0x001C8950,0x001C8950,4,0x00163EB8; 0x00163EC0; 0x00164C30; 0x00163F80,0x002D62DC; 0x002D62E0; 0x002D62E4; 0x002D62E8,,18,2,compiled descriptor; no assertion spawned or active,current verified module text base + RVA
1,Pokitaru,RatchetDecoyOuter,"Joueur, acteurs et accessoires",0x002D62D8,0x002D634C,0x001C8968,0x001C8968,3,0x00165140; 0x0016517C; 0x00165184,0x002D6350; 0x002D6354; 0x002D6358,,0,0,compiled descriptor; no assertion spawned or active,current verified module text base + RVA
1,Pokitaru,RatchetShip,"Joueur, acteurs et accessoires",0x002D6338,0x002D63AC,0x001C8980,0x001C8980,3,0x001651A0; 0x00165390; 0x001653F4,0x002D63B0; 0x002D63B4; 0x002D63B8,,17,0,compiled descriptor; no assertion spawned or active,current verified module text base + RVA
1,Pokitaru,RatchetShipAnimation,"Joueur, acteurs et accessoires",0x002D6660,0x002D66D4,0x001C8990,0x001C8990,3,0x00165E9C; 0x001656E4; 0x00166438,0x002D66D8; 0x002D66DC; 0x002D66E0,CurveLink introShipPosCurve; CurveLink introCameraPosCurve; CurveLink outroShipPosCurve; CurveLink outroCameraPosCurve; MobyLink ship; f32 shipSpeedInit; f32 cameraSpeedInit; f32 shipRollAmount; VEC3 shipRotDamping; f32 shipRollAmountHover; VEC3 shipRotDampingHover; f32 cameraRollAmount; VEC3 cameraRotDamping; f32 hoverTime; f32 hoverPause; f32 shipSpeedChange; f32 cameraSpeedChange; VEC3 hoverPosDamping; f32 tiltFactor; f32 tiltInterpSpeed; f32 tiltReturnFactor; f32 tiltVelDamp; f32 tiltGroundThresh; f32 tiltLmaxi; f32 tiltRmaxi; f32 tiltFmaxi; f32 tiltBmaxi; VEC3 ratchetEndOffset; VEC3 cameraInAnimOffset; f32 cameraInAnimLookYOfs; VEC3 cameraOutAnimOffset; f32 cameraOutAnimLookYOfs; f32 pa,20,0,compiled descriptor; no assertion spawned or active,current verified module text base + RVA
1,Pokitaru,Region,Autres objets et controleurs,0x002D695C,0x002D69D0,0x001C8C38,0x001C8C38,3,0x001683A0; 0x0016849C; 0x001684A4,0x002D69D4; 0x002D69D8; 0x002D69DC,Toggle groups[32]; TriggerLink zone; u32 pad[ 3 ];,2,0,compiled descriptor; no assertion spawned or active,current verified module text base + RVA
1,Pokitaru,Ryno,"Armes, projectiles et degats",0x002D6B00,0x002D6B74,0x001C8CA8,0x001C8CA8,3,0x001684AC; 0x00168588; 0x00168C28,0x002D6B78; 0x002D6B7C; 0x002D6B80,,36,1,compiled descriptor; no assertion spawned or active,current verified module text base + RVA
1,Pokitaru,RynoRocket,"Armes, projectiles et degats",0x002D6BDC,0x002D6C50,0x001C8CB0,0x001C8CB0,3,0x0016962C; 0x00169648; 0x00169698,0x002D6C54; 0x002D6C58; 0x002D6C5C,,36,1,compiled descriptor; no assertion spawned or active,current verified module text base + RVA
1,Pokitaru,SetCamera,Camera et presentation,0x002D6DAC,0x002D6E20,0x001C8CC0,0x001C8CC0,3,0x0016A554; 0x0016A668; 0x0016A670,0x002D6E24; 0x002D6E28; 0x002D6E2C,TriggerLink area; Toggle lazy; u8 pad[3]; f32 lookHeight; f32 camDist; f32 height; f32 elevation; f32 azimuth; MobyLink parent; Toggle useAzimuth; Toggle useLookHeight; Toggle useCamDist; Toggle useHeight; Toggle useElevation; Toggle enabled; Toggle singleUse; Toggle entered; f32 speed; u32 priority; f32 restoreSpeed; u32 pad2[3];,1,0,compiled descriptor; no assertion spawned or active,current verified module text base + RVA
1,Pokitaru,ShakeyBush,Autres objets et controleurs,0x002D6EB8,0x002D6F2C,0x001C8DA8,0x001C8DA8,4,0x0016A938; 0x0016AAF4; 0x0016ABA8; 0x0016AAFC,0x002D6F30; 0x002D6F34; 0x002D6F38; 0x002D6F3C,MATRIX4 startMat; VEC3 rotAxis; MobyLink enemyController; f32 percent; f32 percentInc; f32 amplitudeAccel; f32 pad[1];,7,0,compiled descriptor; no assertion spawned or active,current verified module text base + RVA
1,Pokitaru,Sharkagator,Ennemis et boss,0x002D6F50,0x002D6FC4,0x001C8DB8,0x001C8DB8,3,0x0016AF5C; 0x0016AFCC; 0x0016AFD4,0x002D6FC8; 0x002D6FCC; 0x002D6FD0,MobyLink noBiteAreas; u32 pad[ 3 ];,5,0,compiled descriptor; no assertion spawned or active,current verified module text base + RVA
1,Pokitaru,SharkagatorFin,Ennemis et boss,0x002D70C4,0x002D7138,0x001C8DC8,0x001C8DC8,3,0x0016B3FC; 0x0016B828; 0x0016B830,0x002D713C; 0x002D7140; 0x002D7144,VEC4 rotVel; VEC2 dir2d; CurveLink swimPath; f32 speedUp; f32 accelUp; f32 swimSpeed; f32 timeBelowMin; f32 timeBelowMax; f32 timeAboveMin; f32 timeAboveMax; f32 angle; f32 angleInc; u8 nextPathPoint; u8 pad[ 15 ];,32,1,compiled descriptor; no assertion spawned or active,current verified module text base + RVA
1,Pokitaru,ShieldCharger,"Armes, projectiles et degats",0x002D7150,0x002D71C4,0x001C8EB0,0x001C8EB0,4,0x0016C748; 0x0016BE08; 0x0016CB78; 0x0016D37C,0x002D71C8; 0x002D71CC; 0x002D71D0; 0x002D71D4,,53,3,compiled descriptor; no assertion spawned or active,current verified module text base + RVA
1,Pokitaru,ShieldChargerBolt,"Armes, projectiles et degats",0x002D72F8,0x002D736C,0x001C8EE0,0x001C8EE0,3,0x0016F1DC; 0x0016F1E4; 0x0016F228,0x002D7370; 0x002D7374; 0x002D7378,,13,1,compiled descriptor; no assertion spawned or active,current verified module text base + RVA
1,Pokitaru,ShockRocket,"Armes, projectiles et degats",0x002D73F8,0x002D746C,0x001C8EF8,0x001C8EF8,3,0x0016F57C; 0x0016F668; 0x0016F954,0x002D7470; 0x002D7474; 0x002D7478,,22,2,compiled descriptor; no assertion spawned or active,current verified module text base + RVA
1,Pokitaru,ShockRocketShot,"Armes, projectiles et degats",0x002D74E4,0x002D7558,0x001C8F08,0x001C8F08,3,0x001704C8; 0x00170518; 0x00170B20,0x002D755C; 0x002D7560; 0x002D7564,,31,3,compiled descriptor; no assertion spawned or active,current verified module text base + RVA
1,Pokitaru,ShrapnelGeneric,Autres objets et controleurs,0x002D7560,0x002D75D4,0x001C8F18,0x001C8F18,3,0x00171938; 0x00171940; 0x00171948,0x002D75D8; 0x002D75DC; 0x002D75E0,,31,0,compiled descriptor; no assertion spawned or active,current verified module text base + RVA
1,Pokitaru,ShrinkBeam,Gadgets et outils,0x002D7614,0x002D7688,0x001C8F38,0x001C8F38,3,0x00171970; 0x00171978; 0x0017202C,0x002D768C; 0x002D7690; 0x002D7694,,4,0,compiled descriptor; no assertion spawned or active,current verified module text base + RVA
1,Pokitaru,ShrinkRayRatchet,Gadgets et outils,0x002D7678,0x002D76EC,0x001C8F48,0x001C8F48,3,0x00172CEC; 0x00172CF4; 0x00172CFC,0x002D76F0; 0x002D76F4; 0x002D76F8,,0,0,compiled descriptor; no assertion spawned or active,current verified module text base + RVA
1,Pokitaru,SkillPoint_L01,Autres objets et controleurs,0x002D7780,0x002D77F4,0x001C8F60,0x001C8F60,3,0x00172D04; 0x00172FB0; 0x00172FB8,0x002D77F8; 0x002D77FC; 0x002D7800,TriggerLink trainingStart; TriggerLink trainingAntiCheat; TriggerLink trainingEnd; TriggerLink boatStart; TriggerLink boatAntiCheat; TriggerLink boatEnd; u32 pad[ 2 ];,1,0,compiled descriptor; no assertion spawned or active,current verified module text base + RVA
1,Pokitaru,SlideController,Autres objets et controleurs,0x002D788C,0x002D7900,0x001C9278,0x001C9278,3,0x0017344C; 0x00173780; 0x00173788,0x002D7904; 0x002D7908; 0x002D790C,VEC4 initDir; TriggerLink detectArea; CurveLink path; f32 azimuth; f32 camDist; f32 camHeight; f32 camOfsY; f32 slideSp;,2,0,compiled descriptor; no assertion spawned or active,current verified module text base + RVA
1,Pokitaru,Spitfire,"Effets, particules et environnement",0x002D7958,0x002D79CC,0x001C9380,0x001C9380,3,0x00173A48; 0x00173A7C; 0x00173AA0,0x002D79D0; 0x002D79D4; 0x002D79D8,,19,0,compiled descriptor; no assertion spawned or active,current verified module text base + RVA
1,Pokitaru,Splash,Autres objets et controleurs,0x002D7A34,0x002D7AA8,0x001C9390,0x001C9390,3,0x00174E34; 0x00174E7C; 0x00174E84,0x002D7AAC; 0x002D7AB0; 0x002D7AB4,VEC2 pos; VEC2 velocity; const VEC3 *pPos; f32 startRadius; u16 uOffset; u8 owned; u8 pad;,8,0,compiled descriptor; no assertion spawned or active,current verified module text base + RVA
1,Pokitaru,Sproutomatic,Gadgets et outils,0x002D7B1C,0x002D7B90,0x001C9398,0x001C9398,3,0x0017545C; 0x00175504; 0x0017553C,0x002D7B94; 0x002D7B98; 0x002D7B9C,,10,0,compiled descriptor; no assertion spawned or active,current verified module text base + RVA
1,Pokitaru,StaticBarrierBelt,Autres objets et controleurs,0x002D7B80,0x002D7BF4,0x001C93A8,0x001C93A8,3,0x00175B00; 0x00175B34; 0x00175B3C,0x002D7BF8; 0x002D7BFC; 0x002D7C00,,0,0,compiled descriptor; no assertion spawned or active,current verified module text base + RVA
1,Pokitaru,SuckCannon,"Armes, projectiles et degats",0x002D7CE0,0x002D7D54,0x001C93C0,0x001C93C0,3,0x00175B44; 0x00175C8C; 0x001762A8,0x002D7D58; 0x002D7D5C; 0x002D7D60,,21,3,compiled descriptor; no assertion spawned or active,current verified module text base + RVA
1,Pokitaru,SuckCannonComet,"Armes, projectiles et degats",0x002D7D48,0x002D7DBC,0x001C93D0,0x001C93D0,3,0x0019ABB8; 0x0019ABC0; 0x0019ADF4,0x002D7DC0; 0x002D7DC4; 0x002D7DC8,,40,1,compiled descriptor; no assertion spawned or active,current verified module text base + RVA
1,Pokitaru,SuckCannonCometTie,"Armes, projectiles et degats",0x002D7DB0,0x002D7E24,0x001C93E0,0x001C93E0,3,0x0019ABB8; 0x0019ABC0; 0x00176C18,0x002D7E28; 0x002D7E2C; 0x002D7E30,,40,1,compiled descriptor; no assertion spawned or active,current verified module text base + RVA
1,Pokitaru,SuckCannonManager,"Armes, projectiles et degats",0x002D7E8C,0x002D7F00,0x001C93F8,0x001C93F8,3,0x001778F8; 0x00177944; 0x0017794C,0x002D7F04; 0x002D7F08; 0x002D7F0C,,25,0,compiled descriptor; no assertion spawned or active,current verified module text base + RVA
1,Pokitaru,SwarmManager,Autres objets et controleurs,0x002D7F1C,0x002D7F90,0x001C9410,0x001C9410,3,0x0017869C; 0x001786E4; 0x00178A1C,0x002D7F94; 0x002D7F98; 0x002D7F9C,,4,2,compiled descriptor; no assertion spawned or active,current verified module text base + RVA
1,Pokitaru,Teleporter,Autres objets et controleurs,0x002D8030,0x002D80A4,0x001C9420,0x001C9420,3,0x0017923C; 0x001795F4; 0x001799C0,0x002D80A8; 0x002D80AC; 0x002D80B0,MobyLink destination; MobyLink destinationPreferred; TriggerLink activateTrigger; u32 levelId; s32 changeToLevel; Toggle secretActivation; s8 canGoToLevel; u8 pad[ 10 ];,17,0,compiled descriptor; no assertion spawned or active,current verified module text base + RVA
1,Pokitaru,TieManipulator,Autres objets et controleurs,0x002D8464,0x002D84D8,0x001C94F0,0x001C94F0,3,0x0017A30C; 0x0017A304; 0x0017A8E4,0x002D84DC; 0x002D84E0; 0x002D84E4,TieLink tie[ 8 ]; f32 xAxis; f32 yAxis; f32 zAxis; f32 xRot; f32 yRot; f32 zRot; f32 xSpan; f32 ySpan; f32 zSpan; f32 xCounter; f32 yCounter; f32 zCounter; f32 speed; f32 speedPerFrame; f32 curviness; f32 curvPar; f32 scaleSpeed; f32 scaleSpeedPerFrame; f32 scaleMax; f32 scaleCounter; f32 xPerc[8]; f32 yPerc[8]; f32 zPerc[8]; f32 xPar[8]; f32 yPar[8]; f32 zPar[8]; f32 xStart[8]; f32 yStart[8]; f32 zStart[8]; MATRIX4 *pMat[8]; MATRIX4 scaleMatrix; f32 drawDistance; f32 updateDistance; f32 inverseScale; u32 linkCount;,17,0,compiled descriptor; no assertion spawned or active,current verified module text base + RVA
1,Pokitaru,TitaniumBolt,"Caisses, pickups et bonus",0x002D85A4,0x002D8618,0x001C9500,0x001C9500,3,0x0017AC74; 0x0017AE64; 0x0017AFCC,0x002D861C; 0x002D8620; 0x002D8624,f32 dist; f32 height; f32 lookHeight; f32 elevation; f32 azimuth; Toggle magnaboots; Toggle noAnimation; u32 levelToFake; u8 id; u8 pad[5];,23,0,compiled descriptor; no assertion spawned or active,current verified module text base + RVA
1,Pokitaru,TMRobotHeadB,Ennemis et boss,0x002D882C,0x002D88A0,0x001C95B8,0x001C95B8,4,0x0017B9F0; 0x0017BE18; 0x0017D49C; 0x0017BB1C,0x002D88A4; 0x002D88A8; 0x002D88AC; 0x002D88B0,Navigate nav; MobyLink controller; TriggerLink enterTrigger; TriggerLink detectArea; CurveLink enterPath; MobyLink enemyWave; f32 alertRadius; MobyLink targetTorso; Toggle shouldReturn; u8 pad[7];,47,1,compiled descriptor; no assertion spawned or active,current verified module text base + RVA
1,Pokitaru,TMRobotTorsoB,Vehicules et minijeux,0x002D8B90,0x002D8C04,0x001C9968,0x001C9968,4,0x001803D4; 0x0017ECCC; 0x00180970; 0x0017E974,0x002D8C08; 0x002D8C0C; 0x002D8C10; 0x002D8C14,MobyLink controller; Navigate nav; MobyLink dropship; TriggerLink enterTrigger; TriggerLink detectArea; TriggerLink alertTrigger; CurveLink enterPath; f32 alertRadius; MobyLink crabToShoot; MobyLink enemyWave; CurveLink firePoints; TriggerLink noCreateTrigger; Toggle sitting; u8 headSpawnPcnt; Toggle walkOnWater; Toggle initNoDraw; u8 shotsFired; u8 pad[ 2 ];,39,0,compiled descriptor; no assertion spawned or active,current verified module text base + RVA
1,Pokitaru,TMRobotTorsoCutscene,Vehicules et minijeux,0x002D8C64,0x002D8CD8,0x001C9D88,0x001C9D88,3,0x0018255C; 0x00182670; 0x00182678,0x002D8CDC; 0x002D8CE0; 0x002D8CE4,CurveLink curve; MobyLink enemyWave; u32 pad[ 2 ];,16,0,compiled descriptor; no assertion spawned or active,current verified module text base + RVA
1,Pokitaru,TorsoAShot,Vehicules et minijeux,0x002D8D44,0x002D8DB8,0x001C9E20,0x001C9E20,3,0x00182E94; 0x001826CC; 0x001827C4,0x002D8DBC; 0x002D8DC0; 0x002D8DC4,Particle *pGlow1; Moby *pParent; Moby *pController; f32 worldCollDist; f32 distTraveled; f32 speed;,28,0,compiled descriptor; no assertion spawned or active,current verified module text base + RVA
1,Pokitaru,TorsoShrapnel,Vehicules et minijeux,0x002D8EC4,0x002D8F38,0x001C9F18,0x001C9F18,3,0x001833A8; 0x001833B0; 0x001833B8,0x002D8F3C; 0x002D8F40; 0x002D8F44,,48,0,compiled descriptor; no assertion spawned or active,current verified module text base + RVA
1,Pokitaru,TrainingBot,Autres objets et controleurs,0x002D91E0,0x002D9254,0x001C9F28,0x001C9F28,4,0x00183A50; 0x00183E5C; 0x00185B34; 0x00183F30,0x002D9258; 0x002D925C; 0x002D9260; 0x002D9264,Navigate navigateBehavior; TriggerLink detectArea; MobyLink enemyController; MobyLink enemyWave; CurveLink initPath; TriggerLink wanderArea;,40,0,compiled descriptor; no assertion spawned or active,current verified module text base + RVA
1,Pokitaru,TrainingBotShrapnel,Autres objets et controleurs,0x002D9370,0x002D93E4,0x001CA188,0x001CA188,3,0x001866F0; 0x00186704; 0x0018670C,0x002D93E8; 0x002D93EC; 0x002D93F0,,48,0,compiled descriptor; no assertion spawned or active,current verified module text base + RVA
1,Pokitaru,TriggerCollection,Pieges et mecanismes,0x002D93EC,0x002D9460,0x001CA1A0,0x001CA1A0,3,0x00186E04; 0x00186E0C; 0x00186E14,0x002D9464; 0x002D9468; 0x002D946C,TriggerLink triggers[ 14 ];,0,0,compiled descriptor; no assertion spawned or active,current verified module text base + RVA
1,Pokitaru,TriggeredDoor,Pieges et mecanismes,0x002D94C4,0x002D9538,0x001CA1B8,0x001CA1B8,3,0x00186F80; 0x00187294; 0x00187614,0x002D953C; 0x002D9540; 0x002D9544,TriggerLink trigger; MobyLink mobyToCheck; MobyLink grindrailLock; Toggle stayOpen; Toggle saveState; u8 pad[ 2 ];,24,0,compiled descriptor; no assertion spawned or active,current verified module text base + RVA
1,Pokitaru,TripleWaveBeacon,Autres objets et controleurs,0x002D95E8,0x002D965C,0x001CA270,0x001CA270,3,0x00188030; 0x001881E0; 0x00188214,0x002D9660; 0x002D9664; 0x002D9668,,27,2,compiled descriptor; no assertion spawned or active,current verified module text base + RVA
1,Pokitaru,vendor,Autres objets et controleurs,0x002D9694,0x002D9708,0x001CA288,0x001CA288,3,0x001884BC; 0x00188684; 0x001886E8,0x002D970C; 0x002D9710; 0x002D9714,u32 lastAnimPlayed; u32 vendorType; Toggle bSellsWeapons; u8 pad[ 7 ];,17,0,compiled descriptor; no assertion spawned or active,current verified module text base + RVA
1,Pokitaru,WaterWaves,"Effets, particules et environnement",0x002D9720,0x002D9794,0x001CA290,0x001CA290,3,0x00188960; 0x00188AA4; 0x00188AAC,0x002D9798; 0x002D979C; 0x002D97A0,,1,0,compiled descriptor; no assertion spawned or active,current verified module text base + RVA
1,Pokitaru,Wrench,Autres objets et controleurs,0x002D9930,0x002D99A4,0x001CA2A8,0x001CA2A8,3,0x001896D8; 0x001897AC; 0x00189BE8,0x002D99A8; 0x002D99AC; 0x002D99B0,,2,0,compiled descriptor; no assertion spawned or active,current verified module text base + RVA
1,Pokitaru,ZipLineController,Autres objets et controleurs,0x002D9A58,0x002D9ACC,0x001CA4A8,0x001CA4A8,3,0x0018CA14; 0x0018CC84; 0x0018CCB8,0x002D9AD0; 0x002D9AD4; 0x002D9AD8,VEC4 lineVec; VEC4 dir; CurveLink path; f32 dist; f32 azimuth; f32 camDist; f32 camHeight; f32 camOfsY;,1,0,compiled descriptor; no assertion spawned or active,current verified module text base + RVA
2,Ryllus,Acidbomb,"Armes, projectiles et degats",0x002E41D8,0x002E424C,0x001DB8C0,0x001DB8C0,3,0x0010C52C; 0x0010C53C; 0x0010CEA4,0x002E4250; 0x002E4254; 0x002E4258,,35,0,compiled descriptor; no assertion spawned or active,current verified module text base + RVA
2,Ryllus,AcidbombEpoxy,"Armes, projectiles et degats",0x002E4260,0x002E42D4,0x001DB8E8,0x001DB8E8,3,0x0010E2E8; 0x0010E2F0; 0x0010E378,0x002E42D8; 0x002E42DC; 0x002E42E0,,5,0,compiled descriptor; no assertion spawned or active,current verified module text base + RVA
2,Ryllus,AcidGloveHUD,"Armes, projectiles et degats",0x002E42C0,0x002E4334,0x001DB8F8,0x001DB8F8,3,0x0010E880; 0x0010E888; 0x0010E890,0x002E4338; 0x002E433C; 0x002E4340,,0,0,compiled descriptor; no assertion spawned or active,current verified module text base + RVA
2,Ryllus,AgentController,"Armes, projectiles et degats",0x002E4320,0x002E4394,0x001DB908,0x001DB908,3,0x0010E898; 0x0010E988; 0x0010EB40,0x002E4398; 0x002E439C; 0x002E43A0,,6,0,compiled descriptor; no assertion spawned or active,current verified module text base + RVA
2,Ryllus,AgentOfDoom,"Armes, projectiles et degats",0x002E4674,0x002E46E8,0x001DB9E0,0x001DB9E0,4,0x0010F190; 0x0010F26C; 0x0010F32C; 0x0010F64C,0x002E46EC; 0x002E46F0; 0x002E46F4; 0x002E46F8,,21,1,compiled descriptor; no assertion spawned or active,current verified module text base + RVA
2,Ryllus,AgentOfDoomShrapnel,"Armes, projectiles et degats",0x002E4754,0x002E47C8,0x001DBA68,0x001DBA68,3,0x00113D64; 0x00113D6C; 0x00113D74,0x002E47CC; 0x002E47D0; 0x002E47D4,,31,0,compiled descriptor; no assertion spawned or active,current verified module text base + RVA
2,Ryllus,AgentsBomb,"Armes, projectiles et degats",0x002E4890,0x002E4904,0x001DBA80,0x001DBA80,3,0x00114074; 0x0011407C; 0x00114084,0x002E4908; 0x002E490C; 0x002E4910,,19,0,compiled descriptor; no assertion spawned or active,current verified module text base + RVA
2,Ryllus,AgentsGlove,"Armes, projectiles et degats",0x002E4928,0x002E499C,0x001DBA90,0x001DBA90,3,0x00115610; 0x0011569C; 0x001156C8,0x002E49A0; 0x002E49A4; 0x002E49A8,,8,2,compiled descriptor; no assertion spawned or active,current verified module text base + RVA
2,Ryllus,AgentsGrenade,"Armes, projectiles et degats",0x002E49D4,0x002E4A48,0x001DBAA0,0x001DBAA0,3,0x00115B98; 0x00115C88; 0x0011613C,0x002E4A4C; 0x002E4A50; 0x002E4A54,,33,2,compiled descriptor; no assertion spawned or active,current verified module text base + RVA
2,Ryllus,AgentsLaser,"Armes, projectiles et degats",0x002E4A7C,0x002E4AF0,0x001DBB28,0x001DBB28,3,0x001166B8; 0x001169C0; 0x00116A74,0x002E4AF4; 0x002E4AF8; 0x002E4AFC,,17,0,compiled descriptor; no assertion spawned or active,current verified module text base + RVA
2,Ryllus,AgentsRocket,"Armes, projectiles et degats",0x002E4B70,0x002E4BE4,0x001DBC00,0x001DBC00,3,0x00117480; 0x00117544; 0x001175C4,0x002E4BE8; 0x002E4BEC; 0x002E4BF0,,26,1,compiled descriptor; no assertion spawned or active,current verified module text base + RVA
2,Ryllus,AreaCam,Autres objets et controleurs,0x002E4C64,0x002E4CD8,0x001DBC88,0x001DBC88,3,0x00117EAC; 0x00117F58; 0x00117F60,0x002E4CDC; 0x002E4CE0; 0x002E4CE4,TriggerLink camArea; f32 elevation; f32 distance; f32 height; f32 lookHeight; u32 pad[3];,2,1,compiled descriptor; no assertion spawned or active,current verified module text base + RVA
2,Ryllus,ArmorHelmet,Autres objets et controleurs,0x002E4CD8,0x002E4D4C,0x001DBCF8,0x001DBCF8,3,0x001180E0; 0x001180E8; 0x001180F0,0x002E4D50; 0x002E4D54; 0x002E4D58,,0,0,compiled descriptor; no assertion spawned or active,current verified module text base + RVA
2,Ryllus,ArmorLeftFoot,Autres objets et controleurs,0x002E4D38,0x002E4DAC,0x001DBD08,0x001DBD08,3,0x001180F8; 0x00118100; 0x00118108,0x002E4DB0; 0x002E4DB4; 0x002E4DB8,,0,0,compiled descriptor; no assertion spawned or active,current verified module text base + RVA
2,Ryllus,ArmorLeftHand,Autres objets et controleurs,0x002E4DA8,0x002E4E1C,0x001DBD18,0x001DBD18,3,0x00118110; 0x00118118; 0x00118120,0x002E4E20; 0x002E4E24; 0x002E4E28,u32 pad[ 4 ];,0,0,compiled descriptor; no assertion spawned or active,current verified module text base + RVA
2,Ryllus,ArmorPickup,"Caisses, pickups et bonus",0x002E4ED8,0x002E4F4C,0x001DBD28,0x001DBD28,3,0x00118494; 0x00118144; 0x00118998,0x002E4F50; 0x002E4F54; 0x002E4F58,f32 dist; f32 height; f32 lookHeight; f32 elevation; f32 azimuth; MobyLink driver; MobyLink playerMatrix; u32 playthroughReq; Toggle magnaboots; u8 pad[ 15 ];,43,0,compiled descriptor; no assertion spawned or active,current verified module text base + RVA
2,Ryllus,ArmorRightFoot,Autres objets et controleurs,0x002E4F50,0x002E4FC4,0x001DBEB8,0x001DBEB8,3,0x00118ED4; 0x00118EDC; 0x00118EE4,0x002E4FC8; 0x002E4FCC; 0x002E4FD0,,0,0,compiled descriptor; no assertion spawned or active,current verified module text base + RVA
2,Ryllus,ArmorRightHand,Autres objets et controleurs,0x002E4FC0,0x002E5034,0x001DBEC8,0x001DBEC8,3,0x00118EEC; 0x00118EF4; 0x00118EFC,0x002E5038; 0x002E503C; 0x002E5040,u32 pad[ 4 ];,0,0,compiled descriptor; no assertion spawned or active,current verified module text base + RVA
2,Ryllus,ArmorTorso,Vehicules et minijeux,0x002E5020,0x002E5094,0x001DBED8,0x001DBED8,3,0x00118F04; 0x00118F0C; 0x00118F14,0x002E5098; 0x002E509C; 0x002E50A0,,0,0,compiled descriptor; no assertion spawned or active,current verified module text base + RVA
2,Ryllus,BasicAnimated,Camera et presentation,0x002E50C0,0x002E5134,0x001DBEE8,0x001DBEE8,3,0x00118F1C; 0x001190DC; 0x00119140,0x002E5138; 0x002E513C; 0x002E5140,u32 animId; TriggerLink drawArea; Toggle randStart; u8 pad[7];,17,0,compiled descriptor; no assertion spawned or active,current verified module text base + RVA
2,Ryllus,BeeMine,"Armes, projectiles et degats",0x002E51A4,0x002E5218,0x001DBEF8,0x001DBEF8,4,0x001198A4; 0x001198B4; 0x00119C94; 0x0011998C,0x002E521C; 0x002E5220; 0x002E5224; 0x002E5228,,2,0,compiled descriptor; no assertion spawned or active,current verified module text base + RVA
2,Ryllus,BeeMineGlove,"Armes, projectiles et degats",0x002E5270,0x002E52E4,0x001DBF28,0x001DBF28,3,0x0011B670; 0x0011B7F8; 0x0011B824,0x002E52E8; 0x002E52EC; 0x002E52F0,,2,0,compiled descriptor; no assertion spawned or active,current verified module text base + RVA
2,Ryllus,BeeMineGloveHUD,"Armes, projectiles et degats",0x002E52D0,0x002E5344,0x001DBF38,0x001DBF38,3,0x0011BE44; 0x0011BE4C; 0x0011BE54,0x002E5348; 0x002E534C; 0x002E5350,,0,0,compiled descriptor; no assertion spawned or active,current verified module text base + RVA
2,Ryllus,BeeMineShrapnel,"Armes, projectiles et degats",0x002E539C,0x002E5410,0x001DBF48,0x001DBF48,3,0x0011C18C; 0x0011C194; 0x0011C19C,0x002E5414; 0x002E5418; 0x002E541C,,31,0,compiled descriptor; no assertion spawned or active,current verified module text base + RVA
2,Ryllus,Blaster,"Armes, projectiles et degats",0x002E548C,0x002E5500,0x001DBF58,0x001DBF58,3,0x0011C214; 0x0011C370; 0x0011C894,0x002E5504; 0x002E5508; 0x002E550C,,53,3,compiled descriptor; no assertion spawned or active,current verified module text base + RVA
2,Ryllus,BlasterAkimbo,"Armes, projectiles et degats",0x002E54F8,0x002E556C,0x001DBF60,0x001DBF60,3,0x0011D874; 0x0011D8F8; 0x0011D928,0x002E5570; 0x002E5574; 0x002E5578,,21,2,compiled descriptor; no assertion spawned or active,current verified module text base + RVA
2,Ryllus,BlasterShot,"Armes, projectiles et degats",0x002E556C,0x002E55E0,0x001DBF70,0x001DBF70,3,0x0011DBF8; 0x0011DC20; 0x0011DFC4,0x002E55E4; 0x002E55E8; 0x002E55EC,,28,2,compiled descriptor; no assertion spawned or active,current verified module text base + RVA
2,Ryllus,BlitzGun,"Armes, projectiles et degats",0x002E59CC,0x002E5A40,0x001DBF80,0x001DBF80,3,0x0011FE90; 0x0011FFEC; 0x00120444,0x002E5A44; 0x002E5A48; 0x002E5A4C,,40,1,compiled descriptor; no assertion spawned or active,current verified module text base + RVA
2,Ryllus,BlitzGunShot,"Armes, projectiles et degats",0x002E5B5C,0x002E5BD0,0x001DBF90,0x001DBF90,3,0x00121ED8; 0x00121EE0; 0x0012207C,0x002E5BD4; 0x002E5BD8; 0x002E5BDC,,21,2,compiled descriptor; no assertion spawned or active,current verified module text base + RVA
2,Ryllus,Bolt,"Caisses, pickups et bonus",0x002E5BC0,0x002E5C34,0x001DBFA0,0x001DBFA0,2,0x00122B8C; 0x00122B94,0x002E5C38; 0x002E5C3C,,0,0,compiled descriptor; no assertion spawned or active,current verified module text base + RVA
2,Ryllus,BoltController,"Caisses, pickups et bonus",0x002E5EB4,0x002E5F28,0x001DBFE8,0x001DBFE8,3,0x00126114; 0x00126348; 0x0012636C,0x002E5F2C; 0x002E5F30; 0x002E5F34,u32 boltAmnt; u32 boltAmountReplay; u32 pad[ 2 ];,0,0,compiled descriptor; no assertion spawned or active,current verified module text base + RVA
2,Ryllus,BoltCrankBolt,Pieges et mecanismes,0x002E5F44,0x002E5FB8,0x001DC098,0x001DC098,3,0x00126708; 0x00126924; 0x0012692C,0x002E5FBC; 0x002E5FC0; 0x002E5FC4,,29,1,compiled descriptor; no assertion spawned or active,current verified module text base + RVA
2,Ryllus,BoltCrankCam,Pieges et mecanismes,0x002E6030,0x002E60A4,0x001DC120,0x001DC120,3,0x00126E1C; 0x00126E58; 0x00126E60,0x002E60A8; 0x002E60AC; 0x002E60B0,MobyLink boltCrank; f32 dist; f32 height; f32 lookHeight; f32 elevation; f32 azimuth; f32 camBlend; f32 pad;,2,1,compiled descriptor; no assertion spawned or active,current verified module text base + RVA
2,Ryllus,BoltGrabber,"Caisses, pickups et bonus",0x002E6090,0x002E6104,0x001DC130,0x001DC130,3,0x00127100; 0x00127108; 0x00127110,0x002E6108; 0x002E610C; 0x002E6110,,0,0,compiled descriptor; no assertion spawned or active,current verified module text base + RVA
2,Ryllus,Bombglove,"Armes, projectiles et degats",0x002E6154,0x002E61C8,0x001DC140,0x001DC140,3,0x00127118; 0x001271F0; 0x001276A0,0x002E61CC; 0x002E61D0; 0x002E61D4,,17,0,compiled descriptor; no assertion spawned or active,current verified module text base + RVA
2,Ryllus,BotFlinger,"Joueur, acteurs et accessoires",0x002E64B8,0x002E652C,0x001DC150,0x001DC150,3,0x00127C30; 0x001280E4; 0x00128118,0x002E6530; 0x002E6534; 0x002E6538,f32 beamDistSp; Moby *pReticleMatch; f32 flingStrength; f32 forceMax; VEC4 velocity; VEC4 curMove; VEC4 beam; VEC3 rotSp; MobyLink botController; ANIM_Manipulator animManip; VEC3 scaleSp; f32 origBeamLen; f32 camDist; f32 camHeight; f32 camOfsUp; VEC3 lastAimPos; f32 force; Toggle useReticle; u8 l_shoulder; u8 rendered; u8 blendHead; u8 lastPosValid; u8 lastPosUpSlope; Toggle stationary; u8 pad1; f32 upScale; TieLink base; f32 lastForce; f32 lastAng;,18,0,compiled descriptor; no assertion spawned or active,current verified module text base + RVA
2,Ryllus,BotFlingerArm,"Joueur, acteurs et accessoires",0x002E6530,0x002E65A4,0x001DC340,0x001DC340,3,0x0012A4A8; 0x0012A54C; 0x0012A580,0x002E65A8; 0x002E65AC; 0x002E65B0,,18,1,compiled descriptor; no assertion spawned or active,current verified module text base + RVA
2,Ryllus,Boulder,Pieges et mecanismes,0x002E6718,0x002E678C,0x001DC3E0,0x001DC3E0,3,0x0012B6E8; 0x0012B710; 0x0012BC20,0x002E6790; 0x002E6794; 0x002E6798,Curve * pPath; VEC3 rotSp; f32 speedXZ; f32 accelXZ; VEC2 targetPos; VEC4 rotAxis; f32 rotAmnt; Moby *pController; SND_Positional *pMoveSound; u8 pathIdx; u8 pad[3];,29,4,compiled descriptor; no assertion spawned or active,current verified module text base + RVA
2,Ryllus,BoulderController,Pieges et mecanismes,0x002E6820,0x002E6894,0x001DC3E8,0x001DC3E8,3,0x0012C208; 0x0012C3C8; 0x0012C3D0,0x002E6898; 0x002E689C; 0x002E68A0,f32 delayRelease; CurveLink path; TriggerLink initTrigger; TriggerLink destroyTrigger; TriggerLink speedTrigger; f32 speedUpTimer; Toggle speedUp; u8 pad[7];,10,1,compiled descriptor; no assertion spawned or active,current verified module text base + RVA
2,Ryllus,BoxBreaker,"Caisses, pickups et bonus",0x002E6898,0x002E690C,0x001DC4D0,0x001DC4D0,3,0x0012C6AC; 0x0012C6B4; 0x0012C6BC,0x002E6910; 0x002E6914; 0x002E6918,,0,0,compiled descriptor; no assertion spawned or active,current verified module text base + RVA
2,Ryllus,BoxBreakerHelp,"Caisses, pickups et bonus",0x002E68F8,0x002E696C,0x001DC4E0,0x001DC4E0,3,0x0012C748; 0x0012C750; 0x0012C758,0x002E6970; 0x002E6974; 0x002E6978,,5,0,compiled descriptor; no assertion spawned or active,current verified module text base + RVA
2,Ryllus,BuryBlossom,Autres objets et controleurs,0x002E6B18,0x002E6B8C,0x001DC500,0x001DC500,4,0x0012C7A4; 0x0012CB5C; 0x0012D728; 0x0012CBA4,0x002E6B90; 0x002E6B94; 0x002E6B98; 0x002E6B9C,TriggerLink detectArea; MobyLink enemyController; TriggerLink updateArea; MobyLink neighborBlossoms[ 2 ]; u32 pad[ 3 ];,21,0,compiled descriptor; no assertion spawned or active,current verified module text base + RVA
2,Ryllus,BuryBlossomShot,Autres objets et controleurs,0x002E6C5C,0x002E6CD0,0x001DC638,0x001DC638,3,0x0012DE80; 0x0012DE88; 0x0012DE90,0x002E6CD4; 0x002E6CD8; 0x002E6CDC,,30,1,compiled descriptor; no assertion spawned or active,current verified module text base + RVA
2,Ryllus,Button,Autres objets et controleurs,0x002E6D34,0x002E6DA8,0x001DC6C8,0x001DC6C8,3,0x0012E3C8; 0x0012E5E0; 0x0012E634,0x002E6DAC; 0x002E6DB0; 0x002E6DB4,MobyLink attachMoby; Toggle bUseCase; Toggle bUseOnce; Toggle bLocked; u8 pad[ 9 ];,22,0,compiled descriptor; no assertion spawned or active,current verified module text base + RVA
2,Ryllus,CannonSprout,"Armes, projectiles et degats",0x002E6DB8,0x002E6E2C,0x001DC768,0x001DC768,4,0x0012EDB4; 0x0012EF5C; 0x0012EF90; 0x0012F0F0,0x002E6E30; 0x002E6E34; 0x002E6E38; 0x002E6E3C,,22,2,compiled descriptor; no assertion spawned or active,current verified module text base + RVA
2,Ryllus,CBEnterCutscene,Camera et presentation,0x002E6F6C,0x002E6FE0,0x001DC7F0,0x001DC7F0,3,0x0012F34C; 0x0012F628; 0x0012FC0C,0x002E6FE4; 0x002E6FE8; 0x002E6FEC,TriggerLink bound; Moby *pBot; MobyLink botPort; MobyLink botController; VEC3 startPoint; CurveLink camPath; Navigate navData; f32 segProgress; u32 lastContext; f32 velY; MobyLink help; u8 falling; u8 pathPoint; u8 pad[2];,18,2,compiled descriptor; no assertion spawned or active,current verified module text base + RVA
2,Ryllus,CBHappyPlace,Autres objets et controleurs,0x002E7080,0x002E70F4,0x001DC9D8,0x001DC9D8,3,0x001300B0; 0x001302C4; 0x001302CC,0x002E70F8; 0x002E70FC; 0x002E7100,TriggerLink happyRegion; f32 reqPlayerDist; Moby *pBot[6]; MobyLink botController; TriggerLink initTrigger; u32 timer[6]; Toggle botSet[6]; u8 pad[10];,4,0,compiled descriptor; no assertion spawned or active,current verified module text base + RVA
2,Ryllus,CBSadPlace,Autres objets et controleurs,0x002E7150,0x002E71C4,0x001DCB10,0x001DCB10,3,0x001305AC; 0x001306DC; 0x001306E4,0x002E71C8; 0x002E71CC; 0x002E71D0,MobyLink botController; TriggerLink landingArea; u32 pad[ 2 ];,2,0,compiled descriptor; no assertion spawned or active,current verified module text base + RVA
2,Ryllus,CBWaitForPlayerArea,"Joueur, acteurs et accessoires",0x002E7214,0x002E7288,0x001DCBD8,0x001DCBD8,3,0x00130790; 0x0013094C; 0x00130954,0x002E728C; 0x002E7290; 0x002E7294,MobyLink botController; TriggerLink waitArea; TriggerLink initTrigger; u32 pad;,2,0,compiled descriptor; no assertion spawned or active,current verified module text base + RVA
2,Ryllus,ChameleonDecoy,Autres objets et controleurs,0x002E7384,0x002E73F8,0x001DCCC8,0x001DCCC8,4,0x00130D34; 0x00130D3C; 0x00130D54; 0x00130DDC,0x002E73FC; 0x002E7400; 0x002E7404; 0x002E7408,,7,1,compiled descriptor; no assertion spawned or active,current verified module text base + RVA
2,Ryllus,ChasePosController,Autres objets et controleurs,0x002E74AC,0x002E7520,0x001DCCD8,0x001DCCD8,3,0x00130E90; 0x00130F44; 0x00130F4C,0x002E7524; 0x002E7528; 0x002E752C,ChasePosEntry entry[8]; MobyLink targetMgr; const ChasePosEntry *waveCenterEntry[ 2 ]; u8 chasingCount[8]; f32 firstWaveDist; f32 secondWaveDist; u8 attackingMax; u8 pad[7];,6,1,compiled descriptor; no assertion spawned or active,current verified module text base + RVA
2,Ryllus,ClankBot,"Joueur, acteurs et accessoires",0x002E76F4,0x002E7768,0x001DCD80,0x001DCD80,4,0x00132178; 0x00132618; 0x00134E40; 0x0013264C,0x002E776C; 0x002E7770; 0x002E7774; 0x002E7778,VEC3 posInit; u32 earColor; MobyLink botController; MobyLink botPath; MobyLink targetManager; Moby *pTarget; NavBound navData; Particle *pTop; u8 controllerIdx; u8 flags; u8 targetIdx; u8 currEnemyGroup; u8 earsUpdated; u8 runFallFrames; u8 groupNum; u8 contPointIdx;,20,0,compiled descriptor; no assertion spawned or active,current verified module text base + RVA
2,Ryllus,ClankBotController,"Joueur, acteurs et accessoires",0x002E7960,0x002E79D4,0x001DCF58,0x001DCF58,3,0x00135420; 0x00135688; 0x00135CA0,0x002E79D8; 0x002E79DC; 0x002E79E0,BotControllerEntry entry[8]; u32 respawnTimer[8]; TriggerLink destroyTrigger; TriggerLink initTrigger; u8 nextState; u8 attackingMax; u8 chasingCount[2]; u8 collIndex; u8 waveCenterIndex[ 2 ]; u8 respawnSegmentBuffer; u8 enterIdx; u8 validRespawnPoints; u8 commandUsed[4]; u8 pad[10]; VEC4 respawnPoint[5]; MobyLink botHouses[ 6 ]; TriggerLink noPushTriggers[ 2 ];,77,1,compiled descriptor; no assertion spawned or active,current verified module text base + RVA
2,Ryllus,ClankBotHouse,"Joueur, acteurs et accessoires",0x002E7A48,0x002E7ABC,0x001DD0E0,0x001DD0E0,4,0x001386E4; 0x001389B4; 0x001389E8; 0x00138B34,0x002E7AC0; 0x002E7AC4; 0x002E7AC8; 0x002E7ACC,Moby *pParts[3]; MobyLink bot;,21,0,compiled descriptor; no assertion spawned or active,current verified module text base + RVA
2,Ryllus,ClankBotHouseBase,"Joueur, acteurs et accessoires",0x002E7AE0,0x002E7B54,0x001DD178,0x001DD178,3,0x00139038; 0x0013919C; 0x001391D0,0x002E7B58; 0x002E7B5C; 0x002E7B60,VEC4 velocity; VEC4 rotAxis;,12,0,compiled descriptor; no assertion spawned or active,current verified module text base + RVA
2,Ryllus,ClankBotHouseDome,"Joueur, acteurs et accessoires",0x002E7B60,0x002E7BD4,0x001DD190,0x001DD190,3,0x001391D8; 0x001391E0; 0x001391E8,0x002E7BD8; 0x002E7BDC; 0x002E7BE0,VEC4 velocity; VEC4 rotAxis;,0,0,compiled descriptor; no assertion spawned or active,current verified module text base + RVA
2,Ryllus,ClankBotHouseRoof,"Joueur, acteurs et accessoires",0x002E7C1C,0x002E7C90,0x001DD1A8,0x001DD1A8,3,0x001391F0; 0x00139224; 0x0013922C,0x002E7C94; 0x002E7C98; 0x002E7C9C,VEC4 velocity; VEC4 rotAxis;,20,2,compiled descriptor; no assertion spawned or active,current verified module text base + RVA
2,Ryllus,ClankBotPath,"Joueur, acteurs et accessoires",0x002E7CFC,0x002E7D70,0x001DD1C0,0x001DD1C0,3,0x00139830; 0x00139848; 0x00139850,0x002E7D74; 0x002E7D78; 0x002E7D7C,MobyLink chasePosController[8]; CurveLink leftCurve; MobyLink aboveGround; u8 numSegments; u8 numEnemyGroups; u8 pad[2];,0,0,compiled descriptor; no assertion spawned or active,current verified module text base + RVA
2,Ryllus,ClankBotPort,"Joueur, acteurs et accessoires",0x002E7DA0,0x002E7E14,0x001DD1D0,0x001DD1D0,3,0x00139A6C; 0x00139D7C; 0x00139DB0,0x002E7E18; 0x002E7E1C; 0x002E7E20,MobyLink triggered; Particle *pGlow; u8 botsNeeded; u8 pad[7];,16,1,compiled descriptor; no assertion spawned or active,current verified module text base + RVA
2,Ryllus,ClankBotShrapnel,"Joueur, acteurs et accessoires",0x002E81AC,0x002E8220,0x001DD268,0x001DD268,3,0x0013A820; 0x0013A828; 0x0013A830,0x002E8224; 0x002E8228; 0x002E822C,,31,0,compiled descriptor; no assertion spawned or active,current verified module text base + RVA
2,Ryllus,ClankForShipAnim,"Joueur, acteurs et accessoires",0x002E8220,0x002E8294,0x001DD280,0x001DD280,3,0x0013AB38; 0x0013AB40; 0x0013AB48,0x002E8298; 0x002E829C; 0x002E82A0,u32 pad[ 4 ];,0,0,compiled descriptor; no assertion spawned or active,current verified module text base + RVA
2,Ryllus,ClankPack,"Joueur, acteurs et accessoires",0x002E8280,0x002E82F4,0x001DD298,0x001DD298,3,0x0013AB50; 0x0013AB80; 0x0013AB88,0x002E82F8; 0x002E82FC; 0x002E8300,,2,0,compiled descriptor; no assertion spawned or active,current verified module text base + RVA
2,Ryllus,ClankPlr,"Joueur, acteurs et accessoires",0x002E8304,0x002E8378,0x001DD2A8,0x001DD2A8,4,0x0013ABAC; 0x0013ABF8; 0x0013AC00; 0x0013AC08,0x002E837C; 0x002E8380; 0x002E8384; 0x002E8388,MobyLink levelMusic; u32 pad[ 3 ];,10,0,compiled descriptor; no assertion spawned or active,current verified module text base + RVA
2,Ryllus,ContinuePoint,Autres objets et controleurs,0x002E8394,0x002E8408,0x001DD2B8,0x001DD2B8,3,0x0013AC74; 0x0013AC98; 0x0013ACA0,0x002E840C; 0x002E8410; 0x002E8414,TriggerLink activateTrigger; u8 index;,0,0,compiled descriptor; no assertion spawned or active,current verified module text base + RVA
2,Ryllus,CowBell,Autres objets et controleurs,0x002E8434,0x002E84A8,0x001DD2C8,0x001DD2C8,3,0x0013B170; 0x0013B178; 0x0013B180,0x002E84AC; 0x002E84B0; 0x002E84B4,,31,0,compiled descriptor; no assertion spawned or active,current verified module text base + RVA
2,Ryllus,CrankedObject,Pieges et mecanismes,0x002E855C,0x002E85D0,0x001DD2D0,0x001DD2D0,3,0x0013B35C; 0x0013B1E0; 0x0013B798,0x002E85D4; 0x002E85D8; 0x002E85DC,MobyLink boltCrank; f32 moveAmount; f32 speed; f32 accel; GDE_Sound *pSoundRaised; GDE_Sound *pSoundRaising; GDE_Sound *pSoundDropped; SND_Positional *pSoundRaisingPos; MobyLink boltCrank2;,31,0,compiled descriptor; no assertion spawned or active,current verified module text base + RVA
2,Ryllus,Crate,"Caisses, pickups et bonus",0x002E888C,0x002E8900,0x001DD3D8,0x001DD3D8,4,0x0013BFE0; 0x0013BFE8; 0x0013C0D0; 0x0013BFF0,0x002E8904; 0x002E8908; 0x002E890C; 0x002E8910,Moby *pCrateBelow; f32 velocityY; f32 fallDistance; f32 distFallen;,15,0,compiled descriptor; no assertion spawned or active,current verified module text base + RVA
2,Ryllus,CrateAmmo,"Caisses, pickups et bonus",0x002E89CC,0x002E8A40,0x001DD3E0,0x001DD3E0,4,0x0013C1B0; 0x0013C1D8; 0x0013C1E0; 0x0013C1E8,0x002E8A44; 0x002E8A48; 0x002E8A4C; 0x002E8A50,Moby *pCrateBelow; f32 velocityY; f32 fallDistance; f32 distFallen; Toggle major; Toggle minor; u8 noAmmoType1; u8 noAmmoType2; u8 onlyAmmoType; Toggle validIM; Toggle validDM; Toggle validCTF; u8 pad[8];,12,0,compiled descriptor; no assertion spawned or active,current verified module text base + RVA
2,Ryllus,CrateChunk,"Caisses, pickups et bonus",0x002E8A30,0x002E8AA4,0x001DD3F0,0x001DD3F0,2,0x0013C8AC; 0x0013C8B4,0x002E8AA8; 0x002E8AAC,,0,0,compiled descriptor; no assertion spawned or active,current verified module text base + RVA
2,Ryllus,CrateChunkController,"Caisses, pickups et bonus",0x002E8C30,0x002E8CA4,0x001DD400,0x001DD400,2,0x0013CF10; 0x0013CF18,0x002E8CA8; 0x002E8CAC,,0,0,compiled descriptor; no assertion spawned or active,current verified module text base + RVA
2,Ryllus,CrateExplosive,"Caisses, pickups et bonus",0x002E8D54,0x002E8DC8,0x001DD4A0,0x001DD4A0,2,0x0013D0D8; 0x0013D11C,0x002E8DCC; 0x002E8DD0,Moby *pCrateBelow; f32 velocityY; f32 fallDistance; f32 distFallen; Toggle explode; u8 keyIdx; Toggle validIM; Toggle validDM; Toggle validCTF; u8 pad[11];,1,0,compiled descriptor; no assertion spawned or active,current verified module text base + RVA
2,Ryllus,CrateHealth,"Caisses, pickups et bonus",0x002E8EE8,0x002E8F5C,0x001DD4B0,0x001DD4B0,2,0x0013D900; 0x0013D99C,0x002E8F60; 0x002E8F64,Moby *pCrateBelow; f32 velocityY; f32 fallDistance; f32 distFallen; Moby *pPowerup; Toggle validIM; Toggle validDM; Toggle validCTF; u8 pad[9];,1,0,compiled descriptor; no assertion spawned or active,current verified module text base + RVA
2,Ryllus,CrossbowGun,"Armes, projectiles et degats",0x002E94EC,0x002E9560,0x001DD4C0,0x001DD4C0,3,0x0013E2B8; 0x0013E3A4; 0x0013E584,0x002E9564; 0x002E9568; 0x002E956C,,33,3,compiled descriptor; no assertion spawned or active,current verified module text base + RVA
2,Ryllus,CrossbowShot,"Armes, projectiles et degats",0x002E96CC,0x002E9740,0x001DD4F8,0x001DD4F8,3,0x0013EBD4; 0x0013EBDC; 0x0014011C,0x002E9744; 0x002E9748; 0x002E974C,,63,4,compiled descriptor; no assertion spawned or active,current verified module text base + RVA
2,Ryllus,CrystalGroundShard,Autres objets et controleurs,0x002E97E8,0x002E985C,0x001DD508,0x001DD508,3,0x00141010; 0x00141254; 0x00141498,0x002E9860; 0x002E9864; 0x002E9868,,33,1,compiled descriptor; no assertion spawned or active,current verified module text base + RVA
2,Ryllus,Dart,"Armes, projectiles et degats",0x002E9900,0x002E9974,0x001DD520,0x001DD520,3,0x00141BB8; 0x00141BF0; 0x00141C50,0x002E9978; 0x002E997C; 0x002E9980,f32 collDelay; f32 speed; f32 accel; VEC3 fallVel; f32 floorDist; SND_Positional *pMoveSound; u32 pad[3];,32,3,compiled descriptor; no assertion spawned or active,current verified module text base + RVA
2,Ryllus,DartShooter,"Armes, projectiles et degats",0x002E99E8,0x002E9A5C,0x001DD528,0x001DD528,3,0x00142700; 0x00142808; 0x00142810,0x002E9A60; 0x002E9A64; 0x002E9A68,Moby *pDart; MobyLink controller; u32 pad[2];,10,1,compiled descriptor; no assertion spawned or active,current verified module text base + RVA
2,Ryllus,DartShooterController,"Armes, projectiles et degats",0x002E9AD4,0x002E9B48,0x001DD5B8,0x001DD5B8,3,0x00142BE0; 0x00142C74; 0x00142C7C,0x002E9B4C; 0x002E9B50; 0x002E9B54,Moby *pShooter[4]; f32 timeBetweenShots; TriggerLink cutsceneTrigger; f32 cutsceneTimer; u32 pad;,3,2,compiled descriptor; no assertion spawned or active,current verified module text base + RVA
2,Ryllus,DeathTrigger,Pieges et mecanismes,0x002E9B98,0x002E9C0C,0x001DD5D0,0x001DD5D0,3,0x00142F98; 0x00142FF8; 0x00143000,0x002E9C10; 0x002E9C14; 0x002E9C18,MobyLink killAreas; MobyLink ignoreAreas; Toggle killHeroInTriggers; f32 minYHeight; u8 pad[3];,7,0,compiled descriptor; no assertion spawned or active,current verified module text base + RVA
2,Ryllus,DesignTest,Autres objets et controleurs,0x002E9C08,0x002E9C7C,0x001DD5E0,0x001DD5E0,3,0x00143174; 0x0014317C; 0x00143184,0x002E9C80; 0x002E9C84; 0x002E9C88,u32 pad[4];,0,0,compiled descriptor; no assertion spawned or active,current verified module text base + RVA
2,Ryllus,DualBlasterHUD,"Armes, projectiles et degats",0x002E9C68,0x002E9CDC,0x001DD5F0,0x001DD5F0,3,0x001431E8; 0x001431F0; 0x001431F8,0x002E9CE0; 0x002E9CE4; 0x002E9CE8,,0,0,compiled descriptor; no assertion spawned or active,current verified module text base + RVA
2,Ryllus,electricXplo,Autres objets et controleurs,0x002E9D04,0x002E9D78,0x001DD600,0x001DD600,3,0x00143C98; 0x001439EC; 0x001439F4,0x002E9D7C; 0x002E9D80; 0x002E9D84,f32 lengths[24]; VEC3 normals[18]; f32 timer; s32 scroll;,14,2,compiled descriptor; no assertion spawned or active,current verified module text base + RVA
2,Ryllus,ElectroBall,Autres objets et controleurs,0x002E9ED8,0x002E9F4C,0x001DD680,0x001DD680,3,0x00145580; 0x001455F0; 0x00145634,0x002E9F50; 0x002E9F54; 0x002E9F58,,19,3,compiled descriptor; no assertion spawned or active,current verified module text base + RVA
2,Ryllus,ElectroshockWave,Autres objets et controleurs,0x002E9FE4,0x002EA058,0x001DD690,0x001DD690,3,0x00146278; 0x00146280; 0x00146D58,0x002EA05C; 0x002EA060; 0x002EA064,,14,3,compiled descriptor; no assertion spawned or active,current verified module text base + RVA
2,Ryllus,Electrosoil,Autres objets et controleurs,0x002EA0E8,0x002EA15C,0x001DD6A8,0x001DD6A8,3,0x001470E8; 0x001473D0; 0x001473D8,0x002EA160; 0x002EA164; 0x002EA168,MobyLink target[ 2 ]; TriggerLink bound; f32 angle; f32 throwSpeedXZ; f32 throwSpeedY; MobyLink triggerCollection; u32 pad[ 1 ];,17,0,compiled descriptor; no assertion spawned or active,current verified module text base + RVA
2,Ryllus,ElevatorRings,Pieges et mecanismes,0x002EA1D4,0x002EA248,0x001DD730,0x001DD730,3,0x00147590; 0x00147660; 0x00147668,0x002EA24C; 0x002EA250; 0x002EA254,MobyLink elevator; CurveLink elevatorPath; u32 ringCount; f32 radius; f32 halfHeight; u32 pad[ 3 ];,1,0,compiled descriptor; no assertion spawned or active,current verified module text base + RVA
2,Ryllus,EnemyController,Ennemis et boss,0x002EA330,0x002EA3A4,0x001DD780,0x001DD780,3,0x00147B1C; 0x00147D28; 0x00148040,0x002EA3A8; 0x002EA3AC; 0x002EA3B0,TriggerLink updateArea; TriggerLink updateArea2; TriggerLink destroyTrigger; f32 firstWaveDist; f32 secondWaveDist; Toggle envColl; u8 attackingMax; Toggle destroyControllerToo; u8 pad[ 9 ];,79,1,compiled descriptor; no assertion spawned or active,current verified module text base + RVA
2,Ryllus,EnemyWave,Ennemis et boss,0x002EA49C,0x002EA510,0x001DD920,0x001DD920,3,0x0014A94C; 0x0014AA04; 0x0014AD08,0x002EA514; 0x002EA518; 0x002EA51C,MobyLink destroyedMoby; TriggerLink trigger; MobyLink previousWave; f32 timer; f32 delayRandMax; MobyLink enemyControllerToCheck; u8 mobyToCheckState; Toggle prevWaveDestroyed; u8 enemyInControllerCount; u8 pad[ 9 ];,9,1,compiled descriptor; no assertion spawned or active,current verified module text base + RVA
2,Ryllus,ExplodeBerry,Autres objets et controleurs,0x002EA574,0x002EA5E8,0x001DD9B0,0x001DD9B0,4,0x0014B16C; 0x0014B18C; 0x0014B1C0; 0x0014B524,0x002EA5EC; 0x002EA5F0; 0x002EA5F4; 0x002EA5F8,VEC3 velocity; f32 startY; VEC3 rotationAxis; const Moby *pParent;,26,1,compiled descriptor; no assertion spawned or active,current verified module text base + RVA
2,Ryllus,ExplodeSprout,Gadgets et outils,0x002EA60C,0x002EA680,0x001DDA38,0x001DDA38,4,0x0014B9DC; 0x0014BBF0; 0x0014BC24; 0x0014BF20,0x002EA684; 0x002EA688; 0x002EA68C; 0x002EA690,Moby *pElectrosoil; u32 pad[ 3 ];,34,2,compiled descriptor; no assertion spawned or active,current verified module text base + RVA
2,Ryllus,ExplosiveBee,Autres objets et controleurs,0x002EA804,0x002EA878,0x001DDAC0,0x001DDAC0,3,0x0014C4B8; 0x0014C560; 0x0014D408,0x002EA87C; 0x002EA880; 0x002EA884,,9,2,compiled descriptor; no assertion spawned or active,current verified module text base + RVA
2,Ryllus,Flamethrower,"Armes, projectiles et degats",0x002EA940,0x002EA9B4,0x001DDB18,0x001DDB18,3,0x0014E500; 0x0014E67C; 0x0014F48C,0x002EA9B8; 0x002EA9BC; 0x002EA9C0,,12,2,compiled descriptor; no assertion spawned or active,current verified module text base + RVA
2,Ryllus,FloatingCamera,Camera et presentation,0x002EAC0C,0x002EAC80,0x001DDB28,0x001DDB28,4,0x0015138C; 0x0015180C; 0x00151F64; 0x00151840,0x002EAC84; 0x002EAC88; 0x002EAC8C; 0x002EAC90,CurveLink path; u32 pad[ 3 ];,14,0,compiled descriptor; no assertion spawned or active,current verified module text base + RVA
2,Ryllus,FlyingCarLightweightDirectional,Autres objets et controleurs,0x002EADE8,0x002EAE5C,0x001DDC28,0x001DDC28,3,0x00153194; 0x00153388; 0x00153390,0x002EAE60; 0x002EAE64; 0x002EAE68,f32 speed; f32 distance; f32 fadeDist; u8 pad8a; u8 reverse; u8 lanes; u8 pad8; f32 spawnXMod; f32 spawnYMod; VEC3 posVariAmp; VEC3 posVariRate; f32 scale; u32 numShips; f32 spawnRate; Toggle DistantShip1; Toggle DistantShip2; Toggle DistantShip3; Toggle PODCopter; Toggle ShuttleCruiser; Toggle Dragonfly; Toggle pad[15] ;,7,1,compiled descriptor; no assertion spawned or active,current verified module text base + RVA
2,Ryllus,FlyingCarLightweightOrbit,Autres objets et controleurs,0x002EB010,0x002EB084,0x001DDD88,0x001DDD88,3,0x00154250; 0x0015442C; 0x00154434,0x002EB088; 0x002EB08C; 0x002EB090,f32 speed; f32 radius; f32 fadeDist; u8 pad8a; u8 spawnRadiusMod; u8 reverse; u8 lanes; f32 spawnYMod; VEC3 posVariAmp; VEC3 posVariRate; u32 numShips; f32 spawnRate; f32 scale; f32 startAngle; f32 endAngle; Toggle DistantShip1; Toggle DistantShip2; Toggle DistantShip3; Toggle PODCopter; Toggle ShuttleCruiser; Toggle pad[11] ;,6,1,compiled descriptor; no assertion spawned or active,current verified module text base + RVA
2,Ryllus,FlyingCarLightweightPathed,Autres objets et controleurs,0x002EB214,0x002EB288,0x001DDEC8,0x001DDEC8,3,0x00155EA4; 0x00155404; 0x0015540C,0x002EB28C; 0x002EB290; 0x002EB294,CurveLink path; f32 speed; f32 fadeDist; u8 loop; u8 reverse; u8 lanes; u8 rotSmooth; f32 spawnXMod; f32 spawnYMod; VEC3 posVariAmp; VEC3 posVariRate; f32 spawnRate; f32 scale; u32 numShips; Toggle DistantShip1; Toggle DistantShip2; Toggle DistantShip3; Toggle PODCopter; Toggle ShuttleCruiser; Toggle pad[15] ;,7,1,compiled descriptor; no assertion spawned or active,current verified module text base + RVA
2,Ryllus,GenericTieForm,Autres objets et controleurs,0x002EB2E8,0x002EB35C,0x001DE048,0x001DE048,3,0x001563C0; 0x00156410; 0x00156444,0x002EB360; 0x002EB364; 0x002EB368,,6,0,compiled descriptor; no assertion spawned or active,current verified module text base + RVA
2,Ryllus,GlowCard,"Effets, particules et environnement",0x002EB39C,0x002EB410,0x001DE058,0x001DE058,3,0x00156754; 0x00156874; 0x0015687C,0x002EB414; 0x002EB418; 0x002EB41C,u8 red; u8 green; u8 blue; u8 alpha; f32 size; f32 zOffset; CurveLink points;,2,0,compiled descriptor; no assertion spawned or active,current verified module text base + RVA
2,Ryllus,GravityCrystal,Autres objets et controleurs,0x002EB410,0x002EB484,0x001DE120,0x001DE120,3,0x001572A0; 0x001574B8; 0x00157E30,0x002EB488; 0x002EB48C; 0x002EB490,,40,3,compiled descriptor; no assertion spawned or active,current verified module text base + RVA
2,Ryllus,Helipack,Autres objets et controleurs,0x002EB5D4,0x002EB648,0x001DE130,0x001DE130,3,0x0015822C; 0x00158234; 0x0015823C,0x002EB64C; 0x002EB650; 0x002EB654,,3,0,compiled descriptor; no assertion spawned or active,current verified module text base + RVA
2,Ryllus,Hookshot,Autres objets et controleurs,0x002EB6E8,0x002EB75C,0x001DE140,0x001DE140,3,0x0015843C; 0x001585D8; 0x0015860C,0x002EB760; 0x002EB764; 0x002EB768,CurveLink path; VEC3 pathPoint; f32 speed; f32 ropeLength; f32 range; u8 attached; u8 swing; u8 pathPointId; Toggle validIM; Toggle validDM; Toggle validCTF; u8 pad[14];,9,1,compiled descriptor; no assertion spawned or active,current verified module text base + RVA
2,Ryllus,Hypershot,Gadgets et outils,0x002EB774,0x002EB7E8,0x001DE1B8,0x001DE1B8,3,0x00158A34; 0x00158AD0; 0x00158B58,0x002EB7EC; 0x002EB7F0; 0x002EB7F4,,13,0,compiled descriptor; no assertion spawned or active,current verified module text base + RVA
2,Ryllus,InitialCamera,Camera et presentation,0x002EB85C,0x002EB8D0,0x001DE1D0,0x001DE1D0,3,0x00158CE8; 0x00158DE4; 0x00158DEC,0x002EB8D4; 0x002EB8D8; 0x002EB8DC,f32 dist; f32 height; f32 lookHeight; f32 elevation; f32 azimuth; Toggle dontCreateNextLevelSeen; u8 pressed; u8 pad[ 10 ];,6,1,compiled descriptor; no assertion spawned or active,current verified module text base + RVA
2,Ryllus,IntroMovie,Autres objets et controleurs,0x002EB8E0,0x002EB954,0x001DE1E0,0x001DE1E0,3,0x00158F14; 0x00158FD0; 0x00158FD8,0x002EB958; 0x002EB95C; 0x002EB960,u32 fromLevel; u32 pad[ 3 ];,7,1,compiled descriptor; no assertion spawned or active,current verified module text base + RVA
2,Ryllus,LadderSprout,Gadgets et outils,0x002EB968,0x002EB9DC,0x001DE1F0,0x001DE1F0,4,0x0015908C; 0x0015910C; 0x00159140; 0x001597AC,0x002EB9E0; 0x002EB9E4; 0x002EB9E8; 0x002EB9EC,Moby *pElectrosoil; u32 pad[ 3 ];,23,2,compiled descriptor; no assertion spawned or active,current verified module text base + RVA
2,Ryllus,LaserTracer,"Armes, projectiles et degats",0x002ECF54,0x002ECFC8,0x001DE278,0x001DE278,3,0x0015D404; 0x0015D4F8; 0x0015D680,0x002ECFCC; 0x002ECFD0; 0x002ECFD4,,16,3,compiled descriptor; no assertion spawned or active,current verified module text base + RVA
2,Ryllus,Level01OceanSound,Camera et presentation,0x002ED084,0x002ED0F8,0x001DE2C0,0x001DE2C0,3,0x00162E8C; 0x00162FC4; 0x00163008,0x002ED0FC; 0x002ED100; 0x002ED104,TriggerLink playTriggers[ 4 ]; TriggerLink noPlayTriggers[ 4 ];,4,2,compiled descriptor; no assertion spawned or active,current verified module text base + RVA
2,Ryllus,Level02Button,Autres objets et controleurs,0x002ED180,0x002ED1F4,0x001DE2D8,0x001DE2D8,3,0x00163304; 0x0016367C; 0x001636B0,0x002ED1F8; 0x002ED1FC; 0x002ED200,MobyLink triggered; Moby *pCollide; f32 step; f32 origY; MobyLink botController; f32 scale; u32 redColor; Toggle permanent; Toggle upFacing; u8 pad[2];,21,4,compiled descriptor; no assertion spawned or active,current verified module text base + RVA
2,Ryllus,Level02ClankHelpManager,"Joueur, acteurs et accessoires",0x002ED504,0x002ED578,0x001DE3E0,0x001DE3E0,3,0x00164128; 0x00164120; 0x00164950,0x002ED57C; 0x002ED580; 0x002ED584,MobyLink stoneIdol; TriggerLink cbRoomTrigger; MobyLink botController; TriggerLink firstButtonTrigger; TriggerLink secondButtonTrigger; TriggerLink pygmyRampTrigger; MobyLink firstBotFlinger; TriggerLink secondSITrigger; MobyLink secondBotFlinger; MobyLink thirdButton; MobyLink fourthButton; MobyLink thirdBotFlinger; TriggerLink columnTrigger; MobyLink finalBotFlinger; TriggerLink firstPortTrigger; TriggerLink secondPortTrigger; TriggerLink portRoomTrigger; TriggerLink elevatorTrigger; TriggerLink topAreaTrigger; u8 clankBotMissCount[4]; u16 flingerTurnCount; u16 cbRespawnTimer; u16 briefMomentCount; u8 followShownAgain; u8 clankBotHitCount; u8 allSixChecked; u8 cbEntering; u8 skipPressureSe,11,0,compiled descriptor; no assertion spawned or active,current verified module text base + RVA
2,Ryllus,Level02Column,Pieges et mecanismes,0x002ED648,0x002ED6BC,0x001DE9C8,0x001DE9C8,3,0x00165318; 0x00165618; 0x0016564C,0x002ED6C0; 0x002ED6C4; 0x002ED6C8,MobyLink triggered; f32 reqWeight; f32 speedY; f32 origY; Moby *pRestingBot[4]; u32 numRestingBots; MobyLink botController; SND_Positional *pMoveSound; u32 pad[1];,19,1,compiled descriptor; no assertion spawned or active,current verified module text base + RVA
2,Ryllus,Level02ExpandableBridge,Pieges et mecanismes,0x002ED750,0x002ED7C4,0x001DEB48,0x001DEB48,3,0x00165DA8; 0x00166068; 0x00166100,0x002ED7C8; 0x002ED7CC; 0x002ED7D0,f32 reqProgress; f32 maxBridgeLength; f32 currLength; MobyLink path; f32 speed; f32 accel; SND_Positional *pMoveSound; u8 pointIdx; u8 pad[3];,38,0,compiled descriptor; no assertion spawned or active,current verified module text base + RVA
2,Ryllus,Level02HelpManager,Autres objets et controleurs,0x002ED8C4,0x002ED938,0x001DECA8,0x001DECA8,3,0x00166BA0; 0x00166F48; 0x00166F50,0x002ED93C; 0x002ED940; 0x002ED944,TriggerLink firstSproutTrigger; TriggerLink wallTrigger; MobyLink explodeSprout; MobyLink cannonSprout; MobyLink wallPiece; TriggerLink hypershotTrigger; TriggerLink hypershotCompleted; TriggerLink centerCameraTrigger;,7,0,compiled descriptor; no assertion spawned or active,current verified module text base + RVA
2,Ryllus,Level02Statue,Autres objets et controleurs,0x002ED98C,0x002EDA00,0x001DEFC0,0x001DEFC0,3,0x001674C0; 0x00167614; 0x0016761C,0x002EDA04; 0x002EDA08; 0x002EDA0C,f32 progress; f32 amntOpen; MobyLink leftPart; MobyLink rightPart;,10,2,compiled descriptor; no assertion spawned or active,current verified module text base + RVA
2,Ryllus,Level02StatueCutscene,Camera et presentation,0x002EDA84,0x002EDAF8,0x001DF090,0x001DF090,3,0x001678B4; 0x00167AB4; 0x00167ABC,0x002EDAFC; 0x002EDB00; 0x002EDB04,CurveLink camPath; CurveLink aimPath; MobyLink botPort[2]; f32 segProgress; f32 speed; u32 lastContext; u8 pathPoint; u8 pad[3];,9,1,compiled descriptor; no assertion spawned or active,current verified module text base + RVA
2,Ryllus,Level02StatuePart,Autres objets et controleurs,0x002EDB3C,0x002EDBB0,0x001DF1B0,0x001DF1B0,3,0x00168164; 0x001682CC; 0x00168300,0x002EDBB4; 0x002EDBB8; 0x002EDBBC,SND_Positional *pMoveSound; Toggle moved; u8 pad[11];,12,0,compiled descriptor; no assertion spawned or active,current verified module text base + RVA
2,Ryllus,Level02TriggeredDoor,Pieges et mecanismes,0x002EDC0C,0x002EDC80,0x001DF1C8,0x001DF1C8,3,0x0016858C; 0x001687A8; 0x001688A0,0x002EDC84; 0x002EDC88; 0x002EDC8C,f32 initY; f32 amntOpen; MobyLink path; SND_Positional *pMoveSound; u8 pathIdx; u8 progress; u8 pad[14];,16,2,compiled descriptor; no assertion spawned or active,current verified module text base + RVA
2,Ryllus,Level02WallChunk,Autres objets et controleurs,0x002EDCC0,0x002EDD34,0x001DF1E0,0x001DF1E0,3,0x00168E1C; 0x00168F9C; 0x00168FE4,0x002EDD38; 0x002EDD3C; 0x002EDD40,,43,0,compiled descriptor; no assertion spawned or active,current verified module text base + RVA
2,Ryllus,Level02WallCutscene,Camera et presentation,0x002EDE1C,0x002EDE90,0x001DF1F8,0x001DF1F8,3,0x00169180; 0x001693E8; 0x00169624,0x002EDE94; 0x002EDE98; 0x002EDE9C,MobyLink shrapnel[ 6 ]; TriggerLink area; MobyType *pBerryType; QUAT quat; VEC3 translation; Moby *pBerry;,4,0,compiled descriptor; no assertion spawned or active,current verified module text base + RVA
2,Ryllus,Level02WallPiece,Autres objets et controleurs,0x002EDF60,0x002EDFD4,0x001DF330,0x001DF330,4,0x00169B44; 0x00169DC0; 0x00169E38; 0x00169E74,0x002EDFD8; 0x002EDFDC; 0x002EDFE0; 0x002EDFE4,MobyLink neighbors[ 3 ]; Toggle saveSignature; u8 pad[ 3 ];,47,0,compiled descriptor; no assertion spawned or active,current verified module text base + RVA
2,Ryllus,LevelMusic,Autres objets et controleurs,0x002EE15C,0x002EE1D0,0x001DF3C8,0x001DF3C8,2,0x0016A2EC; 0x0016A3CC,0x002EE1D4; 0x002EE1D8,u32 songNumber; TriggerLink trigger; s32 continuePointMin; s32 continuePointMax; s32 levelNumber; u8 priority; u8 pad[ 7 ];,1,0,compiled descriptor; no assertion spawned or active,current verified module text base + RVA
2,Ryllus,Lvl3Elevator,Pieges et mecanismes,0x002EE314,0x002EE388,0x001DF3E8,0x001DF3E8,3,0x0016AF44; 0x0016AA34; 0x0016B378,0x002EE38C; 0x002EE390; 0x002EE394,CurveLink path; f32 moveTime; f32 progress; f32 progInc; f32 waitTime; f32 radius; SND_Positional *pMoveSound; f32 heightDiff; Toggle oneWay; Toggle direction; Toggle waitForHero; Toggle waitForActivate; Toggle matchHero; Toggle checkCrush; Toggle useButton; u8 pad[9];,26,0,compiled descriptor; no assertion spawned or active,current verified module text base + RVA
2,Ryllus,MapOMaticGadget,Gadgets et outils,0x002EE388,0x002EE3FC,0x001DF530,0x001DF530,3,0x0016BCF8; 0x0016BD00; 0x0016BD08,0x002EE400; 0x002EE404; 0x002EE408,,0,0,compiled descriptor; no assertion spawned or active,current verified module text base + RVA
2,Ryllus,MatrixMoby,Autres objets et controleurs,0x002EE3E8,0x002EE45C,0x001DF540,0x001DF540,3,0x0016BD10; 0x0016BD18; 0x0016BD20,0x002EE460; 0x002EE464; 0x002EE468,,0,0,compiled descriptor; no assertion spawned or active,current verified module text base + RVA
2,Ryllus,MobyGroup,Autres objets et controleurs,0x002EE48C,0x002EE500,0x001DF550,0x001DF550,3,0x0016BD28; 0x0016BDC0; 0x0016BDC8,0x002EE504; 0x002EE508; 0x002EE50C,MobyLink mobysToCheck[ 8 ]; u8 destroyed; u8 count; u8 pad[ 14 ];,6,0,compiled descriptor; no assertion spawned or active,current verified module text base + RVA
2,Ryllus,MobyIce,Autres objets et controleurs,0x002EE594,0x002EE608,0x001DF5D0,0x001DF5D0,3,0x0016C6E8; 0x0016C700; 0x0016D084,0x002EE60C; 0x002EE610; 0x002EE614,,31,1,compiled descriptor; no assertion spawned or active,current verified module text base + RVA
2,Ryllus,Mootator,"Armes, projectiles et degats",0x002EE894,0x002EE908,0x001DF5D8,0x001DF5D8,3,0x0016DC2C; 0x0016DE7C; 0x0016EFCC,0x002EE90C; 0x002EE910; 0x002EE914,,21,0,compiled descriptor; no assertion spawned or active,current verified module text base + RVA
2,Ryllus,MovedObject,Pieges et mecanismes,0x002EE970,0x002EE9E4,0x001DF5E8,0x001DF5E8,3,0x0016F534; 0x0016F84C; 0x0016F880,0x002EE9E8; 0x002EE9EC; 0x002EE9F0,MobyLink target; f32 moveAmount; f32 speed; f32 accel; GDE_Sound * pMoveSound; SND_Positional *pPosSound; u32 pad[2];,21,0,compiled descriptor; no assertion spawned or active,current verified module text base + RVA
2,Ryllus,MovieButtonTriggered,Pieges et mecanismes,0x002EEA24,0x002EEA98,0x001DF6D8,0x001DF6D8,3,0x0016FBB8; 0x0016FC74; 0x0016FC7C,0x002EEA9C; 0x002EEAA0; 0x002EEAA4,MobyLink newMusic; u32 pad[ 3 ];,1,0,compiled descriptor; no assertion spawned or active,current verified module text base + RVA
2,Ryllus,MoviePlayerChange,"Joueur, acteurs et accessoires",0x002EEAE0,0x002EEB54,0x001DF6F0,0x001DF6F0,3,0x0016FE64; 0x00170050; 0x00170058,0x002EEB58; 0x002EEB5C; 0x002EEB60,MobyLink switchPlayer; TriggerLink trigger; MobyLink newMusic; MobyLink ambientNoise;,1,0,compiled descriptor; no assertion spawned or active,current verified module text base + RVA
2,Ryllus,MovieTeleport,Autres objets et controleurs,0x002EEBF0,0x002EEC64,0x001DF7E8,0x001DF7E8,3,0x00170188; 0x00170340; 0x00170348,0x002EEC68; 0x002EEC6C; 0x002EEC70,MobyLink switchPlayer; TriggerLink trigger; MobyLink trigAfter; MobyLink continuePt; int trigHack; Toggle onlyPlayOnce; Toggle bShipHack; u8 pad[10];,5,0,compiled descriptor; no assertion spawned or active,current verified module text base + RVA
2,Ryllus,MutantCow,Autres objets et controleurs,0x002EEC80,0x002EECF4,0x001DF7F8,0x001DF7F8,4,0x001705C0; 0x00170744; 0x00170C70; 0x001AF1DC,0x002EECF8; 0x002EECFC; 0x002EED00; 0x002EED04,,29,1,compiled descriptor; no assertion spawned or active,current verified module text base + RVA
2,Ryllus,MutantMadCow,Autres objets et controleurs,0x002EEE50,0x002EEEC4,0x001DF828,0x001DF828,4,0x001717D0; 0x00171938; 0x00171D54; 0x001AF1DC,0x002EEEC8; 0x002EEECC; 0x002EEED0; 0x002EEED4,,47,2,compiled descriptor; no assertion spawned or active,current verified module text base + RVA
2,Ryllus,NapalmBubble,Autres objets et controleurs,0x002EEF18,0x002EEF8C,0x001DF838,0x001DF838,3,0x001729C4; 0x001729CC; 0x001729D4,0x002EEF90; 0x002EEF94; 0x002EEF98,,8,1,compiled descriptor; no assertion spawned or active,current verified module text base + RVA
2,Ryllus,PDA,Autres objets et controleurs,0x002EEFC0,0x002EF034,0x001DF848,0x001DF848,3,0x00173458; 0x00173460; 0x00173468,0x002EF038; 0x002EF03C; 0x002EF040,,0,0,compiled descriptor; no assertion spawned or active,current verified module text base + RVA
2,Ryllus,PlayerChange,"Joueur, acteurs et accessoires",0x002EF0D8,0x002EF14C,0x001DF850,0x001DF850,3,0x0017349C; 0x001736C8; 0x001736D0,0x002EF150; 0x002EF154; 0x002EF158,MobyLink initPlayer; MobyLink switchPlayer; TriggerLink switchTrigger; TriggerLink revertTrigger; VEC4 nextPos; MobyLink switchStartMatrix; MobyLink revertStartMatrix; u32 pad[ 2 ];,12,4,compiled descriptor; no assertion spawned or active,current verified module text base + RVA
2,Ryllus,Polarizer,Gadgets et outils,0x002EF204,0x002EF278,0x001DF970,0x001DF970,3,0x00173CF8; 0x00173EB4; 0x0017499C,0x002EF27C; 0x002EF280; 0x002EF284,,34,0,compiled descriptor; no assertion spawned or active,current verified module text base + RVA
2,Ryllus,PowerupAmmo,"Caisses, pickups et bonus",0x002EF354,0x002EF3C8,0x001DF980,0x001DF980,3,0x0017590C; 0x001759D8; 0x001759E0,0x002EF3CC; 0x002EF3D0; 0x002EF3D4,VEC4 velocity; f32 fallDistance; f32 fadeAmnt; u8 ammoType; u8 ammoAmnt; u32 priority; u8 gain; u8 needSync;,48,1,compiled descriptor; no assertion spawned or active,current verified module text base + RVA
2,Ryllus,PowerupHealth,"Caisses, pickups et bonus",0x002EF4B0,0x002EF524,0x001DFA00,0x001DFA00,3,0x00176E80; 0x00176ED0; 0x00176F0C,0x002EF528; 0x002EF52C; 0x002EF530,Particle *pTrail[8]; Particle *pGlowParticle; Particle *pGlowParticle2; Particle *pSphereParticle; Particle *pSphereParticle2; Moby *pParent; VEC4 velocity; f32 bobCount; f32 goToTimer; f32 deathTimer; f32 fallDistance;,21,5,compiled descriptor; no assertion spawned or active,current verified module text base + RVA
2,Ryllus,PushFallingPlayer,"Joueur, acteurs et accessoires",0x002EF670,0x002EF6E4,0x001DFA10,0x001DFA10,3,0x00178848; 0x001788FC; 0x00178904,0x002EF6E8; 0x002EF6EC; 0x002EF6F0,TriggerLink pushTrigger; f32 pushSpeed; u32 pad[ 2 ];,5,0,compiled descriptor; no assertion spawned or active,current verified module text base + RVA
2,Ryllus,Pygmy,Ennemis et boss,0x002EF8C0,0x002EF934,0x001DFA98,0x001DFA98,4,0x00178A88; 0x00178EF4; 0x0017A7C4; 0x00178FC0,0x002EF938; 0x002EF93C; 0x002EF940; 0x002EF944,Navigate navigate; TriggerLink detectArea; MobyLink enemyController; CurveLink initPath; MobyLink enemyWave; MobyLink boltCrank; TriggerLink wanderArea; u32 pad[ 3 ];,41,1,compiled descriptor; no assertion spawned or active,current verified module text base + RVA
2,Ryllus,PygmyB,Ennemis et boss,0x002EFB2C,0x002EFBA0,0x001DFD10,0x001DFD10,4,0x0017B4C8; 0x0017BA60; 0x0017D4E0; 0x0017BB6C,0x002EFBA4; 0x002EFBA8; 0x002EFBAC; 0x002EFBB0,Navigate navigate; TriggerLink detectArea; Launch launch; MobyLink enemyController; Moby *pBlossom; VEC3 translation; MobyLink targetManager; MobyLink chasePosController; u8 controllerIndex; u8 targetIdx; u8 posCtrlIdx; u8 eatenTimer; u8 pad[ 4 ];,21,1,compiled descriptor; no assertion spawned or active,current verified module text base + RVA
2,Ryllus,Ratchet,"Joueur, acteurs et accessoires",0x002EFB98,0x002EFC0C,0x001DFF98,0x001DFF98,4,0x0017E1C4; 0x0017E204; 0x0017E20C; 0x0017E214,0x002EFC10; 0x002EFC14; 0x002EFC18; 0x002EFC1C,,15,0,compiled descriptor; no assertion spawned or active,current verified module text base + RVA
2,Ryllus,RatchetDecoyInner,"Joueur, acteurs et accessoires",0x002EFCD4,0x002EFD48,0x001E0030,0x001E0030,4,0x0017F10C; 0x0017F114; 0x0017FE84; 0x0017F1D4,0x002EFD4C; 0x002EFD50; 0x002EFD54; 0x002EFD58,,18,2,compiled descriptor; no assertion spawned or active,current verified module text base + RVA
2,Ryllus,RatchetDecoyOuter,"Joueur, acteurs et accessoires",0x002EFD48,0x002EFDBC,0x001E0048,0x001E0048,3,0x00180394; 0x001803D0; 0x001803D8,0x002EFDC0; 0x002EFDC4; 0x002EFDC8,,0,0,compiled descriptor; no assertion spawned or active,current verified module text base + RVA
2,Ryllus,RatchetShip,"Joueur, acteurs et accessoires",0x002EFDA8,0x002EFE1C,0x001E0060,0x001E0060,3,0x001803F4; 0x001805E4; 0x00180648,0x002EFE20; 0x002EFE24; 0x002EFE28,,17,0,compiled descriptor; no assertion spawned or active,current verified module text base + RVA
2,Ryllus,RatchetShipAnimation,"Joueur, acteurs et accessoires",0x002F00D0,0x002F0144,0x001E0070,0x001E0070,3,0x001810F0; 0x00180938; 0x0018168C,0x002F0148; 0x002F014C; 0x002F0150,CurveLink introShipPosCurve; CurveLink introCameraPosCurve; CurveLink outroShipPosCurve; CurveLink outroCameraPosCurve; MobyLink ship; f32 shipSpeedInit; f32 cameraSpeedInit; f32 shipRollAmount; VEC3 shipRotDamping; f32 shipRollAmountHover; VEC3 shipRotDampingHover; f32 cameraRollAmount; VEC3 cameraRotDamping; f32 hoverTime; f32 hoverPause; f32 shipSpeedChange; f32 cameraSpeedChange; VEC3 hoverPosDamping; f32 tiltFactor; f32 tiltInterpSpeed; f32 tiltReturnFactor; f32 tiltVelDamp; f32 tiltGroundThresh; f32 tiltLmaxi; f32 tiltRmaxi; f32 tiltFmaxi; f32 tiltBmaxi; VEC3 ratchetEndOffset; VEC3 cameraInAnimOffset; f32 cameraInAnimLookYOfs; VEC3 cameraOutAnimOffset; f32 cameraOutAnimLookYOfs; f32 pa,20,0,compiled descriptor; no assertion spawned or active,current verified module text base + RVA
2,Ryllus,Razorback,Autres objets et controleurs,0x002F05B4,0x002F0628,0x001E0318,0x001E0318,4,0x00184E40; 0x001836B4; 0x001853A8; 0x00183788,0x002F062C; 0x002F0630; 0x002F0634; 0x002F0638,Navigate navigate; TriggerLink detectArea; CurveLink initPath; MobyLink enemyController; MobyLink enemyWave; MobyLink jumpOnWaveDeploy; TriggerLink wanderArea; u32 pad[ 3 ];,40,1,compiled descriptor; no assertion spawned or active,current verified module text base + RVA
2,Ryllus,RazorbackSpike,Autres objets et controleurs,0x002F0750,0x002F07C4,0x001E0690,0x001E0690,4,0x0018720C; 0x0018742C; 0x001883C4; 0x00187460,0x002F07C8; 0x002F07CC; 0x002F07D0; 0x002F07D4,VEC4 velocity; f32 fallDist; Moby *pParent; u32 pad; u8 makeParticles; u8 pad2[3];,26,2,compiled descriptor; no assertion spawned or active,current verified module text base + RVA
2,Ryllus,Region,Autres objets et controleurs,0x002F07FC,0x002F0870,0x001E0728,0x001E0728,3,0x001886C4; 0x001887C0; 0x001887C8,0x002F0874; 0x002F0878; 0x002F087C,Toggle groups[32]; TriggerLink zone; u32 pad[ 3 ];,2,0,compiled descriptor; no assertion spawned or active,current verified module text base + RVA
2,Ryllus,Ryno,"Armes, projectiles et degats",0x002F09A0,0x002F0A14,0x001E0798,0x001E0798,3,0x001887D0; 0x001888AC; 0x00188F4C,0x002F0A18; 0x002F0A1C; 0x002F0A20,,36,1,compiled descriptor; no assertion spawned or active,current verified module text base + RVA
2,Ryllus,RynoRocket,"Armes, projectiles et degats",0x002F0A7C,0x002F0AF0,0x001E07A0,0x001E07A0,3,0x00189950; 0x0018996C; 0x001899BC,0x002F0AF4; 0x002F0AF8; 0x002F0AFC,,36,1,compiled descriptor; no assertion spawned or active,current verified module text base + RVA
2,Ryllus,SetCamera,Camera et presentation,0x002F0C4C,0x002F0CC0,0x001E07B0,0x001E07B0,3,0x0018A878; 0x0018A98C; 0x0018A994,0x002F0CC4; 0x002F0CC8; 0x002F0CCC,TriggerLink area; Toggle lazy; u8 pad[3]; f32 lookHeight; f32 camDist; f32 height; f32 elevation; f32 azimuth; MobyLink parent; Toggle useAzimuth; Toggle useLookHeight; Toggle useCamDist; Toggle useHeight; Toggle useElevation; Toggle enabled; Toggle singleUse; Toggle entered; f32 speed; u32 priority; f32 restoreSpeed; u32 pad2[3];,1,0,compiled descriptor; no assertion spawned or active,current verified module text base + RVA
2,Ryllus,ShieldCharger,"Armes, projectiles et degats",0x002F0CD8,0x002F0D4C,0x001E0898,0x001E0898,4,0x0018B59C; 0x0018AC5C; 0x0018B9CC; 0x0018C1D0,0x002F0D50; 0x002F0D54; 0x002F0D58; 0x002F0D5C,,53,3,compiled descriptor; no assertion spawned or active,current verified module text base + RVA
2,Ryllus,ShieldChargerBolt,"Armes, projectiles et degats",0x002F0E80,0x002F0EF4,0x001E08C8,0x001E08C8,3,0x0018E030; 0x0018E038; 0x0018E07C,0x002F0EF8; 0x002F0EFC; 0x002F0F00,,13,1,compiled descriptor; no assertion spawned or active,current verified module text base + RVA
2,Ryllus,ShockRocket,"Armes, projectiles et degats",0x002F0F80,0x002F0FF4,0x001E08E0,0x001E08E0,3,0x0018E3D0; 0x0018E4BC; 0x0018E7A8,0x002F0FF8; 0x002F0FFC; 0x002F1000,,22,2,compiled descriptor; no assertion spawned or active,current verified module text base + RVA
2,Ryllus,ShockRocketShot,"Armes, projectiles et degats",0x002F106C,0x002F10E0,0x001E08F0,0x001E08F0,3,0x0018F31C; 0x0018F36C; 0x0018F974,0x002F10E4; 0x002F10E8; 0x002F10EC,,31,3,compiled descriptor; no assertion spawned or active,current verified module text base + RVA
2,Ryllus,ShrapnelModel,Autres objets et controleurs,0x002F10EC,0x002F1160,0x001E0900,0x001E0900,3,0x0019078C; 0x00190794; 0x0019079C,0x002F1164; 0x002F1168; 0x002F116C,,0,0,compiled descriptor; no assertion spawned or active,current verified module text base + RVA
2,Ryllus,ShrinkBeam,Gadgets et outils,0x002F119C,0x002F1210,0x001E0910,0x001E0910,3,0x00190BB8; 0x00190BC0; 0x00191274,0x002F1214; 0x002F1218; 0x002F121C,,4,0,compiled descriptor; no assertion spawned or active,current verified module text base + RVA
2,Ryllus,ShrinkRayRatchet,Gadgets et outils,0x002F1200,0x002F1274,0x001E0920,0x001E0920,3,0x00191F34; 0x00191F3C; 0x00191F44,0x002F1278; 0x002F127C; 0x002F1280,,0,0,compiled descriptor; no assertion spawned or active,current verified module text base + RVA
2,Ryllus,SkillPoint_L02,Autres objets et controleurs,0x002F1290,0x002F1304,0x001E0938,0x001E0938,3,0x00191F4C; 0x00192058; 0x00192060,0x002F1308; 0x002F130C; 0x002F1310,Moby * pTestMoby; u32 testMobyID; u32 pad[ 3 ];,1,0,compiled descriptor; no assertion spawned or active,current verified module text base + RVA
2,Ryllus,Spitfire,"Effets, particules et environnement",0x002F1370,0x002F13E4,0x001E0A40,0x001E0A40,3,0x00192494; 0x001924C8; 0x001924EC,0x002F13E8; 0x002F13EC; 0x002F13F0,,19,0,compiled descriptor; no assertion spawned or active,current verified module text base + RVA
2,Ryllus,Splash,Autres objets et controleurs,0x002F144C,0x002F14C0,0x001E0A50,0x001E0A50,3,0x00193880; 0x001938C8; 0x001938D0,0x002F14C4; 0x002F14C8; 0x002F14CC,VEC2 pos; VEC2 velocity; const VEC3 *pPos; f32 startRadius; u16 uOffset; u8 owned; u8 pad;,8,0,compiled descriptor; no assertion spawned or active,current verified module text base + RVA
2,Ryllus,Sprout,Gadgets et outils,0x002F1620,0x002F1694,0x001E0A58,0x001E0A58,4,0x00194D44; 0x00193F68; 0x001951C0; 0x00193FCC,0x002F1698; 0x002F169C; 0x002F16A0; 0x002F16A4,NavBound navBound; TriggerLink setTargetArea; CurveLink path; MobyLink endPathSoil; MobyLink dayNightController; TriggerLink followArea; u8 checkPointIndex; u8 pad[7];,40,0,compiled descriptor; no assertion spawned or active,current verified module text base + RVA
2,Ryllus,Sproutomatic,Gadgets et outils,0x002F1714,0x002F1788,0x001E0B90,0x001E0B90,3,0x001963F4; 0x0019649C; 0x001964D4,0x002F178C; 0x002F1790; 0x002F1794,,10,0,compiled descriptor; no assertion spawned or active,current verified module text base + RVA
2,Ryllus,SproutomaticPickup,Gadgets et outils,0x002F17A0,0x002F1814,0x001E0BA0,0x001E0BA0,3,0x00196ADC; 0x00196C70; 0x00196C78,0x002F1818; 0x002F181C; 0x002F1820,TriggerLink trigger; u32 pad[ 3 ];,9,0,compiled descriptor; no assertion spawned or active,current verified module text base + RVA
2,Ryllus,StaticBarrierBelt,Autres objets et controleurs,0x002F1818,0x002F188C,0x001E0C90,0x001E0C90,3,0x00196E24; 0x00196E58; 0x00196E60,0x002F1890; 0x002F1894; 0x002F1898,,0,0,compiled descriptor; no assertion spawned or active,current verified module text base + RVA
2,Ryllus,StoneIdol,Autres objets et controleurs,0x002F1AB4,0x002F1B28,0x001E0CA8,0x001E0CA8,4,0x00197BC0; 0x00196E68; 0x001982EC; 0x00196F74,0x002F1B2C; 0x002F1B30; 0x002F1B34; 0x002F1B38,Navigate navigate; TriggerLink detectArea; MobyLink targetManager; MobyLink chasePosController; MobyLink enemyController; CurveLink initPath; TriggerLink initPathTrigger; u8 startPath; s16 attackPause; u8 targetIdx; u8 posCtrlIdx; u8 controllerIndex; u8 targetPathPoint; u8 noRespawnAfterContPoint; Toggle useContPoint; u8 pad[3];,17,0,compiled descriptor; no assertion spawned or active,current verified module text base + RVA
2,Ryllus,StoneIdolShrapnel,Autres objets et controleurs,0x002F1B8C,0x002F1C00,0x001E0FD0,0x001E0FD0,3,0x00198DA8; 0x00198DB0; 0x00198DB8,0x002F1C04; 0x002F1C08; 0x002F1C0C,,31,0,compiled descriptor; no assertion spawned or active,current verified module text base + RVA
2,Ryllus,SuckCannon,"Armes, projectiles et degats",0x002F1CF0,0x002F1D64,0x001E0FE8,0x001E0FE8,3,0x001990BC; 0x00199204; 0x00199820,0x002F1D68; 0x002F1D6C; 0x002F1D70,,21,3,compiled descriptor; no assertion spawned or active,current verified module text base + RVA
2,Ryllus,SuckCannonComet,"Armes, projectiles et degats",0x002F1D58,0x002F1DCC,0x001E0FF8,0x001E0FF8,3,0x001B069C; 0x001B06A4; 0x001B08D8,0x002F1DD0; 0x002F1DD4; 0x002F1DD8,,40,1,compiled descriptor; no assertion spawned or active,current verified module text base + RVA
2,Ryllus,SuckCannonCometTie,"Armes, projectiles et degats",0x002F1DC0,0x002F1E34,0x001E1008,0x001E1008,3,0x001B069C; 0x001B06A4; 0x0019A190,0x002F1E38; 0x002F1E3C; 0x002F1E40,,40,1,compiled descriptor; no assertion spawned or active,current verified module text base + RVA
2,Ryllus,SuckCannonManager,"Armes, projectiles et degats",0x002F1E9C,0x002F1F10,0x001E1020,0x001E1020,3,0x0019AE70; 0x0019AEBC; 0x0019AEC4,0x002F1F14; 0x002F1F18; 0x002F1F1C,,25,0,compiled descriptor; no assertion spawned or active,current verified module text base + RVA
2,Ryllus,SwarmManager,Autres objets et controleurs,0x002F1F2C,0x002F1FA0,0x001E1038,0x001E1038,3,0x0019BC14; 0x0019BC5C; 0x0019BF94,0x002F1FA4; 0x002F1FA8; 0x002F1FAC,,4,2,compiled descriptor; no assertion spawned or active,current verified module text base + RVA
2,Ryllus,TargetManager,Autres objets et controleurs,0x002F1FCC,0x002F2040,0x001E1048,0x001E1048,3,0x0019C7B4; 0x0019C86C; 0x0019C874,0x002F2044; 0x002F2048; 0x002F204C,TargetEntry entry[7]; u8 nextIdx; u8 lastIdx; u8 pad[2];,0,0,compiled descriptor; no assertion spawned or active,current verified module text base + RVA
2,Ryllus,Teleporter,Autres objets et controleurs,0x002F20F0,0x002F2164,0x001E10D0,0x001E10D0,3,0x0019CA68; 0x0019CE20; 0x0019D1EC,0x002F2168; 0x002F216C; 0x002F2170,MobyLink destination; MobyLink destinationPreferred; TriggerLink activateTrigger; u32 levelId; s32 changeToLevel; Toggle secretActivation; s8 canGoToLevel; u8 pad[ 10 ];,17,0,compiled descriptor; no assertion spawned or active,current verified module text base + RVA
2,Ryllus,TitaniumBolt,"Caisses, pickups et bonus",0x002F23F4,0x002F2468,0x001E11A0,0x001E11A0,3,0x0019DABC; 0x0019DCAC; 0x0019DE14,0x002F246C; 0x002F2470; 0x002F2474,f32 dist; f32 height; f32 lookHeight; f32 elevation; f32 azimuth; Toggle magnaboots; Toggle noAnimation; u32 levelToFake; u8 id; u8 pad[5];,23,0,compiled descriptor; no assertion spawned or active,current verified module text base + RVA
2,Ryllus,TriggerCollection,Pieges et mecanismes,0x002F249C,0x002F2510,0x001E1258,0x001E1258,3,0x0019E838; 0x0019E840; 0x0019E848,0x002F2514; 0x002F2518; 0x002F251C,TriggerLink triggers[ 14 ];,0,0,compiled descriptor; no assertion spawned or active,current verified module text base + RVA
2,Ryllus,TripleWaveBeacon,Autres objets et controleurs,0x002F2510,0x002F2584,0x001E1270,0x001E1270,3,0x0019EDA0; 0x0019EF50; 0x0019EF84,0x002F2588; 0x002F258C; 0x002F2590,,27,2,compiled descriptor; no assertion spawned or active,current verified module text base + RVA
2,Ryllus,vendor,Autres objets et controleurs,0x002F25BC,0x002F2630,0x001E1288,0x001E1288,3,0x0019F22C; 0x0019F3F4; 0x0019F458,0x002F2634; 0x002F2638; 0x002F263C,u32 lastAnimPlayed; u32 vendorType; Toggle bSellsWeapons; u8 pad[ 7 ];,17,0,compiled descriptor; no assertion spawned or active,current verified module text base + RVA
2,Ryllus,Wrench,Autres objets et controleurs,0x002F27C8,0x002F283C,0x001E1290,0x001E1290,3,0x0019F7D4; 0x0019F8A8; 0x0019FD04,0x002F2840; 0x002F2844; 0x002F2848,,2,0,compiled descriptor; no assertion spawned or active,current verified module text base + RVA
3,Kalidon,Acidbomb,"Armes, projectiles et degats",0x002E1278,0x002E12EC,0x001DA318,0x001DA318,3,0x0010547C; 0x0010548C; 0x00105DF4,0x002E12F0; 0x002E12F4; 0x002E12F8,,35,0,compiled descriptor; no assertion spawned or active,current verified module text base + RVA
3,Kalidon,AcidbombEpoxy,"Armes, projectiles et degats",0x002E1300,0x002E1374,0x001DA340,0x001DA340,3,0x00107238; 0x00107240; 0x001072C8,0x002E1378; 0x002E137C; 0x002E1380,,5,0,compiled descriptor; no assertion spawned or active,current verified module text base + RVA
3,Kalidon,AcidGloveHUD,"Armes, projectiles et degats",0x002E1360,0x002E13D4,0x001DA350,0x001DA350,3,0x001077D0; 0x001077D8; 0x001077E0,0x002E13D8; 0x002E13DC; 0x002E13E0,,0,0,compiled descriptor; no assertion spawned or active,current verified module text base + RVA
3,Kalidon,AgentController,"Armes, projectiles et degats",0x002E13C0,0x002E1434,0x001DA360,0x001DA360,3,0x001077E8; 0x001078D8; 0x00107A90,0x002E1438; 0x002E143C; 0x002E1440,,6,0,compiled descriptor; no assertion spawned or active,current verified module text base + RVA
3,Kalidon,AgentOfDoom,"Armes, projectiles et degats",0x002E1714,0x002E1788,0x001DA438,0x001DA438,4,0x001081A8; 0x00108284; 0x00108344; 0x00108664,0x002E178C; 0x002E1790; 0x002E1794; 0x002E1798,,21,1,compiled descriptor; no assertion spawned or active,current verified module text base + RVA
3,Kalidon,AgentOfDoomShrapnel,"Armes, projectiles et degats",0x002E17F4,0x002E1868,0x001DA4C0,0x001DA4C0,3,0x0010CD7C; 0x0010CD84; 0x0010CD8C,0x002E186C; 0x002E1870; 0x002E1874,,31,0,compiled descriptor; no assertion spawned or active,current verified module text base + RVA
3,Kalidon,AgentsBomb,"Armes, projectiles et degats",0x002E1930,0x002E19A4,0x001DA4D8,0x001DA4D8,3,0x0010D08C; 0x0010D094; 0x0010D09C,0x002E19A8; 0x002E19AC; 0x002E19B0,,19,0,compiled descriptor; no assertion spawned or active,current verified module text base + RVA
3,Kalidon,AgentsGlove,"Armes, projectiles et degats",0x002E19C8,0x002E1A3C,0x001DA4E8,0x001DA4E8,3,0x0010E628; 0x0010E6B4; 0x0010E6E0,0x002E1A40; 0x002E1A44; 0x002E1A48,,8,2,compiled descriptor; no assertion spawned or active,current verified module text base + RVA
3,Kalidon,AgentsGrenade,"Armes, projectiles et degats",0x002E1A74,0x002E1AE8,0x001DA4F8,0x001DA4F8,3,0x0010EBB0; 0x0010ECA0; 0x0010F154,0x002E1AEC; 0x002E1AF0; 0x002E1AF4,,33,2,compiled descriptor; no assertion spawned or active,current verified module text base + RVA
3,Kalidon,AgentsLaser,"Armes, projectiles et degats",0x002E1B1C,0x002E1B90,0x001DA580,0x001DA580,3,0x0010F6D0; 0x0010F9D8; 0x0010FA8C,0x002E1B94; 0x002E1B98; 0x002E1B9C,,17,0,compiled descriptor; no assertion spawned or active,current verified module text base + RVA
3,Kalidon,AgentsRocket,"Armes, projectiles et degats",0x002E1C10,0x002E1C84,0x001DA658,0x001DA658,3,0x00110498; 0x0011055C; 0x001105DC,0x002E1C88; 0x002E1C8C; 0x002E1C90,,26,1,compiled descriptor; no assertion spawned or active,current verified module text base + RVA
3,Kalidon,AgentTweaker,"Armes, projectiles et degats",0x002E1D0C,0x002E1D80,0x001DA6E0,0x001DA6E0,3,0x00110EC4; 0x00110FF8; 0x00111000,0x002E1D84; 0x002E1D88; 0x002E1D8C,f32 enemyChaseDistStart; f32 enemyChaseDistStop; TriggerLink trigger; MobyLink triggerCollection;,1,0,compiled descriptor; no assertion spawned or active,current verified module text base + RVA
3,Kalidon,AirRaceInvitation,Autres objets et controleurs,0x002E1DE8,0x002E1E5C,0x001DA7A8,0x001DA7A8,3,0x00111008; 0x00111220; 0x00111228,0x002E1E60; 0x002E1E64; 0x002E1E68,TriggerLink startTrigger; TriggerLink playerWarpPos; TriggerLink movieQueueTrigger; MobyLink startCam;,9,1,compiled descriptor; no assertion spawned or active,current verified module text base + RVA
3,Kalidon,ArmorHelmet,Autres objets et controleurs,0x002E1E68,0x002E1EDC,0x001DA918,0x001DA918,3,0x00111E6C; 0x00111E74; 0x00111E7C,0x002E1EE0; 0x002E1EE4; 0x002E1EE8,,0,0,compiled descriptor; no assertion spawned or active,current verified module text base + RVA
3,Kalidon,ArmorLeftFoot,Autres objets et controleurs,0x002E1EC8,0x002E1F3C,0x001DA928,0x001DA928,3,0x00111E84; 0x00111E8C; 0x00111E94,0x002E1F40; 0x002E1F44; 0x002E1F48,,0,0,compiled descriptor; no assertion spawned or active,current verified module text base + RVA
3,Kalidon,ArmorLeftHand,Autres objets et controleurs,0x002E1F38,0x002E1FAC,0x001DA938,0x001DA938,3,0x00111E9C; 0x00111EA4; 0x00111EAC,0x002E1FB0; 0x002E1FB4; 0x002E1FB8,u32 pad[ 4 ];,0,0,compiled descriptor; no assertion spawned or active,current verified module text base + RVA
3,Kalidon,ArmorPickup,"Caisses, pickups et bonus",0x002E2068,0x002E20DC,0x001DA948,0x001DA948,3,0x00112220; 0x00111ED0; 0x00112724,0x002E20E0; 0x002E20E4; 0x002E20E8,f32 dist; f32 height; f32 lookHeight; f32 elevation; f32 azimuth; MobyLink driver; MobyLink playerMatrix; u32 playthroughReq; Toggle magnaboots; u8 pad[ 15 ];,43,0,compiled descriptor; no assertion spawned or active,current verified module text base + RVA
3,Kalidon,ArmorRightFoot,Autres objets et controleurs,0x002E20E0,0x002E2154,0x001DAAD8,0x001DAAD8,3,0x00112C60; 0x00112C68; 0x00112C70,0x002E2158; 0x002E215C; 0x002E2160,,0,0,compiled descriptor; no assertion spawned or active,current verified module text base + RVA
3,Kalidon,ArmorRightHand,Autres objets et controleurs,0x002E2150,0x002E21C4,0x001DAAE8,0x001DAAE8,3,0x00112C78; 0x00112C80; 0x00112C88,0x002E21C8; 0x002E21CC; 0x002E21D0,u32 pad[ 4 ];,0,0,compiled descriptor; no assertion spawned or active,current verified module text base + RVA
3,Kalidon,ArmorTorso,Vehicules et minijeux,0x002E21B0,0x002E2224,0x001DAAF8,0x001DAAF8,3,0x00112C90; 0x00112C98; 0x00112CA0,0x002E2228; 0x002E222C; 0x002E2230,,0,0,compiled descriptor; no assertion spawned or active,current verified module text base + RVA
3,Kalidon,BasicAnimated,Camera et presentation,0x002E2250,0x002E22C4,0x001DAB08,0x001DAB08,3,0x00112CA8; 0x00112E68; 0x00112ECC,0x002E22C8; 0x002E22CC; 0x002E22D0,u32 animId; TriggerLink drawArea; Toggle randStart; u8 pad[7];,17,0,compiled descriptor; no assertion spawned or active,current verified module text base + RVA
3,Kalidon,BeeMine,"Armes, projectiles et degats",0x002E2334,0x002E23A8,0x001DAB18,0x001DAB18,4,0x00113630; 0x00113640; 0x00113A20; 0x00113718,0x002E23AC; 0x002E23B0; 0x002E23B4; 0x002E23B8,,2,0,compiled descriptor; no assertion spawned or active,current verified module text base + RVA
3,Kalidon,BeeMineGlove,"Armes, projectiles et degats",0x002E2400,0x002E2474,0x001DAB48,0x001DAB48,3,0x001153FC; 0x00115584; 0x001155B0,0x002E2478; 0x002E247C; 0x002E2480,,2,0,compiled descriptor; no assertion spawned or active,current verified module text base + RVA
3,Kalidon,BeeMineGloveHUD,"Armes, projectiles et degats",0x002E2460,0x002E24D4,0x001DAB58,0x001DAB58,3,0x00115BD0; 0x00115BD8; 0x00115BE0,0x002E24D8; 0x002E24DC; 0x002E24E0,,0,0,compiled descriptor; no assertion spawned or active,current verified module text base + RVA
3,Kalidon,BeeMineShrapnel,"Armes, projectiles et degats",0x002E252C,0x002E25A0,0x001DAB68,0x001DAB68,3,0x00115F18; 0x00115F20; 0x00115F28,0x002E25A4; 0x002E25A8; 0x002E25AC,,31,0,compiled descriptor; no assertion spawned or active,current verified module text base + RVA
3,Kalidon,Blaster,"Armes, projectiles et degats",0x002E261C,0x002E2690,0x001DAB78,0x001DAB78,3,0x00115FA0; 0x001160FC; 0x00116620,0x002E2694; 0x002E2698; 0x002E269C,,53,3,compiled descriptor; no assertion spawned or active,current verified module text base + RVA
3,Kalidon,BlasterAkimbo,"Armes, projectiles et degats",0x002E2688,0x002E26FC,0x001DAB80,0x001DAB80,3,0x00117600; 0x00117684; 0x001176B4,0x002E2700; 0x002E2704; 0x002E2708,,21,2,compiled descriptor; no assertion spawned or active,current verified module text base + RVA
3,Kalidon,BlasterShot,"Armes, projectiles et degats",0x002E26FC,0x002E2770,0x001DAB90,0x001DAB90,3,0x00117984; 0x001179AC; 0x00117D50,0x002E2774; 0x002E2778; 0x002E277C,,28,2,compiled descriptor; no assertion spawned or active,current verified module text base + RVA
3,Kalidon,BlitzGun,"Armes, projectiles et degats",0x002E2B5C,0x002E2BD0,0x001DABA0,0x001DABA0,3,0x00119C1C; 0x00119D78; 0x0011A1D0,0x002E2BD4; 0x002E2BD8; 0x002E2BDC,,40,1,compiled descriptor; no assertion spawned or active,current verified module text base + RVA
3,Kalidon,BlitzGunShot,"Armes, projectiles et degats",0x002E2CEC,0x002E2D60,0x001DABB0,0x001DABB0,3,0x0011BC64; 0x0011BC6C; 0x0011BE08,0x002E2D64; 0x002E2D68; 0x002E2D6C,,21,2,compiled descriptor; no assertion spawned or active,current verified module text base + RVA
3,Kalidon,Bolt,"Caisses, pickups et bonus",0x002E2D50,0x002E2DC4,0x001DABC0,0x001DABC0,2,0x0011C918; 0x0011C920,0x002E2DC8; 0x002E2DCC,,0,0,compiled descriptor; no assertion spawned or active,current verified module text base + RVA
3,Kalidon,BoltController,"Caisses, pickups et bonus",0x002E3044,0x002E30B8,0x001DAC08,0x001DAC08,3,0x0011FE88; 0x001200BC; 0x001200E0,0x002E30BC; 0x002E30C0; 0x002E30C4,u32 boltAmnt; u32 boltAmountReplay; u32 pad[ 2 ];,0,0,compiled descriptor; no assertion spawned or active,current verified module text base + RVA
3,Kalidon,BoltCrankBolt,Pieges et mecanismes,0x002E30D4,0x002E3148,0x001DACB8,0x001DACB8,3,0x0012047C; 0x00120698; 0x001206A0,0x002E314C; 0x002E3150; 0x002E3154,,29,1,compiled descriptor; no assertion spawned or active,current verified module text base + RVA
3,Kalidon,BoltCrankCam,Pieges et mecanismes,0x002E31C0,0x002E3234,0x001DAD40,0x001DAD40,3,0x00120B90; 0x00120BCC; 0x00120BD4,0x002E3238; 0x002E323C; 0x002E3240,MobyLink boltCrank; f32 dist; f32 height; f32 lookHeight; f32 elevation; f32 azimuth; f32 camBlend; f32 pad;,2,1,compiled descriptor; no assertion spawned or active,current verified module text base + RVA
3,Kalidon,BoltGrabber,"Caisses, pickups et bonus",0x002E3220,0x002E3294,0x001DAD50,0x001DAD50,3,0x00120E74; 0x00120E7C; 0x00120E84,0x002E3298; 0x002E329C; 0x002E32A0,,0,0,compiled descriptor; no assertion spawned or active,current verified module text base + RVA
3,Kalidon,Bombglove,"Armes, projectiles et degats",0x002E32E4,0x002E3358,0x001DAD60,0x001DAD60,3,0x00120E8C; 0x00120F64; 0x00121414,0x002E335C; 0x002E3360; 0x002E3364,,17,0,compiled descriptor; no assertion spawned or active,current verified module text base + RVA
3,Kalidon,BoxBreaker,"Caisses, pickups et bonus",0x002E3348,0x002E33BC,0x001DAD70,0x001DAD70,3,0x00121984; 0x0012198C; 0x00121994,0x002E33C0; 0x002E33C4; 0x002E33C8,,0,0,compiled descriptor; no assertion spawned or active,current verified module text base + RVA
3,Kalidon,BoxBreakerHelp,"Caisses, pickups et bonus",0x002E33A8,0x002E341C,0x001DAD80,0x001DAD80,3,0x00121A20; 0x00121A28; 0x00121A30,0x002E3420; 0x002E3424; 0x002E3428,,5,0,compiled descriptor; no assertion spawned or active,current verified module text base + RVA
3,Kalidon,ChameleonDecoy,Autres objets et controleurs,0x002E34FC,0x002E3570,0x001DADA0,0x001DADA0,4,0x00121CFC; 0x00121D04; 0x00121D1C; 0x00121DA4,0x002E3574; 0x002E3578; 0x002E357C; 0x002E3580,,7,1,compiled descriptor; no assertion spawned or active,current verified module text base + RVA
3,Kalidon,ClankForShipAnim,"Joueur, acteurs et accessoires",0x002E3570,0x002E35E4,0x001DADB0,0x001DADB0,3,0x00121E58; 0x00121E60; 0x00121E68,0x002E35E8; 0x002E35EC; 0x002E35F0,u32 pad[ 4 ];,0,0,compiled descriptor; no assertion spawned or active,current verified module text base + RVA
3,Kalidon,ClankPack,"Joueur, acteurs et accessoires",0x002E35D0,0x002E3644,0x001DADC8,0x001DADC8,3,0x00121E70; 0x00121EA0; 0x00121EA8,0x002E3648; 0x002E364C; 0x002E3650,,2,0,compiled descriptor; no assertion spawned or active,current verified module text base + RVA
3,Kalidon,ContinuePoint,Autres objets et controleurs,0x002E365C,0x002E36D0,0x001DADD8,0x001DADD8,3,0x00121ECC; 0x00121EF0; 0x00121EF8,0x002E36D4; 0x002E36D8; 0x002E36DC,TriggerLink activateTrigger; u8 index;,0,0,compiled descriptor; no assertion spawned or active,current verified module text base + RVA
3,Kalidon,ConveyerItem,Autres objets et controleurs,0x002E36F4,0x002E3768,0x001DADE8,0x001DADE8,3,0x00122010; 0x001221E8; 0x0012221C,0x002E376C; 0x002E3770; 0x002E3774,MobyLink pConveyer; Toggle treadOnMe; u8 pad[11];,14,0,compiled descriptor; no assertion spawned or active,current verified module text base + RVA
3,Kalidon,ConveyerJunkController,Autres objets et controleurs,0x002E3910,0x002E3984,0x001DADF8,0x001DADF8,3,0x001223DC; 0x00122628; 0x00122B20,0x002E3988; 0x002E398C; 0x002E3990,CurveLink junkPath; MobyLink movePlayerHack; TriggerLink activate; TriggerLink updateArea; TriggerLink destroyArea; f32 conveyerSpeed; f32 pauseTime; f32 distBetweenPause; Moby *objects[12]; CJC_OnSpawn *objectCBs[12]; s32 uvSpeed; SND_Positional *pSound; u8 objectStates[12]; u8 objectPathPoints[12]; TriggerLink stopArea; u8 numObjects; u8 startingObjects; u8 startingObjectsId; u8 pad[9];,18,0,compiled descriptor; no assertion spawned or active,current verified module text base + RVA
3,Kalidon,CowBell,Autres objets et controleurs,0x002E39E4,0x002E3A58,0x001DAF18,0x001DAF18,3,0x00123840; 0x00123848; 0x00123850,0x002E3A5C; 0x002E3A60; 0x002E3A64,,31,0,compiled descriptor; no assertion spawned or active,current verified module text base + RVA
3,Kalidon,Crate,"Caisses, pickups et bonus",0x002E3A94,0x002E3B08,0x001DAF20,0x001DAF20,4,0x00123988; 0x00123990; 0x00123A78; 0x00123998,0x002E3B0C; 0x002E3B10; 0x002E3B14; 0x002E3B18,Moby *pCrateBelow; f32 velocityY; f32 fallDistance; f32 distFallen;,15,0,compiled descriptor; no assertion spawned or active,current verified module text base + RVA
3,Kalidon,CrateAmmo,"Caisses, pickups et bonus",0x002E3BD4,0x002E3C48,0x001DAF28,0x001DAF28,4,0x00123B58; 0x00123B80; 0x00123B88; 0x00123B90,0x002E3C4C; 0x002E3C50; 0x002E3C54; 0x002E3C58,Moby *pCrateBelow; f32 velocityY; f32 fallDistance; f32 distFallen; Toggle major; Toggle minor; u8 noAmmoType1; u8 noAmmoType2; u8 onlyAmmoType; Toggle validIM; Toggle validDM; Toggle validCTF; u8 pad[8];,12,0,compiled descriptor; no assertion spawned or active,current verified module text base + RVA
3,Kalidon,CrateAmmoSpawned,"Caisses, pickups et bonus",0x002E3D08,0x002E3D7C,0x001DAF38,0x001DAF38,4,0x00124254; 0x00124274; 0x00124290; 0x0012458C,0x002E3D80; 0x002E3D84; 0x002E3D88; 0x002E3D8C,Moby *pCrateBelow; f32 velocityY; f32 fallDistance; f32 distFallen; Toggle major; Toggle minor; u8 noAmmoType1; u8 noAmmoType2; u8 onlyAmmoType; Toggle validIM; Toggle validDM; Toggle validCTF; u8 pad[8];,20,1,compiled descriptor; no assertion spawned or active,current verified module text base + RVA
3,Kalidon,CrateChunk,"Caisses, pickups et bonus",0x002E3D68,0x002E3DDC,0x001DAF50,0x001DAF50,2,0x001245CC; 0x001245D4,0x002E3DE0; 0x002E3DE4,,0,0,compiled descriptor; no assertion spawned or active,current verified module text base + RVA
3,Kalidon,CrateChunkController,"Caisses, pickups et bonus",0x002E3F68,0x002E3FDC,0x001DAF60,0x001DAF60,2,0x00124C30; 0x00124C38,0x002E3FE0; 0x002E3FE4,,0,0,compiled descriptor; no assertion spawned or active,current verified module text base + RVA
3,Kalidon,CrateExplosive,"Caisses, pickups et bonus",0x002E408C,0x002E4100,0x001DB000,0x001DB000,2,0x00124DF8; 0x00124E3C,0x002E4104; 0x002E4108,Moby *pCrateBelow; f32 velocityY; f32 fallDistance; f32 distFallen; Toggle explode; u8 keyIdx; Toggle validIM; Toggle validDM; Toggle validCTF; u8 pad[11];,1,0,compiled descriptor; no assertion spawned or active,current verified module text base + RVA
3,Kalidon,CrateHealth,"Caisses, pickups et bonus",0x002E4220,0x002E4294,0x001DB010,0x001DB010,2,0x00125620; 0x001256BC,0x002E4298; 0x002E429C,Moby *pCrateBelow; f32 velocityY; f32 fallDistance; f32 distFallen; Moby *pPowerup; Toggle validIM; Toggle validDM; Toggle validCTF; u8 pad[9];,1,0,compiled descriptor; no assertion spawned or active,current verified module text base + RVA
3,Kalidon,CrateHealthSpawned,"Caisses, pickups et bonus",0x002E4818,0x002E488C,0x001DB020,0x001DB020,4,0x00125FD8; 0x0012606C; 0x001260C8; 0x00126088,0x002E4890; 0x002E4894; 0x002E4898; 0x002E489C,Moby *pCrateBelow; f32 velocityY; f32 fallDistance; f32 distFallen; Moby *pPowerup; Toggle validIM; Toggle validDM; Toggle validCTF; u8 pad[9];,29,1,compiled descriptor; no assertion spawned or active,current verified module text base + RVA
3,Kalidon,CrossbowGun,"Armes, projectiles et degats",0x002E4914,0x002E4988,0x001DB038,0x001DB038,3,0x00126490; 0x0012657C; 0x0012675C,0x002E498C; 0x002E4990; 0x002E4994,,33,3,compiled descriptor; no assertion spawned or active,current verified module text base + RVA
3,Kalidon,CrossbowShot,"Armes, projectiles et degats",0x002E4AF4,0x002E4B68,0x001DB070,0x001DB070,3,0x00126DAC; 0x00126DB4; 0x001282F4,0x002E4B6C; 0x002E4B70; 0x002E4B74,,63,4,compiled descriptor; no assertion spawned or active,current verified module text base + RVA
3,Kalidon,CrystalGroundShard,Autres objets et controleurs,0x002E4C10,0x002E4C84,0x001DB080,0x001DB080,3,0x001291E8; 0x0012942C; 0x00129670,0x002E4C88; 0x002E4C8C; 0x002E4C90,,33,1,compiled descriptor; no assertion spawned or active,current verified module text base + RVA
3,Kalidon,DeathTrigger,Pieges et mecanismes,0x002E4CD0,0x002E4D44,0x001DB098,0x001DB098,3,0x00129D90; 0x00129DF0; 0x00129DF8,0x002E4D48; 0x002E4D4C; 0x002E4D50,MobyLink killAreas; MobyLink ignoreAreas; Toggle killHeroInTriggers; f32 minYHeight; u8 pad[3];,7,0,compiled descriptor; no assertion spawned or active,current verified module text base + RVA
3,Kalidon,Drone01,Autres objets et controleurs,0x002E4FB8,0x002E502C,0x001DB0A8,0x001DB0A8,4,0x00129F6C; 0x0012A810; 0x0012B0BC; 0x0012A598,0x002E5030; 0x002E5034; 0x002E5038; 0x002E503C,Navigate nav; MobyLink controller; MobyLink enemyWave; TriggerLink enterTrigger; TriggerLink detectArea; CurveLink enterPath; CurveLink patrolPath; f32 alertRadius; f32 yFloor; u32 pad;,38,0,compiled descriptor; no assertion spawned or active,current verified module text base + RVA
3,Kalidon,Drone01Light,Autres objets et controleurs,0x002E507C,0x002E50F0,0x001DB350,0x001DB350,3,0x0012C7AC; 0x0012C7B4; 0x0012C7BC,0x002E50F4; 0x002E50F8; 0x002E50FC,,32,0,compiled descriptor; no assertion spawned or active,current verified module text base + RVA
3,Kalidon,Drone01Shot,Autres objets et controleurs,0x002E5150,0x002E51C4,0x001DB360,0x001DB360,3,0x0012CB60; 0x0012CE7C; 0x0012CF30,0x002E51C8; 0x002E51CC; 0x002E51D0,Particle *pGlow1; Moby *pParent; f32 worldCollDist; f32 distTraveled; Moby *pController; f32 speed; u32 pad[1];,20,0,compiled descriptor; no assertion spawned or active,current verified module text base + RVA
3,Kalidon,DualBlasterHUD,"Armes, projectiles et degats",0x002E51E0,0x002E5254,0x001DB408,0x001DB408,3,0x0012D764; 0x0012D76C; 0x0012D774,0x002E5258; 0x002E525C; 0x002E5260,,0,0,compiled descriptor; no assertion spawned or active,current verified module text base + RVA
3,Kalidon,electricXplo,Autres objets et controleurs,0x002E527C,0x002E52F0,0x001DB418,0x001DB418,3,0x0012E214; 0x0012DF68; 0x0012DF70,0x002E52F4; 0x002E52F8; 0x002E52FC,f32 lengths[24]; VEC3 normals[18]; f32 timer; s32 scroll;,14,2,compiled descriptor; no assertion spawned or active,current verified module text base + RVA
3,Kalidon,ElectroBall,Autres objets et controleurs,0x002E5450,0x002E54C4,0x001DB498,0x001DB498,3,0x0012FAFC; 0x0012FB6C; 0x0012FBB0,0x002E54C8; 0x002E54CC; 0x002E54D0,,19,3,compiled descriptor; no assertion spawned or active,current verified module text base + RVA
3,Kalidon,ElectroshockWave,Autres objets et controleurs,0x002E555C,0x002E55D0,0x001DB4A8,0x001DB4A8,3,0x001307F4; 0x001307FC; 0x001312D4,0x002E55D4; 0x002E55D8; 0x002E55DC,,14,3,compiled descriptor; no assertion spawned or active,current verified module text base + RVA
3,Kalidon,EndMovie,Autres objets et controleurs,0x002E563C,0x002E56B0,0x001DB4C0,0x001DB4C0,3,0x00131664; 0x001317A8; 0x001317B0,0x002E56B4; 0x002E56B8; 0x002E56BC,TriggerLink trigger; u32 level; u32 grantedLevel; TriggerLink queueTrigger; Toggle dontReplay; u8 pad[15];,2,0,compiled descriptor; no assertion spawned or active,current verified module text base + RVA
3,Kalidon,EnemyController,Ennemis et boss,0x002E57A8,0x002E581C,0x001DB540,0x001DB540,3,0x0013198C; 0x00131B98; 0x00131DD8,0x002E5820; 0x002E5824; 0x002E5828,TriggerLink updateArea; TriggerLink updateArea2; TriggerLink destroyTrigger; f32 firstWaveDist; f32 secondWaveDist; Toggle envColl; u8 attackingMax; Toggle destroyControllerToo; u8 pad[ 9 ];,79,1,compiled descriptor; no assertion spawned or active,current verified module text base + RVA
3,Kalidon,EnemyWave,Ennemis et boss,0x002E5914,0x002E5988,0x001DB6E0,0x001DB6E0,3,0x00134878; 0x00134930; 0x00134C34,0x002E598C; 0x002E5990; 0x002E5994,MobyLink destroyedMoby; TriggerLink trigger; MobyLink previousWave; f32 timer; f32 delayRandMax; MobyLink enemyControllerToCheck; u8 mobyToCheckState; Toggle prevWaveDestroyed; u8 enemyInControllerCount; u8 pad[ 9 ];,9,1,compiled descriptor; no assertion spawned or active,current verified module text base + RVA
3,Kalidon,ExplosiveBee,Autres objets et controleurs,0x002E5AE4,0x002E5B58,0x001DB770,0x001DB770,3,0x001350F8; 0x001351A0; 0x00136048,0x002E5B5C; 0x002E5B60; 0x002E5B64,,9,2,compiled descriptor; no assertion spawned or active,current verified module text base + RVA
3,Kalidon,FactoryInspector,Autres objets et controleurs,0x002E5C2C,0x002E5CA0,0x001DB7C8,0x001DB7C8,4,0x00137140; 0x00137488; 0x001376AC; 0x0013754C,0x002E5CA4; 0x002E5CA8; 0x002E5CAC; 0x002E5CB0,Navigate nav; MobyLink controller; MobyLink object; u32 index; Launch launch; u32 pad;,32,0,compiled descriptor; no assertion spawned or active,current verified module text base + RVA
3,Kalidon,FactoryWorker,Autres objets et controleurs,0x002E5E80,0x002E5EF4,0x001DB8A8,0x001DB8A8,4,0x00137ABC; 0x00137F20; 0x001383F0; 0x00137DC0,0x002E5EF8; 0x002E5EFC; 0x002E5F00; 0x002E5F04,TriggerLink updateArea; MobyLink junkController; u32 conveyerPointId; u8 exploding; u8 formDataId; u8 pad[2]; Launch launch; SND_Positional *pSound;,25,0,compiled descriptor; no assertion spawned or active,current verified module text base + RVA
3,Kalidon,Flamethrower,"Armes, projectiles et degats",0x002E5FC8,0x002E603C,0x001DB958,0x001DB958,3,0x001389B4; 0x00138B30; 0x00139940,0x002E6040; 0x002E6044; 0x002E6048,,12,2,compiled descriptor; no assertion spawned or active,current verified module text base + RVA
3,Kalidon,FlyingCarLightweightDirectional,Autres objets et controleurs,0x002E62B8,0x002E632C,0x001DB968,0x001DB968,3,0x0013BF80; 0x0013C174; 0x0013C17C,0x002E6330; 0x002E6334; 0x002E6338,f32 speed; f32 distance; f32 fadeDist; u8 pad8a; u8 reverse; u8 lanes; u8 pad8; f32 spawnXMod; f32 spawnYMod; VEC3 posVariAmp; VEC3 posVariRate; f32 scale; u32 numShips; f32 spawnRate; Toggle DistantShip1; Toggle DistantShip2; Toggle DistantShip3; Toggle PODCopter; Toggle ShuttleCruiser; Toggle Dragonfly; Toggle pad[15] ;,7,1,compiled descriptor; no assertion spawned or active,current verified module text base + RVA
3,Kalidon,FlyingCarLightweightOrbit,Autres objets et controleurs,0x002E64E0,0x002E6554,0x001DBAC8,0x001DBAC8,3,0x0013D03C; 0x0013D218; 0x0013D220,0x002E6558; 0x002E655C; 0x002E6560,f32 speed; f32 radius; f32 fadeDist; u8 pad8a; u8 spawnRadiusMod; u8 reverse; u8 lanes; f32 spawnYMod; VEC3 posVariAmp; VEC3 posVariRate; u32 numShips; f32 spawnRate; f32 scale; f32 startAngle; f32 endAngle; Toggle DistantShip1; Toggle DistantShip2; Toggle DistantShip3; Toggle PODCopter; Toggle ShuttleCruiser; Toggle pad[11] ;,6,1,compiled descriptor; no assertion spawned or active,current verified module text base + RVA
3,Kalidon,FlyingCarLightweightPathed,Autres objets et controleurs,0x002E66E4,0x002E6758,0x001DBC08,0x001DBC08,3,0x0013EC90; 0x0013E1F0; 0x0013E1F8,0x002E675C; 0x002E6760; 0x002E6764,CurveLink path; f32 speed; f32 fadeDist; u8 loop; u8 reverse; u8 lanes; u8 rotSmooth; f32 spawnXMod; f32 spawnYMod; VEC3 posVariAmp; VEC3 posVariRate; f32 spawnRate; f32 scale; u32 numShips; Toggle DistantShip1; Toggle DistantShip2; Toggle DistantShip3; Toggle PODCopter; Toggle ShuttleCruiser; Toggle pad[15] ;,7,1,compiled descriptor; no assertion spawned or active,current verified module text base + RVA
3,Kalidon,GravityCrystal,Autres objets et controleurs,0x002E67B8,0x002E682C,0x001DBD88,0x001DBD88,3,0x0013F5DC; 0x0013F7F4; 0x0014016C,0x002E6830; 0x002E6834; 0x002E6838,,40,3,compiled descriptor; no assertion spawned or active,current verified module text base + RVA
3,Kalidon,GrindrailBomb,"Armes, projectiles et degats",0x002E69EC,0x002E6A60,0x001DBD98,0x001DBD98,4,0x00140DB0; 0x00140EA0; 0x00140F04; 0x00140CA8,0x002E6A64; 0x002E6A68; 0x002E6A6C; 0x002E6A70,,3,0,compiled descriptor; no assertion spawned or active,current verified module text base + RVA
3,Kalidon,GrindrailController,Pieges et mecanismes,0x002E6CBC,0x002E6D30,0x001DBE20,0x001DBE20,2,0x00142540; 0x001427B0,0x002E6D34; 0x002E6D38,VEC4 dir; CurveLink path; f32 grindrailSp; CurveLink secPaths[20]; f32 camDefaultLookLead; f32 camDefaultDist; f32 camDefaultHeight; f32 camDefaultAzimuth; f32 camDefaultElevation; f32 bombDamageFrac; f32 gateDamageFrac;,3,0,compiled descriptor; no assertion spawned or active,current verified module text base + RVA
3,Kalidon,GrindrailGate,Pieges et mecanismes,0x002E6EEC,0x002E6F60,0x001DBEE8,0x001DBEE8,3,0x00142AB0; 0x00142B88; 0x00142D80,0x002E6F64; 0x002E6F68; 0x002E6F6C,u32 pad[4];,15,0,compiled descriptor; no assertion spawned or active,current verified module text base + RVA
3,Kalidon,GrindrailLock,Pieges et mecanismes,0x002E6FF0,0x002E7064,0x001DBF68,0x001DBF68,3,0x001433C4; 0x001437A4; 0x001438D0,0x002E7068; 0x002E706C; 0x002E7070,TriggerLink promptArea; TriggerLink endArea; MobyLink matrixMoby; u32 lockID; MobyLink destroyMobys; u32 pad[ 3 ];,23,1,compiled descriptor; no assertion spawned or active,current verified module text base + RVA
3,Kalidon,GrindrailSwitch,Pieges et mecanismes,0x002E70D0,0x002E7144,0x001DC078,0x001DC078,4,0x001441B0; 0x001442F8; 0x0014435C; 0x00143F98,0x002E7148; 0x002E714C; 0x002E7150; 0x002E7154,MobyLink gate; Toggle toggleOnOff; s32 gateMember; u32 pad[1];,10,0,compiled descriptor; no assertion spawned or active,current verified module text base + RVA
3,Kalidon,HeadShrapnel,Autres objets et controleurs,0x002E7234,0x002E72A8,0x001DC140,0x001DC140,3,0x00144ACC; 0x00144AE0; 0x00144AE8,0x002E72AC; 0x002E72B0; 0x002E72B4,,48,0,compiled descriptor; no assertion spawned or active,current verified module text base + RVA
3,Kalidon,Helipack,Autres objets et controleurs,0x002E72A4,0x002E7318,0x001DC150,0x001DC150,3,0x001450E0; 0x001450E8; 0x001450F0,0x002E731C; 0x002E7320; 0x002E7324,,3,0,compiled descriptor; no assertion spawned or active,current verified module text base + RVA
3,Kalidon,Hookshot,Autres objets et controleurs,0x002E73B8,0x002E742C,0x001DC160,0x001DC160,3,0x001452F0; 0x0014548C; 0x001454C0,0x002E7430; 0x002E7434; 0x002E7438,CurveLink path; VEC3 pathPoint; f32 speed; f32 ropeLength; f32 range; u8 attached; u8 swing; u8 pathPointId; Toggle validIM; Toggle validDM; Toggle validCTF; u8 pad[14];,9,1,compiled descriptor; no assertion spawned or active,current verified module text base + RVA
3,Kalidon,HutDoor,Pieges et mecanismes,0x002E74A4,0x002E7518,0x001DC1D8,0x001DC1D8,3,0x001458E8; 0x00145CB4; 0x00145EE0,0x002E751C; 0x002E7520; 0x002E7524,MobyLink mobysToCheck[ 10 ]; TriggerLink trigger; MobyLink enemyController; f32 radius; u32 pad[3];,33,0,compiled descriptor; no assertion spawned or active,current verified module text base + RVA
3,Kalidon,Hypershot,Gadgets et outils,0x002E768C,0x002E7700,0x001DC2D0,0x001DC2D0,3,0x00146724; 0x001467C0; 0x00146848,0x002E7704; 0x002E7708; 0x002E770C,,13,0,compiled descriptor; no assertion spawned or active,current verified module text base + RVA
3,Kalidon,IntroMovie,Autres objets et controleurs,0x002E7710,0x002E7784,0x001DC2E8,0x001DC2E8,3,0x001469D8; 0x00146A94; 0x00146A9C,0x002E7788; 0x002E778C; 0x002E7790,u32 fromLevel; u32 pad[ 3 ];,7,1,compiled descriptor; no assertion spawned or active,current verified module text base + RVA
3,Kalidon,LaserTracer,"Armes, projectiles et degats",0x002E8CCC,0x002E8D40,0x001DC2F8,0x001DC2F8,3,0x0014A738; 0x0014A82C; 0x0014A9B4,0x002E8D44; 0x002E8D48; 0x002E8D4C,,16,3,compiled descriptor; no assertion spawned or active,current verified module text base + RVA
3,Kalidon,LevelMusic,Autres objets et controleurs,0x002E8F34,0x002E8FA8,0x001DC340,0x001DC340,2,0x001501C0; 0x001502A0,0x002E8FAC; 0x002E8FB0,u32 songNumber; TriggerLink trigger; s32 continuePointMin; s32 continuePointMax; s32 levelNumber; u8 priority; u8 pad[ 7 ];,1,0,compiled descriptor; no assertion spawned or active,current verified module text base + RVA
3,Kalidon,Lvl3BoltCranker,Pieges et mecanismes,0x002E9010,0x002E9084,0x001DC360,0x001DC360,3,0x00150908; 0x00150B60; 0x00150B68,0x002E9088; 0x002E908C; 0x002E9090,f32 progress; f32 progInc; MobyLink bolt; f32 distMoved; MobyLink platforms[10]; u32 pad[2];,10,2,compiled descriptor; no assertion spawned or active,current verified module text base + RVA
3,Kalidon,Lvl3Bomb,"Armes, projectiles et degats",0x002E91AC,0x002E9220,0x001DC438,0x001DC438,4,0x00150EA0; 0x001511D4; 0x001512FC; 0x00151220,0x002E9224; 0x002E9228; 0x002E922C; 0x002E9230,f32 speed; VEC3 idealPos; CurveLink path; f32 flashTimer; u8 startPoint; u8 nextPoint; u8 pad[6];,36,3,compiled descriptor; no assertion spawned or active,current verified module text base + RVA
3,Kalidon,Lvl3DeadlyFluid,Autres objets et controleurs,0x002E92A4,0x002E9318,0x001DC4B8,0x001DC4B8,3,0x00151A90; 0x00151CDC; 0x00151DC8,0x002E931C; 0x002E9320; 0x002E9324,Moby *pLayer2; TriggerLink activeArea; f32 curAmp; Toggle useEffects; u8 pad[3]; Moby *steamMobies[4];,13,1,compiled descriptor; no assertion spawned or active,current verified module text base + RVA
3,Kalidon,Lvl3Door,Pieges et mecanismes,0x002E9460,0x002E94D4,0x001DC5E0,0x001DC5E0,3,0x001523BC; 0x001527D4; 0x001529AC,0x002E94D8; 0x002E94DC; 0x002E94E0,MobyLink controller; TriggerLink activate; TriggerLink updateArea; CurveLink path; f32 moveTime; f32 progInc; Lvl3Door_Data *pData; SND_Positional *pSound; Toggle lockWhenClosed; u8 openOffGroups[5]; u8 outClosedOffGroups[5]; u8 inClosedOffGroups[5]; MobyLink grindLock; MobyLink noLockMoby; u32 pad[2];,17,2,compiled descriptor; no assertion spawned or active,current verified module text base + RVA
3,Kalidon,Lvl3Elevator,Pieges et mecanismes,0x002E9644,0x002E96B8,0x001DC6B0,0x001DC6B0,3,0x00153AE8; 0x001533D0; 0x00153F1C,0x002E96BC; 0x002E96C0; 0x002E96C4,CurveLink path; f32 moveTime; f32 progress; f32 progInc; f32 waitTime; f32 radius; SND_Positional *pMoveSound; f32 heightDiff; Toggle oneWay; Toggle direction; Toggle waitForHero; Toggle waitForActivate; Toggle matchHero; Toggle checkCrush; Toggle useButton; u8 pad[9];,23,0,compiled descriptor; no assertion spawned or active,current verified module text base + RVA
3,Kalidon,Lvl3FluidBubble,Autres objets et controleurs,0x002E96FC,0x002E9770,0x001DC7F8,0x001DC7F8,3,0x0015489C; 0x001549B8; 0x001549C0,0x002E9774; 0x002E9778; 0x002E977C,f32 offsetTime; f32 offTime; f32 offTimeRand; u32 pad;,9,3,compiled descriptor; no assertion spawned or active,current verified module text base + RVA
3,Kalidon,Lvl3GuardBeam,Ennemis et boss,0x002E9898,0x002E990C,0x001DC8B8,0x001DC8B8,3,0x00154EF4; 0x00154F6C; 0x00154FD0,0x002E9910; 0x002E9914; 0x002E9918,f32 height; f32 width; f32 size; u8 numBeams; Toggle useAltConfig; u8 pad[2];,0,0,compiled descriptor; no assertion spawned or active,current verified module text base + RVA
3,Kalidon,Lvl3Hooks,Autres objets et controleurs,0x002E9A70,0x002E9AE4,0x001DC8C8,0x001DC8C8,3,0x00155398; 0x0015585C; 0x00155BFC,0x002E9AE8; 0x002E9AEC; 0x002E9AF0,TriggerLink activate; MobyLink backDoor; MobyLink frontDoor; CurveLink positions; f32 distToEnd; u32 numMoving; MobyLink wave1[8]; MobyLink wave2[4]; MobyLink wave3[8]; MobyLink wave4[6]; TieLink hooks[8]; MobyLink globalCamera; SND_Positional *pSound; MobyLink grindLock; TriggerLink doorTrigger;,1,0,compiled descriptor; no assertion spawned or active,current verified module text base + RVA
3,Kalidon,Lvl3MagnaRoom,Autres objets et controleurs,0x002E9BEC,0x002E9C60,0x001DCA38,0x001DCA38,3,0x001566FC; 0x00156978; 0x00156DBC,0x002E9C64; 0x002E9C68; 0x002E9C6C,MobyLink deathTrigger; TriggerLink doorway1; TriggerLink doorway2; TriggerLink updateArea; u32 uOffset; u32 vOffset; u32 pad[2];,10,2,compiled descriptor; no assertion spawned or active,current verified module text base + RVA
3,Kalidon,Lvl3Pipe,Autres objets et controleurs,0x002E9C90,0x002E9D04,0x001DCB98,0x001DCB98,3,0x001571BC; 0x00157294; 0x0015729C,0x002E9D08; 0x002E9D0C; 0x002E9D10,TriggerLink visibleArea; u32 pad[3];,1,0,compiled descriptor; no assertion spawned or active,current verified module text base + RVA
3,Kalidon,Lvl3Plant,Ennemis et boss,0x002E9DB4,0x002E9E28,0x001DCC28,0x001DCC28,3,0x00157334; 0x0015751C; 0x00157524,0x002E9E2C; 0x002E9E30; 0x002E9E34,ShrubLink plant; TriggerLink activeArea; f32 progressInc; u32 pad;,3,0,compiled descriptor; no assertion spawned or active,current verified module text base + RVA
3,Kalidon,Lvl3Platform,Pieges et mecanismes,0x002EA3E8,0x002EA45C,0x001DCCB0,0x001DCCB0,3,0x001580B4; 0x00157AF4; 0x00158A18,0x002EA460; 0x002EA464; 0x002EA468,TieLink clearPipe2; MobyLink waterPipe1; MobyLink waterPipe2; TriggerLink startTrigger; TriggerLink consoleArea; TriggerLink mainShaft; SND_Positional *pSound; f32 sparkPosX[4]; f32 sparkPosZ[4]; MobyLink fluidMoby; TieLink fluidPlane; u8 numActiveSmoke; u8 isPlatforming; u8 pad[2]; f32 fluidSpeed; u8 curStop; u8 curWave; u8 curBombSet; u8 curBombId; MobyLink stop1Waves[1]; MobyLink stop2Waves[2]; MobyLink stop3Waves[2]; MobyLink stop4Waves[2]; MobyLink firstBombs[4]; MobyLink secondBombs[4]; f32 emitRemaining[8]; f32 smokePosX[8]; f32 smokePosZ[8]; MobyLink platforms[20]; MobyLink globalCamera; TriggerLink upperShaft; f32 fluidIdealHeight; f32 playerYProgression; MobyLink bridge; f32 bridge,21,0,compiled descriptor; no assertion spawned or active,current verified module text base + RVA
3,Kalidon,Lvl3PlatformShrapnel,Pieges et mecanismes,0x002EA4E4,0x002EA558,0x001DCD48,0x001DCD48,3,0x0015B420; 0x0015B58C; 0x0015B5C0,0x002EA55C; 0x002EA560; 0x002EA564,,60,0,compiled descriptor; no assertion spawned or active,current verified module text base + RVA
3,Kalidon,Lvl3PumpMachinery,Autres objets et controleurs,0x002EA608,0x002EA67C,0x001DCDE0,0x001DCDE0,3,0x0015BB7C; 0x0015BD90; 0x0015BD98,0x002EA680; 0x002EA684; 0x002EA688,TriggerLink activeArea; TieLink gear; TieLink pump; TieLink pipe; SND_Positional *pSound; SND_Positional *pLoop; u32 pad[2];,14,1,compiled descriptor; no assertion spawned or active,current verified module text base + RVA
3,Kalidon,Lvl3RedRobot,Ennemis et boss,0x002EA774,0x002EA7E8,0x001DCF50,0x001DCF50,4,0x0015C00C; 0x0015C238; 0x0015C240; 0x0015C55C,0x002EA7EC; 0x002EA7F0; 0x002EA7F4; 0x002EA7F8,MobyLink conveyorBelt; Toggle doNotCollide; s8 group; Toggle pad[10];,22,0,compiled descriptor; no assertion spawned or active,current verified module text base + RVA
3,Kalidon,Lvl3Showcase,Autres objets et controleurs,0x002EA87C,0x002EA8F0,0x001DCF60,0x001DCF60,4,0x0015C7F8; 0x0015CAB8; 0x0015CB1C; 0x0015CA84,0x002EA8F4; 0x002EA8F8; 0x002EA8FC; 0x002EA900,TieLink brokenGlass; TriggerLink breakTrigger; MobyLink enemyWave; u32 pad;,17,0,compiled descriptor; no assertion spawned or active,current verified module text base + RVA
3,Kalidon,Lvl3SinkingPlatform,Pieges et mecanismes,0x002EA950,0x002EA9C4,0x001DD018,0x001DD018,3,0x0015D114; 0x0015D284; 0x0015D454,0x002EA9C8; 0x002EA9CC; 0x002EA9D0,VEC4 idealUp; VEC4 startUp; f32 progress; f32 progInc; f32 startY; f32 endY;,21,3,compiled descriptor; no assertion spawned or active,current verified module text base + RVA
3,Kalidon,Lvl3StartCam,Autres objets et controleurs,0x002EA9D8,0x002EAA4C,0x001DD030,0x001DD030,3,0x0015DC94; 0x0015DCC8; 0x0015DCD0,0x002EAA50; 0x002EAA54; 0x002EAA58,,6,0,compiled descriptor; no assertion spawned or active,current verified module text base + RVA
3,Kalidon,Lvl3StaticPlatform,Pieges et mecanismes,0x002EAA38,0x002EAAAC,0x001DD040,0x001DD040,3,0x0015DEC0; 0x0015E06C; 0x0015E0D8,0x002EAAB0; 0x002EAAB4; 0x002EAAB8,,12,0,compiled descriptor; no assertion spawned or active,current verified module text base + RVA
3,Kalidon,Lvl3Steam,Autres objets et controleurs,0x002EAD9C,0x002EAE10,0x001DD058,0x001DD058,3,0x0015E4A0; 0x0015E4A8; 0x0015E65C,0x002EAE14; 0x002EAE18; 0x002EAE1C,TriggerLink visibleArea; f32 riseRate; f32 riseRateRange; f32 windSpeed; f32 riseAccel; f32 startSize; f32 startSizeRange; f32 endSize; f32 endSizeRange; f32 posDeviation; f32 dirDeviation; f32 lifetime; u8 startRed; u8 startBlue; u8 startGreen; u8 startAlpha; u8 endRed; u8 endBlue; u8 endGreen; u8 endAlpha; f32 offTime; f32 onTime; f32 offTimeRand; f32 onTimeRand; u8 presetIndex; u8 blendType; u8 pad[6];,7,1,compiled descriptor; no assertion spawned or active,current verified module text base + RVA
3,Kalidon,MapOMaticGadget,Gadgets et outils,0x002EAE08,0x002EAE7C,0x001DD0E8,0x001DD0E8,3,0x0015EB74; 0x0015EB7C; 0x0015EB84,0x002EAE80; 0x002EAE84; 0x002EAE88,,0,0,compiled descriptor; no assertion spawned or active,current verified module text base + RVA
3,Kalidon,MatrixMoby,Autres objets et controleurs,0x002EAE68,0x002EAEDC,0x001DD0F8,0x001DD0F8,3,0x0015EB8C; 0x0015EB94; 0x0015EB9C,0x002EAEE0; 0x002EAEE4; 0x002EAEE8,,0,0,compiled descriptor; no assertion spawned or active,current verified module text base + RVA
3,Kalidon,MobyGroup,Autres objets et controleurs,0x002EAF0C,0x002EAF80,0x001DD108,0x001DD108,3,0x0015EBA4; 0x0015EC3C; 0x0015EC44,0x002EAF84; 0x002EAF88; 0x002EAF8C,MobyLink mobysToCheck[ 8 ]; u8 destroyed; u8 count; u8 pad[ 14 ];,6,0,compiled descriptor; no assertion spawned or active,current verified module text base + RVA
3,Kalidon,MobyIce,Autres objets et controleurs,0x002EB014,0x002EB088,0x001DD188,0x001DD188,3,0x0015F564; 0x0015F57C; 0x0015FF00,0x002EB08C; 0x002EB090; 0x002EB094,,31,1,compiled descriptor; no assertion spawned or active,current verified module text base + RVA
3,Kalidon,ModVendor,Autres objets et controleurs,0x002EB080,0x002EB0F4,0x001DD190,0x001DD190,3,0x001607B4; 0x00160954; 0x001609B8,0x002EB0F8; 0x002EB0FC; 0x002EB100,,17,0,compiled descriptor; no assertion spawned or active,current verified module text base + RVA
3,Kalidon,Mootator,"Armes, projectiles et degats",0x002EB374,0x002EB3E8,0x001DD1A0,0x001DD1A0,3,0x00160E24; 0x00161074; 0x001621C4,0x002EB3EC; 0x002EB3F0; 0x002EB3F4,,21,0,compiled descriptor; no assertion spawned or active,current verified module text base + RVA
3,Kalidon,MovePlayerHack,"Joueur, acteurs et accessoires",0x002EB40C,0x002EB480,0x001DD1B0,0x001DD1B0,3,0x0016272C; 0x00162800; 0x00162808,0x002EB484; 0x002EB488; 0x002EB48C,TriggerLink area; f32 speed; f32 atLen; u32 pad;,3,0,compiled descriptor; no assertion spawned or active,current verified module text base + RVA
3,Kalidon,Mungo,Ennemis et boss,0x002EBA70,0x002EBAE4,0x001DD248,0x001DD248,4,0x00163F9C; 0x00162A0C; 0x00164890; 0x001628B8,0x002EBAE8; 0x002EBAEC; 0x002EBAF0; 0x002EBAF4,VEC3 lHandPos; f32 reposTimer; VEC4 rHandPos; VEC3 objectJoint1; TriggerLink arenaTrigger; VEC3 objectJoint2; SND_Positional *pSound; VEC3 pipeVelocity; f32 health; Navigate nav; TriggerLink enterTrigger; TieLink platform; MobyLink startBridge; MobyLink endBridge; MobyLink door; f32 lastLHandPosZ; f32 lastRHandPosZ; f32 attackSpeed; u8 pipeIndex; u8 droneIndex; u8 lastState; u8 sideIndex; u8 swingCount; u8 difficulty; u8 pad[2]; MobyLink backDoor; MobyLink crateController1; MobyLink crateController2; u8 miscCounter; Toggle bHoldingDrone; Toggle bHoldingPipe; u8 reposSide; MobyLink armor; ShrubLink pipes[10]; Moby* northDrones[6]; Moby* southDrones[6]; CurveLink northPaths[6]; CurveLink south,22,1,compiled descriptor; no assertion spawned or active,current verified module text base + RVA
3,Kalidon,MungoCC,Ennemis et boss,0x002EBB6C,0x002EBBE0,0x001DD458,0x001DD458,3,0x001692F0; 0x00169350; 0x0016955C,0x002EBBE4; 0x002EBBE8; 0x002EBBEC,f32 spawnTime; TriggerLink noUpdateArea; u32 pad[2];,16,4,compiled descriptor; no assertion spawned or active,current verified module text base + RVA
3,Kalidon,MungoDrone,Ennemis et boss,0x002EBD94,0x002EBE08,0x001DD460,0x001DD460,4,0x00169A58; 0x00169B14; 0x0016AE04; 0x00169B48,0x002EBE0C; 0x002EBE10; 0x002EBE14; 0x002EBE18,VEC3 vel; Trigger *pArenaTrigger; Moby *pMungo; Navigate nav; Curve *path; f32 velAddY; f32 distToTarg; f32 targetX; f32 targetZ; u8 pathIndex; u8 attackState; u8 firedCount; u8 side; VEC3 attackPos; u8 createLight; u8 pad[3];,1,0,compiled descriptor; no assertion spawned or active,current verified module text base + RVA
3,Kalidon,MungoShockwave,Ennemis et boss,0x002EBFBC,0x002EC030,0x001DD4D0,0x001DD4D0,3,0x0016CF30; 0x0016CC60; 0x0016CC68,0x002EC034; 0x002EC038; 0x002EC03C,f32 radius; Moby *pMungo; u32 pad[2];,18,0,compiled descriptor; no assertion spawned or active,current verified module text base + RVA
3,Kalidon,MushroomCloud,"Effets, particules et environnement",0x002EC020,0x002EC094,0x001DD4E0,0x001DD4E0,3,0x0016D350; 0x0016D358; 0x0016D360,0x002EC098; 0x002EC09C; 0x002EC0A0,,18,2,compiled descriptor; no assertion spawned or active,current verified module text base + RVA
3,Kalidon,MutantCow,Autres objets et controleurs,0x002EC0E8,0x002EC15C,0x001DD4F0,0x001DD4F0,4,0x0016E5E8; 0x0016E76C; 0x0016EC98; 0x001ABF58,0x002EC160; 0x002EC164; 0x002EC168; 0x002EC16C,,29,1,compiled descriptor; no assertion spawned or active,current verified module text base + RVA
3,Kalidon,MutantMadCow,Autres objets et controleurs,0x002EC2B8,0x002EC32C,0x001DD520,0x001DD520,4,0x0016F7F8; 0x0016F960; 0x0016FD7C; 0x001ABF58,0x002EC330; 0x002EC334; 0x002EC338; 0x002EC33C,,47,2,compiled descriptor; no assertion spawned or active,current verified module text base + RVA
3,Kalidon,NapalmBubble,Autres objets et controleurs,0x002EC380,0x002EC3F4,0x001DD530,0x001DD530,3,0x001709EC; 0x001709F4; 0x001709FC,0x002EC3F8; 0x002EC3FC; 0x002EC400,,8,1,compiled descriptor; no assertion spawned or active,current verified module text base + RVA
3,Kalidon,PDA,Autres objets et controleurs,0x002EC428,0x002EC49C,0x001DD540,0x001DD540,3,0x00171480; 0x00171488; 0x00171490,0x002EC4A0; 0x002EC4A4; 0x002EC4A8,,0,0,compiled descriptor; no assertion spawned or active,current verified module text base + RVA
3,Kalidon,PODBomb,"Armes, projectiles et degats",0x002EC56C,0x002EC5E0,0x001DD548,0x001DD548,3,0x001714C4; 0x00171534; 0x0017186C,0x002EC5E4; 0x002EC5E8; 0x002EC5EC,,23,0,compiled descriptor; no assertion spawned or active,current verified module text base + RVA
3,Kalidon,Polarizer,Gadgets et outils,0x002EC67C,0x002EC6F0,0x001DD550,0x001DD550,3,0x00172054; 0x00172210; 0x00172CF8,0x002EC6F4; 0x002EC6F8; 0x002EC6FC,,34,0,compiled descriptor; no assertion spawned or active,current verified module text base + RVA
3,Kalidon,PowerupAmmo,"Caisses, pickups et bonus",0x002EC7CC,0x002EC840,0x001DD560,0x001DD560,3,0x00173C68; 0x00173D34; 0x00173D3C,0x002EC844; 0x002EC848; 0x002EC84C,VEC4 velocity; f32 fallDistance; f32 fadeAmnt; u8 ammoType; u8 ammoAmnt; u32 priority; u8 gain; u8 needSync;,48,1,compiled descriptor; no assertion spawned or active,current verified module text base + RVA
3,Kalidon,PowerupHealth,"Caisses, pickups et bonus",0x002EC928,0x002EC99C,0x001DD5E0,0x001DD5E0,3,0x001751DC; 0x0017522C; 0x00175268,0x002EC9A0; 0x002EC9A4; 0x002EC9A8,Particle *pTrail[8]; Particle *pGlowParticle; Particle *pGlowParticle2; Particle *pSphereParticle; Particle *pSphereParticle2; Moby *pParent; VEC4 velocity; f32 bobCount; f32 goToTimer; f32 deathTimer; f32 fallDistance;,21,5,compiled descriptor; no assertion spawned or active,current verified module text base + RVA
3,Kalidon,Ratchet,"Joueur, acteurs et accessoires",0x002ECAB0,0x002ECB24,0x001DD5F0,0x001DD5F0,4,0x00176C44; 0x00176C84; 0x00176C8C; 0x00176C94,0x002ECB28; 0x002ECB2C; 0x002ECB30; 0x002ECB34,,15,0,compiled descriptor; no assertion spawned or active,current verified module text base + RVA
3,Kalidon,RatchetDecoyInner,"Joueur, acteurs et accessoires",0x002ECBEC,0x002ECC60,0x001DD688,0x001DD688,4,0x00177B8C; 0x00177B94; 0x00178904; 0x00177C54,0x002ECC64; 0x002ECC68; 0x002ECC6C; 0x002ECC70,,18,2,compiled descriptor; no assertion spawned or active,current verified module text base + RVA
3,Kalidon,RatchetDecoyOuter,"Joueur, acteurs et accessoires",0x002ECC60,0x002ECCD4,0x001DD6A0,0x001DD6A0,3,0x00178E14; 0x00178E50; 0x00178E58,0x002ECCD8; 0x002ECCDC; 0x002ECCE0,,0,0,compiled descriptor; no assertion spawned or active,current verified module text base + RVA
3,Kalidon,RatchetShip,"Joueur, acteurs et accessoires",0x002ECCC0,0x002ECD34,0x001DD6B8,0x001DD6B8,3,0x00178E74; 0x00179064; 0x001790C8,0x002ECD38; 0x002ECD3C; 0x002ECD40,,17,0,compiled descriptor; no assertion spawned or active,current verified module text base + RVA
3,Kalidon,RatchetShipAnimation,"Joueur, acteurs et accessoires",0x002ECFE8,0x002ED05C,0x001DD6C8,0x001DD6C8,3,0x00179B70; 0x001793B8; 0x0017A10C,0x002ED060; 0x002ED064; 0x002ED068,CurveLink introShipPosCurve; CurveLink introCameraPosCurve; CurveLink outroShipPosCurve; CurveLink outroCameraPosCurve; MobyLink ship; f32 shipSpeedInit; f32 cameraSpeedInit; f32 shipRollAmount; VEC3 shipRotDamping; f32 shipRollAmountHover; VEC3 shipRotDampingHover; f32 cameraRollAmount; VEC3 cameraRotDamping; f32 hoverTime; f32 hoverPause; f32 shipSpeedChange; f32 cameraSpeedChange; VEC3 hoverPosDamping; f32 tiltFactor; f32 tiltInterpSpeed; f32 tiltReturnFactor; f32 tiltVelDamp; f32 tiltGroundThresh; f32 tiltLmaxi; f32 tiltRmaxi; f32 tiltFmaxi; f32 tiltBmaxi; VEC3 ratchetEndOffset; VEC3 cameraInAnimOffset; f32 cameraInAnimLookYOfs; VEC3 cameraOutAnimOffset; f32 cameraOutAnimLookYOfs; f32 pa,20,0,compiled descriptor; no assertion spawned or active,current verified module text base + RVA
3,Kalidon,Region,Autres objets et controleurs,0x002ED2E4,0x002ED358,0x001DD970,0x001DD970,3,0x0017C074; 0x0017C170; 0x0017C178,0x002ED35C; 0x002ED360; 0x002ED364,Toggle groups[32]; TriggerLink zone; u32 pad[ 3 ];,2,0,compiled descriptor; no assertion spawned or active,current verified module text base + RVA
3,Kalidon,Ryno,"Armes, projectiles et degats",0x002ED488,0x002ED4FC,0x001DD9E0,0x001DD9E0,3,0x0017C180; 0x0017C25C; 0x0017C8FC,0x002ED500; 0x002ED504; 0x002ED508,,36,1,compiled descriptor; no assertion spawned or active,current verified module text base + RVA
3,Kalidon,RynoRocket,"Armes, projectiles et degats",0x002ED564,0x002ED5D8,0x001DD9E8,0x001DD9E8,3,0x0017D300; 0x0017D31C; 0x0017D36C,0x002ED5DC; 0x002ED5E0; 0x002ED5E4,,36,1,compiled descriptor; no assertion spawned or active,current verified module text base + RVA
3,Kalidon,SetCamera,Camera et presentation,0x002ED734,0x002ED7A8,0x001DD9F8,0x001DD9F8,3,0x0017E228; 0x0017E33C; 0x0017E344,0x002ED7AC; 0x002ED7B0; 0x002ED7B4,TriggerLink area; Toggle lazy; u8 pad[3]; f32 lookHeight; f32 camDist; f32 height; f32 elevation; f32 azimuth; MobyLink parent; Toggle useAzimuth; Toggle useLookHeight; Toggle useCamDist; Toggle useHeight; Toggle useElevation; Toggle enabled; Toggle singleUse; Toggle entered; f32 speed; u32 priority; f32 restoreSpeed; u32 pad2[3];,1,0,compiled descriptor; no assertion spawned or active,current verified module text base + RVA
3,Kalidon,ShieldCharger,"Armes, projectiles et degats",0x002ED7C0,0x002ED834,0x001DDAE0,0x001DDAE0,4,0x0017EF4C; 0x0017E60C; 0x0017F37C; 0x0017FB80,0x002ED838; 0x002ED83C; 0x002ED840; 0x002ED844,,53,3,compiled descriptor; no assertion spawned or active,current verified module text base + RVA
3,Kalidon,ShieldChargerBolt,"Armes, projectiles et degats",0x002ED968,0x002ED9DC,0x001DDB10,0x001DDB10,3,0x001819E0; 0x001819E8; 0x00181A2C,0x002ED9E0; 0x002ED9E4; 0x002ED9E8,,13,1,compiled descriptor; no assertion spawned or active,current verified module text base + RVA
3,Kalidon,ShockRocket,"Armes, projectiles et degats",0x002EDA68,0x002EDADC,0x001DDB28,0x001DDB28,3,0x00181D80; 0x00181E6C; 0x00182158,0x002EDAE0; 0x002EDAE4; 0x002EDAE8,,22,2,compiled descriptor; no assertion spawned or active,current verified module text base + RVA
3,Kalidon,ShockRocketShot,"Armes, projectiles et degats",0x002EDB54,0x002EDBC8,0x001DDB38,0x001DDB38,3,0x00182CCC; 0x00182D1C; 0x00183324,0x002EDBCC; 0x002EDBD0; 0x002EDBD4,,5,0,compiled descriptor; no assertion spawned or active,current verified module text base + RVA
3,Kalidon,ShrapnelGeneric,Autres objets et controleurs,0x002EDBD0,0x002EDC44,0x001DDB48,0x001DDB48,3,0x0018413C; 0x00184144; 0x0018414C,0x002EDC48; 0x002EDC4C; 0x002EDC50,,31,0,compiled descriptor; no assertion spawned or active,current verified module text base + RVA
3,Kalidon,ShrinkBeam,Gadgets et outils,0x002EDC94,0x002EDD08,0x001DDBE8,0x001DDBE8,3,0x001842A4; 0x001842AC; 0x00184960,0x002EDD0C; 0x002EDD10; 0x002EDD14,,4,0,compiled descriptor; no assertion spawned or active,current verified module text base + RVA
3,Kalidon,ShrinkRayRatchet,Gadgets et outils,0x002EDCF8,0x002EDD6C,0x001DDBF8,0x001DDBF8,3,0x00185620; 0x00185628; 0x00185630,0x002EDD70; 0x002EDD74; 0x002EDD78,,0,0,compiled descriptor; no assertion spawned or active,current verified module text base + RVA
3,Kalidon,SkillPoint_L03,Autres objets et controleurs,0x002EDD8C,0x002EDE00,0x001DDC10,0x001DDC10,3,0x00185638; 0x00185714; 0x0018571C,0x002EDE04; 0x002EDE08; 0x002EDE0C,Moby * pTestMoby; u32 testMobyID; u32 pad[ 2 ];,1,0,compiled descriptor; no assertion spawned or active,current verified module text base + RVA
3,Kalidon,Skyboarder01,Vehicules et minijeux,0x002EDFD8,0x002EE04C,0x001DDCD8,0x001DDCD8,3,0x00186CF0; 0x0018588C; 0x00185894,0x002EE050; 0x002EE054; 0x002EE058,CurveLink path; MobyLink raceController; Toggle isProp; u8 racesPresent; u8 isMovieSwitched; u8 textureSet; f32 baseSpeed; f32 trackThresholds[4]; f32 speedAdjustments[4];,68,7,compiled descriptor; no assertion spawned or active,current verified module text base + RVA
3,Kalidon,Spitfire,"Effets, particules et environnement",0x002EE0A8,0x002EE11C,0x001DDE98,0x001DDE98,3,0x00189380; 0x001893B4; 0x001893D8,0x002EE120; 0x002EE124; 0x002EE128,,19,0,compiled descriptor; no assertion spawned or active,current verified module text base + RVA
3,Kalidon,Splash,Autres objets et controleurs,0x002EE184,0x002EE1F8,0x001DDEA8,0x001DDEA8,3,0x0018A76C; 0x0018A7B4; 0x0018A7BC,0x002EE1FC; 0x002EE200; 0x002EE204,VEC2 pos; VEC2 velocity; const VEC3 *pPos; f32 startRadius; u16 uOffset; u8 owned; u8 pad;,8,0,compiled descriptor; no assertion spawned or active,current verified module text base + RVA
3,Kalidon,Sproutomatic,Gadgets et outils,0x002EE26C,0x002EE2E0,0x001DDEB0,0x001DDEB0,3,0x0018AD94; 0x0018AE3C; 0x0018AE74,0x002EE2E4; 0x002EE2E8; 0x002EE2EC,,10,0,compiled descriptor; no assertion spawned or active,current verified module text base + RVA
3,Kalidon,StaticBarrierBelt,Autres objets et controleurs,0x002EE2D0,0x002EE344,0x001DDEC0,0x001DDEC0,3,0x0018B438; 0x0018B46C; 0x0018B474,0x002EE348; 0x002EE34C; 0x002EE350,,0,0,compiled descriptor; no assertion spawned or active,current verified module text base + RVA
3,Kalidon,SuckCannon,"Armes, projectiles et degats",0x002EE430,0x002EE4A4,0x001DDED8,0x001DDED8,3,0x0018B47C; 0x0018B5C4; 0x0018BBE0,0x002EE4A8; 0x002EE4AC; 0x002EE4B0,,21,3,compiled descriptor; no assertion spawned or active,current verified module text base + RVA
3,Kalidon,SuckCannonComet,"Armes, projectiles et degats",0x002EE498,0x002EE50C,0x001DDEE8,0x001DDEE8,3,0x001AD418; 0x001AD420; 0x001AD654,0x002EE510; 0x002EE514; 0x002EE518,,40,1,compiled descriptor; no assertion spawned or active,current verified module text base + RVA
3,Kalidon,SuckCannonCometTie,"Armes, projectiles et degats",0x002EE500,0x002EE574,0x001DDEF8,0x001DDEF8,3,0x001AD418; 0x001AD420; 0x0018C550,0x002EE578; 0x002EE57C; 0x002EE580,,40,1,compiled descriptor; no assertion spawned or active,current verified module text base + RVA
3,Kalidon,SuckCannonManager,"Armes, projectiles et degats",0x002EE5DC,0x002EE650,0x001DDF10,0x001DDF10,3,0x0018D230; 0x0018D27C; 0x0018D284,0x002EE654; 0x002EE658; 0x002EE65C,,25,0,compiled descriptor; no assertion spawned or active,current verified module text base + RVA
3,Kalidon,SwarmManager,Autres objets et controleurs,0x002EE66C,0x002EE6E0,0x001DDF28,0x001DDF28,3,0x0018DFD4; 0x0018E01C; 0x0018E354,0x002EE6E4; 0x002EE6E8; 0x002EE6EC,,4,2,compiled descriptor; no assertion spawned or active,current verified module text base + RVA
3,Kalidon,Teleporter,Autres objets et controleurs,0x002EE780,0x002EE7F4,0x001DDF38,0x001DDF38,3,0x0018EB74; 0x0018EF2C; 0x0018F2F8,0x002EE7F8; 0x002EE7FC; 0x002EE800,MobyLink destination; MobyLink destinationPreferred; TriggerLink activateTrigger; u32 levelId; s32 changeToLevel; Toggle secretActivation; s8 canGoToLevel; u8 pad[ 10 ];,17,0,compiled descriptor; no assertion spawned or active,current verified module text base + RVA
3,Kalidon,TieManipulator,Autres objets et controleurs,0x002EEBB4,0x002EEC28,0x001DE008,0x001DE008,3,0x0018FC44; 0x0018FC3C; 0x0019021C,0x002EEC2C; 0x002EEC30; 0x002EEC34,TieLink tie[ 8 ]; f32 xAxis; f32 yAxis; f32 zAxis; f32 xRot; f32 yRot; f32 zRot; f32 xSpan; f32 ySpan; f32 zSpan; f32 xCounter; f32 yCounter; f32 zCounter; f32 speed; f32 speedPerFrame; f32 curviness; f32 curvPar; f32 scaleSpeed; f32 scaleSpeedPerFrame; f32 scaleMax; f32 scaleCounter; f32 xPerc[8]; f32 yPerc[8]; f32 zPerc[8]; f32 xPar[8]; f32 yPar[8]; f32 zPar[8]; f32 xStart[8]; f32 yStart[8]; f32 zStart[8]; MATRIX4 *pMat[8]; MATRIX4 scaleMatrix; f32 drawDistance; f32 updateDistance; f32 inverseScale; u32 linkCount;,17,0,compiled descriptor; no assertion spawned or active,current verified module text base + RVA
3,Kalidon,TitaniumBolt,"Caisses, pickups et bonus",0x002EECF4,0x002EED68,0x001DE018,0x001DE018,3,0x001905AC; 0x0019079C; 0x00190904,0x002EED6C; 0x002EED70; 0x002EED74,f32 dist; f32 height; f32 lookHeight; f32 elevation; f32 azimuth; Toggle magnaboots; Toggle noAnimation; u32 levelToFake; u8 id; u8 pad[5];,23,0,compiled descriptor; no assertion spawned or active,current verified module text base + RVA
3,Kalidon,TMRobotHead,Ennemis et boss,0x002EEF5C,0x002EEFD0,0x001DE0D0,0x001DE0D0,4,0x00191328; 0x00191760; 0x00192A00; 0x001914D0,0x002EEFD4; 0x002EEFD8; 0x002EEFDC; 0x002EEFE0,TriggerLink enterTrigger; TriggerLink detectArea; CurveLink enterPath; CurveLink patrolPath; MobyLink controller; Navigate nav; f32 alertRadius; Toggle clampToFloor; u8 pad[11];,32,1,compiled descriptor; no assertion spawned or active,current verified module text base + RVA
3,Kalidon,TMRobotTorsoA,Vehicules et minijeux,0x002EF260,0x002EF2D4,0x001DE3D0,0x001DE3D0,4,0x00195B80; 0x001940B0; 0x001965F0; 0x001961D4,0x002EF2D8; 0x002EF2DC; 0x002EF2E0; 0x002EF2E4,Navigate nav; MobyLink controller; MobyLink showcase; MobyLink conveyer; MobyLink enemyWave; TriggerLink enterTrigger; TriggerLink detectArea; CurveLink enterPath; CurveLink patrolPath; f32 alertRadius; Toggle sitting; u8 headSpawnPcnt; Toggle bBreakable; u8 pad[13];,40,0,compiled descriptor; no assertion spawned or active,current verified module text base + RVA
3,Kalidon,TMTieForm,Autres objets et controleurs,0x002EF2F0,0x002EF364,0x001DE778,0x001DE778,3,0x001985A4; 0x001985AC; 0x001985B4,0x002EF368; 0x002EF36C; 0x002EF370,,0,0,compiled descriptor; no assertion spawned or active,current verified module text base + RVA
3,Kalidon,TorsoAShot,Vehicules et minijeux,0x002EF3B4,0x002EF428,0x001DE788,0x001DE788,3,0x00198D84; 0x001985BC; 0x001986B4,0x002EF42C; 0x002EF430; 0x002EF434,Particle *pGlow1; Moby *pParent; Moby *pController; f32 worldCollDist; f32 distTraveled; f32 speed;,28,0,compiled descriptor; no assertion spawned or active,current verified module text base + RVA
3,Kalidon,TorsoShrapnel,Vehicules et minijeux,0x002EF534,0x002EF5A8,0x001DE880,0x001DE880,3,0x00199298; 0x001992A0; 0x001992A8,0x002EF5AC; 0x002EF5B0; 0x002EF5B4,,48,0,compiled descriptor; no assertion spawned or active,current verified module text base + RVA
3,Kalidon,TriggerCollection,Pieges et mecanismes,0x002EF5B4,0x002EF628,0x001DE890,0x001DE890,3,0x001998B0; 0x001998B8; 0x001998C0,0x002EF62C; 0x002EF630; 0x002EF634,TriggerLink triggers[ 14 ];,0,0,compiled descriptor; no assertion spawned or active,current verified module text base + RVA
3,Kalidon,TripleWaveBeacon,Autres objets et controleurs,0x002EF628,0x002EF69C,0x001DE8A8,0x001DE8A8,3,0x00199DB8; 0x00199F68; 0x00199F9C,0x002EF6A0; 0x002EF6A4; 0x002EF6A8,,27,2,compiled descriptor; no assertion spawned or active,current verified module text base + RVA
3,Kalidon,vendor,Autres objets et controleurs,0x002EF6D4,0x002EF748,0x001DE8C0,0x001DE8C0,3,0x0019A244; 0x0019A40C; 0x0019A470,0x002EF74C; 0x002EF750; 0x002EF754,u32 lastAnimPlayed; u32 vendorType; Toggle bSellsWeapons; u8 pad[ 7 ];,17,0,compiled descriptor; no assertion spawned or active,current verified module text base + RVA
3,Kalidon,Wrench,Autres objets et controleurs,0x002EF8E0,0x002EF954,0x001DE8C8,0x001DE8C8,3,0x0019A7EC; 0x0019A8C0; 0x0019ACFC,0x002EF958; 0x002EF95C; 0x002EF960,,2,0,compiled descriptor; no assertion spawned or active,current verified module text base + RVA
4,Metalis,Acidbomb,"Armes, projectiles et degats",0x002DFAC0,0x002DFB34,0x001D95C0,0x001D95C0,3,0x0010E2EC; 0x0010E2FC; 0x0010EC64,0x002DFB38; 0x002DFB3C; 0x002DFB40,,35,0,compiled descriptor; no assertion spawned or active,current verified module text base + RVA
4,Metalis,AcidbombEpoxy,"Armes, projectiles et degats",0x002DFB48,0x002DFBBC,0x001D95E8,0x001D95E8,3,0x001100A8; 0x001100B0; 0x00110138,0x002DFBC0; 0x002DFBC4; 0x002DFBC8,,5,0,compiled descriptor; no assertion spawned or active,current verified module text base + RVA
4,Metalis,AcidGloveHUD,"Armes, projectiles et degats",0x002DFBA8,0x002DFC1C,0x001D95F8,0x001D95F8,3,0x00110640; 0x00110648; 0x00110650,0x002DFC20; 0x002DFC24; 0x002DFC28,,0,0,compiled descriptor; no assertion spawned or active,current verified module text base + RVA
4,Metalis,AgentController,"Armes, projectiles et degats",0x002DFC08,0x002DFC7C,0x001D9608,0x001D9608,3,0x00110658; 0x00110748; 0x00110900,0x002DFC80; 0x002DFC84; 0x002DFC88,,6,0,compiled descriptor; no assertion spawned or active,current verified module text base + RVA
4,Metalis,AgentOfDoom,"Armes, projectiles et degats",0x002DFF5C,0x002DFFD0,0x001D96E0,0x001D96E0,4,0x00110F50; 0x0011102C; 0x001110EC; 0x0011140C,0x002DFFD4; 0x002DFFD8; 0x002DFFDC; 0x002DFFE0,,21,1,compiled descriptor; no assertion spawned or active,current verified module text base + RVA
4,Metalis,AgentOfDoomShrapnel,"Armes, projectiles et degats",0x002E003C,0x002E00B0,0x001D9768,0x001D9768,3,0x00115B24; 0x00115B2C; 0x00115B34,0x002E00B4; 0x002E00B8; 0x002E00BC,,31,0,compiled descriptor; no assertion spawned or active,current verified module text base + RVA
4,Metalis,AgentsBomb,"Armes, projectiles et degats",0x002E0178,0x002E01EC,0x001D9780,0x001D9780,3,0x00115E34; 0x00115E3C; 0x00115E44,0x002E01F0; 0x002E01F4; 0x002E01F8,,19,0,compiled descriptor; no assertion spawned or active,current verified module text base + RVA
4,Metalis,AgentsGlove,"Armes, projectiles et degats",0x002E0210,0x002E0284,0x001D9790,0x001D9790,3,0x001173D0; 0x0011745C; 0x00117488,0x002E0288; 0x002E028C; 0x002E0290,,8,2,compiled descriptor; no assertion spawned or active,current verified module text base + RVA
4,Metalis,AgentsGrenade,"Armes, projectiles et degats",0x002E02BC,0x002E0330,0x001D97A0,0x001D97A0,3,0x00117958; 0x00117A48; 0x00117EFC,0x002E0334; 0x002E0338; 0x002E033C,,33,2,compiled descriptor; no assertion spawned or active,current verified module text base + RVA
4,Metalis,AgentsLaser,"Armes, projectiles et degats",0x002E0364,0x002E03D8,0x001D9828,0x001D9828,3,0x00118478; 0x00118780; 0x00118834,0x002E03DC; 0x002E03E0; 0x002E03E4,,17,0,compiled descriptor; no assertion spawned or active,current verified module text base + RVA
4,Metalis,AgentsRocket,"Armes, projectiles et degats",0x002E0458,0x002E04CC,0x001D9900,0x001D9900,3,0x00119240; 0x00119304; 0x00119384,0x002E04D0; 0x002E04D4; 0x002E04D8,,26,1,compiled descriptor; no assertion spawned or active,current verified module text base + RVA
4,Metalis,ArenaController,Autres objets et controleurs,0x002E0928,0x002E099C,0x001D9988,0x001D9988,3,0x00119F8C; 0x00119F9C; 0x0011A4E4,0x002E09A0; 0x002E09A4; 0x002E09A8,MobyLink arenaChallenge[ 7 ]; u32 challengeCount; MobyLink dayNightController; MobyLink newMusic; Toggle locked; u8 pad[ 7 ];,0,0,compiled descriptor; no assertion spawned or active,current verified module text base + RVA
4,Metalis,ArmorHelmet,Autres objets et controleurs,0x002E09A8,0x002E0A1C,0x001D9AA0,0x001D9AA0,3,0x0011AD1C; 0x0011AD24; 0x0011AD2C,0x002E0A20; 0x002E0A24; 0x002E0A28,,0,0,compiled descriptor; no assertion spawned or active,current verified module text base + RVA
4,Metalis,ArmorLeftFoot,Autres objets et controleurs,0x002E0A08,0x002E0A7C,0x001D9AB0,0x001D9AB0,3,0x0011AD34; 0x0011AD3C; 0x0011AD44,0x002E0A80; 0x002E0A84; 0x002E0A88,,0,0,compiled descriptor; no assertion spawned or active,current verified module text base + RVA
4,Metalis,ArmorLeftHand,Autres objets et controleurs,0x002E0A78,0x002E0AEC,0x001D9AC0,0x001D9AC0,3,0x0011AD4C; 0x0011AD54; 0x0011AD5C,0x002E0AF0; 0x002E0AF4; 0x002E0AF8,u32 pad[ 4 ];,0,0,compiled descriptor; no assertion spawned or active,current verified module text base + RVA
4,Metalis,ArmorRightFoot,Autres objets et controleurs,0x002E0AD8,0x002E0B4C,0x001D9AD0,0x001D9AD0,3,0x0011AD64; 0x0011AD6C; 0x0011AD74,0x002E0B50; 0x002E0B54; 0x002E0B58,,0,0,compiled descriptor; no assertion spawned or active,current verified module text base + RVA
4,Metalis,ArmorRightHand,Autres objets et controleurs,0x002E0B48,0x002E0BBC,0x001D9AE0,0x001D9AE0,3,0x0011AD7C; 0x0011AD84; 0x0011AD8C,0x002E0BC0; 0x002E0BC4; 0x002E0BC8,u32 pad[ 4 ];,0,0,compiled descriptor; no assertion spawned or active,current verified module text base + RVA
4,Metalis,ArmorTorso,Vehicules et minijeux,0x002E0BA8,0x002E0C1C,0x001D9AF0,0x001D9AF0,3,0x0011AD94; 0x0011AD9C; 0x0011ADA4,0x002E0C20; 0x002E0C24; 0x002E0C28,,0,0,compiled descriptor; no assertion spawned or active,current verified module text base + RVA
4,Metalis,BeeMine,"Armes, projectiles et degats",0x002E0C8C,0x002E0D00,0x001D9B00,0x001D9B00,4,0x0011B444; 0x0011B454; 0x0011B834; 0x0011B52C,0x002E0D04; 0x002E0D08; 0x002E0D0C; 0x002E0D10,,2,0,compiled descriptor; no assertion spawned or active,current verified module text base + RVA
4,Metalis,BeeMineGlove,"Armes, projectiles et degats",0x002E0D58,0x002E0DCC,0x001D9B30,0x001D9B30,3,0x0011D210; 0x0011D398; 0x0011D3C4,0x002E0DD0; 0x002E0DD4; 0x002E0DD8,,2,0,compiled descriptor; no assertion spawned or active,current verified module text base + RVA
4,Metalis,BeeMineGloveHUD,"Armes, projectiles et degats",0x002E0DB8,0x002E0E2C,0x001D9B40,0x001D9B40,3,0x0011D9E4; 0x0011D9EC; 0x0011D9F4,0x002E0E30; 0x002E0E34; 0x002E0E38,,0,0,compiled descriptor; no assertion spawned or active,current verified module text base + RVA
4,Metalis,BeeMineShrapnel,"Armes, projectiles et degats",0x002E0E84,0x002E0EF8,0x001D9B50,0x001D9B50,3,0x0011DD2C; 0x0011DD34; 0x0011DD3C,0x002E0EFC; 0x002E0F00; 0x002E0F04,,31,0,compiled descriptor; no assertion spawned or active,current verified module text base + RVA
4,Metalis,Blaster,"Armes, projectiles et degats",0x002E0F74,0x002E0FE8,0x001D9B60,0x001D9B60,3,0x0011DDB4; 0x0011DF10; 0x0011E434,0x002E0FEC; 0x002E0FF0; 0x002E0FF4,,53,3,compiled descriptor; no assertion spawned or active,current verified module text base + RVA
4,Metalis,BlasterAkimbo,"Armes, projectiles et degats",0x002E0FE0,0x002E1054,0x001D9B68,0x001D9B68,3,0x0011F414; 0x0011F498; 0x0011F4C8,0x002E1058; 0x002E105C; 0x002E1060,,21,2,compiled descriptor; no assertion spawned or active,current verified module text base + RVA
4,Metalis,BlasterShot,"Armes, projectiles et degats",0x002E1054,0x002E10C8,0x001D9B78,0x001D9B78,3,0x0011F798; 0x0011F7C0; 0x0011FB64,0x002E10CC; 0x002E10D0; 0x002E10D4,,28,2,compiled descriptor; no assertion spawned or active,current verified module text base + RVA
4,Metalis,BlitzGun,"Armes, projectiles et degats",0x002E14B4,0x002E1528,0x001D9B88,0x001D9B88,3,0x00121A30; 0x00121B8C; 0x00121FE4,0x002E152C; 0x002E1530; 0x002E1534,,40,1,compiled descriptor; no assertion spawned or active,current verified module text base + RVA
4,Metalis,BlitzGunShot,"Armes, projectiles et degats",0x002E1644,0x002E16B8,0x001D9B98,0x001D9B98,3,0x00123A78; 0x00123A80; 0x00123C1C,0x002E16BC; 0x002E16C0; 0x002E16C4,,21,2,compiled descriptor; no assertion spawned or active,current verified module text base + RVA
4,Metalis,Bolt,"Caisses, pickups et bonus",0x002E16A8,0x002E171C,0x001D9BA8,0x001D9BA8,2,0x0012472C; 0x00124734,0x002E1720; 0x002E1724,,0,0,compiled descriptor; no assertion spawned or active,current verified module text base + RVA
4,Metalis,BoltController,"Caisses, pickups et bonus",0x002E199C,0x002E1A10,0x001D9BF0,0x001D9BF0,3,0x00127CB4; 0x00127EE8; 0x00127F0C,0x002E1A14; 0x002E1A18; 0x002E1A1C,u32 boltAmnt; u32 boltAmountReplay; u32 pad[ 2 ];,0,0,compiled descriptor; no assertion spawned or active,current verified module text base + RVA
4,Metalis,BoltGrabber,"Caisses, pickups et bonus",0x002E1A18,0x002E1A8C,0x001D9CA0,0x001D9CA0,3,0x001282A8; 0x001282B0; 0x001282B8,0x002E1A90; 0x002E1A94; 0x002E1A98,,0,0,compiled descriptor; no assertion spawned or active,current verified module text base + RVA
4,Metalis,Bombglove,"Armes, projectiles et degats",0x002E1ADC,0x002E1B50,0x001D9CB0,0x001D9CB0,3,0x001282C0; 0x00128398; 0x00128848,0x002E1B54; 0x002E1B58; 0x002E1B5C,,17,0,compiled descriptor; no assertion spawned or active,current verified module text base + RVA
4,Metalis,BotFlingerArm,"Joueur, acteurs et accessoires",0x002E1B40,0x002E1BB4,0x001D9CC0,0x001D9CC0,3,0x00128DB8; 0x00128E5C; 0x00128E90,0x002E1BB8; 0x002E1BBC; 0x002E1BC0,,18,1,compiled descriptor; no assertion spawned or active,current verified module text base + RVA
4,Metalis,BoxBreaker,"Caisses, pickups et bonus",0x002E1BD8,0x002E1C4C,0x001D9D60,0x001D9D60,3,0x00129FF8; 0x0012A000; 0x0012A008,0x002E1C50; 0x002E1C54; 0x002E1C58,,0,0,compiled descriptor; no assertion spawned or active,current verified module text base + RVA
4,Metalis,BoxBreakerHelp,"Caisses, pickups et bonus",0x002E1C38,0x002E1CAC,0x001D9D70,0x001D9D70,3,0x0012A094; 0x0012A09C; 0x0012A0A4,0x002E1CB0; 0x002E1CB4; 0x002E1CB8,,5,0,compiled descriptor; no assertion spawned or active,current verified module text base + RVA
4,Metalis,ChameleonDecoy,Autres objets et controleurs,0x002E1D8C,0x002E1E00,0x001D9D90,0x001D9D90,4,0x0012A370; 0x0012A378; 0x0012A390; 0x0012A418,0x002E1E04; 0x002E1E08; 0x002E1E0C; 0x002E1E10,,7,1,compiled descriptor; no assertion spawned or active,current verified module text base + RVA
4,Metalis,ClankBotFlingerVehicle,Vehicules et minijeux,0x002E1EA8,0x002E1F1C,0x001D9DA0,0x001D9DA0,4,0x0012A518; 0x0012A668; 0x0012AAE8; 0x0012A6A0,0x002E1F20; 0x002E1F24; 0x002E1F28; 0x002E1F2C,MobyLink vehicleController; u32 pad[ 3 ];,23,1,compiled descriptor; no assertion spawned or active,current verified module text base + RVA
4,Metalis,ClankBotShrapnel,"Joueur, acteurs et accessoires",0x002E1FB4,0x002E2028,0x001D9E80,0x001D9E80,3,0x0012B15C; 0x0012B164; 0x0012B16C,0x002E202C; 0x002E2030; 0x002E2034,,31,0,compiled descriptor; no assertion spawned or active,current verified module text base + RVA
4,Metalis,ClankChallengeMenu,"Joueur, acteurs et accessoires",0x002E2044,0x002E20B8,0x001D9E98,0x001D9E98,3,0x0012B4EC; 0x0012B544; 0x0012B54C,0x002E20BC; 0x002E20C0; 0x002E20C4,MobyLink arenaController[ 3 ]; u32 pad;,0,0,compiled descriptor; no assertion spawned or active,current verified module text base + RVA
4,Metalis,ClankElectroTorso,Vehicules et minijeux,0x002E2130,0x002E21A4,0x001D9EB0,0x001D9EB0,4,0x0012B844; 0x0012B9BC; 0x0012BEB0; 0x0012BA2C,0x002E21A8; 0x002E21AC; 0x002E21B0; 0x002E21B4,MobyLink vehicleController; u32 pad[ 3 ];,65,6,compiled descriptor; no assertion spawned or active,current verified module text base + RVA
4,Metalis,ClankForShipAnim,"Joueur, acteurs et accessoires",0x002E21B8,0x002E222C,0x001D9F40,0x001D9F40,3,0x0012C260; 0x0012C268; 0x0012C270,0x002E2230; 0x002E2234; 0x002E2238,u32 pad[ 4 ];,0,0,compiled descriptor; no assertion spawned or active,current verified module text base + RVA
4,Metalis,ClankHead,"Joueur, acteurs et accessoires",0x002E2218,0x002E228C,0x001D9F58,0x001D9F58,3,0x0012C278; 0x0012C280; 0x0012C288,0x002E2290; 0x002E2294; 0x002E2298,,0,0,compiled descriptor; no assertion spawned or active,current verified module text base + RVA
4,Metalis,ClankPack,"Joueur, acteurs et accessoires",0x002E2278,0x002E22EC,0x001D9F68,0x001D9F68,3,0x0012C290; 0x0012C2C0; 0x0012C2C8,0x002E22F0; 0x002E22F4; 0x002E22F8,,2,0,compiled descriptor; no assertion spawned or active,current verified module text base + RVA
4,Metalis,ClankPlr,"Joueur, acteurs et accessoires",0x002E22FC,0x002E2370,0x001D9F78,0x001D9F78,4,0x0012C2EC; 0x0012C338; 0x0012C340; 0x0012C348,0x002E2374; 0x002E2378; 0x002E237C; 0x002E2380,MobyLink levelMusic; u32 pad[ 3 ];,10,0,compiled descriptor; no assertion spawned or active,current verified module text base + RVA
4,Metalis,ClankRamTorso,Vehicules et minijeux,0x002E23B8,0x002E242C,0x001D9F88,0x001D9F88,4,0x0012C3FC; 0x0012C544; 0x0012C5C0; 0x0012C850,0x002E2430; 0x002E2434; 0x002E2438; 0x002E243C,MobyLink vehicleController; u32 pad[ 3 ];,62,6,compiled descriptor; no assertion spawned or active,current verified module text base + RVA
4,Metalis,ClankSawTorso,Vehicules et minijeux,0x002E2480,0x002E24F4,0x001DA010,0x001DA010,4,0x0012CDE4; 0x0012CF2C; 0x0012CF94; 0x0012D228,0x002E24F8; 0x002E24FC; 0x002E2500; 0x002E2504,MobyLink vehicleController; u32 pad[ 3 ];,61,7,compiled descriptor; no assertion spawned or active,current verified module text base + RVA
4,Metalis,ContinuePoint,Autres objets et controleurs,0x002E2524,0x002E2598,0x001DA098,0x001DA098,3,0x0012D804; 0x0012D828; 0x0012D830,0x002E259C; 0x002E25A0; 0x002E25A4,TriggerLink activateTrigger; u8 index;,0,0,compiled descriptor; no assertion spawned or active,current verified module text base + RVA
4,Metalis,ConveyorBelt,Autres objets et controleurs,0x002E25D0,0x002E2644,0x001DA0A8,0x001DA0A8,3,0x0012D948; 0x0012DAD8; 0x0012DAE0,0x002E2648; 0x002E264C; 0x002E2650,CurveLink conveyorCurve; f32 speed; f32 width; u32 soundSig;,8,0,compiled descriptor; no assertion spawned or active,current verified module text base + RVA
4,Metalis,CowBell,Autres objets et controleurs,0x002E266C,0x002E26E0,0x001DA0B8,0x001DA0B8,3,0x0012E0EC; 0x0012E0F4; 0x0012E0FC,0x002E26E4; 0x002E26E8; 0x002E26EC,,31,0,compiled descriptor; no assertion spawned or active,current verified module text base + RVA
4,Metalis,Crate,"Caisses, pickups et bonus",0x002E271C,0x002E2790,0x001DA0C0,0x001DA0C0,4,0x0012E234; 0x0012E23C; 0x0012E324; 0x0012E244,0x002E2794; 0x002E2798; 0x002E279C; 0x002E27A0,Moby *pCrateBelow; f32 velocityY; f32 fallDistance; f32 distFallen;,15,0,compiled descriptor; no assertion spawned or active,current verified module text base + RVA
4,Metalis,CrateChunk,"Caisses, pickups et bonus",0x002E2780,0x002E27F4,0x001DA0C8,0x001DA0C8,2,0x0012E32C; 0x0012E334,0x002E27F8; 0x002E27FC,,0,0,compiled descriptor; no assertion spawned or active,current verified module text base + RVA
4,Metalis,CrateChunkController,"Caisses, pickups et bonus",0x002E2980,0x002E29F4,0x001DA0D8,0x001DA0D8,2,0x0012E990; 0x0012E998,0x002E29F8; 0x002E29FC,,0,0,compiled descriptor; no assertion spawned or active,current verified module text base + RVA
4,Metalis,CrossbowGun,"Armes, projectiles et degats",0x002E2A9C,0x002E2B10,0x001DA178,0x001DA178,3,0x0012E9A0; 0x0012EA8C; 0x0012EC6C,0x002E2B14; 0x002E2B18; 0x002E2B1C,,33,3,compiled descriptor; no assertion spawned or active,current verified module text base + RVA
4,Metalis,CrossbowShot,"Armes, projectiles et degats",0x002E2C7C,0x002E2CF0,0x001DA1B0,0x001DA1B0,3,0x0012F2BC; 0x0012F2C4; 0x00130804,0x002E2CF4; 0x002E2CF8; 0x002E2CFC,,63,4,compiled descriptor; no assertion spawned or active,current verified module text base + RVA
4,Metalis,CrystalGroundShard,Autres objets et controleurs,0x002E2D98,0x002E2E0C,0x001DA1C0,0x001DA1C0,3,0x001316F8; 0x0013193C; 0x00131B80,0x002E2E10; 0x002E2E14; 0x002E2E18,,33,1,compiled descriptor; no assertion spawned or active,current verified module text base + RVA
4,Metalis,DamageSphere,Autres objets et controleurs,0x002E2E24,0x002E2E98,0x001DA1D8,0x001DA1D8,3,0x001322A0; 0x001322A8; 0x001322B0,0x002E2E9C; 0x002E2EA0; 0x002E2EA4,float radius; float damage; u32 pad[ 2 ];,0,0,compiled descriptor; no assertion spawned or active,current verified module text base + RVA
4,Metalis,DeathTrigger,Pieges et mecanismes,0x002E2EE8,0x002E2F5C,0x001DA1E8,0x001DA1E8,3,0x0013238C; 0x001323EC; 0x001323F4,0x002E2F60; 0x002E2F64; 0x002E2F68,MobyLink killAreas; MobyLink ignoreAreas; Toggle killHeroInTriggers; f32 minYHeight; u8 pad[3];,7,0,compiled descriptor; no assertion spawned or active,current verified module text base + RVA
4,Metalis,DerbyCrateHealth,Vehicules et minijeux,0x002E2F48,0x002E2FBC,0x001DA1F8,0x001DA1F8,4,0x00132568; 0x0013277C; 0x00132798; 0x001327B4,0x002E2FC0; 0x002E2FC4; 0x002E2FC8; 0x002E2FCC,,20,0,compiled descriptor; no assertion spawned or active,current verified module text base + RVA
4,Metalis,DerbyCratePowerup,Vehicules et minijeux,0x002E34C8,0x002E353C,0x001DA2C0,0x001DA2C0,4,0x00132FBC; 0x00132FF0; 0x0013300C; 0x00133014,0x002E3540; 0x002E3544; 0x002E3548; 0x002E354C,,13,0,compiled descriptor; no assertion spawned or active,current verified module text base + RVA
4,Metalis,DerbyPowerup,Vehicules et minijeux,0x002E3590,0x002E3604,0x001DA2D8,0x001DA2D8,3,0x00133060; 0x00133094; 0x0013309C,0x002E3608; 0x002E360C; 0x002E3610,,36,1,compiled descriptor; no assertion spawned or active,current verified module text base + RVA
4,Metalis,DerbyPowerupHealth,Vehicules et minijeux,0x002E35F0,0x002E3664,0x001DA2E8,0x001DA2E8,3,0x00133EE0; 0x00133F54; 0x00133F70,0x002E3668; 0x002E366C; 0x002E3670,,17,5,compiled descriptor; no assertion spawned or active,current verified module text base + RVA
4,Metalis,DerbyTeleporterHealth,Vehicules et minijeux,0x002E37C8,0x002E383C,0x001DA300,0x001DA300,3,0x0013561C; 0x0013563C; 0x00135644,0x002E3840; 0x002E3844; 0x002E3848,,0,0,compiled descriptor; no assertion spawned or active,current verified module text base + RVA
4,Metalis,DerbyTeleporterPowerup,Vehicules et minijeux,0x002E3878,0x002E38EC,0x001DA318,0x001DA318,3,0x00135B5C; 0x00135B84; 0x00135B8C,0x002E38F0; 0x002E38F4; 0x002E38F8,,0,0,compiled descriptor; no assertion spawned or active,current verified module text base + RVA
4,Metalis,DestructionDerby,Vehicules et minijeux,0x002E394C,0x002E39C0,0x001DA330,0x001DA330,3,0x001360C8; 0x00136214; 0x001362EC,0x002E39C4; 0x002E39C8; 0x002E39CC,MobyLink vehicleController; MobyLink resetMobys; s32 movieNumber; s32 movieHandle;,2,0,compiled descriptor; no assertion spawned or active,current verified module text base + RVA
4,Metalis,DualBlasterHUD,"Armes, projectiles et degats",0x002E39C8,0x002E3A3C,0x001DA3F8,0x001DA3F8,3,0x00136650; 0x00136658; 0x00136660,0x002E3A40; 0x002E3A44; 0x002E3A48,,0,0,compiled descriptor; no assertion spawned or active,current verified module text base + RVA
4,Metalis,electricXplo,Autres objets et controleurs,0x002E3A64,0x002E3AD8,0x001DA408,0x001DA408,3,0x00137100; 0x00136E54; 0x00136E5C,0x002E3ADC; 0x002E3AE0; 0x002E3AE4,f32 lengths[24]; VEC3 normals[18]; f32 timer; s32 scroll;,14,2,compiled descriptor; no assertion spawned or active,current verified module text base + RVA
4,Metalis,ElectroBall,Autres objets et controleurs,0x002E3C38,0x002E3CAC,0x001DA488,0x001DA488,3,0x001389E8; 0x00138A58; 0x00138A9C,0x002E3CB0; 0x002E3CB4; 0x002E3CB8,,19,3,compiled descriptor; no assertion spawned or active,current verified module text base + RVA
4,Metalis,ElectroshockWave,Autres objets et controleurs,0x002E3D44,0x002E3DB8,0x001DA498,0x001DA498,3,0x001396E0; 0x001396E8; 0x0013A1C0,0x002E3DBC; 0x002E3DC0; 0x002E3DC4,,14,3,compiled descriptor; no assertion spawned or active,current verified module text base + RVA
4,Metalis,EnemyBotFlingerVehicle,Vehicules et minijeux,0x002E3E28,0x002E3E9C,0x001DA4B0,0x001DA4B0,4,0x0013A59C; 0x0013A750; 0x0013B938; 0x0013A788,0x002E3EA0; 0x002E3EA4; 0x002E3EA8; 0x002E3EAC,MobyLink vehicleController; s32 headType; u32 pad[ 2 ];,33,0,compiled descriptor; no assertion spawned or active,current verified module text base + RVA
4,Metalis,EnemyController,Ennemis et boss,0x002E4080,0x002E40F4,0x001DA5F0,0x001DA5F0,3,0x0013BC7C; 0x0013BE88; 0x0013C0C8,0x002E40F8; 0x002E40FC; 0x002E4100,TriggerLink updateArea; TriggerLink updateArea2; TriggerLink destroyTrigger; f32 firstWaveDist; f32 secondWaveDist; Toggle envColl; u8 attackingMax; Toggle destroyControllerToo; u8 pad[ 9 ];,79,1,compiled descriptor; no assertion spawned or active,current verified module text base + RVA
4,Metalis,EnemyElectroTorso,Vehicules et minijeux,0x002E4184,0x002E41F8,0x001DA790,0x001DA790,4,0x0013EA1C; 0x0013EC08; 0x0013F488; 0x0013EC90,0x002E41FC; 0x002E4200; 0x002E4204; 0x002E4208,MobyLink vehicleController; s32 headType; u32 pad[ 2 ];,59,6,compiled descriptor; no assertion spawned or active,current verified module text base + RVA
4,Metalis,EnemyHead,Ennemis et boss,0x002E4244,0x002E42B8,0x001DA888,0x001DA888,3,0x0013F864; 0x0013F874; 0x0013F87C,0x002E42BC; 0x002E42C0; 0x002E42C4,,31,0,compiled descriptor; no assertion spawned or active,current verified module text base + RVA
4,Metalis,EnemyRamTorso,Vehicules et minijeux,0x002E4354,0x002E43C8,0x001DA898,0x001DA898,4,0x0013FC24; 0x0013FE10; 0x00140878; 0x0013FEA4,0x002E43CC; 0x002E43D0; 0x002E43D4; 0x002E43D8,MobyLink vehicleController; s32 headType; u32 pad[ 2 ];,58,6,compiled descriptor; no assertion spawned or active,current verified module text base + RVA
4,Metalis,EnemySawTorso,Vehicules et minijeux,0x002E4424,0x002E4498,0x001DA980,0x001DA980,4,0x00140CD4; 0x00140E54; 0x001416C4; 0x00140ED4,0x002E449C; 0x002E44A0; 0x002E44A4; 0x002E44A8,MobyLink vehicleController; u32 pad[ 3 ];,56,7,compiled descriptor; no assertion spawned or active,current verified module text base + RVA
4,Metalis,ExplosiveBee,Autres objets et controleurs,0x002E4624,0x002E4698,0x001DAA48,0x001DAA48,3,0x00141AC4; 0x00141B6C; 0x00142A14,0x002E469C; 0x002E46A0; 0x002E46A4,,9,2,compiled descriptor; no assertion spawned or active,current verified module text base + RVA
4,Metalis,Fire,"Effets, particules et environnement",0x002E48F4,0x002E4968,0x001DAAA0,0x001DAAA0,3,0x00143B0C; 0x00143C80; 0x00143D80,0x002E496C; 0x002E4970; 0x002E4974,TriggerLink activeArea; TriggerLink damageArea; f32 damage; Toggle sound; u8 pad[ 3 ];,12,0,compiled descriptor; no assertion spawned or active,current verified module text base + RVA
4,Metalis,Flamethrower,"Armes, projectiles et degats",0x002E4A38,0x002E4AAC,0x001DAB30,0x001DAB30,3,0x001441C8; 0x00144344; 0x00145154,0x002E4AB0; 0x002E4AB4; 0x002E4AB8,,12,2,compiled descriptor; no assertion spawned or active,current verified module text base + RVA
4,Metalis,FlyingCarLightweightDirectional,Autres objets et controleurs,0x002E4D28,0x002E4D9C,0x001DAB40,0x001DAB40,3,0x00147794; 0x00147988; 0x00147990,0x002E4DA0; 0x002E4DA4; 0x002E4DA8,f32 speed; f32 distance; f32 fadeDist; u8 pad8a; u8 reverse; u8 lanes; u8 pad8; f32 spawnXMod; f32 spawnYMod; VEC3 posVariAmp; VEC3 posVariRate; f32 scale; u32 numShips; f32 spawnRate; Toggle DistantShip1; Toggle DistantShip2; Toggle DistantShip3; Toggle PODCopter; Toggle ShuttleCruiser; Toggle Dragonfly; Toggle pad[15] ;,7,1,compiled descriptor; no assertion spawned or active,current verified module text base + RVA
4,Metalis,FlyingCarLightweightOrbit,Autres objets et controleurs,0x002E4F50,0x002E4FC4,0x001DACA0,0x001DACA0,3,0x00148850; 0x00148A2C; 0x00148A34,0x002E4FC8; 0x002E4FCC; 0x002E4FD0,f32 speed; f32 radius; f32 fadeDist; u8 pad8a; u8 spawnRadiusMod; u8 reverse; u8 lanes; f32 spawnYMod; VEC3 posVariAmp; VEC3 posVariRate; u32 numShips; f32 spawnRate; f32 scale; f32 startAngle; f32 endAngle; Toggle DistantShip1; Toggle DistantShip2; Toggle DistantShip3; Toggle PODCopter; Toggle ShuttleCruiser; Toggle pad[11] ;,6,1,compiled descriptor; no assertion spawned or active,current verified module text base + RVA
4,Metalis,FogMoby,Autres objets et controleurs,0x002E50D4,0x002E5148,0x001DADE0,0x001DADE0,3,0x0014933C; 0x001493DC; 0x001493E4,0x002E514C; 0x002E5150; 0x002E5154,TriggerLink region; f32 Side1FogStart; f32 Side1FogEnd; u8 Side1Red; u8 Side1Green; u8 Side1Blue; u8 padAlpha1; f32 Side2FogStart; f32 Side2FogEnd; u8 Side2Red; u8 Side2Green; u8 Side2Blue; u8 padAlpha2; u32 pad[ 1 ];,1,0,compiled descriptor; no assertion spawned or active,current verified module text base + RVA
4,Metalis,GenericTieForm,Autres objets et controleurs,0x002E5148,0x002E51BC,0x001DAE50,0x001DAE50,3,0x00149934; 0x00149984; 0x001499B8,0x002E51C0; 0x002E51C4; 0x002E51C8,,6,0,compiled descriptor; no assertion spawned or active,current verified module text base + RVA
4,Metalis,GiantClankGrowthPad,Vehicules et minijeux,0x002E527C,0x002E52F0,0x001DAE60,0x001DAE60,3,0x00149CC8; 0x00149E78; 0x00149F80,0x002E52F4; 0x002E52F8; 0x002E52FC,u32 giantClankLevel; u32 growMovie; u32 shrinkMovie; Toggle startAsClank; u8 promptId; s16 movieIndex;,18,1,compiled descriptor; no assertion spawned or active,current verified module text base + RVA
4,Metalis,GravityCrystal,Autres objets et controleurs,0x002E52E0,0x002E5354,0x001DAE78,0x001DAE78,3,0x0014A7F4; 0x0014AA0C; 0x0014B384,0x002E5358; 0x002E535C; 0x002E5360,,40,3,compiled descriptor; no assertion spawned or active,current verified module text base + RVA
4,Metalis,HeadShrapnel,Autres objets et controleurs,0x002E5584,0x002E55F8,0x001DAE88,0x001DAE88,3,0x0014B780; 0x0014B794; 0x0014B79C,0x002E55FC; 0x002E5600; 0x002E5604,,48,0,compiled descriptor; no assertion spawned or active,current verified module text base + RVA
4,Metalis,Helipack,Autres objets et controleurs,0x002E55F4,0x002E5668,0x001DAE98,0x001DAE98,3,0x0014BD94; 0x0014BD9C; 0x0014BDA4,0x002E566C; 0x002E5670; 0x002E5674,,3,0,compiled descriptor; no assertion spawned or active,current verified module text base + RVA
4,Metalis,Hookshot,Autres objets et controleurs,0x002E5708,0x002E577C,0x001DAEA8,0x001DAEA8,3,0x0014BFA4; 0x0014C140; 0x0014C174,0x002E5780; 0x002E5784; 0x002E5788,CurveLink path; VEC3 pathPoint; f32 speed; f32 ropeLength; f32 range; u8 attached; u8 swing; u8 pathPointId; Toggle validIM; Toggle validDM; Toggle validCTF; u8 pad[14];,9,1,compiled descriptor; no assertion spawned or active,current verified module text base + RVA
4,Metalis,Hypershot,Gadgets et outils,0x002E5794,0x002E5808,0x001DAF20,0x001DAF20,3,0x0014C59C; 0x0014C638; 0x0014C6C0,0x002E580C; 0x002E5810; 0x002E5814,,13,0,compiled descriptor; no assertion spawned or active,current verified module text base + RVA
4,Metalis,IntroMovie,Autres objets et controleurs,0x002E5818,0x002E588C,0x001DAF38,0x001DAF38,3,0x0014C850; 0x0014C90C; 0x0014C914,0x002E5890; 0x002E5894; 0x002E5898,u32 fromLevel; u32 pad[ 3 ];,7,1,compiled descriptor; no assertion spawned or active,current verified module text base + RVA
4,Metalis,LaserTracer,"Armes, projectiles et degats",0x002E6DD4,0x002E6E48,0x001DAF48,0x001DAF48,3,0x001505B0; 0x001506A4; 0x0015082C,0x002E6E4C; 0x002E6E50; 0x002E6E54,,16,3,compiled descriptor; no assertion spawned or active,current verified module text base + RVA
4,Metalis,Level04ChallengeUnlocker,Autres objets et controleurs,0x002E6EFC,0x002E6F70,0x001DAF90,0x001DAF90,3,0x00156038; 0x00156120; 0x00156128,0x002E6F74; 0x002E6F78; 0x002E6F7C,MobyLink arenaController1; MobyLink arenaController2; u32 pad[ 2 ];,5,0,compiled descriptor; no assertion spawned or active,current verified module text base + RVA
4,Metalis,Level04Crane,Autres objets et controleurs,0x002E6FB8,0x002E702C,0x001DAFB0,0x001DAFB0,3,0x0015618C; 0x00156430; 0x00156C78,0x002E7030; 0x002E7034; 0x002E7038,TriggerLink arenaArea; TriggerLink shipArea; u32 pad[ 2 ];,21,2,compiled descriptor; no assertion spawned or active,current verified module text base + RVA
4,Metalis,Level04Crusher,Autres objets et controleurs,0x002E70AC,0x002E7120,0x001DB078,0x001DB078,3,0x00156E64; 0x00157084; 0x001577F8,0x002E7124; 0x002E7128; 0x002E712C,float timeOffset; u32 pad[3];,15,0,compiled descriptor; no assertion spawned or active,current verified module text base + RVA
4,Metalis,Level04HelpManager,Autres objets et controleurs,0x002E7144,0x002E71B8,0x001DB088,0x001DB088,3,0x00158034; 0x001580E8; 0x001580F0,0x002E71BC; 0x002E71C0; 0x002E71C4,MobyLink firstDestructionDerby; u32 pad[ 3 ];,2,0,compiled descriptor; no assertion spawned or active,current verified module text base + RVA
4,Metalis,Level04SecretDoor,Pieges et mecanismes,0x002E71EC,0x002E7260,0x001DB170,0x001DB170,3,0x001582D8; 0x001584E4; 0x00158548,0x002E7264; 0x002E7268; 0x002E726C,,36,0,compiled descriptor; no assertion spawned or active,current verified module text base + RVA
4,Metalis,Level04StartMoby,Autres objets et controleurs,0x002E7290,0x002E7304,0x001DB188,0x001DB188,3,0x001588AC; 0x001589F0; 0x001589F8,0x002E7308; 0x002E730C; 0x002E7310,MobyLink arenaController; MobyLink clankPlayer; u32 pad[ 3 ];,7,0,compiled descriptor; no assertion spawned or active,current verified module text base + RVA
4,Metalis,LevelMusic,Autres objets et controleurs,0x002E748C,0x002E7500,0x001DB248,0x001DB248,2,0x00158A80; 0x00158B60,0x002E7504; 0x002E7508,u32 songNumber; TriggerLink trigger; s32 continuePointMin; s32 continuePointMax; s32 levelNumber; u8 priority; u8 pad[ 7 ];,1,0,compiled descriptor; no assertion spawned or active,current verified module text base + RVA
4,Metalis,LightningAttack,Autres objets et controleurs,0x002E7508,0x002E757C,0x001DB268,0x001DB268,3,0x001591C8; 0x00159208; 0x00159648,0x002E7580; 0x002E7584; 0x002E7588,,12,1,compiled descriptor; no assertion spawned or active,current verified module text base + RVA
4,Metalis,MapOMaticGadget,Gadgets et outils,0x002E7568,0x002E75DC,0x001DB278,0x001DB278,3,0x00159AD0; 0x00159AD8; 0x00159AE0,0x002E75E0; 0x002E75E4; 0x002E75E8,,0,0,compiled descriptor; no assertion spawned or active,current verified module text base + RVA
4,Metalis,Microbot,Ennemis et boss,0x002E75F8,0x002E766C,0x001DB288,0x001DB288,3,0x00159AE8; 0x00159BD0; 0x0015A5E4,0x002E7670; 0x002E7674; 0x002E7678,,40,3,compiled descriptor; no assertion spawned or active,current verified module text base + RVA
4,Metalis,MicroBotSurvival,Ennemis et boss,0x002E7704,0x002E7778,0x001DB2E8,0x001DB2E8,3,0x0015B1B0; 0x0015B288; 0x0015B8BC,0x002E777C; 0x002E7780; 0x002E7784,MobyLink gameBoard; TriggerLink gameZone; f32 pad[2];,3,0,compiled descriptor; no assertion spawned or active,current verified module text base + RVA
4,Metalis,MicrobotToss,Ennemis et boss,0x002E7864,0x002E78D8,0x001DB3B8,0x001DB3B8,3,0x0015CA58; 0x0015CC40; 0x0015D16C,0x002E78DC; 0x002E78E0; 0x002E78E4,MobyLink botPads[ 4 ]; MobyLink bombPads[ 4 ]; MobyLink vehicleController; f32 arenaHeight; f32 deadlyFluidHeight; u16 botsToSpawn; u16 bombsToSpawn; MobyLink resetMobys; u32 goalsToWin; u32 pad[ 2 ];,2,0,compiled descriptor; no assertion spawned or active,current verified module text base + RVA
4,Metalis,MicrobotTossBomb,"Armes, projectiles et degats",0x002E7920,0x002E7994,0x001DB4B0,0x001DB4B0,4,0x0015D6A0; 0x0015D77C; 0x0015D7B0; 0x0015DA5C,0x002E7998; 0x002E799C; 0x002E79A0; 0x002E79A4,,22,1,compiled descriptor; no assertion spawned or active,current verified module text base + RVA
4,Metalis,MicrobotTossGoal,Ennemis et boss,0x002E79F0,0x002E7A64,0x001DB530,0x001DB530,3,0x0015E288; 0x0015E338; 0x0015E340,0x002E7A68; 0x002E7A6C; 0x002E7A70,,7,4,compiled descriptor; no assertion spawned or active,current verified module text base + RVA
4,Metalis,MicrobotTossTeleporter,Ennemis et boss,0x002E7A78,0x002E7AEC,0x001DB548,0x001DB548,3,0x0015EC00; 0x0015EC44; 0x0015ECA8,0x002E7AF0; 0x002E7AF4; 0x002E7AF8,,9,1,compiled descriptor; no assertion spawned or active,current verified module text base + RVA
4,Metalis,MobyCollection,"Caisses, pickups et bonus",0x002E7B48,0x002E7BBC,0x001DB5D0,0x001DB5D0,3,0x0015F0C0; 0x0015F0C8; 0x0015F0D0,0x002E7BC0; 0x002E7BC4; 0x002E7BC8,MobyLink mobys[ 8 ];,0,0,compiled descriptor; no assertion spawned or active,current verified module text base + RVA
4,Metalis,MobyIce,Autres objets et controleurs,0x002E7C3C,0x002E7CB0,0x001DB5E0,0x001DB5E0,3,0x0015F974; 0x0015F98C; 0x00160310,0x002E7CB4; 0x002E7CB8; 0x002E7CBC,,31,1,compiled descriptor; no assertion spawned or active,current verified module text base + RVA
4,Metalis,Mootator,"Armes, projectiles et degats",0x002E7F3C,0x002E7FB0,0x001DB5E8,0x001DB5E8,3,0x00160EB8; 0x00161108; 0x00162258,0x002E7FB4; 0x002E7FB8; 0x002E7FBC,,21,0,compiled descriptor; no assertion spawned or active,current verified module text base + RVA
4,Metalis,MutantCow,Autres objets et controleurs,0x002E7FD0,0x002E8044,0x001DB5F8,0x001DB5F8,4,0x001627C0; 0x00162944; 0x00162E70; 0x001AC4AC,0x002E8048; 0x002E804C; 0x002E8050; 0x002E8054,,29,1,compiled descriptor; no assertion spawned or active,current verified module text base + RVA
4,Metalis,MutantMadCow,Autres objets et controleurs,0x002E81A0,0x002E8214,0x001DB628,0x001DB628,4,0x001639D0; 0x00163B38; 0x00163F54; 0x001AC4AC,0x002E8218; 0x002E821C; 0x002E8220; 0x002E8224,,47,2,compiled descriptor; no assertion spawned or active,current verified module text base + RVA
4,Metalis,NapalmBubble,Autres objets et controleurs,0x002E8268,0x002E82DC,0x001DB638,0x001DB638,3,0x00164BC4; 0x00164BCC; 0x00164BD4,0x002E82E0; 0x002E82E4; 0x002E82E8,,8,1,compiled descriptor; no assertion spawned or active,current verified module text base + RVA
4,Metalis,ObstacleBouncer,Pieges et mecanismes,0x002E8320,0x002E8394,0x001DB648,0x001DB648,3,0x00165658; 0x0016568C; 0x001656F0,0x002E8398; 0x002E839C; 0x002E83A0,,1,0,compiled descriptor; no assertion spawned or active,current verified module text base + RVA
4,Metalis,ObstacleSaw,Pieges et mecanismes,0x002E83CC,0x002E8440,0x001DB658,0x001DB658,3,0x001659E8; 0x00165A1C; 0x00165A24,0x002E8444; 0x002E8448; 0x002E844C,,4,1,compiled descriptor; no assertion spawned or active,current verified module text base + RVA
4,Metalis,ObstacleSpinningFloor,Pieges et mecanismes,0x002E8490,0x002E8504,0x001DB6D0,0x001DB6D0,3,0x00165F8C; 0x00166008; 0x00166010,0x002E8508; 0x002E850C; 0x002E8510,,8,0,compiled descriptor; no assertion spawned or active,current verified module text base + RVA
4,Metalis,ObstacleVent,Pieges et mecanismes,0x002E85A0,0x002E8614,0x001DB6E8,0x001DB6E8,3,0x00166268; 0x00166314; 0x0016631C,0x002E8618; 0x002E861C; 0x002E8620,ShrubLink ventShrub; u32 pad[ 3 ];,0,0,compiled descriptor; no assertion spawned or active,current verified module text base + RVA
4,Metalis,ObstacleWall,Pieges et mecanismes,0x002E8678,0x002E86EC,0x001DB6F8,0x001DB6F8,3,0x00166CD0; 0x00166E50; 0x00166EB4,0x002E86F0; 0x002E86F4; 0x002E86F8,,2,0,compiled descriptor; no assertion spawned or active,current verified module text base + RVA
4,Metalis,PDA,Autres objets et controleurs,0x002E86F0,0x002E8764,0x001DB7B8,0x001DB7B8,3,0x00166EBC; 0x00166EC4; 0x00166ECC,0x002E8768; 0x002E876C; 0x002E8770,,0,0,compiled descriptor; no assertion spawned or active,current verified module text base + RVA
4,Metalis,Polarizer,Gadgets et outils,0x002E87FC,0x002E8870,0x001DB7C0,0x001DB7C0,3,0x00166F00; 0x001670BC; 0x00167C0C,0x002E8874; 0x002E8878; 0x002E887C,,34,0,compiled descriptor; no assertion spawned or active,current verified module text base + RVA
4,Metalis,PowerupAmmo,"Caisses, pickups et bonus",0x002E894C,0x002E89C0,0x001DB7D0,0x001DB7D0,3,0x00168B7C; 0x00168C48; 0x00168C50,0x002E89C4; 0x002E89C8; 0x002E89CC,VEC4 velocity; f32 fallDistance; f32 fadeAmnt; u8 ammoType; u8 ammoAmnt; u32 priority; u8 gain; u8 needSync;,48,1,compiled descriptor; no assertion spawned or active,current verified module text base + RVA
4,Metalis,PowerupHealth,"Caisses, pickups et bonus",0x002E8AA8,0x002E8B1C,0x001DB850,0x001DB850,3,0x0016A0F0; 0x0016A140; 0x0016A17C,0x002E8B20; 0x002E8B24; 0x002E8B28,Particle *pTrail[8]; Particle *pGlowParticle; Particle *pGlowParticle2; Particle *pSphereParticle; Particle *pSphereParticle2; Moby *pParent; VEC4 velocity; f32 bobCount; f32 goToTimer; f32 deathTimer; f32 fallDistance;,21,5,compiled descriptor; no assertion spawned or active,current verified module text base + RVA
4,Metalis,Ratchet,"Joueur, acteurs et accessoires",0x002E8C30,0x002E8CA4,0x001DB860,0x001DB860,4,0x0016B88C; 0x0016B8CC; 0x0016B8D4; 0x0016B8DC,0x002E8CA8; 0x002E8CAC; 0x002E8CB0; 0x002E8CB4,,15,0,compiled descriptor; no assertion spawned or active,current verified module text base + RVA
4,Metalis,RatchetDecoyInner,"Joueur, acteurs et accessoires",0x002E8D6C,0x002E8DE0,0x001DB8F8,0x001DB8F8,4,0x0016C7D4; 0x0016C7DC; 0x0016D54C; 0x0016C89C,0x002E8DE4; 0x002E8DE8; 0x002E8DEC; 0x002E8DF0,,18,2,compiled descriptor; no assertion spawned or active,current verified module text base + RVA
4,Metalis,RatchetDecoyOuter,"Joueur, acteurs et accessoires",0x002E8DE0,0x002E8E54,0x001DB910,0x001DB910,3,0x0016DA5C; 0x0016DA98; 0x0016DAA0,0x002E8E58; 0x002E8E5C; 0x002E8E60,,0,0,compiled descriptor; no assertion spawned or active,current verified module text base + RVA
4,Metalis,RatchetShip,"Joueur, acteurs et accessoires",0x002E8E40,0x002E8EB4,0x001DB928,0x001DB928,3,0x0016DABC; 0x0016DCAC; 0x0016DD10,0x002E8EB8; 0x002E8EBC; 0x002E8EC0,,17,0,compiled descriptor; no assertion spawned or active,current verified module text base + RVA
4,Metalis,RatchetShipAnimation,"Joueur, acteurs et accessoires",0x002E9168,0x002E91DC,0x001DB938,0x001DB938,3,0x0016E7B8; 0x0016E000; 0x0016ED54,0x002E91E0; 0x002E91E4; 0x002E91E8,CurveLink introShipPosCurve; CurveLink introCameraPosCurve; CurveLink outroShipPosCurve; CurveLink outroCameraPosCurve; MobyLink ship; f32 shipSpeedInit; f32 cameraSpeedInit; f32 shipRollAmount; VEC3 shipRotDamping; f32 shipRollAmountHover; VEC3 shipRotDampingHover; f32 cameraRollAmount; VEC3 cameraRotDamping; f32 hoverTime; f32 hoverPause; f32 shipSpeedChange; f32 cameraSpeedChange; VEC3 hoverPosDamping; f32 tiltFactor; f32 tiltInterpSpeed; f32 tiltReturnFactor; f32 tiltVelDamp; f32 tiltGroundThresh; f32 tiltLmaxi; f32 tiltRmaxi; f32 tiltFmaxi; f32 tiltBmaxi; VEC3 ratchetEndOffset; VEC3 cameraInAnimOffset; f32 cameraInAnimLookYOfs; VEC3 cameraOutAnimOffset; f32 cameraOutAnimLookYOfs; f32 pa,20,0,compiled descriptor; no assertion spawned or active,current verified module text base + RVA
4,Metalis,Region,Autres objets et controleurs,0x002E9464,0x002E94D8,0x001DBBE0,0x001DBBE0,3,0x00170CBC; 0x00170DB8; 0x00170DC0,0x002E94DC; 0x002E94E0; 0x002E94E4,Toggle groups[32]; TriggerLink zone; u32 pad[ 3 ];,2,0,compiled descriptor; no assertion spawned or active,current verified module text base + RVA
4,Metalis,Ryno,"Armes, projectiles et degats",0x002E9608,0x002E967C,0x001DBC50,0x001DBC50,3,0x00170DC8; 0x00170EA4; 0x00171544,0x002E9680; 0x002E9684; 0x002E9688,,36,1,compiled descriptor; no assertion spawned or active,current verified module text base + RVA
4,Metalis,RynoRocket,"Armes, projectiles et degats",0x002E96E4,0x002E9758,0x001DBC58,0x001DBC58,3,0x00171F48; 0x00171F64; 0x00171FB4,0x002E975C; 0x002E9760; 0x002E9764,,36,1,compiled descriptor; no assertion spawned or active,current verified module text base + RVA
4,Metalis,ShieldBubble,"Armes, projectiles et degats",0x002E9778,0x002E97EC,0x001DBC68,0x001DBC68,3,0x00172E70; 0x00172EF4; 0x00172EFC,0x002E97F0; 0x002E97F4; 0x002E97F8,,7,1,compiled descriptor; no assertion spawned or active,current verified module text base + RVA
4,Metalis,ShieldCharger,"Armes, projectiles et degats",0x002E9830,0x002E98A4,0x001DBC88,0x001DBC88,4,0x00174BCC; 0x0017428C; 0x00174FFC; 0x00175800,0x002E98A8; 0x002E98AC; 0x002E98B0; 0x002E98B4,,53,3,compiled descriptor; no assertion spawned or active,current verified module text base + RVA
4,Metalis,ShieldChargerBolt,"Armes, projectiles et degats",0x002E99D8,0x002E9A4C,0x001DBCB8,0x001DBCB8,3,0x00177660; 0x00177668; 0x001776AC,0x002E9A50; 0x002E9A54; 0x002E9A58,,13,1,compiled descriptor; no assertion spawned or active,current verified module text base + RVA
4,Metalis,ShockRocket,"Armes, projectiles et degats",0x002E9AD8,0x002E9B4C,0x001DBCD0,0x001DBCD0,3,0x00177A00; 0x00177AEC; 0x00177DD8,0x002E9B50; 0x002E9B54; 0x002E9B58,,22,2,compiled descriptor; no assertion spawned or active,current verified module text base + RVA
4,Metalis,ShockRocketShot,"Armes, projectiles et degats",0x002E9BC4,0x002E9C38,0x001DBCE0,0x001DBCE0,3,0x0017894C; 0x0017899C; 0x00178FA4,0x002E9C3C; 0x002E9C40; 0x002E9C44,,31,3,compiled descriptor; no assertion spawned or active,current verified module text base + RVA
4,Metalis,ShrapnelModel,Autres objets et controleurs,0x002E9C44,0x002E9CB8,0x001DBCF0,0x001DBCF0,3,0x00179DBC; 0x00179DC4; 0x00179DCC,0x002E9CBC; 0x002E9CC0; 0x002E9CC4,,0,0,compiled descriptor; no assertion spawned or active,current verified module text base + RVA
4,Metalis,ShrinkBeam,Gadgets et outils,0x002E9CF4,0x002E9D68,0x001DBD00,0x001DBD00,3,0x0017A1E8; 0x0017A1F0; 0x0017A8A4,0x002E9D6C; 0x002E9D70; 0x002E9D74,,4,0,compiled descriptor; no assertion spawned or active,current verified module text base + RVA
4,Metalis,ShrinkRayRatchet,Gadgets et outils,0x002E9D58,0x002E9DCC,0x001DBD10,0x001DBD10,3,0x0017B564; 0x0017B56C; 0x0017B574,0x002E9DD0; 0x002E9DD4; 0x002E9DD8,,0,0,compiled descriptor; no assertion spawned or active,current verified module text base + RVA
4,Metalis,SimpleSound,Camera et presentation,0x002E9DEC,0x002E9E60,0x001DBD28,0x001DBD28,3,0x0017B57C; 0x0017B6D4; 0x0017B6DC,0x002E9E64; 0x002E9E68; 0x002E9E6C,u32 soundSig; f32 minTime; f32 maxTime; u32 pad[1];,2,0,compiled descriptor; no assertion spawned or active,current verified module text base + RVA
4,Metalis,SmasherBot,Autres objets et controleurs,0x002EA0F0,0x002EA164,0x001DBDA0,0x001DBDA0,4,0x0017BA44; 0x0017BB9C; 0x0017C1C0; 0x0017BBC8,0x002EA168; 0x002EA16C; 0x002EA170; 0x002EA174,MobyLink vehicleController; u32 pad[ 3 ];,18,0,compiled descriptor; no assertion spawned or active,current verified module text base + RVA
4,Metalis,Spitfire,"Effets, particules et environnement",0x002EA1B0,0x002EA224,0x001DBE30,0x001DBE30,3,0x0017C8A4; 0x0017C8D8; 0x0017C8FC,0x002EA228; 0x002EA22C; 0x002EA230,,19,0,compiled descriptor; no assertion spawned or active,current verified module text base + RVA
4,Metalis,Splash,Autres objets et controleurs,0x002EA28C,0x002EA300,0x001DBE40,0x001DBE40,3,0x0017DC90; 0x0017DCD8; 0x0017DCE0,0x002EA304; 0x002EA308; 0x002EA30C,VEC2 pos; VEC2 velocity; const VEC3 *pPos; f32 startRadius; u16 uOffset; u8 owned; u8 pad;,8,0,compiled descriptor; no assertion spawned or active,current verified module text base + RVA
4,Metalis,Sproutomatic,Gadgets et outils,0x002EA374,0x002EA3E8,0x001DBE48,0x001DBE48,3,0x0017E2B8; 0x0017E360; 0x0017E398,0x002EA3EC; 0x002EA3F0; 0x002EA3F4,,10,0,compiled descriptor; no assertion spawned or active,current verified module text base + RVA
4,Metalis,StaticBarrierBelt,Autres objets et controleurs,0x002EA3D8,0x002EA44C,0x001DBE58,0x001DBE58,3,0x0017E95C; 0x0017E990; 0x0017E998,0x002EA450; 0x002EA454; 0x002EA458,,0,0,compiled descriptor; no assertion spawned or active,current verified module text base + RVA
4,Metalis,SuckCannon,"Armes, projectiles et degats",0x002EA538,0x002EA5AC,0x001DBE70,0x001DBE70,3,0x0017E9A0; 0x0017EAE8; 0x0017F104,0x002EA5B0; 0x002EA5B4; 0x002EA5B8,,21,3,compiled descriptor; no assertion spawned or active,current verified module text base + RVA
4,Metalis,SuckCannonComet,"Armes, projectiles et degats",0x002EA5A0,0x002EA614,0x001DBE80,0x001DBE80,3,0x001AD9D0; 0x001AD9D8; 0x001ADC0C,0x002EA618; 0x002EA61C; 0x002EA620,,40,1,compiled descriptor; no assertion spawned or active,current verified module text base + RVA
4,Metalis,SuckCannonCometTie,"Armes, projectiles et degats",0x002EA608,0x002EA67C,0x001DBE90,0x001DBE90,3,0x001AD9D0; 0x001AD9D8; 0x0017FA74,0x002EA680; 0x002EA684; 0x002EA688,,40,1,compiled descriptor; no assertion spawned or active,current verified module text base + RVA
4,Metalis,SuckCannonManager,"Armes, projectiles et degats",0x002EA6E4,0x002EA758,0x001DBEA8,0x001DBEA8,3,0x00180754; 0x001807A0; 0x001807A8,0x002EA75C; 0x002EA760; 0x002EA764,,25,0,compiled descriptor; no assertion spawned or active,current verified module text base + RVA
4,Metalis,SurvivalBGTile,Autres objets et controleurs,0x002EA774,0x002EA7E8,0x001DBEC0,0x001DBEC0,3,0x001810B0; 0x001810C8; 0x001810D0,0x002EA7EC; 0x002EA7F0; 0x002EA7F4,MobyLink survivalController; u32 pad[3];,0,0,compiled descriptor; no assertion spawned or active,current verified module text base + RVA
4,Metalis,SurvivalBot,Autres objets et controleurs,0x002EA934,0x002EA9A8,0x001DBED0,0x001DBED0,3,0x001817BC; 0x001817C4; 0x00182AA0,0x002EA9AC; 0x002EA9B0; 0x002EA9B4,,9,0,compiled descriptor; no assertion spawned or active,current verified module text base + RVA
4,Metalis,SurvivalBotPort,Autres objets et controleurs,0x002EAA14,0x002EAA88,0x001DC0A0,0x001DC0A0,3,0x001849AC; 0x00184A18; 0x00184A4C,0x002EAA8C; 0x002EAA90; 0x002EAA94,u32 botsNeeded; u32 currentBots; MobyLink survivalController; u32 pad;,3,0,compiled descriptor; no assertion spawned or active,current verified module text base + RVA
4,Metalis,SurvivalBotSpawner,Autres objets et controleurs,0x002EAAE0,0x002EAB54,0x001DC0B0,0x001DC0B0,3,0x00184F80; 0x00184FE8; 0x0018501C,0x002EAB58; 0x002EAB5C; 0x002EAB60,f32 spawnRate; f32 totalBots; MobyLink survivalController; u32 pad;,1,0,compiled descriptor; no assertion spawned or active,current verified module text base + RVA
4,Metalis,SurvivalBotTeleport,Autres objets et controleurs,0x002EAC18,0x002EAC8C,0x001DC0C8,0x001DC0C8,3,0x001853D4; 0x00185560; 0x00185668,0x002EAC90; 0x002EAC94; 0x002EAC98,MobyLink targetPort; MobyLink survivalController; u32 pad[2];,21,4,compiled descriptor; no assertion spawned or active,current verified module text base + RVA
4,Metalis,SurvivalBridge,Pieges et mecanismes,0x002EAC90,0x002EAD04,0x001DC0E0,0x001DC0E0,3,0x00185B94; 0x00185C3C; 0x00185C7C,0x002EAD08; 0x002EAD0C; 0x002EAD10,,24,1,compiled descriptor; no assertion spawned or active,current verified module text base + RVA
4,Metalis,SurvivalGround,Autres objets et controleurs,0x002EAD38,0x002EADAC,0x001DC0F0,0x001DC0F0,3,0x001861F4; 0x00186228; 0x0018628C,0x002EADB0; 0x002EADB4; 0x002EADB8,Toggle unBlowUpable; MobyLink survivalController; u32 pad[ 2 ];,1,0,compiled descriptor; no assertion spawned or active,current verified module text base + RVA
4,Metalis,SurvivalReversePad,Autres objets et controleurs,0x002EADC4,0x002EAE38,0x001DC100,0x001DC100,3,0x001864D8; 0x0018650C; 0x00186540,0x002EAE3C; 0x002EAE40; 0x002EAE44,MobyLink survivalController; u32 pad[3];,0,0,compiled descriptor; no assertion spawned or active,current verified module text base + RVA
4,Metalis,SurvivalTrapeze,Autres objets et controleurs,0x002EAE60,0x002EAED4,0x001DC118,0x001DC118,3,0x00186754; 0x00186844; 0x00186878,0x002EAED8; 0x002EAEDC; 0x002EAEE0,MobyLink survivalController; u32 pad[3];,9,0,compiled descriptor; no assertion spawned or active,current verified module text base + RVA
4,Metalis,SurvivalWall,Autres objets et controleurs,0x002EAF00,0x002EAF74,0x001DC128,0x001DC128,3,0x00186C5C; 0x00186CE8; 0x00186D1C,0x002EAF78; 0x002EAF7C; 0x002EAF80,Toggle reverseWall; MobyLink survivalController; u32 pad[2];,8,0,compiled descriptor; no assertion spawned or active,current verified module text base + RVA
4,Metalis,SwarmManager,Autres objets et controleurs,0x002EAF8C,0x002EB000,0x001DC138,0x001DC138,3,0x001871E8; 0x00187230; 0x00187568,0x002EB004; 0x002EB008; 0x002EB00C,,4,2,compiled descriptor; no assertion spawned or active,current verified module text base + RVA
4,Metalis,Teleporter,Autres objets et controleurs,0x002EB0A0,0x002EB114,0x001DC148,0x001DC148,3,0x00187D88; 0x00188140; 0x0018850C,0x002EB118; 0x002EB11C; 0x002EB120,MobyLink destination; MobyLink destinationPreferred; TriggerLink activateTrigger; u32 levelId; s32 changeToLevel; Toggle secretActivation; s8 canGoToLevel; u8 pad[ 10 ];,17,0,compiled descriptor; no assertion spawned or active,current verified module text base + RVA
4,Metalis,TieManipulator,Autres objets et controleurs,0x002EB4D4,0x002EB548,0x001DC218,0x001DC218,3,0x00188E58; 0x00188E50; 0x00189430,0x002EB54C; 0x002EB550; 0x002EB554,TieLink tie[ 8 ]; f32 xAxis; f32 yAxis; f32 zAxis; f32 xRot; f32 yRot; f32 zRot; f32 xSpan; f32 ySpan; f32 zSpan; f32 xCounter; f32 yCounter; f32 zCounter; f32 speed; f32 speedPerFrame; f32 curviness; f32 curvPar; f32 scaleSpeed; f32 scaleSpeedPerFrame; f32 scaleMax; f32 scaleCounter; f32 xPerc[8]; f32 yPerc[8]; f32 zPerc[8]; f32 xPar[8]; f32 yPar[8]; f32 zPar[8]; f32 xStart[8]; f32 yStart[8]; f32 zStart[8]; MATRIX4 *pMat[8]; MATRIX4 scaleMatrix; f32 drawDistance; f32 updateDistance; f32 inverseScale; u32 linkCount;,17,0,compiled descriptor; no assertion spawned or active,current verified module text base + RVA
4,Metalis,TitaniumBolt,"Caisses, pickups et bonus",0x002EB614,0x002EB688,0x001DC228,0x001DC228,3,0x001897C0; 0x001899B0; 0x00189B18,0x002EB68C; 0x002EB690; 0x002EB694,f32 dist; f32 height; f32 lookHeight; f32 elevation; f32 azimuth; Toggle magnaboots; Toggle noAnimation; u32 levelToFake; u8 id; u8 pad[5];,23,0,compiled descriptor; no assertion spawned or active,current verified module text base + RVA
4,Metalis,TMRobotHeadB,Ennemis et boss,0x002EB89C,0x002EB910,0x001DC2E0,0x001DC2E0,4,0x0018A53C; 0x0018A964; 0x0018BFE8; 0x0018A668,0x002EB914; 0x002EB918; 0x002EB91C; 0x002EB920,Navigate nav; MobyLink controller; TriggerLink enterTrigger; TriggerLink detectArea; CurveLink enterPath; MobyLink enemyWave; f32 alertRadius; MobyLink targetTorso; Toggle shouldReturn; u8 pad[7];,46,1,compiled descriptor; no assertion spawned or active,current verified module text base + RVA
4,Metalis,TMRobotTorsoB,Vehicules et minijeux,0x002EBC00,0x002EBC74,0x001DC690,0x001DC690,4,0x0018EF20; 0x0018D818; 0x0018F4BC; 0x0018D4C0,0x002EBC78; 0x002EBC7C; 0x002EBC80; 0x002EBC84,MobyLink controller; Navigate nav; MobyLink dropship; TriggerLink enterTrigger; TriggerLink detectArea; TriggerLink alertTrigger; CurveLink enterPath; f32 alertRadius; MobyLink crabToShoot; MobyLink enemyWave; CurveLink firePoints; TriggerLink noCreateTrigger; Toggle sitting; u8 headSpawnPcnt; Toggle walkOnWater; Toggle initNoDraw; u8 shotsFired; u8 pad[ 2 ];,37,0,compiled descriptor; no assertion spawned or active,current verified module text base + RVA
4,Metalis,TorsoAShot,Vehicules et minijeux,0x002EBCF4,0x002EBD68,0x001DCAB0,0x001DCAB0,3,0x00191870; 0x001910A8; 0x001911A0,0x002EBD6C; 0x002EBD70; 0x002EBD74,Particle *pGlow1; Moby *pParent; Moby *pController; f32 worldCollDist; f32 distTraveled; f32 speed;,28,0,compiled descriptor; no assertion spawned or active,current verified module text base + RVA
4,Metalis,TorsoShrapnel,Vehicules et minijeux,0x002EBE74,0x002EBEE8,0x001DCBA8,0x001DCBA8,3,0x00191D84; 0x00191D8C; 0x00191D94,0x002EBEEC; 0x002EBEF0; 0x002EBEF4,,48,0,compiled descriptor; no assertion spawned or active,current verified module text base + RVA
4,Metalis,TriggerCollection,Pieges et mecanismes,0x002EBEF4,0x002EBF68,0x001DCBB8,0x001DCBB8,3,0x0019239C; 0x001923A4; 0x001923AC,0x002EBF6C; 0x002EBF70; 0x002EBF74,TriggerLink triggers[ 14 ];,0,0,compiled descriptor; no assertion spawned or active,current verified module text base + RVA
4,Metalis,TripleWaveBeacon,Autres objets et controleurs,0x002EBF68,0x002EBFDC,0x001DCBD0,0x001DCBD0,3,0x001928A4; 0x00192A54; 0x00192A88,0x002EBFE0; 0x002EBFE4; 0x002EBFE8,,27,2,compiled descriptor; no assertion spawned or active,current verified module text base + RVA
4,Metalis,VehicleController,Vehicules et minijeux,0x002EC0BC,0x002EC130,0x001DCBE8,0x001DCBE8,3,0x00192D30; 0x00192E70; 0x001956DC,0x002EC134; 0x002EC138; 0x002EC13C,MobyLink obstacles[ 16 ]; MobyLink healthTeleporters[ 4 ]; MobyLink powerupTeleporters[ 4 ]; f32 radius; Toggle hexagon; u8 pad[ 11 ];,34,5,compiled descriptor; no assertion spawned or active,current verified module text base + RVA
4,Metalis,VehicleHusk,Vehicules et minijeux,0x002EC194,0x002EC208,0x001DCCA8,0x001DCCA8,4,0x00195EE8; 0x00195EF0; 0x00195F14; 0x00196168,0x002EC20C; 0x002EC210; 0x002EC214; 0x002EC218,,4,0,compiled descriptor; no assertion spawned or active,current verified module text base + RVA
4,Metalis,VehicleHuskSmasher,Vehicules et minijeux,0x002EC214,0x002EC288,0x001DCCB8,0x001DCCB8,4,0x00196288; 0x00196290; 0x001962B4; 0x00196504,0x002EC28C; 0x002EC290; 0x002EC294; 0x002EC298,,4,0,compiled descriptor; no assertion spawned or active,current verified module text base + RVA
4,Metalis,VehicleMine,Vehicules et minijeux,0x002EC2B0,0x002EC324,0x001DCCD0,0x001DCCD0,3,0x00196624; 0x00196650; 0x00196658,0x002EC328; 0x002EC32C; 0x002EC330,,6,0,compiled descriptor; no assertion spawned or active,current verified module text base + RVA
4,Metalis,VehicleMissile,Vehicules et minijeux,0x002EC3D4,0x002EC448,0x001DCCE0,0x001DCCE0,3,0x00196A94; 0x00196AC4; 0x00196EA0,0x002EC44C; 0x002EC450; 0x002EC454,,25,1,compiled descriptor; no assertion spawned or active,current verified module text base + RVA
4,Metalis,vendor,Autres objets et controleurs,0x002EC484,0x002EC4F8,0x001DCCF0,0x001DCCF0,3,0x00197528; 0x001976F0; 0x00197754,0x002EC4FC; 0x002EC500; 0x002EC504,u32 lastAnimPlayed; u32 vendorType; Toggle bSellsWeapons; u8 pad[ 7 ];,17,0,compiled descriptor; no assertion spawned or active,current verified module text base + RVA
4,Metalis,Wrench,Autres objets et controleurs,0x002EC690,0x002EC704,0x001DCCF8,0x001DCCF8,3,0x00197AD0; 0x00197BA4; 0x00197FE0,0x002EC708; 0x002EC70C; 0x002EC710,,2,0,compiled descriptor; no assertion spawned or active,current verified module text base + RVA
5,Dreamtime,Acidbomb,"Armes, projectiles et degats",0x002B9F40,0x002B9FB4,0x001B4CE8,0x001B4CE8,3,0x00103084; 0x00103094; 0x001039FC,0x002B9FB8; 0x002B9FBC; 0x002B9FC0,,35,0,compiled descriptor; no assertion spawned or active,current verified module text base + RVA
5,Dreamtime,AcidbombEpoxy,"Armes, projectiles et degats",0x002B9FC8,0x002BA03C,0x001B4D10,0x001B4D10,3,0x00104E40; 0x00104E48; 0x00104ED0,0x002BA040; 0x002BA044; 0x002BA048,,5,0,compiled descriptor; no assertion spawned or active,current verified module text base + RVA
5,Dreamtime,AcidGloveHUD,"Armes, projectiles et degats",0x002BA028,0x002BA09C,0x001B4D20,0x001B4D20,3,0x001053D8; 0x001053E0; 0x001053E8,0x002BA0A0; 0x002BA0A4; 0x002BA0A8,,0,0,compiled descriptor; no assertion spawned or active,current verified module text base + RVA
5,Dreamtime,AgentController,"Armes, projectiles et degats",0x002BA088,0x002BA0FC,0x001B4D30,0x001B4D30,3,0x001053F0; 0x001054E0; 0x00105698,0x002BA100; 0x002BA104; 0x002BA108,,6,0,compiled descriptor; no assertion spawned or active,current verified module text base + RVA
5,Dreamtime,AgentOfDoom,"Armes, projectiles et degats",0x002BA3DC,0x002BA450,0x001B4E08,0x001B4E08,4,0x00105CE8; 0x00105DC4; 0x00105E84; 0x001061A4,0x002BA454; 0x002BA458; 0x002BA45C; 0x002BA460,,21,1,compiled descriptor; no assertion spawned or active,current verified module text base + RVA
5,Dreamtime,AgentOfDoomShrapnel,"Armes, projectiles et degats",0x002BA4BC,0x002BA530,0x001B4E90,0x001B4E90,3,0x0010A8BC; 0x0010A8C4; 0x0010A8CC,0x002BA534; 0x002BA538; 0x002BA53C,,31,0,compiled descriptor; no assertion spawned or active,current verified module text base + RVA
5,Dreamtime,AgentsBomb,"Armes, projectiles et degats",0x002BA5F8,0x002BA66C,0x001B4EA8,0x001B4EA8,3,0x0010ABCC; 0x0010ABD4; 0x0010ABDC,0x002BA670; 0x002BA674; 0x002BA678,,19,0,compiled descriptor; no assertion spawned or active,current verified module text base + RVA
5,Dreamtime,AgentsGlove,"Armes, projectiles et degats",0x002BA690,0x002BA704,0x001B4EB8,0x001B4EB8,3,0x0010C168; 0x0010C1F4; 0x0010C220,0x002BA708; 0x002BA70C; 0x002BA710,,8,2,compiled descriptor; no assertion spawned or active,current verified module text base + RVA
5,Dreamtime,AgentsGrenade,"Armes, projectiles et degats",0x002BA73C,0x002BA7B0,0x001B4EC8,0x001B4EC8,3,0x0010C6F0; 0x0010C7E0; 0x0010CC94,0x002BA7B4; 0x002BA7B8; 0x002BA7BC,,33,2,compiled descriptor; no assertion spawned or active,current verified module text base + RVA
5,Dreamtime,AgentsLaser,"Armes, projectiles et degats",0x002BA7E4,0x002BA858,0x001B4F50,0x001B4F50,3,0x0010D210; 0x0010D518; 0x0010D5CC,0x002BA85C; 0x002BA860; 0x002BA864,,17,0,compiled descriptor; no assertion spawned or active,current verified module text base + RVA
5,Dreamtime,AgentsRocket,"Armes, projectiles et degats",0x002BA8D8,0x002BA94C,0x001B5028,0x001B5028,3,0x0010DFD8; 0x0010E09C; 0x0010E11C,0x002BA950; 0x002BA954; 0x002BA958,,26,1,compiled descriptor; no assertion spawned or active,current verified module text base + RVA
5,Dreamtime,ArmorHelmet,Autres objets et controleurs,0x002BA970,0x002BA9E4,0x001B50B0,0x001B50B0,3,0x0010EA04; 0x0010EA0C; 0x0010EA14,0x002BA9E8; 0x002BA9EC; 0x002BA9F0,,0,0,compiled descriptor; no assertion spawned or active,current verified module text base + RVA
5,Dreamtime,ArmorLeftFoot,Autres objets et controleurs,0x002BA9D0,0x002BAA44,0x001B50C0,0x001B50C0,3,0x0010EA1C; 0x0010EA24; 0x0010EA2C,0x002BAA48; 0x002BAA4C; 0x002BAA50,,0,0,compiled descriptor; no assertion spawned or active,current verified module text base + RVA
5,Dreamtime,ArmorLeftHand,Autres objets et controleurs,0x002BAA40,0x002BAAB4,0x001B50D0,0x001B50D0,3,0x0010EA34; 0x0010EA3C; 0x0010EA44,0x002BAAB8; 0x002BAABC; 0x002BAAC0,u32 pad[ 4 ];,0,0,compiled descriptor; no assertion spawned or active,current verified module text base + RVA
5,Dreamtime,ArmorPickup,"Caisses, pickups et bonus",0x002BAB70,0x002BABE4,0x001B50E0,0x001B50E0,3,0x0010EE40; 0x0010EA68; 0x0010F344,0x002BABE8; 0x002BABEC; 0x002BABF0,f32 dist; f32 height; f32 lookHeight; f32 elevation; f32 azimuth; MobyLink driver; MobyLink playerMatrix; u32 playthroughReq; Toggle magnaboots; u8 pad[ 15 ];,43,0,compiled descriptor; no assertion spawned or active,current verified module text base + RVA
5,Dreamtime,ArmorRightFoot,Autres objets et controleurs,0x002BABE8,0x002BAC5C,0x001B5270,0x001B5270,3,0x0010F880; 0x0010F888; 0x0010F890,0x002BAC60; 0x002BAC64; 0x002BAC68,,0,0,compiled descriptor; no assertion spawned or active,current verified module text base + RVA
5,Dreamtime,ArmorRightHand,Autres objets et controleurs,0x002BAC58,0x002BACCC,0x001B5280,0x001B5280,3,0x0010F898; 0x0010F8A0; 0x0010F8A8,0x002BACD0; 0x002BACD4; 0x002BACD8,u32 pad[ 4 ];,0,0,compiled descriptor; no assertion spawned or active,current verified module text base + RVA
5,Dreamtime,ArmorTorso,Vehicules et minijeux,0x002BACB8,0x002BAD2C,0x001B5290,0x001B5290,3,0x0010F8B0; 0x0010F8B8; 0x0010F8C0,0x002BAD30; 0x002BAD34; 0x002BAD38,,0,0,compiled descriptor; no assertion spawned or active,current verified module text base + RVA
5,Dreamtime,BeeMine,"Armes, projectiles et degats",0x002BAD9C,0x002BAE10,0x001B52A0,0x001B52A0,4,0x0010FF60; 0x0010FF70; 0x00110350; 0x00110048,0x002BAE14; 0x002BAE18; 0x002BAE1C; 0x002BAE20,,2,0,compiled descriptor; no assertion spawned or active,current verified module text base + RVA
5,Dreamtime,BeeMineGlove,"Armes, projectiles et degats",0x002BAE68,0x002BAEDC,0x001B52D0,0x001B52D0,3,0x00111D2C; 0x00111EB4; 0x00111EE0,0x002BAEE0; 0x002BAEE4; 0x002BAEE8,,2,0,compiled descriptor; no assertion spawned or active,current verified module text base + RVA
5,Dreamtime,BeeMineGloveHUD,"Armes, projectiles et degats",0x002BAEC8,0x002BAF3C,0x001B52E0,0x001B52E0,3,0x00112500; 0x00112508; 0x00112510,0x002BAF40; 0x002BAF44; 0x002BAF48,,0,0,compiled descriptor; no assertion spawned or active,current verified module text base + RVA
5,Dreamtime,BeeMineShrapnel,"Armes, projectiles et degats",0x002BAF94,0x002BB008,0x001B52F0,0x001B52F0,3,0x00112848; 0x00112850; 0x00112858,0x002BB00C; 0x002BB010; 0x002BB014,,31,0,compiled descriptor; no assertion spawned or active,current verified module text base + RVA
5,Dreamtime,Blaster,"Armes, projectiles et degats",0x002BB084,0x002BB0F8,0x001B5300,0x001B5300,3,0x001128D0; 0x00112A2C; 0x00112F50,0x002BB0FC; 0x002BB100; 0x002BB104,,53,3,compiled descriptor; no assertion spawned or active,current verified module text base + RVA
5,Dreamtime,BlasterAkimbo,"Armes, projectiles et degats",0x002BB0F0,0x002BB164,0x001B5308,0x001B5308,3,0x00113F30; 0x00113FB4; 0x00113FE4,0x002BB168; 0x002BB16C; 0x002BB170,,21,2,compiled descriptor; no assertion spawned or active,current verified module text base + RVA
5,Dreamtime,BlasterShot,"Armes, projectiles et degats",0x002BB164,0x002BB1D8,0x001B5318,0x001B5318,3,0x001142B4; 0x001142DC; 0x00114680,0x002BB1DC; 0x002BB1E0; 0x002BB1E4,,28,2,compiled descriptor; no assertion spawned or active,current verified module text base + RVA
5,Dreamtime,BlitzGun,"Armes, projectiles et degats",0x002BB5C4,0x002BB638,0x001B5328,0x001B5328,3,0x0011654C; 0x001166A8; 0x00116B00,0x002BB63C; 0x002BB640; 0x002BB644,,40,1,compiled descriptor; no assertion spawned or active,current verified module text base + RVA
5,Dreamtime,BlitzGunShot,"Armes, projectiles et degats",0x002BB754,0x002BB7C8,0x001B5338,0x001B5338,3,0x00118594; 0x0011859C; 0x00118738,0x002BB7CC; 0x002BB7D0; 0x002BB7D4,,21,2,compiled descriptor; no assertion spawned or active,current verified module text base + RVA
5,Dreamtime,Bolt,"Caisses, pickups et bonus",0x002BB7B8,0x002BB82C,0x001B5348,0x001B5348,2,0x00119248; 0x00119250,0x002BB830; 0x002BB834,,0,0,compiled descriptor; no assertion spawned or active,current verified module text base + RVA
5,Dreamtime,BoltController,"Caisses, pickups et bonus",0x002BBAAC,0x002BBB20,0x001B5390,0x001B5390,3,0x0011C7B8; 0x0011C9EC; 0x0011CA10,0x002BBB24; 0x002BBB28; 0x002BBB2C,u32 boltAmnt; u32 boltAmountReplay; u32 pad[ 2 ];,0,0,compiled descriptor; no assertion spawned or active,current verified module text base + RVA
5,Dreamtime,BoltGrabber,"Caisses, pickups et bonus",0x002BBB28,0x002BBB9C,0x001B5440,0x001B5440,3,0x0011CDAC; 0x0011CDB4; 0x0011CDBC,0x002BBBA0; 0x002BBBA4; 0x002BBBA8,,0,0,compiled descriptor; no assertion spawned or active,current verified module text base + RVA
5,Dreamtime,Bombglove,"Armes, projectiles et degats",0x002BBBEC,0x002BBC60,0x001B5450,0x001B5450,3,0x0011CDC4; 0x0011CE9C; 0x0011D34C,0x002BBC64; 0x002BBC68; 0x002BBC6C,,17,0,compiled descriptor; no assertion spawned or active,current verified module text base + RVA
5,Dreamtime,BoxBreaker,"Caisses, pickups et bonus",0x002BBC50,0x002BBCC4,0x001B5460,0x001B5460,3,0x0011D8BC; 0x0011D8C4; 0x0011D8CC,0x002BBCC8; 0x002BBCCC; 0x002BBCD0,,0,0,compiled descriptor; no assertion spawned or active,current verified module text base + RVA
5,Dreamtime,BoxBreakerHelp,"Caisses, pickups et bonus",0x002BBCB0,0x002BBD24,0x001B5470,0x001B5470,3,0x0011D958; 0x0011D960; 0x0011D968,0x002BBD28; 0x002BBD2C; 0x002BBD30,,5,0,compiled descriptor; no assertion spawned or active,current verified module text base + RVA
5,Dreamtime,CameraHint,Camera et presentation,0x002BBE74,0x002BBEE8,0x001B5490,0x001B5490,3,0x0011D9B4; 0x0011DBD8; 0x0011DC04,0x002BBEEC; 0x002BBEF0; 0x002BBEF4,MobyLink target; MobyLink testMoby; TriggerLink activateArea; TriggerLink destroyArea; MobyLink enemyWave; TriggerLink resetArea; s32 frameCount; s8 activateState; u8 hintFrames; u8 updateDist; Toggle stopShort; f32 camSpeed; Toggle onMobyDestroy; Toggle targetMustBeAlive; Toggle bBreakOnInput; Toggle bDontRespawn; Toggle bDeleteWhenFinished; u8 pad[7];,7,0,compiled descriptor; no assertion spawned or active,current verified module text base + RVA
5,Dreamtime,ChameleonDecoy,Autres objets et controleurs,0x002BBFDC,0x002BC050,0x001B5538,0x001B5538,4,0x0011E114; 0x0011E11C; 0x0011E134; 0x0011E1BC,0x002BC054; 0x002BC058; 0x002BC05C; 0x002BC060,,7,1,compiled descriptor; no assertion spawned or active,current verified module text base + RVA
5,Dreamtime,ClankForShipAnim,"Joueur, acteurs et accessoires",0x002BC050,0x002BC0C4,0x001B5548,0x001B5548,3,0x0011E270; 0x0011E278; 0x0011E280,0x002BC0C8; 0x002BC0CC; 0x002BC0D0,u32 pad[ 4 ];,0,0,compiled descriptor; no assertion spawned or active,current verified module text base + RVA
5,Dreamtime,ContinuePoint,Autres objets et controleurs,0x002BC0DC,0x002BC150,0x001B5560,0x001B5560,3,0x0011E288; 0x0011E2AC; 0x0011E2B4,0x002BC154; 0x002BC158; 0x002BC15C,TriggerLink activateTrigger; u8 index;,0,0,compiled descriptor; no assertion spawned or active,current verified module text base + RVA
5,Dreamtime,CowBell,Autres objets et controleurs,0x002BC17C,0x002BC1F0,0x001B5570,0x001B5570,3,0x0011E784; 0x0011E78C; 0x0011E794,0x002BC1F4; 0x002BC1F8; 0x002BC1FC,,31,0,compiled descriptor; no assertion spawned or active,current verified module text base + RVA
5,Dreamtime,Crate,"Caisses, pickups et bonus",0x002BC22C,0x002BC2A0,0x001B5578,0x001B5578,4,0x0011E8CC; 0x0011E8D4; 0x0011E9BC; 0x0011E8DC,0x002BC2A4; 0x002BC2A8; 0x002BC2AC; 0x002BC2B0,Moby *pCrateBelow; f32 velocityY; f32 fallDistance; f32 distFallen;,15,0,compiled descriptor; no assertion spawned or active,current verified module text base + RVA
5,Dreamtime,CrateAmmo,"Caisses, pickups et bonus",0x002BC36C,0x002BC3E0,0x001B5580,0x001B5580,4,0x0011EAE4; 0x0011EB0C; 0x0011EB14; 0x0011EB1C,0x002BC3E4; 0x002BC3E8; 0x002BC3EC; 0x002BC3F0,Moby *pCrateBelow; f32 velocityY; f32 fallDistance; f32 distFallen; Toggle major; Toggle minor; u8 noAmmoType1; u8 noAmmoType2; u8 onlyAmmoType; Toggle validIM; Toggle validDM; Toggle validCTF; u8 pad[8];,12,0,compiled descriptor; no assertion spawned or active,current verified module text base + RVA
5,Dreamtime,CrateChunk,"Caisses, pickups et bonus",0x002BC3D0,0x002BC444,0x001B5590,0x001B5590,2,0x0011F1E0; 0x0011F1E8,0x002BC448; 0x002BC44C,,0,0,compiled descriptor; no assertion spawned or active,current verified module text base + RVA
5,Dreamtime,CrateChunkController,"Caisses, pickups et bonus",0x002BC5D0,0x002BC644,0x001B55A0,0x001B55A0,2,0x0011F844; 0x0011F84C,0x002BC648; 0x002BC64C,,0,0,compiled descriptor; no assertion spawned or active,current verified module text base + RVA
5,Dreamtime,CrateExplosive,"Caisses, pickups et bonus",0x002BC6F4,0x002BC768,0x001B5640,0x001B5640,2,0x0011FA0C; 0x0011FA50,0x002BC76C; 0x002BC770,Moby *pCrateBelow; f32 velocityY; f32 fallDistance; f32 distFallen; Toggle explode; u8 keyIdx; Toggle validIM; Toggle validDM; Toggle validCTF; u8 pad[11];,1,0,compiled descriptor; no assertion spawned or active,current verified module text base + RVA
5,Dreamtime,CrateHealth,"Caisses, pickups et bonus",0x002BC888,0x002BC8FC,0x001B5650,0x001B5650,2,0x0012027C; 0x00120318,0x002BC900; 0x002BC904,Moby *pCrateBelow; f32 velocityY; f32 fallDistance; f32 distFallen; Moby *pPowerup; Toggle validIM; Toggle validDM; Toggle validCTF; u8 pad[9];,1,0,compiled descriptor; no assertion spawned or active,current verified module text base + RVA
5,Dreamtime,CrossbowGun,"Armes, projectiles et degats",0x002BCE8C,0x002BCF00,0x001B5660,0x001B5660,3,0x00120C34; 0x00120D20; 0x00120F00,0x002BCF04; 0x002BCF08; 0x002BCF0C,,33,3,compiled descriptor; no assertion spawned or active,current verified module text base + RVA
5,Dreamtime,CrossbowShot,"Armes, projectiles et degats",0x002BD06C,0x002BD0E0,0x001B5698,0x001B5698,3,0x00121550; 0x00121558; 0x00122A98,0x002BD0E4; 0x002BD0E8; 0x002BD0EC,,63,4,compiled descriptor; no assertion spawned or active,current verified module text base + RVA
5,Dreamtime,CrystalGroundShard,Autres objets et controleurs,0x002BD188,0x002BD1FC,0x001B56A8,0x001B56A8,3,0x0012398C; 0x00123BD0; 0x00123E14,0x002BD200; 0x002BD204; 0x002BD208,,33,1,compiled descriptor; no assertion spawned or active,current verified module text base + RVA
5,Dreamtime,DeathTrigger,Pieges et mecanismes,0x002BD248,0x002BD2BC,0x001B56C0,0x001B56C0,3,0x00124534; 0x00124594; 0x0012459C,0x002BD2C0; 0x002BD2C4; 0x002BD2C8,MobyLink killAreas; MobyLink ignoreAreas; Toggle killHeroInTriggers; f32 minYHeight; u8 pad[3];,7,0,compiled descriptor; no assertion spawned or active,current verified module text base + RVA
5,Dreamtime,DreamMirror,Autres objets et controleurs,0x002BD414,0x002BD488,0x001B56D0,0x001B56D0,3,0x00124710; 0x00124DC4; 0x00125170,0x002BD48C; 0x002BD490; 0x002BD494,MobyLink mirror; MobyLink controller; TriggerLink detectArea; MobyLink dummyHypo; TriggerLink activateArea; MobyLink avoidTriggers; MobyLink startDoor; MobyLink endDoor; MobyLink startDoor2; MobyLink endDoor2; u32 pad[2];,15,0,compiled descriptor; no assertion spawned or active,current verified module text base + RVA
5,Dreamtime,DualBlasterHUD,"Armes, projectiles et degats",0x002BD488,0x002BD4FC,0x001B57E8,0x001B57E8,3,0x00125500; 0x00125508; 0x00125510,0x002BD500; 0x002BD504; 0x002BD508,,0,0,compiled descriptor; no assertion spawned or active,current verified module text base + RVA
5,Dreamtime,electricXplo,Autres objets et controleurs,0x002BD524,0x002BD598,0x001B57F8,0x001B57F8,3,0x00125FB0; 0x00125D04; 0x00125D0C,0x002BD59C; 0x002BD5A0; 0x002BD5A4,f32 lengths[24]; VEC3 normals[18]; f32 timer; s32 scroll;,14,2,compiled descriptor; no assertion spawned or active,current verified module text base + RVA
5,Dreamtime,ElectroBall,Autres objets et controleurs,0x002BD6F8,0x002BD76C,0x001B5878,0x001B5878,3,0x00127898; 0x00127908; 0x0012794C,0x002BD770; 0x002BD774; 0x002BD778,,19,3,compiled descriptor; no assertion spawned or active,current verified module text base + RVA
5,Dreamtime,ElectroshockWave,Autres objets et controleurs,0x002BD804,0x002BD878,0x001B5888,0x001B5888,3,0x00128590; 0x00128598; 0x00129070,0x002BD87C; 0x002BD880; 0x002BD884,,14,3,compiled descriptor; no assertion spawned or active,current verified module text base + RVA
5,Dreamtime,Electrosoil,Autres objets et controleurs,0x002BD908,0x002BD97C,0x001B58A0,0x001B58A0,3,0x00129400; 0x001296E8; 0x001296F0,0x002BD980; 0x002BD984; 0x002BD988,MobyLink target[ 2 ]; TriggerLink bound; f32 angle; f32 throwSpeedXZ; f32 throwSpeedY; MobyLink triggerCollection; u32 pad[ 1 ];,17,0,compiled descriptor; no assertion spawned or active,current verified module text base + RVA
5,Dreamtime,EnemyController,Ennemis et boss,0x002BDA78,0x002BDAEC,0x001B5928,0x001B5928,3,0x001298A8; 0x00129AB4; 0x00129CF4,0x002BDAF0; 0x002BDAF4; 0x002BDAF8,TriggerLink updateArea; TriggerLink updateArea2; TriggerLink destroyTrigger; f32 firstWaveDist; f32 secondWaveDist; Toggle envColl; u8 attackingMax; Toggle destroyControllerToo; u8 pad[ 9 ];,79,1,compiled descriptor; no assertion spawned or active,current verified module text base + RVA
5,Dreamtime,EnemyRespawner,Ennemis et boss,0x002BDBE4,0x002BDC58,0x001B5AC8,0x001B5AC8,3,0x0012C600; 0x0012C72C; 0x0012C734,0x002BDC5C; 0x002BDC60; 0x002BDC64,TriggerLink spawnArea; f32 respawnCooldown; f32 cooldownRand; TriggerLink destroyArea; MobyLink enemyWave; MobyLink targetMoby; MobyLink nextRespawner; u8 waves; Toggle waitForDeaths; Toggle waitAfterWave; u8 pad[1];,10,1,compiled descriptor; no assertion spawned or active,current verified module text base + RVA
5,Dreamtime,EnemyWave,Ennemis et boss,0x002BDD24,0x002BDD98,0x001B5AD8,0x001B5AD8,3,0x0012CF90; 0x0012D048; 0x0012D34C,0x002BDD9C; 0x002BDDA0; 0x002BDDA4,MobyLink destroyedMoby; TriggerLink trigger; MobyLink previousWave; f32 timer; f32 delayRandMax; MobyLink enemyControllerToCheck; u8 mobyToCheckState; Toggle prevWaveDestroyed; u8 enemyInControllerCount; u8 pad[ 9 ];,9,1,compiled descriptor; no assertion spawned or active,current verified module text base + RVA
5,Dreamtime,ExplodeSprout,Gadgets et outils,0x002BDDBC,0x002BDE30,0x001B5B68,0x001B5B68,4,0x0012D7B0; 0x0012D9C4; 0x0012D9F8; 0x0012DCDC,0x002BDE34; 0x002BDE38; 0x002BDE3C; 0x002BDE40,Moby *pElectrosoil; u32 pad[ 3 ];,27,2,compiled descriptor; no assertion spawned or active,current verified module text base + RVA
5,Dreamtime,ExplosiveBee,Autres objets et controleurs,0x002BDFB4,0x002BE028,0x001B5BF0,0x001B5BF0,3,0x0012E274; 0x0012E31C; 0x0012F1C4,0x002BE02C; 0x002BE030; 0x002BE034,,9,2,compiled descriptor; no assertion spawned or active,current verified module text base + RVA
5,Dreamtime,Flamethrower,"Armes, projectiles et degats",0x002BE0F0,0x002BE164,0x001B5C48,0x001B5C48,3,0x001302BC; 0x00130438; 0x00131248,0x002BE168; 0x002BE16C; 0x002BE170,,12,2,compiled descriptor; no assertion spawned or active,current verified module text base + RVA
5,Dreamtime,FlyingHypo,Ennemis et boss,0x002BE408,0x002BE47C,0x001B5C58,0x001B5C58,4,0x00133148; 0x00133190; 0x001342E0; 0x001333DC,0x002BE480; 0x002BE484; 0x002BE488; 0x002BE48C,Navigate nav; MobyLink controller; MobyLink enemyWave; MobyLink respawner; Toggle focusWhileSpawning; u8 pad[7];,22,1,compiled descriptor; no assertion spawned or active,current verified module text base + RVA
5,Dreamtime,FogMoby,Autres objets et controleurs,0x002BE55C,0x002BE5D0,0x001B5E70,0x001B5E70,3,0x001360A4; 0x00136144; 0x0013614C,0x002BE5D4; 0x002BE5D8; 0x002BE5DC,TriggerLink region; f32 Side1FogStart; f32 Side1FogEnd; u8 Side1Red; u8 Side1Green; u8 Side1Blue; u8 padAlpha1; f32 Side2FogStart; f32 Side2FogEnd; u8 Side2Red; u8 Side2Green; u8 Side2Blue; u8 padAlpha2; u32 pad[ 1 ];,1,0,compiled descriptor; no assertion spawned or active,current verified module text base + RVA
5,Dreamtime,GenericTieForm,Autres objets et controleurs,0x002BE5D0,0x002BE644,0x001B5EE0,0x001B5EE0,3,0x0013669C; 0x001366EC; 0x00136720,0x002BE648; 0x002BE64C; 0x002BE650,,6,0,compiled descriptor; no assertion spawned or active,current verified module text base + RVA
5,Dreamtime,GravityCrystal,Autres objets et controleurs,0x002BE630,0x002BE6A4,0x001B5EF0,0x001B5EF0,3,0x00136E60; 0x00137078; 0x001379F0,0x002BE6A8; 0x002BE6AC; 0x002BE6B0,,40,3,compiled descriptor; no assertion spawned or active,current verified module text base + RVA
5,Dreamtime,Hookshot,Autres objets et controleurs,0x002BE898,0x002BE90C,0x001B5F00,0x001B5F00,3,0x00137E48; 0x00137FE4; 0x00138018,0x002BE910; 0x002BE914; 0x002BE918,CurveLink path; VEC3 pathPoint; f32 speed; f32 ropeLength; f32 range; u8 attached; u8 swing; u8 pathPointId; Toggle validIM; Toggle validDM; Toggle validCTF; u8 pad[14];,9,1,compiled descriptor; no assertion spawned or active,current verified module text base + RVA
5,Dreamtime,Hypershot,Gadgets et outils,0x002BE924,0x002BE998,0x001B5F78,0x001B5F78,3,0x00138440; 0x001384DC; 0x00138564,0x002BE99C; 0x002BE9A0; 0x002BE9A4,,13,0,compiled descriptor; no assertion spawned or active,current verified module text base + RVA
5,Dreamtime,IntroMovie,Autres objets et controleurs,0x002BE9A8,0x002BEA1C,0x001B5F90,0x001B5F90,3,0x001386F4; 0x001387B0; 0x001387B8,0x002BEA20; 0x002BEA24; 0x002BEA28,u32 fromLevel; u32 pad[ 3 ];,7,1,compiled descriptor; no assertion spawned or active,current verified module text base + RVA
5,Dreamtime,LaserTracer,"Armes, projectiles et degats",0x002BFF64,0x002BFFD8,0x001B5FA0,0x001B5FA0,3,0x0013C454; 0x0013C548; 0x0013C6D0,0x002BFFDC; 0x002BFFE0; 0x002BFFE4,,16,3,compiled descriptor; no assertion spawned or active,current verified module text base + RVA
5,Dreamtime,Level01SkyController,"Effets, particules et environnement",0x002C006C,0x002C00E0,0x001B5FE8,0x001B5FE8,3,0x00141EDC; 0x00141F2C; 0x00141F34,0x002C00E4; 0x002C00E8; 0x002C00EC,f32 rotSp; f32 rot; u32 pad[2];,17,0,compiled descriptor; no assertion spawned or active,current verified module text base + RVA
5,Dreamtime,Level01Waterfall,"Effets, particules et environnement",0x002C0148,0x002C01BC,0x001B6000,0x001B6000,3,0x00142040; 0x00142178; 0x00142304,0x002C01C0; 0x002C01C4; 0x002C01C8,TriggerLink effectArea; TriggerLink effectArea2; u32 pad[ 2 ];,20,4,compiled descriptor; no assertion spawned or active,current verified module text base + RVA
5,Dreamtime,LevelMusic,Autres objets et controleurs,0x002C0434,0x002C04A8,0x001B60D8,0x001B60D8,2,0x00142778; 0x00142858,0x002C04AC; 0x002C04B0,u32 songNumber; TriggerLink trigger; s32 continuePointMin; s32 continuePointMax; s32 levelNumber; u8 priority; u8 pad[ 7 ];,1,0,compiled descriptor; no assertion spawned or active,current verified module text base + RVA
5,Dreamtime,Lvl05Berry,Autres objets et controleurs,0x002C04C0,0x002C0534,0x001B60F8,0x001B60F8,3,0x00142EC0; 0x00142EC8; 0x00143354,0x002C0538; 0x002C053C; 0x002C0540,,12,2,compiled descriptor; no assertion spawned or active,current verified module text base + RVA
5,Dreamtime,Lvl05Boat,Autres objets et controleurs,0x002C0618,0x002C068C,0x001B6180,0x001B6180,3,0x00143674; 0x00143B24; 0x00143D14,0x002C0690; 0x002C0694; 0x002C0698,MobyLink rider; CurveLink path; TriggerLink enterTrigger; TriggerLink update; TriggerLink encounterTriggers[2]; MobyLink encounterMobies[2];,38,0,compiled descriptor; no assertion spawned or active,current verified module text base + RVA
5,Dreamtime,Lvl05Controller,Autres objets et controleurs,0x002C0788,0x002C07FC,0x001B62C0,0x001B62C0,3,0x00144614; 0x001445D4; 0x00144C1C,0x002C0800; 0x002C0804; 0x002C0808,MobyLink deathTrigger; TriggerLink explodeTrigger; TieLink skyTie; TriggerLink startArea; MobyLink sharkFins[2]; TriggerLink helpArea; TriggerLink helpDestroy; TriggerLink movieB; MobyLink hookshotSpawnPoints[3];,13,3,compiled descriptor; no assertion spawned or active,current verified module text base + RVA
5,Dreamtime,Lvl05Eye,Autres objets et controleurs,0x002C08E8,0x002C095C,0x001B64F8,0x001B64F8,3,0x001452F8; 0x001455D4; 0x00145668,0x002C0960; 0x002C0964; 0x002C0968,TriggerLink updateArea; Toggle bIsActTuned; u8 pad[ 11 ];,33,1,compiled descriptor; no assertion spawned or active,current verified module text base + RVA
5,Dreamtime,Lvl05Image,Autres objets et controleurs,0x002C0A84,0x002C0AF8,0x001B6560,0x001B6560,3,0x00146878; 0x00146A00; 0x00146D8C,0x002C0AFC; 0x002C0B00; 0x002C0B04,f32 onTime; f32 offTime; f32 onTimeRand; f32 offTimeRand; TriggerLink update; TriggerLink area; f32 maxMoveDist; f32 speed; f32 period; f32 rippleRate; f32 amplitude; s16 imageId; u8 pathIndex; u8 pad[1];,20,4,compiled descriptor; no assertion spawned or active,current verified module text base + RVA
5,Dreamtime,Lvl05LightTrail,Autres objets et controleurs,0x002C0B3C,0x002C0BB0,0x001B65D8,0x001B65D8,3,0x00147180; 0x00147510; 0x00147518,0x002C0BB4; 0x002C0BB8; 0x002C0BBC,CurveLink path; MobyLink sprouts[2];,4,1,compiled descriptor; no assertion spawned or active,current verified module text base + RVA
5,Dreamtime,Lvl05MagnaPlatform,Pieges et mecanismes,0x002C0C34,0x002C0CA8,0x001B66C0,0x001B66C0,3,0x00147A1C; 0x00147E08; 0x00147E58,0x002C0CAC; 0x002C0CB0; 0x002C0CB4,CurveLink path; MobyLink controllers[2]; TriggerLink encounterAreas[2]; u32 pad[3];,31,2,compiled descriptor; no assertion spawned or active,current verified module text base + RVA
5,Dreamtime,Lvl05MBBomb,"Armes, projectiles et degats",0x002C0D78,0x002C0DEC,0x001B6868,0x001B6868,3,0x00148880; 0x00148890; 0x0014A2E8,0x002C0DF0; 0x002C0DF4; 0x002C0DF8,,60,5,compiled descriptor; no assertion spawned or active,current verified module text base + RVA
5,Dreamtime,Lvl05MiniBoss,Ennemis et boss,0x002C0FF4,0x002C1068,0x001B6878,0x001B6878,3,0x0014B158; 0x0014B394; 0x0014C304,0x002C106C; 0x002C1070; 0x002C1074,TriggerLink arenaBounds; MobyLink spawnPoint; MobyLink armor; u32 pad[ 1 ];,0,0,compiled descriptor; no assertion spawned or active,current verified module text base + RVA
5,Dreamtime,Lvl05Platform,Pieges et mecanismes,0x002C1218,0x002C128C,0x001B6990,0x001B6990,3,0x0014E454; 0x0014E7D0; 0x0014EFD4,0x002C1290; 0x002C1294; 0x002C1298,MobyLink platforms[6]; MobyLink doctors[2]; CurveLink path; TieLink ship; CurveLink sawPaths[3]; f32 sawAccel; MobyLink contMat; u32 pad[1];,38,4,compiled descriptor; no assertion spawned or active,current verified module text base + RVA
5,Dreamtime,Lvl05Portal,Autres objets et controleurs,0x002C13A0,0x002C1414,0x001B6A68,0x001B6A68,3,0x0014FD44; 0x0014FF04; 0x00150068,0x002C1418; 0x002C141C; 0x002C1420,MobyLink newPos; MobyLink respawner; Toggle levelChanger; u8 pad[ 7 ];,14,3,compiled descriptor; no assertion spawned or active,current verified module text base + RVA
5,Dreamtime,Lvl05Secret,Autres objets et controleurs,0x002C146C,0x002C14E0,0x001B6A78,0x001B6A78,3,0x0015060C; 0x00150950; 0x00150A1C,0x002C14E4; 0x002C14E8; 0x002C14EC,MobyLink crab; MobyLink finishPoint; TriggerLink promptArea; MobyLink portalToDisable;,14,1,compiled descriptor; no assertion spawned or active,current verified module text base + RVA
5,Dreamtime,Lvl05UFO,Autres objets et controleurs,0x002C15B0,0x002C1624,0x001B6B80,0x001B6B80,4,0x00150D6C; 0x00150FA4; 0x001514A4; 0x00151010,0x002C1628; 0x002C162C; 0x002C1630; 0x002C1634,CurveLink points; TriggerLink update; f32 speed; f32 invScale; f32 onTime; f32 onTimeRand; f32 offTime; f32 offTimeRand; f32 xRotSpeed; f32 yRotSpeed; f32 zRotSpeed; Toggle bUseCollision; u8 pad[3];,44,4,compiled descriptor; no assertion spawned or active,current verified module text base + RVA
5,Dreamtime,Lvl05Umbrella,Autres objets et controleurs,0x002C1680,0x002C16F4,0x001B6C20,0x001B6C20,3,0x00151DC8; 0x00151FB8; 0x00152004,0x002C16F8; 0x002C16FC; 0x002C1700,f32 onTime; f32 offTime; CurveLink path; u8 index; u8 pad[ 3 ];,44,3,compiled descriptor; no assertion spawned or active,current verified module text base + RVA
5,Dreamtime,Lvl05WaveIsle,Autres objets et controleurs,0x002C1730,0x002C17A4,0x001B6C30,0x001B6C30,3,0x00152650; 0x001528D8; 0x001528E0,0x002C17A8; 0x002C17AC; 0x002C17B0,TieLink pillars[6]; MobyLink targets[2]; MobyLink enemyWave; u8 pad[12];,7,1,compiled descriptor; no assertion spawned or active,current verified module text base + RVA
5,Dreamtime,MapOMaticGadget,Gadgets et outils,0x002C17A8,0x002C181C,0x001B6D40,0x001B6D40,3,0x00152A9C; 0x00152AA4; 0x00152AAC,0x002C1820; 0x002C1824; 0x002C1828,,0,0,compiled descriptor; no assertion spawned or active,current verified module text base + RVA
5,Dreamtime,MatrixMoby,Autres objets et controleurs,0x002C1808,0x002C187C,0x001B6D50,0x001B6D50,3,0x00152AB4; 0x00152ABC; 0x00152AC4,0x002C1880; 0x002C1884; 0x002C1888,,0,0,compiled descriptor; no assertion spawned or active,current verified module text base + RVA
5,Dreamtime,Mirror,Autres objets et controleurs,0x002C18B0,0x002C1924,0x001B6D60,0x001B6D60,4,0x00152DAC; 0x00152ACC; 0x00152B00; 0x00152C44,0x002C1928; 0x002C192C; 0x002C1930; 0x002C1934,,13,0,compiled descriptor; no assertion spawned or active,current verified module text base + RVA
5,Dreamtime,MobyIce,Autres objets et controleurs,0x002C1A0C,0x002C1A80,0x001B6D68,0x001B6D68,3,0x00154670; 0x00154688; 0x0015500C,0x002C1A84; 0x002C1A88; 0x002C1A8C,,31,1,compiled descriptor; no assertion spawned or active,current verified module text base + RVA
5,Dreamtime,Mootator,"Armes, projectiles et degats",0x002C1D0C,0x002C1D80,0x001B6D70,0x001B6D70,3,0x00155BB4; 0x00155E04; 0x00156F54,0x002C1D84; 0x002C1D88; 0x002C1D8C,,21,0,compiled descriptor; no assertion spawned or active,current verified module text base + RVA
5,Dreamtime,MutantCow,Autres objets et controleurs,0x002C1DA0,0x002C1E14,0x001B6D80,0x001B6D80,4,0x001574BC; 0x00157640; 0x00157B6C; 0x00188D28,0x002C1E18; 0x002C1E1C; 0x002C1E20; 0x002C1E24,,29,1,compiled descriptor; no assertion spawned or active,current verified module text base + RVA
5,Dreamtime,MutantMadCow,Autres objets et controleurs,0x002C1F70,0x002C1FE4,0x001B6DB0,0x001B6DB0,4,0x001586CC; 0x00158834; 0x00158C50; 0x00188D28,0x002C1FE8; 0x002C1FEC; 0x002C1FF0; 0x002C1FF4,,47,2,compiled descriptor; no assertion spawned or active,current verified module text base + RVA
5,Dreamtime,NapalmBubble,Autres objets et controleurs,0x002C2038,0x002C20AC,0x001B6DC0,0x001B6DC0,3,0x001598C0; 0x001598C8; 0x001598D0,0x002C20B0; 0x002C20B4; 0x002C20B8,,8,1,compiled descriptor; no assertion spawned or active,current verified module text base + RVA
5,Dreamtime,PDA,Autres objets et controleurs,0x002C20E0,0x002C2154,0x001B6DD0,0x001B6DD0,3,0x0015A354; 0x0015A35C; 0x0015A364,0x002C2158; 0x002C215C; 0x002C2160,,0,0,compiled descriptor; no assertion spawned or active,current verified module text base + RVA
5,Dreamtime,Polarizer,Gadgets et outils,0x002C21EC,0x002C2260,0x001B6DD8,0x001B6DD8,3,0x0015A398; 0x0015A554; 0x0015B03C,0x002C2264; 0x002C2268; 0x002C226C,,34,0,compiled descriptor; no assertion spawned or active,current verified module text base + RVA
5,Dreamtime,PowerupAmmo,"Caisses, pickups et bonus",0x002C233C,0x002C23B0,0x001B6DE8,0x001B6DE8,3,0x0015BFAC; 0x0015C078; 0x0015C080,0x002C23B4; 0x002C23B8; 0x002C23BC,VEC4 velocity; f32 fallDistance; f32 fadeAmnt; u8 ammoType; u8 ammoAmnt; u32 priority; u8 gain; u8 needSync;,48,1,compiled descriptor; no assertion spawned or active,current verified module text base + RVA
5,Dreamtime,PowerupHealth,"Caisses, pickups et bonus",0x002C2498,0x002C250C,0x001B6E68,0x001B6E68,3,0x0015D520; 0x0015D570; 0x0015D5AC,0x002C2510; 0x002C2514; 0x002C2518,Particle *pTrail[8]; Particle *pGlowParticle; Particle *pGlowParticle2; Particle *pSphereParticle; Particle *pSphereParticle2; Moby *pParent; VEC4 velocity; f32 bobCount; f32 goToTimer; f32 deathTimer; f32 fallDistance;,21,5,compiled descriptor; no assertion spawned or active,current verified module text base + RVA
5,Dreamtime,QuarkChainsaw,Pieges et mecanismes,0x002C2640,0x002C26B4,0x001B6E78,0x001B6E78,3,0x0015EEE8; 0x0015EF00; 0x0015F38C,0x002C26B8; 0x002C26BC; 0x002C26C0,,24,2,compiled descriptor; no assertion spawned or active,current verified module text base + RVA
5,Dreamtime,QuarkDoctor,Autres objets et controleurs,0x002C2834,0x002C28A8,0x001B6E88,0x001B6E88,4,0x0015F854; 0x0015FBBC; 0x001606CC; 0x0015FC44,0x002C28AC; 0x002C28B0; 0x002C28B4; 0x002C28B8,TriggerLink detect; TriggerLink restrict; MobyLink respawner; MobyLink enemyWave; f32 fadeInPause; TriggerLink noRespawnArea; Toggle onBoat; u8 pad[7];,24,1,compiled descriptor; no assertion spawned or active,current verified module text base + RVA
5,Dreamtime,Ratchet,"Joueur, acteurs et accessoires",0x002C28A8,0x002C291C,0x001B6F78,0x001B6F78,4,0x00161600; 0x00161640; 0x00161648; 0x00161650,0x002C2920; 0x002C2924; 0x002C2928; 0x002C292C,,15,0,compiled descriptor; no assertion spawned or active,current verified module text base + RVA
5,Dreamtime,RatchetDecoyInner,"Joueur, acteurs et accessoires",0x002C29E4,0x002C2A58,0x001B7010,0x001B7010,4,0x00162548; 0x00162550; 0x001632C0; 0x00162610,0x002C2A5C; 0x002C2A60; 0x002C2A64; 0x002C2A68,,18,2,compiled descriptor; no assertion spawned or active,current verified module text base + RVA
5,Dreamtime,RatchetDecoyOuter,"Joueur, acteurs et accessoires",0x002C2A58,0x002C2ACC,0x001B7028,0x001B7028,3,0x001637D0; 0x0016380C; 0x00163814,0x002C2AD0; 0x002C2AD4; 0x002C2AD8,,0,0,compiled descriptor; no assertion spawned or active,current verified module text base + RVA
5,Dreamtime,Region,Autres objets et controleurs,0x002C2AEC,0x002C2B60,0x001B7040,0x001B7040,3,0x00163830; 0x0016392C; 0x00163934,0x002C2B64; 0x002C2B68; 0x002C2B6C,Toggle groups[32]; TriggerLink zone; u32 pad[ 3 ];,2,0,compiled descriptor; no assertion spawned or active,current verified module text base + RVA
5,Dreamtime,Ryno,"Armes, projectiles et degats",0x002C2C90,0x002C2D04,0x001B70B0,0x001B70B0,3,0x0016393C; 0x00163A18; 0x001640B8,0x002C2D08; 0x002C2D0C; 0x002C2D10,,36,1,compiled descriptor; no assertion spawned or active,current verified module text base + RVA
5,Dreamtime,RynoRocket,"Armes, projectiles et degats",0x002C2D6C,0x002C2DE0,0x001B70B8,0x001B70B8,3,0x00164ABC; 0x00164AD8; 0x00164B28,0x002C2DE4; 0x002C2DE8; 0x002C2DEC,,36,1,compiled descriptor; no assertion spawned or active,current verified module text base + RVA
5,Dreamtime,SetCamera,Camera et presentation,0x002C2F3C,0x002C2FB0,0x001B70C8,0x001B70C8,3,0x001659E4; 0x00165AF8; 0x00165B00,0x002C2FB4; 0x002C2FB8; 0x002C2FBC,TriggerLink area; Toggle lazy; u8 pad[3]; f32 lookHeight; f32 camDist; f32 height; f32 elevation; f32 azimuth; MobyLink parent; Toggle useAzimuth; Toggle useLookHeight; Toggle useCamDist; Toggle useHeight; Toggle useElevation; Toggle enabled; Toggle singleUse; Toggle entered; f32 speed; u32 priority; f32 restoreSpeed; u32 pad2[3];,1,0,compiled descriptor; no assertion spawned or active,current verified module text base + RVA
5,Dreamtime,Sharkagator,Ennemis et boss,0x002C2FE8,0x002C305C,0x001B71B0,0x001B71B0,3,0x00165DC8; 0x00165E38; 0x00165E40,0x002C3060; 0x002C3064; 0x002C3068,MobyLink noBiteAreas; u32 pad[ 3 ];,5,0,compiled descriptor; no assertion spawned or active,current verified module text base + RVA
5,Dreamtime,SharkagatorFin,Ennemis et boss,0x002C315C,0x002C31D0,0x001B71C0,0x001B71C0,3,0x00166268; 0x00166694; 0x0016669C,0x002C31D4; 0x002C31D8; 0x002C31DC,VEC4 rotVel; VEC2 dir2d; CurveLink swimPath; f32 speedUp; f32 accelUp; f32 swimSpeed; f32 timeBelowMin; f32 timeBelowMax; f32 timeAboveMin; f32 timeAboveMax; f32 angle; f32 angleInc; u8 nextPathPoint; u8 pad[ 15 ];,32,1,compiled descriptor; no assertion spawned or active,current verified module text base + RVA
5,Dreamtime,ShieldCharger,"Armes, projectiles et degats",0x002C31E8,0x002C325C,0x001B72A8,0x001B72A8,4,0x001675B4; 0x00166C74; 0x001679E4; 0x001681E8,0x002C3260; 0x002C3264; 0x002C3268; 0x002C326C,,53,3,compiled descriptor; no assertion spawned or active,current verified module text base + RVA
5,Dreamtime,ShieldChargerBolt,"Armes, projectiles et degats",0x002C3390,0x002C3404,0x001B72D8,0x001B72D8,3,0x0016A048; 0x0016A050; 0x0016A094,0x002C3408; 0x002C340C; 0x002C3410,,13,1,compiled descriptor; no assertion spawned or active,current verified module text base + RVA
5,Dreamtime,ShockRocket,"Armes, projectiles et degats",0x002C3490,0x002C3504,0x001B72F0,0x001B72F0,3,0x0016A3E8; 0x0016A4D4; 0x0016A7C0,0x002C3508; 0x002C350C; 0x002C3510,,22,2,compiled descriptor; no assertion spawned or active,current verified module text base + RVA
5,Dreamtime,ShockRocketShot,"Armes, projectiles et degats",0x002C357C,0x002C35F0,0x001B7300,0x001B7300,3,0x0016B334; 0x0016B384; 0x0016B98C,0x002C35F4; 0x002C35F8; 0x002C35FC,,31,3,compiled descriptor; no assertion spawned or active,current verified module text base + RVA
5,Dreamtime,ShrinkBeam,Gadgets et outils,0x002C3644,0x002C36B8,0x001B7310,0x001B7310,3,0x0016C7A4; 0x0016C7AC; 0x0016CE60,0x002C36BC; 0x002C36C0; 0x002C36C4,,4,0,compiled descriptor; no assertion spawned or active,current verified module text base + RVA
5,Dreamtime,ShrinkRayRatchet,Gadgets et outils,0x002C36A8,0x002C371C,0x001B7320,0x001B7320,3,0x0016DB20; 0x0016DB28; 0x0016DB30,0x002C3720; 0x002C3724; 0x002C3728,,0,0,compiled descriptor; no assertion spawned or active,current verified module text base + RVA
5,Dreamtime,SkillPoint_L05,Autres objets et controleurs,0x002C3760,0x002C37D4,0x001B7338,0x001B7338,3,0x0016DB38; 0x0016DD4C; 0x0016DD54,0x002C37D8; 0x002C37DC; 0x002C37E0,MobyLink ScrewsInPortal; MobyLink ScrewsOutPortal; MobyLink GiantClank; u32 pad[ 4 ];,1,0,compiled descriptor; no assertion spawned or active,current verified module text base + RVA
5,Dreamtime,Spitfire,"Effets, particules et environnement",0x002C3840,0x002C38B4,0x001B7560,0x001B7560,3,0x0016E2C4; 0x0016E2F8; 0x0016E31C,0x002C38B8; 0x002C38BC; 0x002C38C0,,19,0,compiled descriptor; no assertion spawned or active,current verified module text base + RVA
5,Dreamtime,Splash,Autres objets et controleurs,0x002C391C,0x002C3990,0x001B7570,0x001B7570,3,0x0016F6B0; 0x0016F6F8; 0x0016F700,0x002C3994; 0x002C3998; 0x002C399C,VEC2 pos; VEC2 velocity; const VEC3 *pPos; f32 startRadius; u16 uOffset; u8 owned; u8 pad;,8,0,compiled descriptor; no assertion spawned or active,current verified module text base + RVA
5,Dreamtime,Sprout,Gadgets et outils,0x002C3AF0,0x002C3B64,0x001B7578,0x001B7578,4,0x001709AC; 0x0016FD98; 0x00170E28; 0x0016FDFC,0x002C3B68; 0x002C3B6C; 0x002C3B70; 0x002C3B74,NavBound navBound; TriggerLink setTargetArea; CurveLink path; MobyLink endPathSoil; MobyLink dayNightController; TriggerLink followArea; u8 checkPointIndex; u8 pad[7];,36,0,compiled descriptor; no assertion spawned or active,current verified module text base + RVA
5,Dreamtime,Sproutomatic,Gadgets et outils,0x002C3BE4,0x002C3C58,0x001B76B0,0x001B76B0,3,0x0017205C; 0x00172104; 0x0017213C,0x002C3C5C; 0x002C3C60; 0x002C3C64,,10,0,compiled descriptor; no assertion spawned or active,current verified module text base + RVA
5,Dreamtime,StaticBarrierBelt,Autres objets et controleurs,0x002C3C48,0x002C3CBC,0x001B76C0,0x001B76C0,3,0x00172744; 0x00172778; 0x00172780,0x002C3CC0; 0x002C3CC4; 0x002C3CC8,,0,0,compiled descriptor; no assertion spawned or active,current verified module text base + RVA
5,Dreamtime,StupidDoor,Pieges et mecanismes,0x002C3CD4,0x002C3D48,0x001B76D8,0x001B76D8,3,0x00172788; 0x00172A18; 0x00172A20,0x002C3D4C; 0x002C3D50; 0x002C3D54,CurveLink path; f32 moveTime; u32 pad[ 2 ];,15,0,compiled descriptor; no assertion spawned or active,current verified module text base + RVA
5,Dreamtime,SuckCannon,"Armes, projectiles et degats",0x002C3E48,0x002C3EBC,0x001B7758,0x001B7758,3,0x001730F8; 0x00173240; 0x0017385C,0x002C3EC0; 0x002C3EC4; 0x002C3EC8,,21,3,compiled descriptor; no assertion spawned or active,current verified module text base + RVA
5,Dreamtime,SuckCannonComet,"Armes, projectiles et degats",0x002C3EB0,0x002C3F24,0x001B7768,0x001B7768,3,0x0018A1E8; 0x0018A1F0; 0x0018A424,0x002C3F28; 0x002C3F2C; 0x002C3F30,,40,1,compiled descriptor; no assertion spawned or active,current verified module text base + RVA
5,Dreamtime,SuckCannonCometTie,"Armes, projectiles et degats",0x002C3F18,0x002C3F8C,0x001B7778,0x001B7778,3,0x0018A1E8; 0x0018A1F0; 0x001741CC,0x002C3F90; 0x002C3F94; 0x002C3F98,,40,1,compiled descriptor; no assertion spawned or active,current verified module text base + RVA
5,Dreamtime,SuckCannonManager,"Armes, projectiles et degats",0x002C3FF4,0x002C4068,0x001B7790,0x001B7790,3,0x00174EAC; 0x00174EF8; 0x00174F00,0x002C406C; 0x002C4070; 0x002C4074,,25,0,compiled descriptor; no assertion spawned or active,current verified module text base + RVA
5,Dreamtime,SwarmManager,Autres objets et controleurs,0x002C4084,0x002C40F8,0x001B77A8,0x001B77A8,3,0x00175C50; 0x00175C98; 0x00175FD0,0x002C40FC; 0x002C4100; 0x002C4104,,4,2,compiled descriptor; no assertion spawned or active,current verified module text base + RVA
5,Dreamtime,TieManipulator,Autres objets et controleurs,0x002C42F4,0x002C4368,0x001B77B8,0x001B77B8,3,0x0017686C; 0x00176864; 0x00176E44,0x002C436C; 0x002C4370; 0x002C4374,TieLink tie[ 8 ]; f32 xAxis; f32 yAxis; f32 zAxis; f32 xRot; f32 yRot; f32 zRot; f32 xSpan; f32 ySpan; f32 zSpan; f32 xCounter; f32 yCounter; f32 zCounter; f32 speed; f32 speedPerFrame; f32 curviness; f32 curvPar; f32 scaleSpeed; f32 scaleSpeedPerFrame; f32 scaleMax; f32 scaleCounter; f32 xPerc[8]; f32 yPerc[8]; f32 zPerc[8]; f32 xPar[8]; f32 yPar[8]; f32 zPar[8]; f32 xStart[8]; f32 yStart[8]; f32 zStart[8]; MATRIX4 *pMat[8]; MATRIX4 scaleMatrix; f32 drawDistance; f32 updateDistance; f32 inverseScale; u32 linkCount;,17,0,compiled descriptor; no assertion spawned or active,current verified module text base + RVA
5,Dreamtime,TitaniumBolt,"Caisses, pickups et bonus",0x002C4434,0x002C44A8,0x001B77C8,0x001B77C8,3,0x001771D4; 0x001773C4; 0x0017752C,0x002C44AC; 0x002C44B0; 0x002C44B4,f32 dist; f32 height; f32 lookHeight; f32 elevation; f32 azimuth; Toggle magnaboots; Toggle noAnimation; u32 levelToFake; u8 id; u8 pad[5];,23,0,compiled descriptor; no assertion spawned or active,current verified module text base + RVA
5,Dreamtime,TriggerCollection,Pieges et mecanismes,0x002C44DC,0x002C4550,0x001B7880,0x001B7880,3,0x00177F50; 0x00177F58; 0x00177F60,0x002C4554; 0x002C4558; 0x002C455C,TriggerLink triggers[ 14 ];,0,0,compiled descriptor; no assertion spawned or active,current verified module text base + RVA
5,Dreamtime,TripleWaveBeacon,Autres objets et controleurs,0x002C4550,0x002C45C4,0x001B7898,0x001B7898,3,0x001784B8; 0x00178668; 0x0017869C,0x002C45C8; 0x002C45CC; 0x002C45D0,,27,2,compiled descriptor; no assertion spawned or active,current verified module text base + RVA
5,Dreamtime,vendor,Autres objets et controleurs,0x002C45FC,0x002C4670,0x001B78B0,0x001B78B0,3,0x00178944; 0x00178B0C; 0x00178B70,0x002C4674; 0x002C4678; 0x002C467C,u32 lastAnimPlayed; u32 vendorType; Toggle bSellsWeapons; u8 pad[ 7 ];,17,0,compiled descriptor; no assertion spawned or active,current verified module text base + RVA
5,Dreamtime,wallJumpTrigger,Pieges et mecanismes,0x002C46E4,0x002C4758,0x001B78B8,0x001B78B8,3,0x00178DE8; 0x00178EAC; 0x00178EB4,0x002C475C; 0x002C4760; 0x002C4764,TriggerLink volume; f32 camDist; f32 camHeight; f32 camLookUp; f32 camAzimuth; f32 exitStateDelay; u32 pad[2];,2,1,compiled descriptor; no assertion spawned or active,current verified module text base + RVA
5,Dreamtime,Wrench,Autres objets et controleurs,0x002C4908,0x002C497C,0x001B7958,0x001B7958,3,0x00179234; 0x00179308; 0x00179764,0x002C4980; 0x002C4984; 0x002C4988,,2,0,compiled descriptor; no assertion spawned or active,current verified module text base + RVA
6,Medical Outpost Omega,Acidbomb,"Armes, projectiles et degats",0x002BC578,0x002BC5EC,0x001B6988,0x001B6988,3,0x000FE838; 0x000FE848; 0x000FF1B0,0x002BC5F0; 0x002BC5F4; 0x002BC5F8,,35,0,compiled descriptor; no assertion spawned or active,current verified module text base + RVA
6,Medical Outpost Omega,AcidbombEpoxy,"Armes, projectiles et degats",0x002BC600,0x002BC674,0x001B69B0,0x001B69B0,3,0x001005F4; 0x001005FC; 0x00100684,0x002BC678; 0x002BC67C; 0x002BC680,,5,0,compiled descriptor; no assertion spawned or active,current verified module text base + RVA
6,Medical Outpost Omega,AcidGloveHUD,"Armes, projectiles et degats",0x002BC660,0x002BC6D4,0x001B69C0,0x001B69C0,3,0x00100B8C; 0x00100B94; 0x00100B9C,0x002BC6D8; 0x002BC6DC; 0x002BC6E0,,0,0,compiled descriptor; no assertion spawned or active,current verified module text base + RVA
6,Medical Outpost Omega,AgentController,"Armes, projectiles et degats",0x002BC6C0,0x002BC734,0x001B69D0,0x001B69D0,3,0x00100BA4; 0x00100C94; 0x00100E4C,0x002BC738; 0x002BC73C; 0x002BC740,,6,0,compiled descriptor; no assertion spawned or active,current verified module text base + RVA
6,Medical Outpost Omega,AgentOfDoom,"Armes, projectiles et degats",0x002BCA14,0x002BCA88,0x001B6AA8,0x001B6AA8,4,0x00101564; 0x00101640; 0x00101700; 0x00101A20,0x002BCA8C; 0x002BCA90; 0x002BCA94; 0x002BCA98,,21,1,compiled descriptor; no assertion spawned or active,current verified module text base + RVA
6,Medical Outpost Omega,AgentOfDoomShrapnel,"Armes, projectiles et degats",0x002BCAF4,0x002BCB68,0x001B6B30,0x001B6B30,3,0x00106138; 0x00106140; 0x00106148,0x002BCB6C; 0x002BCB70; 0x002BCB74,,31,0,compiled descriptor; no assertion spawned or active,current verified module text base + RVA
6,Medical Outpost Omega,AgentsBomb,"Armes, projectiles et degats",0x002BCC30,0x002BCCA4,0x001B6B48,0x001B6B48,3,0x00106448; 0x00106450; 0x00106458,0x002BCCA8; 0x002BCCAC; 0x002BCCB0,,19,0,compiled descriptor; no assertion spawned or active,current verified module text base + RVA
6,Medical Outpost Omega,AgentsGlove,"Armes, projectiles et degats",0x002BCCC8,0x002BCD3C,0x001B6B58,0x001B6B58,3,0x001079E4; 0x00107A70; 0x00107A9C,0x002BCD40; 0x002BCD44; 0x002BCD48,,8,2,compiled descriptor; no assertion spawned or active,current verified module text base + RVA
6,Medical Outpost Omega,AgentsGrenade,"Armes, projectiles et degats",0x002BCD74,0x002BCDE8,0x001B6B68,0x001B6B68,3,0x00107F6C; 0x0010805C; 0x00108510,0x002BCDEC; 0x002BCDF0; 0x002BCDF4,,33,2,compiled descriptor; no assertion spawned or active,current verified module text base + RVA
6,Medical Outpost Omega,AgentsLaser,"Armes, projectiles et degats",0x002BCE1C,0x002BCE90,0x001B6BF0,0x001B6BF0,3,0x00108A8C; 0x00108D94; 0x00108E48,0x002BCE94; 0x002BCE98; 0x002BCE9C,,17,0,compiled descriptor; no assertion spawned or active,current verified module text base + RVA
6,Medical Outpost Omega,AgentsRocket,"Armes, projectiles et degats",0x002BCF10,0x002BCF84,0x001B6CC8,0x001B6CC8,3,0x00109854; 0x00109918; 0x00109998,0x002BCF88; 0x002BCF8C; 0x002BCF90,,26,1,compiled descriptor; no assertion spawned or active,current verified module text base + RVA
6,Medical Outpost Omega,ArmorHelmet,Autres objets et controleurs,0x002BCFA8,0x002BD01C,0x001B6D50,0x001B6D50,3,0x0010A280; 0x0010A288; 0x0010A290,0x002BD020; 0x002BD024; 0x002BD028,,0,0,compiled descriptor; no assertion spawned or active,current verified module text base + RVA
6,Medical Outpost Omega,ArmorLeftFoot,Autres objets et controleurs,0x002BD008,0x002BD07C,0x001B6D60,0x001B6D60,3,0x0010A298; 0x0010A2A0; 0x0010A2A8,0x002BD080; 0x002BD084; 0x002BD088,,0,0,compiled descriptor; no assertion spawned or active,current verified module text base + RVA
6,Medical Outpost Omega,ArmorLeftHand,Autres objets et controleurs,0x002BD078,0x002BD0EC,0x001B6D70,0x001B6D70,3,0x0010A2B0; 0x0010A2B8; 0x0010A2C0,0x002BD0F0; 0x002BD0F4; 0x002BD0F8,u32 pad[ 4 ];,0,0,compiled descriptor; no assertion spawned or active,current verified module text base + RVA
6,Medical Outpost Omega,ArmorPickup,"Caisses, pickups et bonus",0x002BD1A8,0x002BD21C,0x001B6D80,0x001B6D80,3,0x0010A634; 0x0010A2E4; 0x0010AB38,0x002BD220; 0x002BD224; 0x002BD228,f32 dist; f32 height; f32 lookHeight; f32 elevation; f32 azimuth; MobyLink driver; MobyLink playerMatrix; u32 playthroughReq; Toggle magnaboots; u8 pad[ 15 ];,43,0,compiled descriptor; no assertion spawned or active,current verified module text base + RVA
6,Medical Outpost Omega,ArmorRightFoot,Autres objets et controleurs,0x002BD220,0x002BD294,0x001B6F10,0x001B6F10,3,0x0010B074; 0x0010B07C; 0x0010B084,0x002BD298; 0x002BD29C; 0x002BD2A0,,0,0,compiled descriptor; no assertion spawned or active,current verified module text base + RVA
6,Medical Outpost Omega,ArmorRightHand,Autres objets et controleurs,0x002BD290,0x002BD304,0x001B6F20,0x001B6F20,3,0x0010B08C; 0x0010B094; 0x0010B09C,0x002BD308; 0x002BD30C; 0x002BD310,u32 pad[ 4 ];,0,0,compiled descriptor; no assertion spawned or active,current verified module text base + RVA
6,Medical Outpost Omega,ArmorTorso,Vehicules et minijeux,0x002BD2F0,0x002BD364,0x001B6F30,0x001B6F30,3,0x0010B0A4; 0x0010B0AC; 0x0010B0B4,0x002BD368; 0x002BD36C; 0x002BD370,,0,0,compiled descriptor; no assertion spawned or active,current verified module text base + RVA
6,Medical Outpost Omega,BeeMine,"Armes, projectiles et degats",0x002BD3D4,0x002BD448,0x001B6F40,0x001B6F40,4,0x0010B754; 0x0010B764; 0x0010BB44; 0x0010B83C,0x002BD44C; 0x002BD450; 0x002BD454; 0x002BD458,,2,0,compiled descriptor; no assertion spawned or active,current verified module text base + RVA
6,Medical Outpost Omega,BeeMineGlove,"Armes, projectiles et degats",0x002BD4A0,0x002BD514,0x001B6F70,0x001B6F70,3,0x0010D520; 0x0010D6A8; 0x0010D6D4,0x002BD518; 0x002BD51C; 0x002BD520,,2,0,compiled descriptor; no assertion spawned or active,current verified module text base + RVA
6,Medical Outpost Omega,BeeMineGloveHUD,"Armes, projectiles et degats",0x002BD500,0x002BD574,0x001B6F80,0x001B6F80,3,0x0010DCF4; 0x0010DCFC; 0x0010DD04,0x002BD578; 0x002BD57C; 0x002BD580,,0,0,compiled descriptor; no assertion spawned or active,current verified module text base + RVA
6,Medical Outpost Omega,BeeMineShrapnel,"Armes, projectiles et degats",0x002BD5CC,0x002BD640,0x001B6F90,0x001B6F90,3,0x0010E03C; 0x0010E044; 0x0010E04C,0x002BD644; 0x002BD648; 0x002BD64C,,31,0,compiled descriptor; no assertion spawned or active,current verified module text base + RVA
6,Medical Outpost Omega,Blaster,"Armes, projectiles et degats",0x002BD6BC,0x002BD730,0x001B6FA0,0x001B6FA0,3,0x0010E0C4; 0x0010E220; 0x0010E744,0x002BD734; 0x002BD738; 0x002BD73C,,53,3,compiled descriptor; no assertion spawned or active,current verified module text base + RVA
6,Medical Outpost Omega,BlasterAkimbo,"Armes, projectiles et degats",0x002BD728,0x002BD79C,0x001B6FA8,0x001B6FA8,3,0x0010F724; 0x0010F7A8; 0x0010F7D8,0x002BD7A0; 0x002BD7A4; 0x002BD7A8,,21,2,compiled descriptor; no assertion spawned or active,current verified module text base + RVA
6,Medical Outpost Omega,BlasterShot,"Armes, projectiles et degats",0x002BD79C,0x002BD810,0x001B6FB8,0x001B6FB8,3,0x0010FAA8; 0x0010FAD0; 0x0010FE74,0x002BD814; 0x002BD818; 0x002BD81C,,28,2,compiled descriptor; no assertion spawned or active,current verified module text base + RVA
6,Medical Outpost Omega,BlitzGun,"Armes, projectiles et degats",0x002BDBFC,0x002BDC70,0x001B6FC8,0x001B6FC8,3,0x00111D40; 0x00111E9C; 0x001122F4,0x002BDC74; 0x002BDC78; 0x002BDC7C,,40,1,compiled descriptor; no assertion spawned or active,current verified module text base + RVA
6,Medical Outpost Omega,BlitzGunShot,"Armes, projectiles et degats",0x002BDD8C,0x002BDE00,0x001B6FD8,0x001B6FD8,3,0x00113D88; 0x00113D90; 0x00113F2C,0x002BDE04; 0x002BDE08; 0x002BDE0C,,21,2,compiled descriptor; no assertion spawned or active,current verified module text base + RVA
6,Medical Outpost Omega,Bolt,"Caisses, pickups et bonus",0x002BDDF0,0x002BDE64,0x001B6FE8,0x001B6FE8,2,0x00114A3C; 0x00114A44,0x002BDE68; 0x002BDE6C,,0,0,compiled descriptor; no assertion spawned or active,current verified module text base + RVA
6,Medical Outpost Omega,BoltController,"Caisses, pickups et bonus",0x002BE0E4,0x002BE158,0x001B7030,0x001B7030,3,0x00117FAC; 0x001181E0; 0x00118204,0x002BE15C; 0x002BE160; 0x002BE164,u32 boltAmnt; u32 boltAmountReplay; u32 pad[ 2 ];,0,0,compiled descriptor; no assertion spawned or active,current verified module text base + RVA
6,Medical Outpost Omega,BoltGrabber,"Caisses, pickups et bonus",0x002BE160,0x002BE1D4,0x001B70E0,0x001B70E0,3,0x001185A0; 0x001185A8; 0x001185B0,0x002BE1D8; 0x002BE1DC; 0x002BE1E0,,0,0,compiled descriptor; no assertion spawned or active,current verified module text base + RVA
6,Medical Outpost Omega,Bombglove,"Armes, projectiles et degats",0x002BE224,0x002BE298,0x001B70F0,0x001B70F0,3,0x001185B8; 0x00118690; 0x00118B40,0x002BE29C; 0x002BE2A0; 0x002BE2A4,,17,0,compiled descriptor; no assertion spawned or active,current verified module text base + RVA
6,Medical Outpost Omega,BoxBreaker,"Caisses, pickups et bonus",0x002BE288,0x002BE2FC,0x001B7100,0x001B7100,3,0x001190B0; 0x001190B8; 0x001190C0,0x002BE300; 0x002BE304; 0x002BE308,,0,0,compiled descriptor; no assertion spawned or active,current verified module text base + RVA
6,Medical Outpost Omega,BoxBreakerHelp,"Caisses, pickups et bonus",0x002BE2E8,0x002BE35C,0x001B7110,0x001B7110,3,0x0011914C; 0x00119154; 0x0011915C,0x002BE360; 0x002BE364; 0x002BE368,,5,0,compiled descriptor; no assertion spawned or active,current verified module text base + RVA
6,Medical Outpost Omega,BustyNurse,Ennemis et boss,0x002BE500,0x002BE574,0x001B7130,0x001B7130,4,0x001191A8; 0x00119514; 0x00119B70; 0x001195B4,0x002BE578; 0x002BE57C; 0x002BE580; 0x002BE584,Navigate nav; MobyLink controller; TriggerLink detect; VEC2 panicPos; Toggle panicker; Toggle wanderer; u8 controllerId; u8 runLeft; Launch launch; f32 health;,25,1,compiled descriptor; no assertion spawned or active,current verified module text base + RVA
6,Medical Outpost Omega,ChameleonDecoy,Autres objets et controleurs,0x002BE664,0x002BE6D8,0x001B72A0,0x001B72A0,4,0x0011AC58; 0x0011AC60; 0x0011AC78; 0x0011AD00,0x002BE6DC; 0x002BE6E0; 0x002BE6E4; 0x002BE6E8,,7,1,compiled descriptor; no assertion spawned or active,current verified module text base + RVA
6,Medical Outpost Omega,ClankForShipAnim,"Joueur, acteurs et accessoires",0x002BE6D8,0x002BE74C,0x001B72B0,0x001B72B0,3,0x0011ADB4; 0x0011ADBC; 0x0011ADC4,0x002BE750; 0x002BE754; 0x002BE758,u32 pad[ 4 ];,0,0,compiled descriptor; no assertion spawned or active,current verified module text base + RVA
6,Medical Outpost Omega,ClankHead,"Joueur, acteurs et accessoires",0x002BE738,0x002BE7AC,0x001B72C8,0x001B72C8,3,0x0011ADCC; 0x0011ADD4; 0x0011ADDC,0x002BE7B0; 0x002BE7B4; 0x002BE7B8,,0,0,compiled descriptor; no assertion spawned or active,current verified module text base + RVA
6,Medical Outpost Omega,ClankPack,"Joueur, acteurs et accessoires",0x002BE798,0x002BE80C,0x001B72D8,0x001B72D8,3,0x0011ADE4; 0x0011AE14; 0x0011AE1C,0x002BE810; 0x002BE814; 0x002BE818,,2,0,compiled descriptor; no assertion spawned or active,current verified module text base + RVA
6,Medical Outpost Omega,ContinuePoint,Autres objets et controleurs,0x002BE824,0x002BE898,0x001B72E8,0x001B72E8,3,0x0011AE40; 0x0011AE64; 0x0011AE6C,0x002BE89C; 0x002BE8A0; 0x002BE8A4,TriggerLink activateTrigger; u8 index;,0,0,compiled descriptor; no assertion spawned or active,current verified module text base + RVA
6,Medical Outpost Omega,CowBell,Autres objets et controleurs,0x002BE8C4,0x002BE938,0x001B72F8,0x001B72F8,3,0x0011B33C; 0x0011B344; 0x0011B34C,0x002BE93C; 0x002BE940; 0x002BE944,,31,0,compiled descriptor; no assertion spawned or active,current verified module text base + RVA
6,Medical Outpost Omega,Crate,"Caisses, pickups et bonus",0x002BE974,0x002BE9E8,0x001B7300,0x001B7300,4,0x0011B484; 0x0011B48C; 0x0011B574; 0x0011B494,0x002BE9EC; 0x002BE9F0; 0x002BE9F4; 0x002BE9F8,Moby *pCrateBelow; f32 velocityY; f32 fallDistance; f32 distFallen;,15,0,compiled descriptor; no assertion spawned or active,current verified module text base + RVA
6,Medical Outpost Omega,CrateAmmo,"Caisses, pickups et bonus",0x002BEAB4,0x002BEB28,0x001B7308,0x001B7308,4,0x0011B654; 0x0011B67C; 0x0011B684; 0x0011B68C,0x002BEB2C; 0x002BEB30; 0x002BEB34; 0x002BEB38,Moby *pCrateBelow; f32 velocityY; f32 fallDistance; f32 distFallen; Toggle major; Toggle minor; u8 noAmmoType1; u8 noAmmoType2; u8 onlyAmmoType; Toggle validIM; Toggle validDM; Toggle validCTF; u8 pad[8];,12,0,compiled descriptor; no assertion spawned or active,current verified module text base + RVA
6,Medical Outpost Omega,CrateChunk,"Caisses, pickups et bonus",0x002BEB18,0x002BEB8C,0x001B7318,0x001B7318,2,0x0011BD50; 0x0011BD58,0x002BEB90; 0x002BEB94,,0,0,compiled descriptor; no assertion spawned or active,current verified module text base + RVA
6,Medical Outpost Omega,CrateChunkController,"Caisses, pickups et bonus",0x002BED18,0x002BED8C,0x001B7328,0x001B7328,2,0x0011C3B4; 0x0011C3BC,0x002BED90; 0x002BED94,,0,0,compiled descriptor; no assertion spawned or active,current verified module text base + RVA
6,Medical Outpost Omega,CrateExplosive,"Caisses, pickups et bonus",0x002BEE3C,0x002BEEB0,0x001B73C8,0x001B73C8,2,0x0011C57C; 0x0011C5C0,0x002BEEB4; 0x002BEEB8,Moby *pCrateBelow; f32 velocityY; f32 fallDistance; f32 distFallen; Toggle explode; u8 keyIdx; Toggle validIM; Toggle validDM; Toggle validCTF; u8 pad[11];,1,0,compiled descriptor; no assertion spawned or active,current verified module text base + RVA
6,Medical Outpost Omega,CrateHealth,"Caisses, pickups et bonus",0x002BEFD0,0x002BF044,0x001B73D8,0x001B73D8,2,0x0011CDA4; 0x0011CE40,0x002BF048; 0x002BF04C,Moby *pCrateBelow; f32 velocityY; f32 fallDistance; f32 distFallen; Moby *pPowerup; Toggle validIM; Toggle validDM; Toggle validCTF; u8 pad[9];,1,0,compiled descriptor; no assertion spawned or active,current verified module text base + RVA
6,Medical Outpost Omega,CrossbowGun,"Armes, projectiles et degats",0x002BF5D4,0x002BF648,0x001B73E8,0x001B73E8,3,0x0011D75C; 0x0011D848; 0x0011DA28,0x002BF64C; 0x002BF650; 0x002BF654,,33,3,compiled descriptor; no assertion spawned or active,current verified module text base + RVA
6,Medical Outpost Omega,CrossbowShot,"Armes, projectiles et degats",0x002BF7B4,0x002BF828,0x001B7420,0x001B7420,3,0x0011E078; 0x0011E080; 0x0011F5C0,0x002BF82C; 0x002BF830; 0x002BF834,,63,4,compiled descriptor; no assertion spawned or active,current verified module text base + RVA
6,Medical Outpost Omega,CrystalGroundShard,Autres objets et controleurs,0x002BF8D0,0x002BF944,0x001B7430,0x001B7430,3,0x001204B4; 0x001206F8; 0x0012093C,0x002BF948; 0x002BF94C; 0x002BF950,,33,1,compiled descriptor; no assertion spawned or active,current verified module text base + RVA
6,Medical Outpost Omega,CutCamera,Camera et presentation,0x002BFA18,0x002BFA8C,0x001B7448,0x001B7448,3,0x0012105C; 0x00121138; 0x00121548,0x002BFA90; 0x002BFA94; 0x002BFA98,f32 time; TriggerLink activate; CurveLink path; MobyLink target; VEC3 targetPos; Toggle destroyOnFinish; Toggle finishOnPath; Toggle bLerpFromActive; u8 pathPointId; MobyLink enemyWave; f32 lerpTime; Toggle bNoRespawn; u8 pad2[7];,12,1,compiled descriptor; no assertion spawned or active,current verified module text base + RVA
6,Medical Outpost Omega,DeathTrigger,Pieges et mecanismes,0x002BFAE0,0x002BFB54,0x001B7458,0x001B7458,3,0x00121E60; 0x00121EC0; 0x00121EC8,0x002BFB58; 0x002BFB5C; 0x002BFB60,MobyLink killAreas; MobyLink ignoreAreas; Toggle killHeroInTriggers; f32 minYHeight; u8 pad[3];,7,0,compiled descriptor; no assertion spawned or active,current verified module text base + RVA
6,Medical Outpost Omega,DualBlasterHUD,"Armes, projectiles et degats",0x002BFB40,0x002BFBB4,0x001B7468,0x001B7468,3,0x0012203C; 0x00122044; 0x0012204C,0x002BFBB8; 0x002BFBBC; 0x002BFBC0,,0,0,compiled descriptor; no assertion spawned or active,current verified module text base + RVA
6,Medical Outpost Omega,electricXplo,Autres objets et controleurs,0x002BFBDC,0x002BFC50,0x001B7478,0x001B7478,3,0x00122AEC; 0x00122840; 0x00122848,0x002BFC54; 0x002BFC58; 0x002BFC5C,f32 lengths[24]; VEC3 normals[18]; f32 timer; s32 scroll;,14,2,compiled descriptor; no assertion spawned or active,current verified module text base + RVA
6,Medical Outpost Omega,ElectroBall,Autres objets et controleurs,0x002BFDB0,0x002BFE24,0x001B74F8,0x001B74F8,3,0x001243D4; 0x00124444; 0x00124488,0x002BFE28; 0x002BFE2C; 0x002BFE30,,19,3,compiled descriptor; no assertion spawned or active,current verified module text base + RVA
6,Medical Outpost Omega,ElectroshockWave,Autres objets et controleurs,0x002BFEBC,0x002BFF30,0x001B7508,0x001B7508,3,0x001250CC; 0x001250D4; 0x00125BAC,0x002BFF34; 0x002BFF38; 0x002BFF3C,,14,3,compiled descriptor; no assertion spawned or active,current verified module text base + RVA
6,Medical Outpost Omega,EnemyController,Ennemis et boss,0x002C0028,0x002C009C,0x001B7520,0x001B7520,3,0x00125F3C; 0x00126148; 0x00126388,0x002C00A0; 0x002C00A4; 0x002C00A8,TriggerLink updateArea; TriggerLink updateArea2; TriggerLink destroyTrigger; f32 firstWaveDist; f32 secondWaveDist; Toggle envColl; u8 attackingMax; Toggle destroyControllerToo; u8 pad[ 9 ];,79,1,compiled descriptor; no assertion spawned or active,current verified module text base + RVA
6,Medical Outpost Omega,EnemyWave,Ennemis et boss,0x002C0194,0x002C0208,0x001B76C0,0x001B76C0,3,0x00128FD8; 0x00129090; 0x00129394,0x002C020C; 0x002C0210; 0x002C0214,MobyLink destroyedMoby; TriggerLink trigger; MobyLink previousWave; f32 timer; f32 delayRandMax; MobyLink enemyControllerToCheck; u8 mobyToCheckState; Toggle prevWaveDestroyed; u8 enemyInControllerCount; u8 pad[ 9 ];,9,1,compiled descriptor; no assertion spawned or active,current verified module text base + RVA
6,Medical Outpost Omega,ExplosiveBee,Autres objets et controleurs,0x002C0364,0x002C03D8,0x001B7750,0x001B7750,3,0x00129858; 0x00129900; 0x0012A7A8,0x002C03DC; 0x002C03E0; 0x002C03E4,,9,2,compiled descriptor; no assertion spawned or active,current verified module text base + RVA
6,Medical Outpost Omega,Flamethrower,"Armes, projectiles et degats",0x002C04A0,0x002C0514,0x001B77A8,0x001B77A8,3,0x0012B8A0; 0x0012BA1C; 0x0012C82C,0x002C0518; 0x002C051C; 0x002C0520,,12,2,compiled descriptor; no assertion spawned or active,current verified module text base + RVA
6,Medical Outpost Omega,FlyingCarLightweightDirectional,Autres objets et controleurs,0x002C0790,0x002C0804,0x001B77B8,0x001B77B8,3,0x0012EE6C; 0x0012F060; 0x0012F068,0x002C0808; 0x002C080C; 0x002C0810,f32 speed; f32 distance; f32 fadeDist; u8 pad8a; u8 reverse; u8 lanes; u8 pad8; f32 spawnXMod; f32 spawnYMod; VEC3 posVariAmp; VEC3 posVariRate; f32 scale; u32 numShips; f32 spawnRate; Toggle DistantShip1; Toggle DistantShip2; Toggle DistantShip3; Toggle PODCopter; Toggle ShuttleCruiser; Toggle Dragonfly; Toggle pad[15] ;,7,1,compiled descriptor; no assertion spawned or active,current verified module text base + RVA
6,Medical Outpost Omega,GenericTieForm,Autres objets et controleurs,0x002C0848,0x002C08BC,0x001B7918,0x001B7918,3,0x0012F75C; 0x0012F7AC; 0x0012F7E0,0x002C08C0; 0x002C08C4; 0x002C08C8,,6,0,compiled descriptor; no assertion spawned or active,current verified module text base + RVA
6,Medical Outpost Omega,GravityCrystal,Autres objets et controleurs,0x002C08A8,0x002C091C,0x001B7928,0x001B7928,3,0x0012FF20; 0x00130138; 0x00130AB0,0x002C0920; 0x002C0924; 0x002C0928,,40,3,compiled descriptor; no assertion spawned or active,current verified module text base + RVA
6,Medical Outpost Omega,GrindrailBomb,"Armes, projectiles et degats",0x002C0ADC,0x002C0B50,0x001B7938,0x001B7938,4,0x001316F4; 0x001317E4; 0x00131848; 0x001315EC,0x002C0B54; 0x002C0B58; 0x002C0B5C; 0x002C0B60,,3,0,compiled descriptor; no assertion spawned or active,current verified module text base + RVA
6,Medical Outpost Omega,GrindrailController,Pieges et mecanismes,0x002C0DAC,0x002C0E20,0x001B79C0,0x001B79C0,2,0x00132E84; 0x001330F4,0x002C0E24; 0x002C0E28,VEC4 dir; CurveLink path; f32 grindrailSp; CurveLink secPaths[20]; f32 camDefaultLookLead; f32 camDefaultDist; f32 camDefaultHeight; f32 camDefaultAzimuth; f32 camDefaultElevation; f32 bombDamageFrac; f32 gateDamageFrac;,3,0,compiled descriptor; no assertion spawned or active,current verified module text base + RVA
6,Medical Outpost Omega,GrindrailGate,Pieges et mecanismes,0x002C0FDC,0x002C1050,0x001B7A88,0x001B7A88,3,0x001333F4; 0x001334CC; 0x001336C4,0x002C1054; 0x002C1058; 0x002C105C,u32 pad[4];,15,0,compiled descriptor; no assertion spawned or active,current verified module text base + RVA
6,Medical Outpost Omega,GrindrailLock,Pieges et mecanismes,0x002C10E0,0x002C1154,0x001B7B08,0x001B7B08,3,0x00133D08; 0x001340E8; 0x00134214,0x002C1158; 0x002C115C; 0x002C1160,TriggerLink promptArea; TriggerLink endArea; MobyLink matrixMoby; u32 lockID; MobyLink destroyMobys; u32 pad[ 3 ];,23,1,compiled descriptor; no assertion spawned or active,current verified module text base + RVA
6,Medical Outpost Omega,GrindrailSwitch,Pieges et mecanismes,0x002C11C0,0x002C1234,0x001B7C18,0x001B7C18,4,0x00134AF4; 0x00134C3C; 0x00134CA0; 0x001348DC,0x002C1238; 0x002C123C; 0x002C1240; 0x002C1244,MobyLink gate; Toggle toggleOnOff; s32 gateMember; u32 pad[1];,10,0,compiled descriptor; no assertion spawned or active,current verified module text base + RVA
6,Medical Outpost Omega,HeadShrapnel,Autres objets et controleurs,0x002C1324,0x002C1398,0x001B7CE0,0x001B7CE0,3,0x00135410; 0x00135424; 0x0013542C,0x002C139C; 0x002C13A0; 0x002C13A4,,48,0,compiled descriptor; no assertion spawned or active,current verified module text base + RVA
6,Medical Outpost Omega,HeavyTorso01,Vehicules et minijeux,0x002C1580,0x002C15F4,0x001B7CF0,0x001B7CF0,4,0x00136510; 0x00135C64; 0x00136B3C; 0x00135A24,0x002C15F8; 0x002C15FC; 0x002C1600; 0x002C1604,Navigate nav; MobyLink controller; TriggerLink detect; f32 alertRadius; CurveLink enterPath; CurveLink patrolPath; TriggerLink enterTrigger; MobyLink enemyWave; TriggerLink autoDetectArea; TriggerLink wanderArea; Toggle waitForInteraction; Toggle runEnter; u8 pad[14];,23,0,compiled descriptor; no assertion spawned or active,current verified module text base + RVA
6,Medical Outpost Omega,HeavyTorsoShrapnel,Vehicules et minijeux,0x002C16F0,0x002C1764,0x001B7FC0,0x001B7FC0,3,0x00138674; 0x001386D0; 0x001386D8,0x002C1768; 0x002C176C; 0x002C1770,,49,1,compiled descriptor; no assertion spawned or active,current verified module text base + RVA
6,Medical Outpost Omega,Helipack,Autres objets et controleurs,0x002C175C,0x002C17D0,0x001B7FD8,0x001B7FD8,3,0x00138D10; 0x00138D18; 0x00138D20,0x002C17D4; 0x002C17D8; 0x002C17DC,,3,0,compiled descriptor; no assertion spawned or active,current verified module text base + RVA
6,Medical Outpost Omega,HutDoor,Pieges et mecanismes,0x002C1824,0x002C1898,0x001B7FE8,0x001B7FE8,3,0x00138EC4; 0x00139290; 0x001394BC,0x002C189C; 0x002C18A0; 0x002C18A4,MobyLink mobysToCheck[ 10 ]; TriggerLink trigger; MobyLink enemyController; f32 radius; u32 pad[3];,33,0,compiled descriptor; no assertion spawned or active,current verified module text base + RVA
6,Medical Outpost Omega,Hypershot,Gadgets et outils,0x002C1A0C,0x002C1A80,0x001B80E0,0x001B80E0,3,0x00139D00; 0x00139D9C; 0x00139E24,0x002C1A84; 0x002C1A88; 0x002C1A8C,,13,0,compiled descriptor; no assertion spawned or active,current verified module text base + RVA
6,Medical Outpost Omega,IntroMovie,Autres objets et controleurs,0x002C1A90,0x002C1B04,0x001B80F8,0x001B80F8,3,0x00139FB4; 0x0013A070; 0x0013A078,0x002C1B08; 0x002C1B0C; 0x002C1B10,u32 fromLevel; u32 pad[ 3 ];,7,1,compiled descriptor; no assertion spawned or active,current verified module text base + RVA
6,Medical Outpost Omega,LaserTracer,"Armes, projectiles et degats",0x002C304C,0x002C30C0,0x001B8108,0x001B8108,3,0x0013DD14; 0x0013DE08; 0x0013DF90,0x002C30C4; 0x002C30C8; 0x002C30CC,,16,3,compiled descriptor; no assertion spawned or active,current verified module text base + RVA
6,Medical Outpost Omega,LevelMusic,Autres objets et controleurs,0x002C32B4,0x002C3328,0x001B8150,0x001B8150,2,0x0014379C; 0x0014387C,0x002C332C; 0x002C3330,u32 songNumber; TriggerLink trigger; s32 continuePointMin; s32 continuePointMax; s32 levelNumber; u8 priority; u8 pad[ 7 ];,1,0,compiled descriptor; no assertion spawned or active,current verified module text base + RVA
6,Medical Outpost Omega,Lvl06Controller,Autres objets et controleurs,0x002C33A0,0x002C3414,0x001B8170,0x001B8170,3,0x00143EE4; 0x001441C4; 0x00144278,0x002C3418; 0x002C341C; 0x002C3420,TriggerLink reactorTrigger; MobyLink checkPoint; MobyLink weaponPickup; MobyLink reactorDoor;,14,0,compiled descriptor; no assertion spawned or active,current verified module text base + RVA
6,Medical Outpost Omega,Lvl06Door,Pieges et mecanismes,0x002C3660,0x002C36D4,0x001B8270,0x001B8270,3,0x00144A90; 0x001445A4; 0x00145150,0x002C36D8; 0x002C36DC; 0x002C36E0,MobyLink controller; TriggerLink activate; TriggerLink updateArea; CurveLink path; f32 moveTime; f32 progInc; const Lvl06Door_Data *pData; u32 drawDist; Toggle bTrapDoor; u8 openOffGroups[8]; u8 outClosedOffGroups[8]; u8 inClosedOffGroups[8]; Toggle hasOpened; Toggle stayOpen; Toggle bInEncounter; MobyLink enemyWave; MobyLink level10UnlockMoby; TriggerLink encounterLock; MobyLink grindrailLock; TriggerLink unlockTrigger; MobyLink specialOpenMobies; TriggerLink specialOpenTrigger; u32 pad[2];,14,0,compiled descriptor; no assertion spawned or active,current verified module text base + RVA
6,Medical Outpost Omega,Lvl06EndLevel,Autres objets et controleurs,0x002C3720,0x002C3794,0x001B8470,0x001B8470,3,0x00145F20; 0x001460CC; 0x001460D4,0x002C3798; 0x002C379C; 0x002C37A0,MobyLink controllers[4]; TriggerLink endTrigger; MobyLink sideDoor; u32 pad[2];,0,0,compiled descriptor; no assertion spawned or active,current verified module text base + RVA
6,Medical Outpost Omega,Lvl06HeadSpawner,Autres objets et controleurs,0x002C3804,0x002C3878,0x001B8560,0x001B8560,3,0x00146268; 0x00146364; 0x0014636C,0x002C387C; 0x002C3880; 0x002C3884,f32 spawnTimes[6]; CurveLink paths[6]; MobyLink turret; f32 speedModifier; Toggle headStates[6]; u8 pad[2];,15,0,compiled descriptor; no assertion spawned or active,current verified module text base + RVA
6,Medical Outpost Omega,Lvl06MapCutscene,Camera et presentation,0x002C3A8C,0x002C3B00,0x001B8600,0x001B8600,3,0x00146A24; 0x001465BC; 0x00146F60,0x002C3B04; 0x002C3B08; 0x002C3B0C,TieLink computerWhole; TieLink bigChunk1; TieLink bigChunk2; TieLink bigChunk3; TieLink panels[6]; ShrubLink panels2[3]; MobyLink weaponPack; VEC3 startAt; VEC3 startPos; MobyLink startMoby; MobyLink spawnWave; f32 lightTimer; u8 lightState; u8 contPoint; u8 pad[2]; VEC3 bigChunk1Vel; VEC3 bigChunk2Vel; VEC3 bigChunk3Vel; VEC3 panelVels[9]; VEC3 bigChunk1RotAxis; VEC3 bigChunk2RotAxis; VEC3 bigChunk3RotAxis; VEC3 panelRotAxes[9];,24,6,compiled descriptor; no assertion spawned or active,current verified module text base + RVA
6,Medical Outpost Omega,Lvl06MedicTurret,"Armes, projectiles et degats",0x002C3D98,0x002C3E0C,0x001B8840,0x001B8840,3,0x00147E3C; 0x001482B8; 0x00149590,0x002C3E10; 0x002C3E14; 0x002C3E18,TriggerLink detect; f32 curEventTime; MobyLink controller; TriggerLink restrict; Moby *pHeads[8]; CurveLink ratchetCurve; s8 targetedHeadId; u8 playerHealth; Toggle canFire; u8 invulnFrames; ANIM_Manipulator animManip; VEC3 leftHandPos; VEC3 rightHandPos; f32 chestY; VEC4 armVelocity; f32 startY; Moby *pClankHead; f32 eventTime; f32 deathTimer; MobyLink exitDoor; u32 cpId;,18,1,compiled descriptor; no assertion spawned or active,current verified module text base + RVA
6,Medical Outpost Omega,Lvl06MedicTurretShot,"Armes, projectiles et degats",0x002C3E74,0x002C3EE8,0x001B8A08,0x001B8A08,3,0x0014B108; 0x0014B3A4; 0x0014B474,0x002C3EEC; 0x002C3EF0; 0x002C3EF4,Moby *pTarget; f32 distToTarget; VEC3 *pStartPos; u32 pad;,10,0,compiled descriptor; no assertion spawned or active,current verified module text base + RVA
6,Medical Outpost Omega,MapOMaticGadget,Gadgets et outils,0x002C3F10,0x002C3F84,0x001B8AF8,0x001B8AF8,3,0x0014B998; 0x0014B9A0; 0x0014B9A8,0x002C3F88; 0x002C3F8C; 0x002C3F90,,0,0,compiled descriptor; no assertion spawned or active,current verified module text base + RVA
6,Medical Outpost Omega,MatrixMoby,Autres objets et controleurs,0x002C3F70,0x002C3FE4,0x001B8B08,0x001B8B08,3,0x0014B9B0; 0x0014B9B8; 0x0014B9C0,0x002C3FE8; 0x002C3FEC; 0x002C3FF0,,0,0,compiled descriptor; no assertion spawned or active,current verified module text base + RVA
6,Medical Outpost Omega,MedicBot,Autres objets et controleurs,0x002C4330,0x002C43A4,0x001B8B18,0x001B8B18,4,0x0014B9C8; 0x0014C1AC; 0x0014DB70; 0x0014BED0,0x002C43A8; 0x002C43AC; 0x002C43B0; 0x002C43B4,Navigate nav; MobyLink controller; TriggerLink detect; f32 alertRadius; CurveLink enterPath; CurveLink patrolPath; TriggerLink enterTrigger; MobyLink patient; MobyLink enemyWave; TriggerLink autoDetectArea; Toggle waitForInteraction; u8 pad[15];,15,0,compiled descriptor; no assertion spawned or active,current verified module text base + RVA
6,Medical Outpost Omega,MedicBotShield,"Armes, projectiles et degats",0x002C4474,0x002C44E8,0x001B8F18,0x001B8F18,4,0x00150028; 0x00150084; 0x001500B8; 0x0015007C,0x002C44EC; 0x002C44F0; 0x002C44F4; 0x002C44F8,,5,0,compiled descriptor; no assertion spawned or active,current verified module text base + RVA
6,Medical Outpost Omega,MobyGroup,Autres objets et controleurs,0x002C451C,0x002C4590,0x001B8F28,0x001B8F28,3,0x00150260; 0x001502F8; 0x00150300,0x002C4594; 0x002C4598; 0x002C459C,MobyLink mobysToCheck[ 8 ]; u8 destroyed; u8 count; u8 pad[ 14 ];,6,0,compiled descriptor; no assertion spawned or active,current verified module text base + RVA
6,Medical Outpost Omega,MobyIce,Autres objets et controleurs,0x002C4624,0x002C4698,0x001B8FA8,0x001B8FA8,3,0x00150C20; 0x00150C38; 0x001515BC,0x002C469C; 0x002C46A0; 0x002C46A4,,31,1,compiled descriptor; no assertion spawned or active,current verified module text base + RVA
6,Medical Outpost Omega,Mootator,"Armes, projectiles et degats",0x002C4924,0x002C4998,0x001B8FB0,0x001B8FB0,3,0x00152164; 0x001523B4; 0x00153504,0x002C499C; 0x002C49A0; 0x002C49A4,,21,0,compiled descriptor; no assertion spawned or active,current verified module text base + RVA
6,Medical Outpost Omega,MovieTrigger,Pieges et mecanismes,0x002C49AC,0x002C4A20,0x001B8FC0,0x001B8FC0,3,0x00153A6C; 0x00153B64; 0x00153B6C,0x002C4A24; 0x002C4A28; 0x002C4A2C,TriggerLink trigger; u32 pad[ 3 ];,5,0,compiled descriptor; no assertion spawned or active,current verified module text base + RVA
6,Medical Outpost Omega,MutantCow,Autres objets et controleurs,0x002C4A50,0x002C4AC4,0x001B9050,0x001B9050,4,0x00153BD8; 0x00153D5C; 0x00154288; 0x00189D10,0x002C4AC8; 0x002C4ACC; 0x002C4AD0; 0x002C4AD4,,29,1,compiled descriptor; no assertion spawned or active,current verified module text base + RVA
6,Medical Outpost Omega,MutantMadCow,Autres objets et controleurs,0x002C4C20,0x002C4C94,0x001B9080,0x001B9080,4,0x00154DE8; 0x00154F50; 0x0015536C; 0x00189D10,0x002C4C98; 0x002C4C9C; 0x002C4CA0; 0x002C4CA4,,47,2,compiled descriptor; no assertion spawned or active,current verified module text base + RVA
6,Medical Outpost Omega,NapalmBubble,Autres objets et controleurs,0x002C4CE8,0x002C4D5C,0x001B9090,0x001B9090,3,0x00155FDC; 0x00155FE4; 0x00155FEC,0x002C4D60; 0x002C4D64; 0x002C4D68,,8,1,compiled descriptor; no assertion spawned or active,current verified module text base + RVA
6,Medical Outpost Omega,PDA,Autres objets et controleurs,0x002C4D90,0x002C4E04,0x001B90A0,0x001B90A0,3,0x00156A70; 0x00156A78; 0x00156A80,0x002C4E08; 0x002C4E0C; 0x002C4E10,,0,0,compiled descriptor; no assertion spawned or active,current verified module text base + RVA
6,Medical Outpost Omega,Polarizer,Gadgets et outils,0x002C4E9C,0x002C4F10,0x001B90A8,0x001B90A8,3,0x00156AB4; 0x00156C70; 0x00157758,0x002C4F14; 0x002C4F18; 0x002C4F1C,,34,0,compiled descriptor; no assertion spawned or active,current verified module text base + RVA
6,Medical Outpost Omega,PositionalSound,Camera et presentation,0x002C4F94,0x002C5008,0x001B90B8,0x001B90B8,3,0x001586C8; 0x001587C0; 0x001587C8,0x002C500C; 0x002C5010; 0x002C5014,u32 soundSig; TriggerLink activeArea; GDE_Sound *pGDESound; SND_Positional *pSound; f32 nearRadius; f32 farRadius; Toggle bIsLooping; u8 pad[15];,6,0,compiled descriptor; no assertion spawned or active,current verified module text base + RVA
6,Medical Outpost Omega,PowerupAmmo,"Caisses, pickups et bonus",0x002C50FC,0x002C5170,0x001B9148,0x001B9148,3,0x001588E4; 0x001589B0; 0x001589B8,0x002C5174; 0x002C5178; 0x002C517C,VEC4 velocity; f32 fallDistance; f32 fadeAmnt; u8 ammoType; u8 ammoAmnt; u32 priority; u8 gain; u8 needSync;,48,1,compiled descriptor; no assertion spawned or active,current verified module text base + RVA
6,Medical Outpost Omega,PowerupHealth,"Caisses, pickups et bonus",0x002C5258,0x002C52CC,0x001B91C8,0x001B91C8,3,0x00159E58; 0x00159EA8; 0x00159EE4,0x002C52D0; 0x002C52D4; 0x002C52D8,Particle *pTrail[8]; Particle *pGlowParticle; Particle *pGlowParticle2; Particle *pSphereParticle; Particle *pSphereParticle2; Moby *pParent; VEC4 velocity; f32 bobCount; f32 goToTimer; f32 deathTimer; f32 fallDistance;,21,5,compiled descriptor; no assertion spawned or active,current verified module text base + RVA
6,Medical Outpost Omega,Ratchet,"Joueur, acteurs et accessoires",0x002C53E0,0x002C5454,0x001B91D8,0x001B91D8,4,0x0015B88C; 0x0015B8CC; 0x0015B8D4; 0x0015B8DC,0x002C5458; 0x002C545C; 0x002C5460; 0x002C5464,,15,0,compiled descriptor; no assertion spawned or active,current verified module text base + RVA
6,Medical Outpost Omega,RatchetDecoyInner,"Joueur, acteurs et accessoires",0x002C551C,0x002C5590,0x001B9270,0x001B9270,4,0x0015C7D4; 0x0015C7DC; 0x0015D54C; 0x0015C89C,0x002C5594; 0x002C5598; 0x002C559C; 0x002C55A0,,18,2,compiled descriptor; no assertion spawned or active,current verified module text base + RVA
6,Medical Outpost Omega,RatchetDecoyOuter,"Joueur, acteurs et accessoires",0x002C5590,0x002C5604,0x001B9288,0x001B9288,3,0x0015DA5C; 0x0015DA98; 0x0015DAA0,0x002C5608; 0x002C560C; 0x002C5610,,0,0,compiled descriptor; no assertion spawned or active,current verified module text base + RVA
6,Medical Outpost Omega,Region,Autres objets et controleurs,0x002C5624,0x002C5698,0x001B92A0,0x001B92A0,3,0x0015DABC; 0x0015DBB8; 0x0015DBC0,0x002C569C; 0x002C56A0; 0x002C56A4,Toggle groups[32]; TriggerLink zone; u32 pad[ 3 ];,2,0,compiled descriptor; no assertion spawned or active,current verified module text base + RVA
6,Medical Outpost Omega,RobotShrapnel,Ennemis et boss,0x002C56A0,0x002C5714,0x001B9310,0x001B9310,3,0x0015DBC8; 0x0015DC24; 0x0015DC2C,0x002C5718; 0x002C571C; 0x002C5720,,48,0,compiled descriptor; no assertion spawned or active,current verified module text base + RVA
6,Medical Outpost Omega,Ryno,"Armes, projectiles et degats",0x002C5838,0x002C58AC,0x001B9320,0x001B9320,3,0x0015E210; 0x0015E2EC; 0x0015E98C,0x002C58B0; 0x002C58B4; 0x002C58B8,,36,1,compiled descriptor; no assertion spawned or active,current verified module text base + RVA
6,Medical Outpost Omega,RynoRocket,"Armes, projectiles et degats",0x002C5914,0x002C5988,0x001B9328,0x001B9328,3,0x0015F390; 0x0015F3AC; 0x0015F3FC,0x002C598C; 0x002C5990; 0x002C5994,,36,1,compiled descriptor; no assertion spawned or active,current verified module text base + RVA
6,Medical Outpost Omega,SegmentTrigger,Pieges et mecanismes,0x002C59B4,0x002C5A28,0x001B9338,0x001B9338,3,0x001602B8; 0x00160364; 0x0016036C,0x002C5A2C; 0x002C5A30; 0x002C5A34,TriggerLink trigger; u32 pad[ 3 ];,5,0,compiled descriptor; no assertion spawned or active,current verified module text base + RVA
6,Medical Outpost Omega,SentryTurret01,"Armes, projectiles et degats",0x002C5C8C,0x002C5D00,0x001B93D8,0x001B93D8,4,0x001603D4; 0x001607B8; 0x00161370; 0x0016096C,0x002C5D04; 0x002C5D08; 0x002C5D0C; 0x002C5D10,MobyLink enemyController; TriggerLink detect; MobyLink enemyWave; MobyLink door; Toggle usePointLights; u8 pad[15];,12,0,compiled descriptor; no assertion spawned or active,current verified module text base + RVA
6,Medical Outpost Omega,SentryTurret01Shot,"Armes, projectiles et degats",0x002C5DB0,0x002C5E24,0x001B9560,0x001B9560,4,0x001621DC; 0x001621F4; 0x001621FC; 0x00162308,0x002C5E28; 0x002C5E2C; 0x002C5E30; 0x002C5E34,Particle *pLength; Particle *pSphere; Moby *pController; Moby *pParent; f32 distTravelled; f32 collDist; u32 pad[2];,10,0,compiled descriptor; no assertion spawned or active,current verified module text base + RVA
6,Medical Outpost Omega,SentryTurret01Trigger,"Armes, projectiles et degats",0x002C5F74,0x002C5FE8,0x001B9600,0x001B9600,3,0x00162B68; 0x00162E70; 0x0016325C,0x002C5FEC; 0x002C5FF0; 0x002C5FF4,CurveLink movePath; TriggerLink activate; f32 lerpInc; f32 onTime; f32 offTime; MobyLink sentryTurrets[3]; VEC3 triggerScale; u8 nextPointId; u8 currentPointId; u8 startPoint; Toggle blinker; f32 blinkTimer; SND_Positional *pSound; SND_Positional *pMovingSound; u8 initState; u8 blinkCount; u8 pad[2];,12,2,compiled descriptor; no assertion spawned or active,current verified module text base + RVA
6,Medical Outpost Omega,SetCamera,Camera et presentation,0x002C6144,0x002C61B8,0x001B9790,0x001B9790,3,0x00163610; 0x00163724; 0x0016372C,0x002C61BC; 0x002C61C0; 0x002C61C4,TriggerLink area; Toggle lazy; u8 pad[3]; f32 lookHeight; f32 camDist; f32 height; f32 elevation; f32 azimuth; MobyLink parent; Toggle useAzimuth; Toggle useLookHeight; Toggle useCamDist; Toggle useHeight; Toggle useElevation; Toggle enabled; Toggle singleUse; Toggle entered; f32 speed; u32 priority; f32 restoreSpeed; u32 pad2[3];,1,0,compiled descriptor; no assertion spawned or active,current verified module text base + RVA
6,Medical Outpost Omega,ShieldCharger,"Armes, projectiles et degats",0x002C61D0,0x002C6244,0x001B9878,0x001B9878,4,0x00164334; 0x001639F4; 0x00164764; 0x00164F68,0x002C6248; 0x002C624C; 0x002C6250; 0x002C6254,,53,3,compiled descriptor; no assertion spawned or active,current verified module text base + RVA
6,Medical Outpost Omega,ShieldChargerBolt,"Armes, projectiles et degats",0x002C6378,0x002C63EC,0x001B98A8,0x001B98A8,3,0x00166DC8; 0x00166DD0; 0x00166E14,0x002C63F0; 0x002C63F4; 0x002C63F8,,13,1,compiled descriptor; no assertion spawned or active,current verified module text base + RVA
6,Medical Outpost Omega,ShockRocket,"Armes, projectiles et degats",0x002C6478,0x002C64EC,0x001B98C0,0x001B98C0,3,0x00167168; 0x00167254; 0x00167540,0x002C64F0; 0x002C64F4; 0x002C64F8,,22,2,compiled descriptor; no assertion spawned or active,current verified module text base + RVA
6,Medical Outpost Omega,ShockRocketShot,"Armes, projectiles et degats",0x002C6564,0x002C65D8,0x001B98D0,0x001B98D0,3,0x001680B4; 0x00168104; 0x0016870C,0x002C65DC; 0x002C65E0; 0x002C65E4,,31,3,compiled descriptor; no assertion spawned or active,current verified module text base + RVA
6,Medical Outpost Omega,ShrinkBeam,Gadgets et outils,0x002C662C,0x002C66A0,0x001B98E0,0x001B98E0,3,0x00169524; 0x0016952C; 0x00169BE0,0x002C66A4; 0x002C66A8; 0x002C66AC,,4,0,compiled descriptor; no assertion spawned or active,current verified module text base + RVA
6,Medical Outpost Omega,ShrinkRayRatchet,Gadgets et outils,0x002C6690,0x002C6704,0x001B98F0,0x001B98F0,3,0x0016A8A0; 0x0016A8A8; 0x0016A8B0,0x002C6708; 0x002C670C; 0x002C6710,,0,0,compiled descriptor; no assertion spawned or active,current verified module text base + RVA
6,Medical Outpost Omega,SlideController,Autres objets et controleurs,0x002C676C,0x002C67E0,0x001B9908,0x001B9908,3,0x0016A8B8; 0x0016ABEC; 0x0016ABF4,0x002C67E4; 0x002C67E8; 0x002C67EC,VEC4 initDir; TriggerLink detectArea; CurveLink path; f32 azimuth; f32 camDist; f32 camHeight; f32 camOfsY; f32 slideSp;,2,0,compiled descriptor; no assertion spawned or active,current verified module text base + RVA
6,Medical Outpost Omega,Spitfire,"Effets, particules et environnement",0x002C6838,0x002C68AC,0x001B9A10,0x001B9A10,3,0x0016AEB4; 0x0016AEE8; 0x0016AF0C,0x002C68B0; 0x002C68B4; 0x002C68B8,,19,0,compiled descriptor; no assertion spawned or active,current verified module text base + RVA
6,Medical Outpost Omega,Splash,Autres objets et controleurs,0x002C6914,0x002C6988,0x001B9A20,0x001B9A20,3,0x0016C2A0; 0x0016C2E8; 0x0016C2F0,0x002C698C; 0x002C6990; 0x002C6994,VEC2 pos; VEC2 velocity; const VEC3 *pPos; f32 startRadius; u16 uOffset; u8 owned; u8 pad;,8,0,compiled descriptor; no assertion spawned or active,current verified module text base + RVA
6,Medical Outpost Omega,Sproutomatic,Gadgets et outils,0x002C69FC,0x002C6A70,0x001B9A28,0x001B9A28,3,0x0016C8C8; 0x0016C970; 0x0016C9A8,0x002C6A74; 0x002C6A78; 0x002C6A7C,,10,0,compiled descriptor; no assertion spawned or active,current verified module text base + RVA
6,Medical Outpost Omega,StaticBarrierBelt,Autres objets et controleurs,0x002C6A60,0x002C6AD4,0x001B9A38,0x001B9A38,3,0x0016CF6C; 0x0016CFA0; 0x0016CFA8,0x002C6AD8; 0x002C6ADC; 0x002C6AE0,,0,0,compiled descriptor; no assertion spawned or active,current verified module text base + RVA
6,Medical Outpost Omega,SuckCannon,"Armes, projectiles et degats",0x002C6BC0,0x002C6C34,0x001B9A50,0x001B9A50,3,0x0016CFB0; 0x0016D0F8; 0x0016D714,0x002C6C38; 0x002C6C3C; 0x002C6C40,,21,3,compiled descriptor; no assertion spawned or active,current verified module text base + RVA
6,Medical Outpost Omega,SuckCannonComet,"Armes, projectiles et degats",0x002C6C28,0x002C6C9C,0x001B9A60,0x001B9A60,3,0x0018B1D0; 0x0018B1D8; 0x0018B40C,0x002C6CA0; 0x002C6CA4; 0x002C6CA8,,40,1,compiled descriptor; no assertion spawned or active,current verified module text base + RVA
6,Medical Outpost Omega,SuckCannonCometTie,"Armes, projectiles et degats",0x002C6C90,0x002C6D04,0x001B9A70,0x001B9A70,3,0x0018B1D0; 0x0018B1D8; 0x0016E084,0x002C6D08; 0x002C6D0C; 0x002C6D10,,40,1,compiled descriptor; no assertion spawned or active,current verified module text base + RVA
6,Medical Outpost Omega,SuckCannonManager,"Armes, projectiles et degats",0x002C6D6C,0x002C6DE0,0x001B9A88,0x001B9A88,3,0x0016ED64; 0x0016EDB0; 0x0016EDB8,0x002C6DE4; 0x002C6DE8; 0x002C6DEC,,25,0,compiled descriptor; no assertion spawned or active,current verified module text base + RVA
6,Medical Outpost Omega,SwarmManager,Autres objets et controleurs,0x002C6DFC,0x002C6E70,0x001B9AA0,0x001B9AA0,3,0x0016FB08; 0x0016FB50; 0x0016FE88,0x002C6E74; 0x002C6E78; 0x002C6E7C,,4,2,compiled descriptor; no assertion spawned or active,current verified module text base + RVA
6,Medical Outpost Omega,TieManipulator,Autres objets et controleurs,0x002C706C,0x002C70E0,0x001B9AB0,0x001B9AB0,3,0x00170724; 0x0017071C; 0x00170CFC,0x002C70E4; 0x002C70E8; 0x002C70EC,TieLink tie[ 8 ]; f32 xAxis; f32 yAxis; f32 zAxis; f32 xRot; f32 yRot; f32 zRot; f32 xSpan; f32 ySpan; f32 zSpan; f32 xCounter; f32 yCounter; f32 zCounter; f32 speed; f32 speedPerFrame; f32 curviness; f32 curvPar; f32 scaleSpeed; f32 scaleSpeedPerFrame; f32 scaleMax; f32 scaleCounter; f32 xPerc[8]; f32 yPerc[8]; f32 zPerc[8]; f32 xPar[8]; f32 yPar[8]; f32 zPar[8]; f32 xStart[8]; f32 yStart[8]; f32 zStart[8]; MATRIX4 *pMat[8]; MATRIX4 scaleMatrix; f32 drawDistance; f32 updateDistance; f32 inverseScale; u32 linkCount;,17,0,compiled descriptor; no assertion spawned or active,current verified module text base + RVA
6,Medical Outpost Omega,TitaniumBolt,"Caisses, pickups et bonus",0x002C71AC,0x002C7220,0x001B9AC0,0x001B9AC0,3,0x0017108C; 0x0017127C; 0x001713E4,0x002C7224; 0x002C7228; 0x002C722C,f32 dist; f32 height; f32 lookHeight; f32 elevation; f32 azimuth; Toggle magnaboots; Toggle noAnimation; u32 levelToFake; u8 id; u8 pad[5];,23,0,compiled descriptor; no assertion spawned or active,current verified module text base + RVA
6,Medical Outpost Omega,TMRobotHeadC,Ennemis et boss,0x002C74FC,0x002C7570,0x001B9B78,0x001B9B78,4,0x00171ED4; 0x001720E8; 0x00173C98; 0x00173914,0x002C7574; 0x002C7578; 0x002C757C; 0x002C7580,MobyLink controller; Navigate nav; MobyLink torso; TriggerLink enterTrigger; TriggerLink detectArea; CurveLink enterPath; TriggerLink autoDetectArea; MobyLink enemyWave; f32 alertRadius; Toggle checkForTorsos; Toggle alertEnter; Toggle waitForInteraction; Toggle checkForFloor;,18,0,compiled descriptor; no assertion spawned or active,current verified module text base + RVA
6,Medical Outpost Omega,TorsoRocket,Vehicules et minijeux,0x002C7670,0x002C76E4,0x001B9EC8,0x001B9EC8,3,0x001766A0; 0x001768BC; 0x00176F1C,0x002C76E8; 0x002C76EC; 0x002C76F0,f32 collDist; f32 fallSpeed; f32 baseFlameSize; f32 progress; f32 progressInc; Moby *pParent; u32 pad[2];,29,0,compiled descriptor; no assertion spawned or active,current verified module text base + RVA
6,Medical Outpost Omega,TriggerCollection,Pieges et mecanismes,0x002C76EC,0x002C7760,0x001B9ED8,0x001B9ED8,3,0x00177534; 0x0017753C; 0x00177544,0x002C7764; 0x002C7768; 0x002C776C,TriggerLink triggers[ 14 ];,0,0,compiled descriptor; no assertion spawned or active,current verified module text base + RVA
6,Medical Outpost Omega,TripleWaveBeacon,Autres objets et controleurs,0x002C7760,0x002C77D4,0x001B9EF0,0x001B9EF0,3,0x00177A3C; 0x00177BEC; 0x00177C20,0x002C77D8; 0x002C77DC; 0x002C77E0,,27,2,compiled descriptor; no assertion spawned or active,current verified module text base + RVA
6,Medical Outpost Omega,vendor,Autres objets et controleurs,0x002C780C,0x002C7880,0x001B9F08,0x001B9F08,3,0x00177EC8; 0x00178090; 0x001780F4,0x002C7884; 0x002C7888; 0x002C788C,u32 lastAnimPlayed; u32 vendorType; Toggle bSellsWeapons; u8 pad[ 7 ];,17,0,compiled descriptor; no assertion spawned or active,current verified module text base + RVA
6,Medical Outpost Omega,wallJumpTrigger,Pieges et mecanismes,0x002C78F4,0x002C7968,0x001B9F10,0x001B9F10,3,0x0017836C; 0x00178430; 0x00178438,0x002C796C; 0x002C7970; 0x002C7974,TriggerLink volume; f32 camDist; f32 camHeight; f32 camLookUp; f32 camAzimuth; f32 exitStateDelay; u32 pad[2];,2,1,compiled descriptor; no assertion spawned or active,current verified module text base + RVA
6,Medical Outpost Omega,WeaponPickup,"Armes, projectiles et degats",0x002C7A68,0x002C7ADC,0x001B9FB0,0x001B9FB0,3,0x001786B4; 0x00178850; 0x00178858,0x002C7AE0; 0x002C7AE4; 0x002C7AE8,Toggle bRegainPickup; u8 formId; Toggle bEquipOnPickup; Toggle bFullAmmo; u8 pad[ 12 ];,10,0,compiled descriptor; no assertion spawned or active,current verified module text base + RVA
6,Medical Outpost Omega,Wrench,Autres objets et controleurs,0x002C7C88,0x002C7CFC,0x001BA030,0x001BA030,3,0x00178E8C; 0x00178F60; 0x0017939C,0x002C7D00; 0x002C7D04; 0x002C7D08,,2,0,compiled descriptor; no assertion spawned or active,current verified module text base + RVA
7,Challax,Acidbomb,"Armes, projectiles et degats",0x002DC6F8,0x002DC76C,0x001D5F00,0x001D5F00,3,0x00108D88; 0x00108D98; 0x00109700,0x002DC770; 0x002DC774; 0x002DC778,,35,0,compiled descriptor; no assertion spawned or active,current verified module text base + RVA
7,Challax,AcidbombEpoxy,"Armes, projectiles et degats",0x002DC780,0x002DC7F4,0x001D5F28,0x001D5F28,3,0x0010AB44; 0x0010AB4C; 0x0010ABD4,0x002DC7F8; 0x002DC7FC; 0x002DC800,,5,0,compiled descriptor; no assertion spawned or active,current verified module text base + RVA
7,Challax,AcidGloveHUD,"Armes, projectiles et degats",0x002DC7E0,0x002DC854,0x001D5F38,0x001D5F38,3,0x0010B0DC; 0x0010B0E4; 0x0010B0EC,0x002DC858; 0x002DC85C; 0x002DC860,,0,0,compiled descriptor; no assertion spawned or active,current verified module text base + RVA
7,Challax,AgentController,"Armes, projectiles et degats",0x002DC840,0x002DC8B4,0x001D5F48,0x001D5F48,3,0x0010B0F4; 0x0010B1E4; 0x0010B39C,0x002DC8B8; 0x002DC8BC; 0x002DC8C0,,6,0,compiled descriptor; no assertion spawned or active,current verified module text base + RVA
7,Challax,AgentOfDoom,"Armes, projectiles et degats",0x002DCB94,0x002DCC08,0x001D6020,0x001D6020,4,0x0010BAB4; 0x0010BB90; 0x0010BC50; 0x0010BF70,0x002DCC0C; 0x002DCC10; 0x002DCC14; 0x002DCC18,,21,1,compiled descriptor; no assertion spawned or active,current verified module text base + RVA
7,Challax,AgentOfDoomShrapnel,"Armes, projectiles et degats",0x002DCC74,0x002DCCE8,0x001D60A8,0x001D60A8,3,0x00110688; 0x00110690; 0x00110698,0x002DCCEC; 0x002DCCF0; 0x002DCCF4,,31,0,compiled descriptor; no assertion spawned or active,current verified module text base + RVA
7,Challax,AgentsBomb,"Armes, projectiles et degats",0x002DCDB0,0x002DCE24,0x001D60C0,0x001D60C0,3,0x00110998; 0x001109A0; 0x001109A8,0x002DCE28; 0x002DCE2C; 0x002DCE30,,19,0,compiled descriptor; no assertion spawned or active,current verified module text base + RVA
7,Challax,AgentsGlove,"Armes, projectiles et degats",0x002DCE48,0x002DCEBC,0x001D60D0,0x001D60D0,3,0x00111F34; 0x00111FC0; 0x00111FEC,0x002DCEC0; 0x002DCEC4; 0x002DCEC8,,8,2,compiled descriptor; no assertion spawned or active,current verified module text base + RVA
7,Challax,AgentsGrenade,"Armes, projectiles et degats",0x002DCEF4,0x002DCF68,0x001D60E0,0x001D60E0,3,0x001124BC; 0x001125AC; 0x00112A60,0x002DCF6C; 0x002DCF70; 0x002DCF74,,33,2,compiled descriptor; no assertion spawned or active,current verified module text base + RVA
7,Challax,AgentsLaser,"Armes, projectiles et degats",0x002DCF9C,0x002DD010,0x001D6168,0x001D6168,3,0x00112FDC; 0x001132E4; 0x00113398,0x002DD014; 0x002DD018; 0x002DD01C,,17,0,compiled descriptor; no assertion spawned or active,current verified module text base + RVA
7,Challax,AgentsRocket,"Armes, projectiles et degats",0x002DD090,0x002DD104,0x001D6240,0x001D6240,3,0x00113DA4; 0x00113E68; 0x00113EE8,0x002DD108; 0x002DD10C; 0x002DD110,,26,1,compiled descriptor; no assertion spawned or active,current verified module text base + RVA
7,Challax,ArmorHelmet,Autres objets et controleurs,0x002DD128,0x002DD19C,0x001D62C8,0x001D62C8,3,0x001147D0; 0x001147D8; 0x001147E0,0x002DD1A0; 0x002DD1A4; 0x002DD1A8,,0,0,compiled descriptor; no assertion spawned or active,current verified module text base + RVA
7,Challax,ArmorLeftFoot,Autres objets et controleurs,0x002DD188,0x002DD1FC,0x001D62D8,0x001D62D8,3,0x001147E8; 0x001147F0; 0x001147F8,0x002DD200; 0x002DD204; 0x002DD208,,0,0,compiled descriptor; no assertion spawned or active,current verified module text base + RVA
7,Challax,ArmorLeftHand,Autres objets et controleurs,0x002DD1F8,0x002DD26C,0x001D62E8,0x001D62E8,3,0x00114800; 0x00114808; 0x00114810,0x002DD270; 0x002DD274; 0x002DD278,u32 pad[ 4 ];,0,0,compiled descriptor; no assertion spawned or active,current verified module text base + RVA
7,Challax,ArmorPickup,"Caisses, pickups et bonus",0x002DD328,0x002DD39C,0x001D62F8,0x001D62F8,3,0x00114B84; 0x00114834; 0x00115088,0x002DD3A0; 0x002DD3A4; 0x002DD3A8,f32 dist; f32 height; f32 lookHeight; f32 elevation; f32 azimuth; MobyLink driver; MobyLink playerMatrix; u32 playthroughReq; Toggle magnaboots; u8 pad[ 15 ];,43,0,compiled descriptor; no assertion spawned or active,current verified module text base + RVA
7,Challax,ArmorRightFoot,Autres objets et controleurs,0x002DD3A0,0x002DD414,0x001D6488,0x001D6488,3,0x001155C4; 0x001155CC; 0x001155D4,0x002DD418; 0x002DD41C; 0x002DD420,,0,0,compiled descriptor; no assertion spawned or active,current verified module text base + RVA
7,Challax,ArmorRightHand,Autres objets et controleurs,0x002DD410,0x002DD484,0x001D6498,0x001D6498,3,0x001155DC; 0x001155E4; 0x001155EC,0x002DD488; 0x002DD48C; 0x002DD490,u32 pad[ 4 ];,0,0,compiled descriptor; no assertion spawned or active,current verified module text base + RVA
7,Challax,ArmorTorso,Vehicules et minijeux,0x002DD470,0x002DD4E4,0x001D64A8,0x001D64A8,3,0x001155F4; 0x001155FC; 0x00115604,0x002DD4E8; 0x002DD4EC; 0x002DD4F0,,0,0,compiled descriptor; no assertion spawned or active,current verified module text base + RVA
7,Challax,BasicAnimated,Camera et presentation,0x002DD510,0x002DD584,0x001D64B8,0x001D64B8,3,0x0011560C; 0x001157CC; 0x00115830,0x002DD588; 0x002DD58C; 0x002DD590,u32 animId; TriggerLink drawArea; Toggle randStart; u8 pad[7];,17,0,compiled descriptor; no assertion spawned or active,current verified module text base + RVA
7,Challax,BeeMine,"Armes, projectiles et degats",0x002DD5F4,0x002DD668,0x001D64C8,0x001D64C8,4,0x00115F94; 0x00115FA4; 0x00116384; 0x0011607C,0x002DD66C; 0x002DD670; 0x002DD674; 0x002DD678,,2,0,compiled descriptor; no assertion spawned or active,current verified module text base + RVA
7,Challax,BeeMineGlove,"Armes, projectiles et degats",0x002DD6C0,0x002DD734,0x001D64F8,0x001D64F8,3,0x00117D60; 0x00117EE8; 0x00117F14,0x002DD738; 0x002DD73C; 0x002DD740,,2,0,compiled descriptor; no assertion spawned or active,current verified module text base + RVA
7,Challax,BeeMineGloveHUD,"Armes, projectiles et degats",0x002DD720,0x002DD794,0x001D6508,0x001D6508,3,0x00118534; 0x0011853C; 0x00118544,0x002DD798; 0x002DD79C; 0x002DD7A0,,0,0,compiled descriptor; no assertion spawned or active,current verified module text base + RVA
7,Challax,BeeMineShrapnel,"Armes, projectiles et degats",0x002DD7EC,0x002DD860,0x001D6518,0x001D6518,3,0x0011887C; 0x00118884; 0x0011888C,0x002DD864; 0x002DD868; 0x002DD86C,,31,0,compiled descriptor; no assertion spawned or active,current verified module text base + RVA
7,Challax,Blaster,"Armes, projectiles et degats",0x002DD8DC,0x002DD950,0x001D6528,0x001D6528,3,0x00118904; 0x00118A60; 0x00118F84,0x002DD954; 0x002DD958; 0x002DD95C,,53,3,compiled descriptor; no assertion spawned or active,current verified module text base + RVA
7,Challax,BlasterAkimbo,"Armes, projectiles et degats",0x002DD948,0x002DD9BC,0x001D6530,0x001D6530,3,0x00119F64; 0x00119FE8; 0x0011A018,0x002DD9C0; 0x002DD9C4; 0x002DD9C8,,21,2,compiled descriptor; no assertion spawned or active,current verified module text base + RVA
7,Challax,BlasterShot,"Armes, projectiles et degats",0x002DD9BC,0x002DDA30,0x001D6540,0x001D6540,3,0x0011A2E8; 0x0011A310; 0x0011A6B4,0x002DDA34; 0x002DDA38; 0x002DDA3C,,28,2,compiled descriptor; no assertion spawned or active,current verified module text base + RVA
7,Challax,BlitzGun,"Armes, projectiles et degats",0x002DDE1C,0x002DDE90,0x001D6550,0x001D6550,3,0x0011C580; 0x0011C6DC; 0x0011CB34,0x002DDE94; 0x002DDE98; 0x002DDE9C,,40,1,compiled descriptor; no assertion spawned or active,current verified module text base + RVA
7,Challax,BlitzGunShot,"Armes, projectiles et degats",0x002DDFAC,0x002DE020,0x001D6560,0x001D6560,3,0x0011E5C8; 0x0011E5D0; 0x0011E76C,0x002DE024; 0x002DE028; 0x002DE02C,,21,2,compiled descriptor; no assertion spawned or active,current verified module text base + RVA
7,Challax,Bolt,"Caisses, pickups et bonus",0x002DE010,0x002DE084,0x001D6570,0x001D6570,2,0x0011F27C; 0x0011F284,0x002DE088; 0x002DE08C,,0,0,compiled descriptor; no assertion spawned or active,current verified module text base + RVA
7,Challax,BoltController,"Caisses, pickups et bonus",0x002DE304,0x002DE378,0x001D65B8,0x001D65B8,3,0x00122804; 0x00122A38; 0x00122A5C,0x002DE37C; 0x002DE380; 0x002DE384,u32 boltAmnt; u32 boltAmountReplay; u32 pad[ 2 ];,0,0,compiled descriptor; no assertion spawned or active,current verified module text base + RVA
7,Challax,BoltCrankBolt,Pieges et mecanismes,0x002DE394,0x002DE408,0x001D6668,0x001D6668,3,0x00122DF8; 0x00123014; 0x0012301C,0x002DE40C; 0x002DE410; 0x002DE414,,29,1,compiled descriptor; no assertion spawned or active,current verified module text base + RVA
7,Challax,BoltCrankCam,Pieges et mecanismes,0x002DE480,0x002DE4F4,0x001D66F0,0x001D66F0,3,0x0012350C; 0x00123548; 0x00123550,0x002DE4F8; 0x002DE4FC; 0x002DE500,MobyLink boltCrank; f32 dist; f32 height; f32 lookHeight; f32 elevation; f32 azimuth; f32 camBlend; f32 pad;,2,1,compiled descriptor; no assertion spawned or active,current verified module text base + RVA
7,Challax,BoltGrabber,"Caisses, pickups et bonus",0x002DE4E0,0x002DE554,0x001D6700,0x001D6700,3,0x001237F0; 0x001237F8; 0x00123800,0x002DE558; 0x002DE55C; 0x002DE560,,0,0,compiled descriptor; no assertion spawned or active,current verified module text base + RVA
7,Challax,Bombglove,"Armes, projectiles et degats",0x002DE5A4,0x002DE618,0x001D6710,0x001D6710,3,0x00123808; 0x001238E0; 0x00123D90,0x002DE61C; 0x002DE620; 0x002DE624,,17,0,compiled descriptor; no assertion spawned or active,current verified module text base + RVA
7,Challax,BoxBreaker,"Caisses, pickups et bonus",0x002DE608,0x002DE67C,0x001D6720,0x001D6720,3,0x00124300; 0x00124308; 0x00124310,0x002DE680; 0x002DE684; 0x002DE688,,0,0,compiled descriptor; no assertion spawned or active,current verified module text base + RVA
7,Challax,BoxBreakerHelp,"Caisses, pickups et bonus",0x002DE668,0x002DE6DC,0x001D6730,0x001D6730,3,0x0012439C; 0x001243A4; 0x001243AC,0x002DE6E0; 0x002DE6E4; 0x002DE6E8,,5,0,compiled descriptor; no assertion spawned or active,current verified module text base + RVA
7,Challax,Button,Autres objets et controleurs,0x002DE724,0x002DE798,0x001D6750,0x001D6750,3,0x001243F8; 0x00124610; 0x00124664,0x002DE79C; 0x002DE7A0; 0x002DE7A4,MobyLink attachMoby; Toggle bUseCase; Toggle bUseOnce; Toggle bLocked; u8 pad[ 9 ];,22,0,compiled descriptor; no assertion spawned or active,current verified module text base + RVA
7,Challax,CameraHint,Camera et presentation,0x002DE904,0x002DE978,0x001D67F0,0x001D67F0,3,0x00124DE4; 0x00125008; 0x00125034,0x002DE97C; 0x002DE980; 0x002DE984,MobyLink target; MobyLink testMoby; TriggerLink activateArea; TriggerLink destroyArea; MobyLink enemyWave; TriggerLink resetArea; s32 frameCount; s8 activateState; u8 hintFrames; u8 updateDist; Toggle stopShort; f32 camSpeed; Toggle onMobyDestroy; Toggle targetMustBeAlive; Toggle bBreakOnInput; Toggle bDontRespawn; Toggle bDeleteWhenFinished; u8 pad[7];,7,0,compiled descriptor; no assertion spawned or active,current verified module text base + RVA
7,Challax,ChameleonDecoy,Autres objets et controleurs,0x002DEA6C,0x002DEAE0,0x001D6898,0x001D6898,4,0x00125544; 0x0012554C; 0x00125564; 0x001255EC,0x002DEAE4; 0x002DEAE8; 0x002DEAEC; 0x002DEAF0,,7,1,compiled descriptor; no assertion spawned or active,current verified module text base + RVA
7,Challax,ClankForShipAnim,"Joueur, acteurs et accessoires",0x002DEAE0,0x002DEB54,0x001D68A8,0x001D68A8,3,0x001256A0; 0x001256A8; 0x001256B0,0x002DEB58; 0x002DEB5C; 0x002DEB60,u32 pad[ 4 ];,0,0,compiled descriptor; no assertion spawned or active,current verified module text base + RVA
7,Challax,ClankPack,"Joueur, acteurs et accessoires",0x002DEB40,0x002DEBB4,0x001D68C0,0x001D68C0,3,0x001256B8; 0x001256E8; 0x001256F0,0x002DEBB8; 0x002DEBBC; 0x002DEBC0,,0,0,compiled descriptor; no assertion spawned or active,current verified module text base + RVA
7,Challax,ContinuePoint,Autres objets et controleurs,0x002DEBCC,0x002DEC40,0x001D68D0,0x001D68D0,3,0x00125714; 0x00125738; 0x00125740,0x002DEC44; 0x002DEC48; 0x002DEC4C,TriggerLink activateTrigger; u8 index;,0,0,compiled descriptor; no assertion spawned or active,current verified module text base + RVA
7,Challax,CowBell,Autres objets et controleurs,0x002DEC6C,0x002DECE0,0x001D68E0,0x001D68E0,3,0x00125C10; 0x00125C18; 0x00125C20,0x002DECE4; 0x002DECE8; 0x002DECEC,,31,0,compiled descriptor; no assertion spawned or active,current verified module text base + RVA
7,Challax,Crate,"Caisses, pickups et bonus",0x002DED1C,0x002DED90,0x001D68E8,0x001D68E8,4,0x00125D58; 0x00125D60; 0x00125E48; 0x00125D68,0x002DED94; 0x002DED98; 0x002DED9C; 0x002DEDA0,Moby *pCrateBelow; f32 velocityY; f32 fallDistance; f32 distFallen;,15,0,compiled descriptor; no assertion spawned or active,current verified module text base + RVA
7,Challax,CrateAmmo,"Caisses, pickups et bonus",0x002DEE5C,0x002DEED0,0x001D68F0,0x001D68F0,4,0x00125F28; 0x00125F50; 0x00125F58; 0x00125F60,0x002DEED4; 0x002DEED8; 0x002DEEDC; 0x002DEEE0,Moby *pCrateBelow; f32 velocityY; f32 fallDistance; f32 distFallen; Toggle major; Toggle minor; u8 noAmmoType1; u8 noAmmoType2; u8 onlyAmmoType; Toggle validIM; Toggle validDM; Toggle validCTF; u8 pad[8];,12,0,compiled descriptor; no assertion spawned or active,current verified module text base + RVA
7,Challax,CrateAmmoSpawned,"Caisses, pickups et bonus",0x002DEF90,0x002DF004,0x001D6900,0x001D6900,4,0x00126624; 0x00126644; 0x00126660; 0x0012695C,0x002DF008; 0x002DF00C; 0x002DF010; 0x002DF014,Moby *pCrateBelow; f32 velocityY; f32 fallDistance; f32 distFallen; Toggle major; Toggle minor; u8 noAmmoType1; u8 noAmmoType2; u8 onlyAmmoType; Toggle validIM; Toggle validDM; Toggle validCTF; u8 pad[8];,20,1,compiled descriptor; no assertion spawned or active,current verified module text base + RVA
7,Challax,CrateChunk,"Caisses, pickups et bonus",0x002DEFF0,0x002DF064,0x001D6918,0x001D6918,2,0x0012699C; 0x001269A4,0x002DF068; 0x002DF06C,,0,0,compiled descriptor; no assertion spawned or active,current verified module text base + RVA
7,Challax,CrateChunkController,"Caisses, pickups et bonus",0x002DF1F0,0x002DF264,0x001D6928,0x001D6928,2,0x00127000; 0x00127008,0x002DF268; 0x002DF26C,,0,0,compiled descriptor; no assertion spawned or active,current verified module text base + RVA
7,Challax,CrateHealth,"Caisses, pickups et bonus",0x002DF308,0x002DF37C,0x001D69C8,0x001D69C8,2,0x00127238; 0x001272D4,0x002DF380; 0x002DF384,Moby *pCrateBelow; f32 velocityY; f32 fallDistance; f32 distFallen; Moby *pPowerup; Toggle validIM; Toggle validDM; Toggle validCTF; u8 pad[9];,1,0,compiled descriptor; no assertion spawned or active,current verified module text base + RVA
7,Challax,CrateHealthSpawned,"Caisses, pickups et bonus",0x002DF900,0x002DF974,0x001D69D8,0x001D69D8,4,0x00127BF0; 0x00127C84; 0x00127CE0; 0x00127CA0,0x002DF978; 0x002DF97C; 0x002DF980; 0x002DF984,Moby *pCrateBelow; f32 velocityY; f32 fallDistance; f32 distFallen; Moby *pPowerup; Toggle validIM; Toggle validDM; Toggle validCTF; u8 pad[9];,29,1,compiled descriptor; no assertion spawned or active,current verified module text base + RVA
7,Challax,CrateTeleporter,"Caisses, pickups et bonus",0x002DF9EC,0x002DFA60,0x001D69F0,0x001D69F0,3,0x001280A8; 0x00128110; 0x001281C4,0x002DFA64; 0x002DFA68; 0x002DFA6C,u32 type; f32 delay; f32 antiCampRadius; u32 updateDist;,15,4,compiled descriptor; no assertion spawned or active,current verified module text base + RVA
7,Challax,CrossbowGun,"Armes, projectiles et degats",0x002DFAEC,0x002DFB60,0x001D6A00,0x001D6A00,3,0x00128694; 0x00128780; 0x00128960,0x002DFB64; 0x002DFB68; 0x002DFB6C,,33,3,compiled descriptor; no assertion spawned or active,current verified module text base + RVA
7,Challax,CrossbowShot,"Armes, projectiles et degats",0x002DFCCC,0x002DFD40,0x001D6A38,0x001D6A38,3,0x00128FB0; 0x00128FB8; 0x0012A4F8,0x002DFD44; 0x002DFD48; 0x002DFD4C,,63,4,compiled descriptor; no assertion spawned or active,current verified module text base + RVA
7,Challax,CrystalGroundShard,Autres objets et controleurs,0x002DFDE8,0x002DFE5C,0x001D6A48,0x001D6A48,3,0x0012B3EC; 0x0012B630; 0x0012B874,0x002DFE60; 0x002DFE64; 0x002DFE68,,33,1,compiled descriptor; no assertion spawned or active,current verified module text base + RVA
7,Challax,CutCamera,Camera et presentation,0x002DFF30,0x002DFFA4,0x001D6A60,0x001D6A60,3,0x0012BF94; 0x0012C070; 0x0012C480,0x002DFFA8; 0x002DFFAC; 0x002DFFB0,f32 time; TriggerLink activate; CurveLink path; MobyLink target; VEC3 targetPos; Toggle destroyOnFinish; Toggle finishOnPath; Toggle bLerpFromActive; u8 pathPointId; MobyLink enemyWave; f32 lerpTime; Toggle bNoRespawn; u8 pad2[7];,12,1,compiled descriptor; no assertion spawned or active,current verified module text base + RVA
7,Challax,DeathTrigger,Pieges et mecanismes,0x002DFFF8,0x002E006C,0x001D6A70,0x001D6A70,3,0x0012CD98; 0x0012CDF8; 0x0012CE00,0x002E0070; 0x002E0074; 0x002E0078,MobyLink killAreas; MobyLink ignoreAreas; Toggle killHeroInTriggers; f32 minYHeight; u8 pad[3];,7,0,compiled descriptor; no assertion spawned or active,current verified module text base + RVA
7,Challax,DropshipC,Autres objets et controleurs,0x002E037C,0x002E03F0,0x001D6A80,0x001D6A80,4,0x0012EEC0; 0x0012CF74; 0x0012F6B8; 0x0012CFBC,0x002E03F4; 0x002E03F8; 0x002E03FC; 0x002E0400,MobyLink cars[2]; MobyLink soldiers[2]; TieLink startStacks[3]; MobyLink respawners[2]; MobyLink replayTeleporter; MobyLink bridge; u32 pad[3];,27,0,compiled descriptor; no assertion spawned or active,current verified module text base + RVA
7,Challax,DropshipLaser,"Armes, projectiles et degats",0x002E0414,0x002E0488,0x001D6C08,0x001D6C08,3,0x00133034; 0x00133044; 0x00133090,0x002E048C; 0x002E0490; 0x002E0494,VEC4 targetPos; Particle* pPart;,11,0,compiled descriptor; no assertion spawned or active,current verified module text base + RVA
7,Challax,DropshipShrapnel,Autres objets et controleurs,0x002E04EC,0x002E0560,0x001D6C18,0x001D6C18,3,0x00133230; 0x00133238; 0x00133240,0x002E0564; 0x002E0568; 0x002E056C,u32 pad[ 4 ];,32,0,compiled descriptor; no assertion spawned or active,current verified module text base + RVA
7,Challax,DSC_Laser,"Armes, projectiles et degats",0x002E06F4,0x002E0768,0x001D6C30,0x001D6C30,3,0x0013398C; 0x001339A8; 0x001340AC,0x002E076C; 0x002E0770; 0x002E0774,,20,2,compiled descriptor; no assertion spawned or active,current verified module text base + RVA
7,Challax,DSC_ModeChanger,Autres objets et controleurs,0x002E0828,0x002E089C,0x001D6C40,0x001D6C40,3,0x00134714; 0x001347EC; 0x001347F4,0x002E08A0; 0x002E08A4; 0x002E08A8,MobyLink moby; TriggerLink activate; CurveLink curve; TriggerLink trigger; MobyLink nextChanger; u32 priority; f32 timer; Toggle bBool; Toggle destroyWhenActivated; Toggle clearModes; Toggle activateHack;,0,0,compiled descriptor; no assertion spawned or active,current verified module text base + RVA
7,Challax,DualBlasterHUD,"Armes, projectiles et degats",0x002E0888,0x002E08FC,0x001D6C50,0x001D6C50,3,0x00134A10; 0x00134A18; 0x00134A20,0x002E0900; 0x002E0904; 0x002E0908,,0,0,compiled descriptor; no assertion spawned or active,current verified module text base + RVA
7,Challax,electricXplo,Autres objets et controleurs,0x002E0924,0x002E0998,0x001D6C60,0x001D6C60,3,0x001354C0; 0x00135214; 0x0013521C,0x002E099C; 0x002E09A0; 0x002E09A4,f32 lengths[24]; VEC3 normals[18]; f32 timer; s32 scroll;,14,2,compiled descriptor; no assertion spawned or active,current verified module text base + RVA
7,Challax,ElectroBall,Autres objets et controleurs,0x002E0AF8,0x002E0B6C,0x001D6CE0,0x001D6CE0,3,0x00136DA8; 0x00136E18; 0x00136E5C,0x002E0B70; 0x002E0B74; 0x002E0B78,,19,3,compiled descriptor; no assertion spawned or active,current verified module text base + RVA
7,Challax,ElectroshockWave,Autres objets et controleurs,0x002E0C04,0x002E0C78,0x001D6CF0,0x001D6CF0,3,0x00137AA0; 0x00137AA8; 0x00138580,0x002E0C7C; 0x002E0C80; 0x002E0C84,,14,3,compiled descriptor; no assertion spawned or active,current verified module text base + RVA
7,Challax,Electrosoil,Autres objets et controleurs,0x002E0D08,0x002E0D7C,0x001D6D08,0x001D6D08,3,0x00138910; 0x00138BF8; 0x00138C00,0x002E0D80; 0x002E0D84; 0x002E0D88,MobyLink target[ 2 ]; TriggerLink bound; f32 angle; f32 throwSpeedXZ; f32 throwSpeedY; MobyLink triggerCollection; u32 pad[ 1 ];,17,0,compiled descriptor; no assertion spawned or active,current verified module text base + RVA
7,Challax,ElectroSoldier02,Ennemis et boss,0x002E0F98,0x002E100C,0x001D6D90,0x001D6D90,4,0x00138DB8; 0x00139164; 0x0013A044; 0x0013923C,0x002E1010; 0x002E1014; 0x002E1018; 0x002E101C,Navigate nav; MobyLink controller; MobyLink enemyWave; TriggerLink detect; MobyLink respawner; TriggerLink wanderArea; Toggle chargeShockesr; Toggle fakeFloor; Toggle clampFloor; Toggle takeTheShot; Toggle depenWander; u8 pad[11];,39,1,compiled descriptor; no assertion spawned or active,current verified module text base + RVA
7,Challax,ElectroSoldierShot,Ennemis et boss,0x002E1058,0x002E10CC,0x001D6EE0,0x001D6EE0,3,0x0013B7BC; 0x0013B7CC; 0x0013BBC4,0x002E10D0; 0x002E10D4; 0x002E10D8,,15,1,compiled descriptor; no assertion spawned or active,current verified module text base + RVA
7,Challax,EndMovie,Autres objets et controleurs,0x002E1144,0x002E11B8,0x001D6EF8,0x001D6EF8,3,0x0013C1D8; 0x0013C31C; 0x0013C324,0x002E11BC; 0x002E11C0; 0x002E11C4,TriggerLink trigger; u32 level; u32 grantedLevel; TriggerLink queueTrigger; Toggle dontReplay; u8 pad[15];,2,0,compiled descriptor; no assertion spawned or active,current verified module text base + RVA
7,Challax,EnemyController,Ennemis et boss,0x002E12B0,0x002E1324,0x001D6F78,0x001D6F78,3,0x0013C500; 0x0013C70C; 0x0013C94C,0x002E1328; 0x002E132C; 0x002E1330,TriggerLink updateArea; TriggerLink updateArea2; TriggerLink destroyTrigger; f32 firstWaveDist; f32 secondWaveDist; Toggle envColl; u8 attackingMax; Toggle destroyControllerToo; u8 pad[ 9 ];,79,1,compiled descriptor; no assertion spawned or active,current verified module text base + RVA
7,Challax,EnemyRespawner,Ennemis et boss,0x002E141C,0x002E1490,0x001D7118,0x001D7118,3,0x0013F258; 0x0013F384; 0x0013F38C,0x002E1494; 0x002E1498; 0x002E149C,TriggerLink spawnArea; f32 respawnCooldown; f32 cooldownRand; TriggerLink destroyArea; MobyLink enemyWave; MobyLink targetMoby; MobyLink nextRespawner; u8 waves; Toggle waitForDeaths; Toggle waitAfterWave; u8 pad[1];,10,1,compiled descriptor; no assertion spawned or active,current verified module text base + RVA
7,Challax,EnemyWave,Ennemis et boss,0x002E155C,0x002E15D0,0x001D7128,0x001D7128,3,0x0013FBE8; 0x0013FCA0; 0x0013FFA4,0x002E15D4; 0x002E15D8; 0x002E15DC,MobyLink destroyedMoby; TriggerLink trigger; MobyLink previousWave; f32 timer; f32 delayRandMax; MobyLink enemyControllerToCheck; u8 mobyToCheckState; Toggle prevWaveDestroyed; u8 enemyInControllerCount; u8 pad[ 9 ];,9,1,compiled descriptor; no assertion spawned or active,current verified module text base + RVA
7,Challax,ExplodeBerry,Autres objets et controleurs,0x002E1634,0x002E16A8,0x001D71B8,0x001D71B8,4,0x00140408; 0x00140428; 0x0014045C; 0x001407C0,0x002E16AC; 0x002E16B0; 0x002E16B4; 0x002E16B8,VEC3 velocity; f32 startY; VEC3 rotationAxis; const Moby *pParent;,26,1,compiled descriptor; no assertion spawned or active,current verified module text base + RVA
7,Challax,ExplodeSprout,Gadgets et outils,0x002E16CC,0x002E1740,0x001D7240,0x001D7240,4,0x00140C78; 0x00140E8C; 0x00140EC0; 0x001411BC,0x002E1744; 0x002E1748; 0x002E174C; 0x002E1750,Moby *pElectrosoil; u32 pad[ 3 ];,34,2,compiled descriptor; no assertion spawned or active,current verified module text base + RVA
7,Challax,ExplosiveBee,Autres objets et controleurs,0x002E18C4,0x002E1938,0x001D72C8,0x001D72C8,3,0x00141754; 0x001417FC; 0x001426A4,0x002E193C; 0x002E1940; 0x002E1944,,9,2,compiled descriptor; no assertion spawned or active,current verified module text base + RVA
7,Challax,Flamethrower,"Armes, projectiles et degats",0x002E1A00,0x002E1A74,0x001D7320,0x001D7320,3,0x0014379C; 0x00143918; 0x00144728,0x002E1A78; 0x002E1A7C; 0x002E1A80,,12,2,compiled descriptor; no assertion spawned or active,current verified module text base + RVA
7,Challax,FlyingCar,Autres objets et controleurs,0x002E1D3C,0x002E1DB0,0x001D7330,0x001D7330,4,0x001471FC; 0x00146C38; 0x00147874; 0x00146C40,0x002E1DB4; 0x002E1DB8; 0x002E1DBC; 0x002E1DC0,CurveLink curve; f32 speed; f32 radius; f32 rollAmount; VEC3 rotDamping; u8 reverse; u8 loop; u8 wings; u8 pad8; VEC3 posOffset; VEC3 posVariAmp; VEC3 posVariRate; VEC3 posVariAngle; f32 fadeDist; u32 wingParticle; u32 wingSignature; f32 wingWidth; f32 wingLength; VEC3 wingOffset; f32 wingSpeed; f32 wingMaxAngle; VEC3 explodeOffset; f32 explodeScale; f32 scale; f32 wingUstart; f32 wingUend; f32 wingVstart; f32 wingVend; f32 pad;,40,0,compiled descriptor; no assertion spawned or active,current verified module text base + RVA
7,Challax,FogMoby,Autres objets et controleurs,0x002E1E8C,0x002E1F00,0x001D73F8,0x001D73F8,3,0x00148240; 0x001482E0; 0x001482E8,0x002E1F04; 0x002E1F08; 0x002E1F0C,TriggerLink region; f32 Side1FogStart; f32 Side1FogEnd; u8 Side1Red; u8 Side1Green; u8 Side1Blue; u8 padAlpha1; f32 Side2FogStart; f32 Side2FogEnd; u8 Side2Red; u8 Side2Green; u8 Side2Blue; u8 padAlpha2; u32 pad[ 1 ];,1,0,compiled descriptor; no assertion spawned or active,current verified module text base + RVA
7,Challax,GenericTieForm,Autres objets et controleurs,0x002E1F00,0x002E1F74,0x001D7468,0x001D7468,3,0x00148838; 0x00148888; 0x001488BC,0x002E1F78; 0x002E1F7C; 0x002E1F80,,6,0,compiled descriptor; no assertion spawned or active,current verified module text base + RVA
7,Challax,GiantClankGrowthPad,Vehicules et minijeux,0x002E2034,0x002E20A8,0x001D7478,0x001D7478,3,0x00148C00; 0x00148DB0; 0x00148EB8,0x002E20AC; 0x002E20B0; 0x002E20B4,u32 giantClankLevel; u32 growMovie; u32 shrinkMovie; Toggle startAsClank; u8 promptId; s16 movieIndex;,18,1,compiled descriptor; no assertion spawned or active,current verified module text base + RVA
7,Challax,GravityCrystal,Autres objets et controleurs,0x002E2098,0x002E210C,0x001D7490,0x001D7490,3,0x0014972C; 0x00149944; 0x0014A2BC,0x002E2110; 0x002E2114; 0x002E2118,,40,3,compiled descriptor; no assertion spawned or active,current verified module text base + RVA
7,Challax,GrindrailBomb,"Armes, projectiles et degats",0x002E22CC,0x002E2340,0x001D74A0,0x001D74A0,4,0x0014AF00; 0x0014AFF0; 0x0014B054; 0x0014ADF8,0x002E2344; 0x002E2348; 0x002E234C; 0x002E2350,,3,0,compiled descriptor; no assertion spawned or active,current verified module text base + RVA
7,Challax,GrindrailController,Pieges et mecanismes,0x002E259C,0x002E2610,0x001D7528,0x001D7528,2,0x0014C690; 0x0014C900,0x002E2614; 0x002E2618,VEC4 dir; CurveLink path; f32 grindrailSp; CurveLink secPaths[20]; f32 camDefaultLookLead; f32 camDefaultDist; f32 camDefaultHeight; f32 camDefaultAzimuth; f32 camDefaultElevation; f32 bombDamageFrac; f32 gateDamageFrac;,3,0,compiled descriptor; no assertion spawned or active,current verified module text base + RVA
7,Challax,GrindrailGate,Pieges et mecanismes,0x002E27CC,0x002E2840,0x001D75F0,0x001D75F0,3,0x0014CC00; 0x0014CCD8; 0x0014CED0,0x002E2844; 0x002E2848; 0x002E284C,u32 pad[4];,15,0,compiled descriptor; no assertion spawned or active,current verified module text base + RVA
7,Challax,GrindrailLock,Pieges et mecanismes,0x002E28D0,0x002E2944,0x001D7670,0x001D7670,3,0x0014D514; 0x0014D8F4; 0x0014DA20,0x002E2948; 0x002E294C; 0x002E2950,TriggerLink promptArea; TriggerLink endArea; MobyLink matrixMoby; u32 lockID; MobyLink destroyMobys; u32 pad[ 3 ];,23,1,compiled descriptor; no assertion spawned or active,current verified module text base + RVA
7,Challax,GrindrailSwitch,Pieges et mecanismes,0x002E29B0,0x002E2A24,0x001D7780,0x001D7780,4,0x0014E300; 0x0014E448; 0x0014E4AC; 0x0014E0E8,0x002E2A28; 0x002E2A2C; 0x002E2A30; 0x002E2A34,MobyLink gate; Toggle toggleOnOff; s32 gateMember; u32 pad[1];,10,0,compiled descriptor; no assertion spawned or active,current verified module text base + RVA
7,Challax,Helipack,Autres objets et controleurs,0x002E2A34,0x002E2AA8,0x001D7848,0x001D7848,3,0x0014EC1C; 0x0014EC24; 0x0014EC2C,0x002E2AAC; 0x002E2AB0; 0x002E2AB4,,3,0,compiled descriptor; no assertion spawned or active,current verified module text base + RVA
7,Challax,HutDoor,Pieges et mecanismes,0x002E2AFC,0x002E2B70,0x001D7858,0x001D7858,3,0x0014EDD0; 0x0014F19C; 0x0014F3C8,0x002E2B74; 0x002E2B78; 0x002E2B7C,MobyLink mobysToCheck[ 10 ]; TriggerLink trigger; MobyLink enemyController; f32 radius; u32 pad[3];,33,0,compiled descriptor; no assertion spawned or active,current verified module text base + RVA
7,Challax,Hypershot,Gadgets et outils,0x002E2CE4,0x002E2D58,0x001D7950,0x001D7950,3,0x0014FC0C; 0x0014FCA8; 0x0014FD30,0x002E2D5C; 0x002E2D60; 0x002E2D64,,13,0,compiled descriptor; no assertion spawned or active,current verified module text base + RVA
7,Challax,InitialCamera,Camera et presentation,0x002E2DCC,0x002E2E40,0x001D7968,0x001D7968,3,0x0014FEC0; 0x0014FFBC; 0x0014FFC4,0x002E2E44; 0x002E2E48; 0x002E2E4C,f32 dist; f32 height; f32 lookHeight; f32 elevation; f32 azimuth; Toggle dontCreateNextLevelSeen; u8 pressed; u8 pad[ 10 ];,6,1,compiled descriptor; no assertion spawned or active,current verified module text base + RVA
7,Challax,IntroMovie,Autres objets et controleurs,0x002E2E50,0x002E2EC4,0x001D7978,0x001D7978,3,0x001500EC; 0x001501A8; 0x001501B0,0x002E2EC8; 0x002E2ECC; 0x002E2ED0,u32 fromLevel; u32 pad[ 3 ];,7,1,compiled descriptor; no assertion spawned or active,current verified module text base + RVA
7,Challax,LadderSprout,Gadgets et outils,0x002E2ED8,0x002E2F4C,0x001D7988,0x001D7988,4,0x00150264; 0x001502E4; 0x00150318; 0x00150984,0x002E2F50; 0x002E2F54; 0x002E2F58; 0x002E2F5C,Moby *pElectrosoil; u32 pad[ 3 ];,23,2,compiled descriptor; no assertion spawned or active,current verified module text base + RVA
7,Challax,LaserTracer,"Armes, projectiles et degats",0x002E44C4,0x002E4538,0x001D7A10,0x001D7A10,3,0x001545DC; 0x001546D0; 0x00154858,0x002E453C; 0x002E4540; 0x002E4544,,16,3,compiled descriptor; no assertion spawned or active,current verified module text base + RVA
7,Challax,Level01SkyController,"Effets, particules et environnement",0x002E45CC,0x002E4640,0x001D7A58,0x001D7A58,3,0x0015A064; 0x0015A0B4; 0x0015A0BC,0x002E4644; 0x002E4648; 0x002E464C,f32 rotSp; f32 rot; u32 pad[2];,17,0,compiled descriptor; no assertion spawned or active,current verified module text base + RVA
7,Challax,LevelMusic,Autres objets et controleurs,0x002E47B4,0x002E4828,0x001D7A70,0x001D7A70,2,0x0015A1C8; 0x0015A2A8,0x002E482C; 0x002E4830,u32 songNumber; TriggerLink trigger; s32 continuePointMin; s32 continuePointMax; s32 levelNumber; u8 priority; u8 pad[ 7 ];,1,0,compiled descriptor; no assertion spawned or active,current verified module text base + RVA
7,Challax,Lvl06Door,Pieges et mecanismes,0x002E4A68,0x002E4ADC,0x001D7A90,0x001D7A90,3,0x0015AC64; 0x0015A910; 0x0015B324,0x002E4AE0; 0x002E4AE4; 0x002E4AE8,MobyLink controller; TriggerLink activate; TriggerLink updateArea; CurveLink path; f32 moveTime; f32 progInc; const Lvl06Door_Data *pData; u32 drawDist; Toggle bTrapDoor; u8 openOffGroups[8]; u8 outClosedOffGroups[8]; u8 inClosedOffGroups[8]; Toggle hasOpened; Toggle stayOpen; Toggle bInEncounter; MobyLink enemyWave; MobyLink level10UnlockMoby; TriggerLink encounterLock; MobyLink grindrailLock; TriggerLink unlockTrigger; MobyLink specialOpenMobies; TriggerLink specialOpenTrigger; u32 pad[2];,14,0,compiled descriptor; no assertion spawned or active,current verified module text base + RVA
7,Challax,Lvl07BoltCrank,Pieges et mecanismes,0x002E4B28,0x002E4B9C,0x001D7C90,0x001D7C90,3,0x0015C0F4; 0x0015C38C; 0x0015C394,0x002E4BA0; 0x002E4BA4; 0x002E4BA8,MobyLink bolt; MobyLink target; MobyLink magnet; MobyLink cameraWave;,5,2,compiled descriptor; no assertion spawned or active,current verified module text base + RVA
7,Challax,Lvl07Clover,Autres objets et controleurs,0x002E4BEC,0x002E4C60,0x001D7DD8,0x001D7DD8,3,0x0015C5B8; 0x0015C91C; 0x0015C950,0x002E4C64; 0x002E4C68; 0x002E4C6C,TieLink clover; TieLink stem; u32 pad[ 2 ];,17,2,compiled descriptor; no assertion spawned or active,current verified module text base + RVA
7,Challax,Lvl07Console,Autres objets et controleurs,0x002E4CD4,0x002E4D48,0x001D7E60,0x001D7E60,3,0x0015CF80; 0x0015D1AC; 0x0015D1B4,0x002E4D4C; 0x002E4D50; 0x002E4D54,MobyLink guardBeam; TieLink redLight; TieLink greenLight; MobyLink object; MobyLink brokenConsole; u32 pad[3];,5,0,compiled descriptor; no assertion spawned or active,current verified module text base + RVA
7,Challax,Lvl07ConveyorBelt,Autres objets et controleurs,0x002E4DAC,0x002E4E20,0x001D7F68,0x001D7F68,3,0x0015D354; 0x0015D480; 0x0015D488,0x002E4E24; 0x002E4E28; 0x002E4E2C,TriggerLink area; MobyLink bolt; u32 pad[2];,0,0,compiled descriptor; no assertion spawned or active,current verified module text base + RVA
7,Challax,Lvl07EleGlass,Autres objets et controleurs,0x002E4EE8,0x002E4F5C,0x001D8018,0x001D8018,3,0x0015D5D4; 0x0015DA2C; 0x0015DAE8,0x002E4F60; 0x002E4F64; 0x002E4F68,MobyLink brokenGlass; MobyLink pieces[5]; MobyLink target; Toggle topPiece; u8 pad[3];,34,2,compiled descriptor; no assertion spawned or active,current verified module text base + RVA
7,Challax,Lvl07ExplodeDoor,Pieges et mecanismes,0x002E4FA4,0x002E5018,0x001D80A8,0x001D80A8,3,0x0015E730; 0x0015EA50; 0x0015EA84,0x002E501C; 0x002E5020; 0x002E5024,MobyLink brokenDoor; MobyLink car; TriggerLink trigger; u32 pad;,14,0,compiled descriptor; no assertion spawned or active,current verified module text base + RVA
7,Challax,Lvl07GuardBeam,Ennemis et boss,0x002E5190,0x002E5204,0x001D8160,0x001D8160,3,0x0015EED4; 0x0015EFD4; 0x0015F08C,0x002E5208; 0x002E520C; 0x002E5210,f32 height; f32 width; f32 topWidth; f32 size;,17,0,compiled descriptor; no assertion spawned or active,current verified module text base + RVA
7,Challax,Lvl07Help,Autres objets et controleurs,0x002E52C4,0x002E5338,0x001D8170,0x001D8170,3,0x0015F530; 0x0015F8A0; 0x0015F8A8,0x002E533C; 0x002E5340; 0x002E5344,TriggerLink room1Trigger; MobyLink target1; MobyLink gardenSprout; TriggerLink gardenTrigger; MobyLink statueSprout; MobyLink statue; TriggerLink statueTrigger; TriggerLink beamTrigger;,7,5,compiled descriptor; no assertion spawned or active,current verified module text base + RVA
7,Challax,Lvl07Leaf,Autres objets et controleurs,0x002E535C,0x002E53D0,0x001D82E0,0x001D82E0,3,0x0015FBF0; 0x0015FBF8; 0x0015FC00,0x002E53D4; 0x002E53D8; 0x002E53DC,,6,0,compiled descriptor; no assertion spawned or active,current verified module text base + RVA
7,Challax,Lvl07Platform,Pieges et mecanismes,0x002E5534,0x002E55A8,0x001D82F0,0x001D82F0,3,0x0016066C; 0x001600E4; 0x00160EB4,0x002E55AC; 0x002E55B0; 0x002E55B4,MobyLink cars1[2]; MobyLink cars2[2]; TriggerLink innerShaft; MobyLink enemyController; MobyLink bottomGlass[2]; MobyLink topGlass[2]; TriggerLink deathTriggerHack; MobyLink button; TriggerLink nextContPoint; u32 pad[3];,23,0,compiled descriptor; no assertion spawned or active,current verified module text base + RVA
7,Challax,Lvl07SecretWall,Autres objets et controleurs,0x002E5670,0x002E56E4,0x001D8528,0x001D8528,4,0x00161358; 0x00161550; 0x00161558; 0x00161560,0x002E56E8; 0x002E56EC; 0x002E56F0; 0x002E56F4,TieLink brokenWall; u32 pad[ 3 ];,28,0,compiled descriptor; no assertion spawned or active,current verified module text base + RVA
7,Challax,Lvl07Statue,Autres objets et controleurs,0x002E58E8,0x002E595C,0x001D85B8,0x001D85B8,4,0x001619F0; 0x00161E14; 0x001620FC; 0x00161E78,0x002E5960; 0x002E5964; 0x002E5968; 0x002E596C,MobyLink cameraDir; MobyLink endPos; u32 pad[ 2 ];,19,1,compiled descriptor; no assertion spawned or active,current verified module text base + RVA
7,Challax,Lvl07TinyCar,Autres objets et controleurs,0x002E5ACC,0x002E5B40,0x001D8638,0x001D8638,3,0x00163C54; 0x00163304; 0x00164270,0x002E5B44; 0x002E5B48; 0x002E5B4C,TriggerLink endPromptArea; TriggerLink startPromptArea; MobyLink startCam; MobyLink startPoint; CurveLink path; MobyLink startTeleporter; MobyLink dropshipTeleporter2; u32 pad[1];,51,1,compiled descriptor; no assertion spawned or active,current verified module text base + RVA
7,Challax,Lvl07Tower,Autres objets et controleurs,0x002E5CB4,0x002E5D28,0x001D8780,0x001D8780,3,0x00165018; 0x0016537C; 0x001654D8,0x002E5D2C; 0x002E5D30; 0x002E5D34,CurveLink dataCurve; TieLink tower; f32 speed; f32 accel;,24,2,compiled descriptor; no assertion spawned or active,current verified module text base + RVA
7,Challax,Lvl3Elevator,Pieges et mecanismes,0x002E5E74,0x002E5EE8,0x001D88C8,0x001D88C8,3,0x00166068; 0x00165B58; 0x0016649C,0x002E5EEC; 0x002E5EF0; 0x002E5EF4,CurveLink path; f32 moveTime; f32 progress; f32 progInc; f32 waitTime; f32 radius; SND_Positional *pMoveSound; f32 heightDiff; Toggle oneWay; Toggle direction; Toggle waitForHero; Toggle waitForActivate; Toggle matchHero; Toggle checkCrush; Toggle useButton; u8 pad[9];,26,0,compiled descriptor; no assertion spawned or active,current verified module text base + RVA
7,Challax,Lvl3GuardBeam,Ennemis et boss,0x002E5FE0,0x002E6054,0x001D8A10,0x001D8A10,3,0x00166E1C; 0x00166E94; 0x00166EF8,0x002E6058; 0x002E605C; 0x002E6060,f32 height; f32 width; f32 size; u8 numBeams; Toggle useAltConfig; u8 pad[2];,0,0,compiled descriptor; no assertion spawned or active,current verified module text base + RVA
7,Challax,Lvl3Steam,Autres objets et controleurs,0x002E6344,0x002E63B8,0x001D8A20,0x001D8A20,3,0x001672C0; 0x001672C8; 0x00167420,0x002E63BC; 0x002E63C0; 0x002E63C4,TriggerLink visibleArea; f32 riseRate; f32 riseRateRange; f32 windSpeed; f32 riseAccel; f32 startSize; f32 startSizeRange; f32 endSize; f32 endSizeRange; f32 posDeviation; f32 dirDeviation; f32 lifetime; u8 startRed; u8 startBlue; u8 startGreen; u8 startAlpha; u8 endRed; u8 endBlue; u8 endGreen; u8 endAlpha; f32 offTime; f32 onTime; f32 offTimeRand; f32 onTimeRand; u8 presetIndex; u8 blendType; u8 pad[6];,7,1,compiled descriptor; no assertion spawned or active,current verified module text base + RVA
7,Challax,MapOMaticGadget,Gadgets et outils,0x002E63B0,0x002E6424,0x001D8AB0,0x001D8AB0,3,0x00167938; 0x00167940; 0x00167948,0x002E6428; 0x002E642C; 0x002E6430,,0,0,compiled descriptor; no assertion spawned or active,current verified module text base + RVA
7,Challax,MatrixMoby,Autres objets et controleurs,0x002E6410,0x002E6484,0x001D8AC0,0x001D8AC0,3,0x00167950; 0x00167958; 0x00167960,0x002E6488; 0x002E648C; 0x002E6490,,0,0,compiled descriptor; no assertion spawned or active,current verified module text base + RVA
7,Challax,MobyCollection,"Caisses, pickups et bonus",0x002E6488,0x002E64FC,0x001D8AD0,0x001D8AD0,3,0x00167968; 0x00167970; 0x00167978,0x002E6500; 0x002E6504; 0x002E6508,MobyLink mobys[ 8 ];,0,0,compiled descriptor; no assertion spawned or active,current verified module text base + RVA
7,Challax,MobyGroup,Autres objets et controleurs,0x002E652C,0x002E65A0,0x001D8AE0,0x001D8AE0,3,0x001679B0; 0x00167A48; 0x00167A50,0x002E65A4; 0x002E65A8; 0x002E65AC,MobyLink mobysToCheck[ 8 ]; u8 destroyed; u8 count; u8 pad[ 14 ];,6,0,compiled descriptor; no assertion spawned or active,current verified module text base + RVA
7,Challax,MobyIce,Autres objets et controleurs,0x002E6634,0x002E66A8,0x001D8B60,0x001D8B60,3,0x00168370; 0x00168388; 0x00168D0C,0x002E66AC; 0x002E66B0; 0x002E66B4,,31,1,compiled descriptor; no assertion spawned or active,current verified module text base + RVA
7,Challax,ModVendor,Autres objets et controleurs,0x002E66A0,0x002E6714,0x001D8B68,0x001D8B68,3,0x001695C0; 0x00169760; 0x001697C4,0x002E6718; 0x002E671C; 0x002E6720,,17,0,compiled descriptor; no assertion spawned or active,current verified module text base + RVA
7,Challax,Mootator,"Armes, projectiles et degats",0x002E6994,0x002E6A08,0x001D8B78,0x001D8B78,3,0x00169C30; 0x00169E80; 0x0016AFD0,0x002E6A0C; 0x002E6A10; 0x002E6A14,,21,0,compiled descriptor; no assertion spawned or active,current verified module text base + RVA
7,Challax,MutantCow,Autres objets et controleurs,0x002E6A28,0x002E6A9C,0x001D8B88,0x001D8B88,4,0x0016B538; 0x0016B6BC; 0x0016BBE8; 0x001A69DC,0x002E6AA0; 0x002E6AA4; 0x002E6AA8; 0x002E6AAC,,29,1,compiled descriptor; no assertion spawned or active,current verified module text base + RVA
7,Challax,MutantMadCow,Autres objets et controleurs,0x002E6BF8,0x002E6C6C,0x001D8BB8,0x001D8BB8,4,0x0016C748; 0x0016C8B0; 0x0016CCCC; 0x001A69DC,0x002E6C70; 0x002E6C74; 0x002E6C78; 0x002E6C7C,,47,2,compiled descriptor; no assertion spawned or active,current verified module text base + RVA
7,Challax,NapalmBubble,Autres objets et controleurs,0x002E6CC0,0x002E6D34,0x001D8BC8,0x001D8BC8,3,0x0016D93C; 0x0016D944; 0x0016D94C,0x002E6D38; 0x002E6D3C; 0x002E6D40,,8,1,compiled descriptor; no assertion spawned or active,current verified module text base + RVA
7,Challax,PDA,Autres objets et controleurs,0x002E6D68,0x002E6DDC,0x001D8BD8,0x001D8BD8,3,0x0016E3D0; 0x0016E3D8; 0x0016E3E0,0x002E6DE0; 0x002E6DE4; 0x002E6DE8,,0,0,compiled descriptor; no assertion spawned or active,current verified module text base + RVA
7,Challax,Polarizer,Gadgets et outils,0x002E6E74,0x002E6EE8,0x001D8BE0,0x001D8BE0,3,0x0016E414; 0x0016E5D0; 0x0016F120,0x002E6EEC; 0x002E6EF0; 0x002E6EF4,,34,0,compiled descriptor; no assertion spawned or active,current verified module text base + RVA
7,Challax,PolarizerTarget,Gadgets et outils,0x002E6FD0,0x002E7044,0x001D8BF0,0x001D8BF0,3,0x00170090; 0x00170304; 0x0017030C,0x002E7048; 0x002E704C; 0x002E7050,MobyLink target; TriggerLink updateArea; MobyLink attachMoby; MobyLink target2; Toggle burstEffect; u8 targetType; Toggle bUseOnce; u8 pad[14];,36,5,compiled descriptor; no assertion spawned or active,current verified module text base + RVA
7,Challax,PositionalSound,Camera et presentation,0x002E70DC,0x002E7150,0x001D8CC8,0x001D8CC8,3,0x001710C4; 0x001711BC; 0x001711C4,0x002E7154; 0x002E7158; 0x002E715C,u32 soundSig; TriggerLink activeArea; GDE_Sound *pGDESound; SND_Positional *pSound; f32 nearRadius; f32 farRadius; Toggle bIsLooping; u8 pad[15];,6,0,compiled descriptor; no assertion spawned or active,current verified module text base + RVA
7,Challax,PowerupAmmo,"Caisses, pickups et bonus",0x002E7244,0x002E72B8,0x001D8D58,0x001D8D58,3,0x001712E0; 0x001713AC; 0x001713B4,0x002E72BC; 0x002E72C0; 0x002E72C4,VEC4 velocity; f32 fallDistance; f32 fadeAmnt; u8 ammoType; u8 ammoAmnt; u32 priority; u8 gain; u8 needSync;,48,1,compiled descriptor; no assertion spawned or active,current verified module text base + RVA
7,Challax,PowerupHealth,"Caisses, pickups et bonus",0x002E73A0,0x002E7414,0x001D8DD8,0x001D8DD8,3,0x00172854; 0x001728A4; 0x001728E0,0x002E7418; 0x002E741C; 0x002E7420,Particle *pTrail[8]; Particle *pGlowParticle; Particle *pGlowParticle2; Particle *pSphereParticle; Particle *pSphereParticle2; Moby *pParent; VEC4 velocity; f32 bobCount; f32 goToTimer; f32 deathTimer; f32 fallDistance;,21,5,compiled descriptor; no assertion spawned or active,current verified module text base + RVA
7,Challax,Ratchet,"Joueur, acteurs et accessoires",0x002E7528,0x002E759C,0x001D8DE8,0x001D8DE8,4,0x001742BC; 0x001742FC; 0x00174304; 0x0017430C,0x002E75A0; 0x002E75A4; 0x002E75A8; 0x002E75AC,,15,0,compiled descriptor; no assertion spawned or active,current verified module text base + RVA
7,Challax,RatchetDecoyInner,"Joueur, acteurs et accessoires",0x002E7664,0x002E76D8,0x001D8E80,0x001D8E80,4,0x00175204; 0x0017520C; 0x00175F7C; 0x001752CC,0x002E76DC; 0x002E76E0; 0x002E76E4; 0x002E76E8,,18,2,compiled descriptor; no assertion spawned or active,current verified module text base + RVA
7,Challax,RatchetDecoyOuter,"Joueur, acteurs et accessoires",0x002E76D8,0x002E774C,0x001D8E98,0x001D8E98,3,0x0017648C; 0x001764C8; 0x001764D0,0x002E7750; 0x002E7754; 0x002E7758,,0,0,compiled descriptor; no assertion spawned or active,current verified module text base + RVA
7,Challax,RatchetShip,"Joueur, acteurs et accessoires",0x002E7738,0x002E77AC,0x001D8EB0,0x001D8EB0,3,0x001764EC; 0x001766DC; 0x00176740,0x002E77B0; 0x002E77B4; 0x002E77B8,,17,0,compiled descriptor; no assertion spawned or active,current verified module text base + RVA
7,Challax,RatchetShipAnimation,"Joueur, acteurs et accessoires",0x002E7A60,0x002E7AD4,0x001D8EC0,0x001D8EC0,3,0x001771E8; 0x00176A30; 0x00177784,0x002E7AD8; 0x002E7ADC; 0x002E7AE0,CurveLink introShipPosCurve; CurveLink introCameraPosCurve; CurveLink outroShipPosCurve; CurveLink outroCameraPosCurve; MobyLink ship; f32 shipSpeedInit; f32 cameraSpeedInit; f32 shipRollAmount; VEC3 shipRotDamping; f32 shipRollAmountHover; VEC3 shipRotDampingHover; f32 cameraRollAmount; VEC3 cameraRotDamping; f32 hoverTime; f32 hoverPause; f32 shipSpeedChange; f32 cameraSpeedChange; VEC3 hoverPosDamping; f32 tiltFactor; f32 tiltInterpSpeed; f32 tiltReturnFactor; f32 tiltVelDamp; f32 tiltGroundThresh; f32 tiltLmaxi; f32 tiltRmaxi; f32 tiltFmaxi; f32 tiltBmaxi; VEC3 ratchetEndOffset; VEC3 cameraInAnimOffset; f32 cameraInAnimLookYOfs; VEC3 cameraOutAnimOffset; f32 cameraOutAnimLookYOfs; f32 pa,20,0,compiled descriptor; no assertion spawned or active,current verified module text base + RVA
7,Challax,Region,Autres objets et controleurs,0x002E7D5C,0x002E7DD0,0x001D9168,0x001D9168,3,0x001796EC; 0x001797E8; 0x001797F0,0x002E7DD4; 0x002E7DD8; 0x002E7DDC,Toggle groups[32]; TriggerLink zone; u32 pad[ 3 ];,2,0,compiled descriptor; no assertion spawned or active,current verified module text base + RVA
7,Challax,RiotCar,Autres objets et controleurs,0x002E7E60,0x002E7ED4,0x001D91D8,0x001D91D8,3,0x001797F8; 0x00179BB4; 0x0017A414,0x002E7ED8; 0x002E7EDC; 0x002E7EE0,MobyLink passengers[4]; TriggerLink enterTrigger; CurveLink enterPath; MobyLink flyMatrix; MobyLink enemyRespawner; Toggle bDontRespawn; u8 pad[15];,63,5,compiled descriptor; no assertion spawned or active,current verified module text base + RVA
7,Challax,Ryno,"Armes, projectiles et degats",0x002E8158,0x002E81CC,0x001D92B8,0x001D92B8,3,0x0017B8DC; 0x0017B9B8; 0x0017C058,0x002E81D0; 0x002E81D4; 0x002E81D8,,36,1,compiled descriptor; no assertion spawned or active,current verified module text base + RVA
7,Challax,RynoRocket,"Armes, projectiles et degats",0x002E8234,0x002E82A8,0x001D92C0,0x001D92C0,3,0x0017CA5C; 0x0017CA78; 0x0017CAC8,0x002E82AC; 0x002E82B0; 0x002E82B4,,36,1,compiled descriptor; no assertion spawned or active,current verified module text base + RVA
7,Challax,SetCamera,Camera et presentation,0x002E8404,0x002E8478,0x001D92D0,0x001D92D0,3,0x0017D984; 0x0017DA98; 0x0017DAA0,0x002E847C; 0x002E8480; 0x002E8484,TriggerLink area; Toggle lazy; u8 pad[3]; f32 lookHeight; f32 camDist; f32 height; f32 elevation; f32 azimuth; MobyLink parent; Toggle useAzimuth; Toggle useLookHeight; Toggle useCamDist; Toggle useHeight; Toggle useElevation; Toggle enabled; Toggle singleUse; Toggle entered; f32 speed; u32 priority; f32 restoreSpeed; u32 pad2[3];,1,0,compiled descriptor; no assertion spawned or active,current verified module text base + RVA
7,Challax,ShieldCharger,"Armes, projectiles et degats",0x002E8490,0x002E8504,0x001D93B8,0x001D93B8,4,0x0017E6A8; 0x0017DD68; 0x0017EAD8; 0x0017F2DC,0x002E8508; 0x002E850C; 0x002E8510; 0x002E8514,,53,3,compiled descriptor; no assertion spawned or active,current verified module text base + RVA
7,Challax,ShieldChargerBolt,"Armes, projectiles et degats",0x002E8638,0x002E86AC,0x001D93E8,0x001D93E8,3,0x0018113C; 0x00181144; 0x00181188,0x002E86B0; 0x002E86B4; 0x002E86B8,,13,1,compiled descriptor; no assertion spawned or active,current verified module text base + RVA
7,Challax,ShockRocket,"Armes, projectiles et degats",0x002E8738,0x002E87AC,0x001D9400,0x001D9400,3,0x001814DC; 0x001815C8; 0x001818B4,0x002E87B0; 0x002E87B4; 0x002E87B8,,22,2,compiled descriptor; no assertion spawned or active,current verified module text base + RVA
7,Challax,ShockRocketShot,"Armes, projectiles et degats",0x002E8824,0x002E8898,0x001D9410,0x001D9410,3,0x00182428; 0x00182478; 0x00182A80,0x002E889C; 0x002E88A0; 0x002E88A4,,26,1,compiled descriptor; no assertion spawned or active,current verified module text base + RVA
7,Challax,ShockSoldier02,Ennemis et boss,0x002E8AD0,0x002E8B44,0x001D9420,0x001D9420,4,0x00184038; 0x00183898; 0x00184458; 0x00185D08,0x002E8B48; 0x002E8B4C; 0x002E8B50; 0x002E8B54,Navigate nav; MobyLink controller; MobyLink enemyWave; TriggerLink detect; MobyLink enemyRespawner; Toggle waitForPowerup; Toggle fakeFloor; Toggle outsideRestrict; Toggle drawInWave; MobyLink interceptPos; Toggle clampToGround; u8 pad[11];,43,1,compiled descriptor; no assertion spawned or active,current verified module text base + RVA
7,Challax,ShrapnelGeneric,Autres objets et controleurs,0x002E8B48,0x002E8BBC,0x001D9588,0x001D9588,3,0x00186618; 0x00186620; 0x00186628,0x002E8BC0; 0x002E8BC4; 0x002E8BC8,,31,0,compiled descriptor; no assertion spawned or active,current verified module text base + RVA
7,Challax,ShrinkBeam,Gadgets et outils,0x002E8C0C,0x002E8C80,0x001D9628,0x001D9628,3,0x00186780; 0x00186788; 0x00186E3C,0x002E8C84; 0x002E8C88; 0x002E8C8C,,4,0,compiled descriptor; no assertion spawned or active,current verified module text base + RVA
7,Challax,ShrinkRayRatchet,Gadgets et outils,0x002E8C70,0x002E8CE4,0x001D9638,0x001D9638,3,0x00187AFC; 0x00187B04; 0x00187B0C,0x002E8CE8; 0x002E8CEC; 0x002E8CF0,,0,0,compiled descriptor; no assertion spawned or active,current verified module text base + RVA
7,Challax,SkillPoint_L07,Autres objets et controleurs,0x002E8D3C,0x002E8DB0,0x001D9650,0x001D9650,3,0x00187B14; 0x00187C90; 0x00187C98,0x002E8DB4; 0x002E8DB8; 0x002E8DBC,TriggerLink enemySegmentArea; TriggerLink exitEnemySegmentArea; u32 killCountShockTakedown; u32 pad[ 1 ];,1,0,compiled descriptor; no assertion spawned or active,current verified module text base + RVA
7,Challax,Spitfire,"Effets, particules et environnement",0x002E8E18,0x002E8E8C,0x001D97B8,0x001D97B8,3,0x00188098; 0x001880CC; 0x001880F0,0x002E8E90; 0x002E8E94; 0x002E8E98,,19,0,compiled descriptor; no assertion spawned or active,current verified module text base + RVA
7,Challax,Splash,Autres objets et controleurs,0x002E8EF4,0x002E8F68,0x001D97C8,0x001D97C8,3,0x00189484; 0x001894CC; 0x001894D4,0x002E8F6C; 0x002E8F70; 0x002E8F74,VEC2 pos; VEC2 velocity; const VEC3 *pPos; f32 startRadius; u16 uOffset; u8 owned; u8 pad;,8,0,compiled descriptor; no assertion spawned or active,current verified module text base + RVA
7,Challax,Sprout,Gadgets et outils,0x002E90C8,0x002E913C,0x001D97D0,0x001D97D0,4,0x0018A948; 0x00189B6C; 0x0018ADC4; 0x00189BD0,0x002E9140; 0x002E9144; 0x002E9148; 0x002E914C,NavBound navBound; TriggerLink setTargetArea; CurveLink path; MobyLink endPathSoil; MobyLink dayNightController; TriggerLink followArea; u8 checkPointIndex; u8 pad[7];,40,0,compiled descriptor; no assertion spawned or active,current verified module text base + RVA
7,Challax,Sproutomatic,Gadgets et outils,0x002E91BC,0x002E9230,0x001D9908,0x001D9908,3,0x0018BFF8; 0x0018C0A0; 0x0018C0D8,0x002E9234; 0x002E9238; 0x002E923C,,10,0,compiled descriptor; no assertion spawned or active,current verified module text base + RVA
7,Challax,StaticBarrierBelt,Autres objets et controleurs,0x002E9220,0x002E9294,0x001D9918,0x001D9918,3,0x0018C6E0; 0x0018C714; 0x0018C71C,0x002E9298; 0x002E929C; 0x002E92A0,,0,0,compiled descriptor; no assertion spawned or active,current verified module text base + RVA
7,Challax,SuckCannon,"Armes, projectiles et degats",0x002E9380,0x002E93F4,0x001D9930,0x001D9930,3,0x0018C724; 0x0018C86C; 0x0018CE88,0x002E93F8; 0x002E93FC; 0x002E9400,,21,3,compiled descriptor; no assertion spawned or active,current verified module text base + RVA
7,Challax,SuckCannonComet,"Armes, projectiles et degats",0x002E93E8,0x002E945C,0x001D9940,0x001D9940,3,0x001A7E9C; 0x001A7EA4; 0x001A80D8,0x002E9460; 0x002E9464; 0x002E9468,,40,1,compiled descriptor; no assertion spawned or active,current verified module text base + RVA
7,Challax,SuckCannonCometTie,"Armes, projectiles et degats",0x002E9450,0x002E94C4,0x001D9950,0x001D9950,3,0x001A7E9C; 0x001A7EA4; 0x0018D7F8,0x002E94C8; 0x002E94CC; 0x002E94D0,,40,1,compiled descriptor; no assertion spawned or active,current verified module text base + RVA
7,Challax,SuckCannonManager,"Armes, projectiles et degats",0x002E952C,0x002E95A0,0x001D9968,0x001D9968,3,0x0018E4D8; 0x0018E524; 0x0018E52C,0x002E95A4; 0x002E95A8; 0x002E95AC,,25,0,compiled descriptor; no assertion spawned or active,current verified module text base + RVA
7,Challax,SwarmManager,Autres objets et controleurs,0x002E95BC,0x002E9630,0x001D9980,0x001D9980,3,0x0018F27C; 0x0018F2C4; 0x0018F5FC,0x002E9634; 0x002E9638; 0x002E963C,,4,2,compiled descriptor; no assertion spawned or active,current verified module text base + RVA
7,Challax,Teleporter,Autres objets et controleurs,0x002E96D0,0x002E9744,0x001D9990,0x001D9990,3,0x0018FE1C; 0x001901D4; 0x001905A0,0x002E9748; 0x002E974C; 0x002E9750,MobyLink destination; MobyLink destinationPreferred; TriggerLink activateTrigger; u32 levelId; s32 changeToLevel; Toggle secretActivation; s8 canGoToLevel; u8 pad[ 10 ];,17,0,compiled descriptor; no assertion spawned or active,current verified module text base + RVA
7,Challax,TieGroup,Autres objets et controleurs,0x002E9924,0x002E9998,0x001D9A60,0x001D9A60,3,0x00190E70; 0x00190EEC; 0x00190EF4,0x002E999C; 0x002E99A0; 0x002E99A4,TieLink ties[8]; u32 numActive; u32 pad[3];,1,0,compiled descriptor; no assertion spawned or active,current verified module text base + RVA
7,Challax,TieManipulator,Autres objets et controleurs,0x002E9B94,0x002E9C08,0x001D9A70,0x001D9A70,3,0x00190F78; 0x00190F70; 0x00191550,0x002E9C0C; 0x002E9C10; 0x002E9C14,TieLink tie[ 8 ]; f32 xAxis; f32 yAxis; f32 zAxis; f32 xRot; f32 yRot; f32 zRot; f32 xSpan; f32 ySpan; f32 zSpan; f32 xCounter; f32 yCounter; f32 zCounter; f32 speed; f32 speedPerFrame; f32 curviness; f32 curvPar; f32 scaleSpeed; f32 scaleSpeedPerFrame; f32 scaleMax; f32 scaleCounter; f32 xPerc[8]; f32 yPerc[8]; f32 zPerc[8]; f32 xPar[8]; f32 yPar[8]; f32 zPar[8]; f32 xStart[8]; f32 yStart[8]; f32 zStart[8]; MATRIX4 *pMat[8]; MATRIX4 scaleMatrix; f32 drawDistance; f32 updateDistance; f32 inverseScale; u32 linkCount;,17,0,compiled descriptor; no assertion spawned or active,current verified module text base + RVA
7,Challax,TitaniumBolt,"Caisses, pickups et bonus",0x002E9CD4,0x002E9D48,0x001D9A80,0x001D9A80,3,0x001918E0; 0x00191AD0; 0x00191C38,0x002E9D4C; 0x002E9D50; 0x002E9D54,f32 dist; f32 height; f32 lookHeight; f32 elevation; f32 azimuth; Toggle magnaboots; Toggle noAnimation; u32 levelToFake; u8 id; u8 pad[5];,23,0,compiled descriptor; no assertion spawned or active,current verified module text base + RVA
7,Challax,TriggerCollection,Pieges et mecanismes,0x002E9D7C,0x002E9DF0,0x001D9B38,0x001D9B38,3,0x0019265C; 0x00192664; 0x0019266C,0x002E9DF4; 0x002E9DF8; 0x002E9DFC,TriggerLink triggers[ 14 ];,0,0,compiled descriptor; no assertion spawned or active,current verified module text base + RVA
7,Challax,TriggeredDoor,Pieges et mecanismes,0x002E9E54,0x002E9EC8,0x001D9B50,0x001D9B50,3,0x00192838; 0x00192B4C; 0x00192ECC,0x002E9ECC; 0x002E9ED0; 0x002E9ED4,TriggerLink trigger; MobyLink mobyToCheck; MobyLink grindrailLock; Toggle stayOpen; Toggle saveState; u8 pad[ 2 ];,24,0,compiled descriptor; no assertion spawned or active,current verified module text base + RVA
7,Challax,TripleWaveBeacon,Autres objets et controleurs,0x002E9F78,0x002E9FEC,0x001D9C08,0x001D9C08,3,0x001938E8; 0x00193A98; 0x00193ACC,0x002E9FF0; 0x002E9FF4; 0x002E9FF8,,27,2,compiled descriptor; no assertion spawned or active,current verified module text base + RVA
7,Challax,vendor,Autres objets et controleurs,0x002EA024,0x002EA098,0x001D9C20,0x001D9C20,3,0x00193D74; 0x00193F3C; 0x00193FA0,0x002EA09C; 0x002EA0A0; 0x002EA0A4,u32 lastAnimPlayed; u32 vendorType; Toggle bSellsWeapons; u8 pad[ 7 ];,17,0,compiled descriptor; no assertion spawned or active,current verified module text base + RVA
7,Challax,Wrench,Autres objets et controleurs,0x002EA230,0x002EA2A4,0x001D9C28,0x001D9C28,3,0x0019431C; 0x001943F0; 0x0019484C,0x002EA2A8; 0x002EA2AC; 0x002EA2B0,,2,0,compiled descriptor; no assertion spawned or active,current verified module text base + RVA
7,Challax,ZipLineController,Autres objets et controleurs,0x002EA358,0x002EA3CC,0x001D9E28,0x001D9E28,3,0x00197678; 0x001978E8; 0x0019791C,0x002EA3D0; 0x002EA3D4; 0x002EA3D8,VEC4 lineVec; VEC4 dir; CurveLink path; f32 dist; f32 azimuth; f32 camDist; f32 camHeight; f32 camOfsY;,1,0,compiled descriptor; no assertion spawned or active,current verified module text base + RVA
8,Dayni Moon,Acidbomb,"Armes, projectiles et degats",0x0030BB70,0x0030BBE4,0x00203EC0,0x00203EC0,3,0x00113190; 0x001131A0; 0x00113B08,0x0030BBE8; 0x0030BBEC; 0x0030BBF0,,35,0,compiled descriptor; no assertion spawned or active,current verified module text base + RVA
8,Dayni Moon,AcidbombEpoxy,"Armes, projectiles et degats",0x0030BBF8,0x0030BC6C,0x00203EE8,0x00203EE8,3,0x00114F4C; 0x00114F54; 0x00114FDC,0x0030BC70; 0x0030BC74; 0x0030BC78,,5,0,compiled descriptor; no assertion spawned or active,current verified module text base + RVA
8,Dayni Moon,AcidGloveHUD,"Armes, projectiles et degats",0x0030BC58,0x0030BCCC,0x00203EF8,0x00203EF8,3,0x001154E4; 0x001154EC; 0x001154F4,0x0030BCD0; 0x0030BCD4; 0x0030BCD8,,0,0,compiled descriptor; no assertion spawned or active,current verified module text base + RVA
8,Dayni Moon,AgentController,"Armes, projectiles et degats",0x0030BCB8,0x0030BD2C,0x00203F08,0x00203F08,3,0x001154FC; 0x001155EC; 0x001157A4,0x0030BD30; 0x0030BD34; 0x0030BD38,,6,0,compiled descriptor; no assertion spawned or active,current verified module text base + RVA
8,Dayni Moon,AgentOfDoom,"Armes, projectiles et degats",0x0030C00C,0x0030C080,0x00203FE0,0x00203FE0,4,0x00115EBC; 0x00115F98; 0x00116058; 0x00116378,0x0030C084; 0x0030C088; 0x0030C08C; 0x0030C090,,21,1,compiled descriptor; no assertion spawned or active,current verified module text base + RVA
8,Dayni Moon,AgentOfDoomShrapnel,"Armes, projectiles et degats",0x0030C0EC,0x0030C160,0x00204068,0x00204068,3,0x0011AA90; 0x0011AA98; 0x0011AAA0,0x0030C164; 0x0030C168; 0x0030C16C,,31,0,compiled descriptor; no assertion spawned or active,current verified module text base + RVA
8,Dayni Moon,AgentsBomb,"Armes, projectiles et degats",0x0030C228,0x0030C29C,0x00204080,0x00204080,3,0x0011ADA0; 0x0011ADA8; 0x0011ADB0,0x0030C2A0; 0x0030C2A4; 0x0030C2A8,,19,0,compiled descriptor; no assertion spawned or active,current verified module text base + RVA
8,Dayni Moon,AgentsGlove,"Armes, projectiles et degats",0x0030C2C0,0x0030C334,0x00204090,0x00204090,3,0x0011C33C; 0x0011C3C8; 0x0011C3F4,0x0030C338; 0x0030C33C; 0x0030C340,,8,2,compiled descriptor; no assertion spawned or active,current verified module text base + RVA
8,Dayni Moon,AgentsGrenade,"Armes, projectiles et degats",0x0030C36C,0x0030C3E0,0x002040A0,0x002040A0,3,0x0011C8C4; 0x0011C9B4; 0x0011CE68,0x0030C3E4; 0x0030C3E8; 0x0030C3EC,,33,2,compiled descriptor; no assertion spawned or active,current verified module text base + RVA
8,Dayni Moon,AgentsLaser,"Armes, projectiles et degats",0x0030C414,0x0030C488,0x00204128,0x00204128,3,0x0011D3E4; 0x0011D6EC; 0x0011D7A0,0x0030C48C; 0x0030C490; 0x0030C494,,17,0,compiled descriptor; no assertion spawned or active,current verified module text base + RVA
8,Dayni Moon,AgentsRocket,"Armes, projectiles et degats",0x0030C508,0x0030C57C,0x00204200,0x00204200,3,0x0011E1AC; 0x0011E270; 0x0011E2F0,0x0030C580; 0x0030C584; 0x0030C588,,26,1,compiled descriptor; no assertion spawned or active,current verified module text base + RVA
8,Dayni Moon,ArenaController,Autres objets et controleurs,0x0030C9D8,0x0030CA4C,0x00204288,0x00204288,3,0x0011EEF8; 0x0011EF08; 0x0011F450,0x0030CA50; 0x0030CA54; 0x0030CA58,MobyLink arenaChallenge[ 7 ]; u32 challengeCount; MobyLink dayNightController; MobyLink newMusic; Toggle locked; u8 pad[ 7 ];,0,0,compiled descriptor; no assertion spawned or active,current verified module text base + RVA
8,Dayni Moon,ArmorHelmet,Autres objets et controleurs,0x0030CA58,0x0030CACC,0x002043A0,0x002043A0,3,0x0011FC88; 0x0011FC90; 0x0011FC98,0x0030CAD0; 0x0030CAD4; 0x0030CAD8,,0,0,compiled descriptor; no assertion spawned or active,current verified module text base + RVA
8,Dayni Moon,ArmorLeftFoot,Autres objets et controleurs,0x0030CAB8,0x0030CB2C,0x002043B0,0x002043B0,3,0x0011FCA0; 0x0011FCA8; 0x0011FCB0,0x0030CB30; 0x0030CB34; 0x0030CB38,,0,0,compiled descriptor; no assertion spawned or active,current verified module text base + RVA
8,Dayni Moon,ArmorLeftHand,Autres objets et controleurs,0x0030CB28,0x0030CB9C,0x002043C0,0x002043C0,3,0x0011FCB8; 0x0011FCC0; 0x0011FCC8,0x0030CBA0; 0x0030CBA4; 0x0030CBA8,u32 pad[ 4 ];,0,0,compiled descriptor; no assertion spawned or active,current verified module text base + RVA
8,Dayni Moon,ArmorPickup,"Caisses, pickups et bonus",0x0030CC58,0x0030CCCC,0x002043D0,0x002043D0,3,0x0012003C; 0x0011FCEC; 0x00120540,0x0030CCD0; 0x0030CCD4; 0x0030CCD8,f32 dist; f32 height; f32 lookHeight; f32 elevation; f32 azimuth; MobyLink driver; MobyLink playerMatrix; u32 playthroughReq; Toggle magnaboots; u8 pad[ 15 ];,43,0,compiled descriptor; no assertion spawned or active,current verified module text base + RVA
8,Dayni Moon,ArmorRightFoot,Autres objets et controleurs,0x0030CCD0,0x0030CD44,0x00204560,0x00204560,3,0x00120A7C; 0x00120A84; 0x00120A8C,0x0030CD48; 0x0030CD4C; 0x0030CD50,,0,0,compiled descriptor; no assertion spawned or active,current verified module text base + RVA
8,Dayni Moon,ArmorRightHand,Autres objets et controleurs,0x0030CD40,0x0030CDB4,0x00204570,0x00204570,3,0x00120A94; 0x00120A9C; 0x00120AA4,0x0030CDB8; 0x0030CDBC; 0x0030CDC0,u32 pad[ 4 ];,0,0,compiled descriptor; no assertion spawned or active,current verified module text base + RVA
8,Dayni Moon,ArmorTorso,Vehicules et minijeux,0x0030CDA0,0x0030CE14,0x00204580,0x00204580,3,0x00120AAC; 0x00120AB4; 0x00120ABC,0x0030CE18; 0x0030CE1C; 0x0030CE20,,0,0,compiled descriptor; no assertion spawned or active,current verified module text base + RVA
8,Dayni Moon,BeeMine,"Armes, projectiles et degats",0x0030CE84,0x0030CEF8,0x00204590,0x00204590,4,0x0012115C; 0x0012116C; 0x0012154C; 0x00121244,0x0030CEFC; 0x0030CF00; 0x0030CF04; 0x0030CF08,,2,0,compiled descriptor; no assertion spawned or active,current verified module text base + RVA
8,Dayni Moon,BeeMineGlove,"Armes, projectiles et degats",0x0030CF50,0x0030CFC4,0x002045C0,0x002045C0,3,0x00122F28; 0x001230B0; 0x001230DC,0x0030CFC8; 0x0030CFCC; 0x0030CFD0,,2,0,compiled descriptor; no assertion spawned or active,current verified module text base + RVA
8,Dayni Moon,BeeMineGloveHUD,"Armes, projectiles et degats",0x0030CFB0,0x0030D024,0x002045D0,0x002045D0,3,0x001236FC; 0x00123704; 0x0012370C,0x0030D028; 0x0030D02C; 0x0030D030,,0,0,compiled descriptor; no assertion spawned or active,current verified module text base + RVA
8,Dayni Moon,BeeMineShrapnel,"Armes, projectiles et degats",0x0030D07C,0x0030D0F0,0x002045E0,0x002045E0,3,0x00123A44; 0x00123A4C; 0x00123A54,0x0030D0F4; 0x0030D0F8; 0x0030D0FC,,31,0,compiled descriptor; no assertion spawned or active,current verified module text base + RVA
8,Dayni Moon,Blaster,"Armes, projectiles et degats",0x0030D16C,0x0030D1E0,0x002045F0,0x002045F0,3,0x00123ACC; 0x00123C28; 0x0012414C,0x0030D1E4; 0x0030D1E8; 0x0030D1EC,,53,3,compiled descriptor; no assertion spawned or active,current verified module text base + RVA
8,Dayni Moon,BlasterAkimbo,"Armes, projectiles et degats",0x0030D1D8,0x0030D24C,0x002045F8,0x002045F8,3,0x0012512C; 0x001251B0; 0x001251E0,0x0030D250; 0x0030D254; 0x0030D258,,21,2,compiled descriptor; no assertion spawned or active,current verified module text base + RVA
8,Dayni Moon,BlasterShot,"Armes, projectiles et degats",0x0030D24C,0x0030D2C0,0x00204608,0x00204608,3,0x001254B0; 0x001254D8; 0x0012587C,0x0030D2C4; 0x0030D2C8; 0x0030D2CC,,28,2,compiled descriptor; no assertion spawned or active,current verified module text base + RVA
8,Dayni Moon,BlitzGun,"Armes, projectiles et degats",0x0030D6AC,0x0030D720,0x00204618,0x00204618,3,0x00127748; 0x001278A4; 0x00127CFC,0x0030D724; 0x0030D728; 0x0030D72C,,40,1,compiled descriptor; no assertion spawned or active,current verified module text base + RVA
8,Dayni Moon,BlitzGunShot,"Armes, projectiles et degats",0x0030D83C,0x0030D8B0,0x00204628,0x00204628,3,0x00129790; 0x00129798; 0x00129934,0x0030D8B4; 0x0030D8B8; 0x0030D8BC,,21,2,compiled descriptor; no assertion spawned or active,current verified module text base + RVA
8,Dayni Moon,Bolt,"Caisses, pickups et bonus",0x0030D8A0,0x0030D914,0x00204638,0x00204638,2,0x0012A444; 0x0012A44C,0x0030D918; 0x0030D91C,,0,0,compiled descriptor; no assertion spawned or active,current verified module text base + RVA
8,Dayni Moon,BoltController,"Caisses, pickups et bonus",0x0030DB94,0x0030DC08,0x00204680,0x00204680,3,0x0012D9B4; 0x0012DBE8; 0x0012DC0C,0x0030DC0C; 0x0030DC10; 0x0030DC14,u32 boltAmnt; u32 boltAmountReplay; u32 pad[ 2 ];,0,0,compiled descriptor; no assertion spawned or active,current verified module text base + RVA
8,Dayni Moon,BoltGrabber,"Caisses, pickups et bonus",0x0030DC10,0x0030DC84,0x00204730,0x00204730,3,0x0012DFF4; 0x0012DFFC; 0x0012E004,0x0030DC88; 0x0030DC8C; 0x0030DC90,,0,0,compiled descriptor; no assertion spawned or active,current verified module text base + RVA
8,Dayni Moon,Bombglove,"Armes, projectiles et degats",0x0030DCD4,0x0030DD48,0x00204740,0x00204740,3,0x0012E00C; 0x0012E0E4; 0x0012E594,0x0030DD4C; 0x0030DD50; 0x0030DD54,,17,0,compiled descriptor; no assertion spawned or active,current verified module text base + RVA
8,Dayni Moon,BotFlingerArm,"Joueur, acteurs et accessoires",0x0030DD38,0x0030DDAC,0x00204750,0x00204750,3,0x0012EB04; 0x0012EBA8; 0x0012EBDC,0x0030DDB0; 0x0030DDB4; 0x0030DDB8,,18,1,compiled descriptor; no assertion spawned or active,current verified module text base + RVA
8,Dayni Moon,BouncySprout,Gadgets et outils,0x0030DDF8,0x0030DE6C,0x002047F0,0x002047F0,4,0x0012FD44; 0x0012FDF8; 0x0013000C; 0x0012FE2C,0x0030DE70; 0x0030DE74; 0x0030DE78; 0x0030DE7C,,23,2,compiled descriptor; no assertion spawned or active,current verified module text base + RVA
8,Dayni Moon,BoxBreaker,"Caisses, pickups et bonus",0x0030DE70,0x0030DEE4,0x00204878,0x00204878,3,0x00130374; 0x0013037C; 0x00130384,0x0030DEE8; 0x0030DEEC; 0x0030DEF0,,0,0,compiled descriptor; no assertion spawned or active,current verified module text base + RVA
8,Dayni Moon,BoxBreakerHelp,"Caisses, pickups et bonus",0x0030DED0,0x0030DF44,0x00204888,0x00204888,3,0x00130410; 0x00130418; 0x00130420,0x0030DF48; 0x0030DF4C; 0x0030DF50,,5,0,compiled descriptor; no assertion spawned or active,current verified module text base + RVA
8,Dayni Moon,CameraHint,Camera et presentation,0x0030E094,0x0030E108,0x002048A8,0x002048A8,3,0x0013046C; 0x00130690; 0x001306BC,0x0030E10C; 0x0030E110; 0x0030E114,MobyLink target; MobyLink testMoby; TriggerLink activateArea; TriggerLink destroyArea; MobyLink enemyWave; TriggerLink resetArea; s32 frameCount; s8 activateState; u8 hintFrames; u8 updateDist; Toggle stopShort; f32 camSpeed; Toggle onMobyDestroy; Toggle targetMustBeAlive; Toggle bBreakOnInput; Toggle bDontRespawn; Toggle bDeleteWhenFinished; u8 pad[7];,7,0,compiled descriptor; no assertion spawned or active,current verified module text base + RVA
8,Dayni Moon,CannonSprout,"Armes, projectiles et degats",0x0030E110,0x0030E184,0x00204950,0x00204950,4,0x0013094C; 0x00130AF4; 0x00130B28; 0x00130C88,0x0030E188; 0x0030E18C; 0x0030E190; 0x0030E194,,22,2,compiled descriptor; no assertion spawned or active,current verified module text base + RVA
8,Dayni Moon,ChameleonDecoy,Autres objets et controleurs,0x0030E27C,0x0030E2F0,0x002049D8,0x002049D8,4,0x00131164; 0x0013116C; 0x00131184; 0x0013120C,0x0030E2F4; 0x0030E2F8; 0x0030E2FC; 0x0030E300,,7,1,compiled descriptor; no assertion spawned or active,current verified module text base + RVA
8,Dayni Moon,ClankBotFlingerVehicle,Vehicules et minijeux,0x0030E398,0x0030E40C,0x002049E8,0x002049E8,4,0x0013130C; 0x0013145C; 0x001318DC; 0x00131494,0x0030E410; 0x0030E414; 0x0030E418; 0x0030E41C,MobyLink vehicleController; u32 pad[ 3 ];,23,1,compiled descriptor; no assertion spawned or active,current verified module text base + RVA
8,Dayni Moon,ClankBotShrapnel,"Joueur, acteurs et accessoires",0x0030E4A4,0x0030E518,0x00204AC8,0x00204AC8,3,0x00131F50; 0x00131F58; 0x00131F60,0x0030E51C; 0x0030E520; 0x0030E524,,31,0,compiled descriptor; no assertion spawned or active,current verified module text base + RVA
8,Dayni Moon,ClankChallengeMenu,"Joueur, acteurs et accessoires",0x0030E534,0x0030E5A8,0x00204AE0,0x00204AE0,3,0x001322E0; 0x00132338; 0x00132340,0x0030E5AC; 0x0030E5B0; 0x0030E5B4,MobyLink arenaController[ 3 ]; u32 pad;,0,0,compiled descriptor; no assertion spawned or active,current verified module text base + RVA
8,Dayni Moon,ClankElectroTorso,Vehicules et minijeux,0x0030E620,0x0030E694,0x00204AF8,0x00204AF8,4,0x00132638; 0x001327B0; 0x00132CA4; 0x00132820,0x0030E698; 0x0030E69C; 0x0030E6A0; 0x0030E6A4,MobyLink vehicleController; u32 pad[ 3 ];,65,6,compiled descriptor; no assertion spawned or active,current verified module text base + RVA
8,Dayni Moon,ClankForShipAnim,"Joueur, acteurs et accessoires",0x0030E6A8,0x0030E71C,0x00204B88,0x00204B88,3,0x00133054; 0x0013305C; 0x00133064,0x0030E720; 0x0030E724; 0x0030E728,u32 pad[ 4 ];,0,0,compiled descriptor; no assertion spawned or active,current verified module text base + RVA
8,Dayni Moon,ClankHead,"Joueur, acteurs et accessoires",0x0030E708,0x0030E77C,0x00204BA0,0x00204BA0,3,0x0013306C; 0x00133074; 0x0013307C,0x0030E780; 0x0030E784; 0x0030E788,,0,0,compiled descriptor; no assertion spawned or active,current verified module text base + RVA
8,Dayni Moon,ClankPack,"Joueur, acteurs et accessoires",0x0030E768,0x0030E7DC,0x00204BB0,0x00204BB0,3,0x00133084; 0x001330B4; 0x001330BC,0x0030E7E0; 0x0030E7E4; 0x0030E7E8,,2,0,compiled descriptor; no assertion spawned or active,current verified module text base + RVA
8,Dayni Moon,ClankRamTorso,Vehicules et minijeux,0x0030E820,0x0030E894,0x00204BC0,0x00204BC0,4,0x00133128; 0x00133270; 0x001332EC; 0x0013357C,0x0030E898; 0x0030E89C; 0x0030E8A0; 0x0030E8A4,MobyLink vehicleController; u32 pad[ 3 ];,62,6,compiled descriptor; no assertion spawned or active,current verified module text base + RVA
8,Dayni Moon,ClankSawTorso,Vehicules et minijeux,0x0030E8E8,0x0030E95C,0x00204C48,0x00204C48,4,0x00133B3C; 0x00133C84; 0x00133CEC; 0x00133F80,0x0030E960; 0x0030E964; 0x0030E968; 0x0030E96C,MobyLink vehicleController; u32 pad[ 3 ];,61,7,compiled descriptor; no assertion spawned or active,current verified module text base + RVA
8,Dayni Moon,ClankSpikeTorso,Vehicules et minijeux,0x0030E9B0,0x0030EA24,0x00204CD0,0x00204CD0,4,0x001346A4; 0x001347EC; 0x00134854; 0x00134B00,0x0030EA28; 0x0030EA2C; 0x0030EA30; 0x0030EA34,MobyLink vehicleController; u32 pad[ 3 ];,62,6,compiled descriptor; no assertion spawned or active,current verified module text base + RVA
8,Dayni Moon,CombineChaseController,Autres objets et controleurs,0x0030EA58,0x0030EACC,0x00204D58,0x00204D58,3,0x00134F4C; 0x00135000; 0x00135408,0x0030EAD0; 0x0030EAD4; 0x0030EAD8,,21,0,compiled descriptor; no assertion spawned or active,current verified module text base + RVA
8,Dayni Moon,ConditionalStartLocation,Autres objets et controleurs,0x0030EAEC,0x0030EB60,0x00204D70,0x00204D70,3,0x001357AC; 0x001357D0; 0x001357D8,0x0030EB64; 0x0030EB68; 0x0030EB6C,u32 fromLevelId; u32 levelBeenSeenId; u32 pad[ 2 ];,5,0,compiled descriptor; no assertion spawned or active,current verified module text base + RVA
8,Dayni Moon,ContinuePoint,Autres objets et controleurs,0x0030EB7C,0x0030EBF0,0x00204D90,0x00204D90,3,0x00135858; 0x0013587C; 0x00135884,0x0030EBF4; 0x0030EBF8; 0x0030EBFC,TriggerLink activateTrigger; u8 index;,0,0,compiled descriptor; no assertion spawned or active,current verified module text base + RVA
8,Dayni Moon,CowBell,Autres objets et controleurs,0x0030EC1C,0x0030EC90,0x00204DA0,0x00204DA0,3,0x00135D54; 0x00135D5C; 0x00135D64,0x0030EC94; 0x0030EC98; 0x0030EC9C,,31,0,compiled descriptor; no assertion spawned or active,current verified module text base + RVA
8,Dayni Moon,Crate,"Caisses, pickups et bonus",0x0030ECCC,0x0030ED40,0x00204DA8,0x00204DA8,4,0x00135E9C; 0x00135EA4; 0x00135F8C; 0x00135EAC,0x0030ED44; 0x0030ED48; 0x0030ED4C; 0x0030ED50,Moby *pCrateBelow; f32 velocityY; f32 fallDistance; f32 distFallen;,15,0,compiled descriptor; no assertion spawned or active,current verified module text base + RVA
8,Dayni Moon,CrateAmmo,"Caisses, pickups et bonus",0x0030EE0C,0x0030EE80,0x00204DB0,0x00204DB0,4,0x0013606C; 0x00136094; 0x0013609C; 0x001360A4,0x0030EE84; 0x0030EE88; 0x0030EE8C; 0x0030EE90,Moby *pCrateBelow; f32 velocityY; f32 fallDistance; f32 distFallen; Toggle major; Toggle minor; u8 noAmmoType1; u8 noAmmoType2; u8 onlyAmmoType; Toggle validIM; Toggle validDM; Toggle validCTF; u8 pad[8];,12,0,compiled descriptor; no assertion spawned or active,current verified module text base + RVA
8,Dayni Moon,CrateAmmoSpawned,"Caisses, pickups et bonus",0x0030EF40,0x0030EFB4,0x00204DC0,0x00204DC0,4,0x00136768; 0x00136788; 0x001367A4; 0x00136AA0,0x0030EFB8; 0x0030EFBC; 0x0030EFC0; 0x0030EFC4,Moby *pCrateBelow; f32 velocityY; f32 fallDistance; f32 distFallen; Toggle major; Toggle minor; u8 noAmmoType1; u8 noAmmoType2; u8 onlyAmmoType; Toggle validIM; Toggle validDM; Toggle validCTF; u8 pad[8];,20,1,compiled descriptor; no assertion spawned or active,current verified module text base + RVA
8,Dayni Moon,CrateChunk,"Caisses, pickups et bonus",0x0030EFA0,0x0030F014,0x00204DD8,0x00204DD8,2,0x00136AE0; 0x00136AE8,0x0030F018; 0x0030F01C,,0,0,compiled descriptor; no assertion spawned or active,current verified module text base + RVA
8,Dayni Moon,CrateChunkController,"Caisses, pickups et bonus",0x0030F1A0,0x0030F214,0x00204DE8,0x00204DE8,2,0x00137144; 0x0013714C,0x0030F218; 0x0030F21C,,0,0,compiled descriptor; no assertion spawned or active,current verified module text base + RVA
8,Dayni Moon,CrateHealth,"Caisses, pickups et bonus",0x0030F2B8,0x0030F32C,0x00204E88,0x00204E88,2,0x0013737C; 0x00137418,0x0030F330; 0x0030F334,Moby *pCrateBelow; f32 velocityY; f32 fallDistance; f32 distFallen; Moby *pPowerup; Toggle validIM; Toggle validDM; Toggle validCTF; u8 pad[9];,1,0,compiled descriptor; no assertion spawned or active,current verified module text base + RVA
8,Dayni Moon,CrateHealthSpawned,"Caisses, pickups et bonus",0x0030F8B0,0x0030F924,0x00204E98,0x00204E98,4,0x00137D34; 0x00137DC8; 0x00137E24; 0x00137DE4,0x0030F928; 0x0030F92C; 0x0030F930; 0x0030F934,Moby *pCrateBelow; f32 velocityY; f32 fallDistance; f32 distFallen; Moby *pPowerup; Toggle validIM; Toggle validDM; Toggle validCTF; u8 pad[9];,29,1,compiled descriptor; no assertion spawned or active,current verified module text base + RVA
8,Dayni Moon,CrateTeleporter,"Caisses, pickups et bonus",0x0030F99C,0x0030FA10,0x00204EB0,0x00204EB0,3,0x001381EC; 0x00138254; 0x00138308,0x0030FA14; 0x0030FA18; 0x0030FA1C,u32 type; f32 delay; f32 antiCampRadius; u32 updateDist;,15,4,compiled descriptor; no assertion spawned or active,current verified module text base + RVA
8,Dayni Moon,CrossbowGun,"Armes, projectiles et degats",0x0030FA9C,0x0030FB10,0x00204EC0,0x00204EC0,3,0x001387D8; 0x001388C4; 0x00138AA4,0x0030FB14; 0x0030FB18; 0x0030FB1C,,33,3,compiled descriptor; no assertion spawned or active,current verified module text base + RVA
8,Dayni Moon,CrossbowShot,"Armes, projectiles et degats",0x0030FC7C,0x0030FCF0,0x00204EF8,0x00204EF8,3,0x001390F4; 0x001390FC; 0x0013A63C,0x0030FCF4; 0x0030FCF8; 0x0030FCFC,,63,4,compiled descriptor; no assertion spawned or active,current verified module text base + RVA
8,Dayni Moon,CrystalGroundShard,Autres objets et controleurs,0x0030FD98,0x0030FE0C,0x00204F08,0x00204F08,3,0x0013B530; 0x0013B774; 0x0013B9B8,0x0030FE10; 0x0030FE14; 0x0030FE18,,33,1,compiled descriptor; no assertion spawned or active,current verified module text base + RVA
8,Dayni Moon,DayNightController,Autres objets et controleurs,0x0030FECC,0x0030FF40,0x00204F20,0x00204F20,3,0x0013C0D8; 0x0013C5AC; 0x0013C80C,0x0030FF44; 0x0030FF48; 0x0030FF4C,MobyLink dayToNightTriggers; MobyLink fogMoby; MobyLink dayTimeMusic; MobyLink nightTimeMusic; u8 fogNightTimeRed; u8 fogNightTimeGreen; u8 fogNightTimeBlue; u8 pad[ 13 ];,9,2,compiled descriptor; no assertion spawned or active,current verified module text base + RVA
8,Dayni Moon,DeathTrigger,Pieges et mecanismes,0x0030FFA8,0x0031001C,0x00205130,0x00205130,3,0x0013D080; 0x0013D0E0; 0x0013D0E8,0x00310020; 0x00310024; 0x00310028,MobyLink killAreas; MobyLink ignoreAreas; Toggle killHeroInTriggers; f32 minYHeight; u8 pad[3];,7,0,compiled descriptor; no assertion spawned or active,current verified module text base + RVA
8,Dayni Moon,DerbyCrateHealth,Vehicules et minijeux,0x00310008,0x0031007C,0x00205140,0x00205140,4,0x0013D25C; 0x0013D470; 0x0013D48C; 0x0013D4A8,0x00310080; 0x00310084; 0x00310088; 0x0031008C,,20,0,compiled descriptor; no assertion spawned or active,current verified module text base + RVA
8,Dayni Moon,DerbyCratePowerup,Vehicules et minijeux,0x00310588,0x003105FC,0x00205208,0x00205208,4,0x0013DCB0; 0x0013DCE4; 0x0013DD00; 0x0013DD08,0x00310600; 0x00310604; 0x00310608; 0x0031060C,,13,0,compiled descriptor; no assertion spawned or active,current verified module text base + RVA
8,Dayni Moon,DerbyPowerup,Vehicules et minijeux,0x00310650,0x003106C4,0x00205220,0x00205220,3,0x0013DD54; 0x0013DD88; 0x0013DD90,0x003106C8; 0x003106CC; 0x003106D0,,36,1,compiled descriptor; no assertion spawned or active,current verified module text base + RVA
8,Dayni Moon,DerbyPowerupHealth,Vehicules et minijeux,0x003106B0,0x00310724,0x00205230,0x00205230,3,0x0013EBD4; 0x0013EC48; 0x0013EC64,0x00310728; 0x0031072C; 0x00310730,,17,5,compiled descriptor; no assertion spawned or active,current verified module text base + RVA
8,Dayni Moon,DerbyTeleporterHealth,Vehicules et minijeux,0x00310888,0x003108FC,0x00205248,0x00205248,3,0x00140310; 0x00140330; 0x00140338,0x00310900; 0x00310904; 0x00310908,,0,0,compiled descriptor; no assertion spawned or active,current verified module text base + RVA
8,Dayni Moon,DerbyTeleporterPowerup,Vehicules et minijeux,0x00310938,0x003109AC,0x00205260,0x00205260,3,0x00140850; 0x00140878; 0x00140880,0x003109B0; 0x003109B4; 0x003109B8,,0,0,compiled descriptor; no assertion spawned or active,current verified module text base + RVA
8,Dayni Moon,DestructionDerby,Vehicules et minijeux,0x00310A0C,0x00310A80,0x00205278,0x00205278,3,0x00140DBC; 0x00140F08; 0x00140FE0,0x00310A84; 0x00310A88; 0x00310A8C,MobyLink vehicleController; MobyLink resetMobys; s32 movieNumber; s32 movieHandle;,2,0,compiled descriptor; no assertion spawned or active,current verified module text base + RVA
8,Dayni Moon,DualBlasterHUD,"Armes, projectiles et degats",0x00310A88,0x00310AFC,0x00205340,0x00205340,3,0x00141344; 0x0014134C; 0x00141354,0x00310B00; 0x00310B04; 0x00310B08,,0,0,compiled descriptor; no assertion spawned or active,current verified module text base + RVA
8,Dayni Moon,electricXplo,Autres objets et controleurs,0x00310B24,0x00310B98,0x00205350,0x00205350,3,0x00141DF4; 0x00141B48; 0x00141B50,0x00310B9C; 0x00310BA0; 0x00310BA4,f32 lengths[24]; VEC3 normals[18]; f32 timer; s32 scroll;,14,2,compiled descriptor; no assertion spawned or active,current verified module text base + RVA
8,Dayni Moon,ElectroBall,Autres objets et controleurs,0x00310CF8,0x00310D6C,0x002053D0,0x002053D0,3,0x001436DC; 0x0014374C; 0x00143790,0x00310D70; 0x00310D74; 0x00310D78,,19,3,compiled descriptor; no assertion spawned or active,current verified module text base + RVA
8,Dayni Moon,ElectroshockWave,Autres objets et controleurs,0x00310E04,0x00310E78,0x002053E0,0x002053E0,3,0x001443D4; 0x001443DC; 0x00144EB4,0x00310E7C; 0x00310E80; 0x00310E84,,14,3,compiled descriptor; no assertion spawned or active,current verified module text base + RVA
8,Dayni Moon,Electrosoil,Autres objets et controleurs,0x00310F08,0x00310F7C,0x002053F8,0x002053F8,3,0x00145244; 0x0014552C; 0x00145534,0x00310F80; 0x00310F84; 0x00310F88,MobyLink target[ 2 ]; TriggerLink bound; f32 angle; f32 throwSpeedXZ; f32 throwSpeedY; MobyLink triggerCollection; u32 pad[ 1 ];,17,0,compiled descriptor; no assertion spawned or active,current verified module text base + RVA
8,Dayni Moon,EnemyBotFlingerVehicle,Vehicules et minijeux,0x00310FF0,0x00311064,0x00205480,0x00205480,4,0x00145738; 0x001458EC; 0x00146AC4; 0x00145924,0x00311068; 0x0031106C; 0x00311070; 0x00311074,MobyLink vehicleController; s32 headType; u32 pad[ 2 ];,33,0,compiled descriptor; no assertion spawned or active,current verified module text base + RVA
8,Dayni Moon,EnemyController,Ennemis et boss,0x00311248,0x003112BC,0x002055C0,0x002055C0,3,0x00146E08; 0x00147014; 0x001470F4,0x003112C0; 0x003112C4; 0x003112C8,TriggerLink updateArea; TriggerLink updateArea2; TriggerLink destroyTrigger; f32 firstWaveDist; f32 secondWaveDist; Toggle envColl; u8 attackingMax; Toggle destroyControllerToo; u8 pad[ 9 ];,79,1,compiled descriptor; no assertion spawned or active,current verified module text base + RVA
8,Dayni Moon,EnemyElectroTorso,Vehicules et minijeux,0x0031134C,0x003113C0,0x00205760,0x00205760,4,0x00149A48; 0x00149C34; 0x0014A4B4; 0x00149CBC,0x003113C4; 0x003113C8; 0x003113CC; 0x003113D0,MobyLink vehicleController; s32 headType; u32 pad[ 2 ];,59,6,compiled descriptor; no assertion spawned or active,current verified module text base + RVA
8,Dayni Moon,EnemyHead,Ennemis et boss,0x0031140C,0x00311480,0x00205858,0x00205858,3,0x0014A890; 0x0014A8A0; 0x0014A8A8,0x00311484; 0x00311488; 0x0031148C,,31,0,compiled descriptor; no assertion spawned or active,current verified module text base + RVA
8,Dayni Moon,EnemyRamTorso,Vehicules et minijeux,0x0031151C,0x00311590,0x00205868,0x00205868,4,0x0014AC50; 0x0014AE3C; 0x0014B8D0; 0x0014AED0,0x00311594; 0x00311598; 0x0031159C; 0x003115A0,MobyLink vehicleController; s32 headType; u32 pad[ 2 ];,58,6,compiled descriptor; no assertion spawned or active,current verified module text base + RVA
8,Dayni Moon,EnemySawTorso,Vehicules et minijeux,0x003115EC,0x00311660,0x00205950,0x00205950,4,0x0014BD2C; 0x0014BEAC; 0x0014C71C; 0x0014BF2C,0x00311664; 0x00311668; 0x0031166C; 0x00311670,MobyLink vehicleController; u32 pad[ 3 ];,56,7,compiled descriptor; no assertion spawned or active,current verified module text base + RVA
8,Dayni Moon,EnemyWave,Ennemis et boss,0x0031176C,0x003117E0,0x00205A18,0x00205A18,3,0x0014CABC; 0x0014CB74; 0x0014CE78,0x003117E4; 0x003117E8; 0x003117EC,MobyLink destroyedMoby; TriggerLink trigger; MobyLink previousWave; f32 timer; f32 delayRandMax; MobyLink enemyControllerToCheck; u8 mobyToCheckState; Toggle prevWaveDestroyed; u8 enemyInControllerCount; u8 pad[ 9 ];,9,1,compiled descriptor; no assertion spawned or active,current verified module text base + RVA
8,Dayni Moon,EnergyBlade,Autres objets et controleurs,0x00311858,0x003118CC,0x00205AA8,0x00205AA8,3,0x0014D2DC; 0x0014D6AC; 0x0014DB5C,0x003118D0; 0x003118D4; 0x003118D8,,30,3,compiled descriptor; no assertion spawned or active,current verified module text base + RVA
8,Dayni Moon,ExplosiveBee,Autres objets et controleurs,0x00311A14,0x00311A88,0x00205AB8,0x00205AB8,3,0x0014E5F4; 0x0014E69C; 0x0014F544,0x00311A8C; 0x00311A90; 0x00311A94,,9,2,compiled descriptor; no assertion spawned or active,current verified module text base + RVA
8,Dayni Moon,FarmerBot,Autres objets et controleurs,0x00311BE0,0x00311C54,0x00205B10,0x00205B10,4,0x0015063C; 0x00150928; 0x00151128; 0x001509E8,0x00311C58; 0x00311C5C; 0x00311C60; 0x00311C64,Navigate navigate; MobyLink enemyController; CurveLink initPath; MobyLink enemyWave; u32 pad[ 3 ];,37,0,compiled descriptor; no assertion spawned or active,current verified module text base + RVA
8,Dayni Moon,FarmerVehicle,Vehicules et minijeux,0x00311D04,0x00311D78,0x00205CC8,0x00205CC8,4,0x0015204C; 0x0015218C; 0x001521B0; 0x00152470,0x00311D7C; 0x00311D80; 0x00311D84; 0x00311D88,MobyLink vehicleController; u32 pad[ 3 ];,18,0,compiled descriptor; no assertion spawned or active,current verified module text base + RVA
8,Dayni Moon,Flamethrower,"Armes, projectiles et degats",0x00311E48,0x00311EBC,0x00205D60,0x00205D60,3,0x0015277C; 0x001528F8; 0x00153708,0x00311EC0; 0x00311EC4; 0x00311EC8,,12,2,compiled descriptor; no assertion spawned or active,current verified module text base + RVA
8,Dayni Moon,FogMoby,Autres objets et controleurs,0x003120AC,0x00312120,0x00205D70,0x00205D70,3,0x00155608; 0x001556A8; 0x001556B0,0x00312124; 0x00312128; 0x0031212C,TriggerLink region; f32 Side1FogStart; f32 Side1FogEnd; u8 Side1Red; u8 Side1Green; u8 Side1Blue; u8 padAlpha1; f32 Side2FogStart; f32 Side2FogEnd; u8 Side2Red; u8 Side2Green; u8 Side2Blue; u8 padAlpha2; u32 pad[ 1 ];,1,0,compiled descriptor; no assertion spawned or active,current verified module text base + RVA
8,Dayni Moon,GenericTieForm,Autres objets et controleurs,0x00312120,0x00312194,0x00205DE0,0x00205DE0,3,0x00155C00; 0x00155C50; 0x00155C84,0x00312198; 0x0031219C; 0x003121A0,,6,0,compiled descriptor; no assertion spawned or active,current verified module text base + RVA
8,Dayni Moon,GlowCard,"Effets, particules et environnement",0x003121D4,0x00312248,0x00205DF0,0x00205DF0,3,0x00155F94; 0x001560B4; 0x001560BC,0x0031224C; 0x00312250; 0x00312254,u8 red; u8 green; u8 blue; u8 alpha; f32 size; f32 zOffset; CurveLink points;,2,0,compiled descriptor; no assertion spawned or active,current verified module text base + RVA
8,Dayni Moon,GravityCrystal,Autres objets et controleurs,0x00312248,0x003122BC,0x00205EB8,0x00205EB8,3,0x00156AE0; 0x00156CF8; 0x00157670,0x003122C0; 0x003122C4; 0x003122C8,,40,3,compiled descriptor; no assertion spawned or active,current verified module text base + RVA
8,Dayni Moon,GrindrailBomb,"Armes, projectiles et degats",0x0031247C,0x003124F0,0x00205EC8,0x00205EC8,4,0x001582B4; 0x001583A4; 0x00158408; 0x001581AC,0x003124F4; 0x003124F8; 0x003124FC; 0x00312500,,3,0,compiled descriptor; no assertion spawned or active,current verified module text base + RVA
8,Dayni Moon,GrindrailController,Pieges et mecanismes,0x0031274C,0x003127C0,0x00205F50,0x00205F50,2,0x00159A44; 0x00159CB4,0x003127C4; 0x003127C8,VEC4 dir; CurveLink path; f32 grindrailSp; CurveLink secPaths[20]; f32 camDefaultLookLead; f32 camDefaultDist; f32 camDefaultHeight; f32 camDefaultAzimuth; f32 camDefaultElevation; f32 bombDamageFrac; f32 gateDamageFrac;,3,0,compiled descriptor; no assertion spawned or active,current verified module text base + RVA
8,Dayni Moon,GrindrailGate,Pieges et mecanismes,0x0031297C,0x003129F0,0x00206018,0x00206018,3,0x00159FB4; 0x0015A08C; 0x0015A284,0x003129F4; 0x003129F8; 0x003129FC,u32 pad[4];,15,0,compiled descriptor; no assertion spawned or active,current verified module text base + RVA
8,Dayni Moon,GrindrailLock,Pieges et mecanismes,0x00312A80,0x00312AF4,0x00206098,0x00206098,3,0x0015A8C8; 0x0015ACA8; 0x0015ADD4,0x00312AF8; 0x00312AFC; 0x00312B00,TriggerLink promptArea; TriggerLink endArea; MobyLink matrixMoby; u32 lockID; MobyLink destroyMobys; u32 pad[ 3 ];,23,1,compiled descriptor; no assertion spawned or active,current verified module text base + RVA
8,Dayni Moon,GrindrailSwitch,Pieges et mecanismes,0x00312B60,0x00312BD4,0x002061A8,0x002061A8,4,0x0015B6B4; 0x0015B7FC; 0x0015B860; 0x0015B49C,0x00312BD8; 0x00312BDC; 0x00312BE0; 0x00312BE4,MobyLink gate; Toggle toggleOnOff; s32 gateMember; u32 pad[1];,10,0,compiled descriptor; no assertion spawned or active,current verified module text base + RVA
8,Dayni Moon,HappyRam,Autres objets et controleurs,0x00312D4C,0x00312DC0,0x00206270,0x00206270,4,0x0015BFD0; 0x0015C0E4; 0x0015D024; 0x0015C1C8,0x00312DC4; 0x00312DC8; 0x00312DCC; 0x00312DD0,Navigate navigate; MobyLink enemyController; TriggerLink detectArea; CurveLink retreatPoint; TriggerLink stopDetectArea; MobyLink mobyGroup;,34,0,compiled descriptor; no assertion spawned or active,current verified module text base + RVA
8,Dayni Moon,HappyRamVehicle,Vehicules et minijeux,0x00312E9C,0x00312F10,0x00206398,0x00206398,4,0x0015DC34; 0x0015DD8C; 0x0015E5C4; 0x0015DDB0,0x00312F14; 0x00312F18; 0x00312F1C; 0x00312F20,MobyLink vehicleController; u32 pad[ 3 ];,32,1,compiled descriptor; no assertion spawned or active,current verified module text base + RVA
8,Dayni Moon,HeavyTorso01,Vehicules et minijeux,0x00313110,0x00313184,0x00206420,0x00206420,4,0x0015F47C; 0x0015ECC0; 0x0015FAA8; 0x0015EA80,0x00313188; 0x0031318C; 0x00313190; 0x00313194,Navigate nav; MobyLink controller; TriggerLink detect; f32 alertRadius; CurveLink enterPath; CurveLink patrolPath; TriggerLink enterTrigger; MobyLink enemyWave; TriggerLink autoDetectArea; TriggerLink wanderArea; Toggle waitForInteraction; Toggle runEnter; u8 pad[14];,23,0,compiled descriptor; no assertion spawned or active,current verified module text base + RVA
8,Dayni Moon,HeavyTorsoShrapnel,Vehicules et minijeux,0x00313280,0x003132F4,0x002066F0,0x002066F0,3,0x001615E0; 0x0016163C; 0x00161644,0x003132F8; 0x003132FC; 0x00313300,,49,1,compiled descriptor; no assertion spawned or active,current verified module text base + RVA
8,Dayni Moon,Helipack,Autres objets et controleurs,0x003132EC,0x00313360,0x00206708,0x00206708,3,0x00161C7C; 0x00161C84; 0x00161C8C,0x00313364; 0x00313368; 0x0031336C,,3,0,compiled descriptor; no assertion spawned or active,current verified module text base + RVA
8,Dayni Moon,Hypershot,Gadgets et outils,0x00313354,0x003133C8,0x00206718,0x00206718,3,0x00161E30; 0x00161ECC; 0x00161F54,0x003133CC; 0x003133D0; 0x003133D4,,13,0,compiled descriptor; no assertion spawned or active,current verified module text base + RVA
8,Dayni Moon,IntroMovie,Autres objets et controleurs,0x003133D8,0x0031344C,0x00206730,0x00206730,3,0x001620E4; 0x001621A0; 0x001621A8,0x00313450; 0x00313454; 0x00313458,u32 fromLevel; u32 pad[ 3 ];,7,1,compiled descriptor; no assertion spawned or active,current verified module text base + RVA
8,Dayni Moon,Lamp,Autres objets et controleurs,0x00313450,0x003134C4,0x00206740,0x00206740,4,0x0016225C; 0x001623D8; 0x0016243C; 0x00162484,0x003134C8; 0x003134CC; 0x003134D0; 0x003134D4,,22,0,compiled descriptor; no assertion spawned or active,current verified module text base + RVA
8,Dayni Moon,LaserTracer,"Armes, projectiles et degats",0x00314A8C,0x00314B00,0x00206748,0x00206748,3,0x00166798; 0x0016688C; 0x00166A14,0x00314B04; 0x00314B08; 0x00314B0C,,16,3,compiled descriptor; no assertion spawned or active,current verified module text base + RVA
8,Dayni Moon,Level01SkyController,"Effets, particules et environnement",0x00314B94,0x00314C08,0x00206790,0x00206790,3,0x0016C220; 0x0016C270; 0x0016C278,0x00314C0C; 0x00314C10; 0x00314C14,f32 rotSp; f32 rot; u32 pad[2];,17,0,compiled descriptor; no assertion spawned or active,current verified module text base + RVA
8,Dayni Moon,Level08Cutscene00,Camera et presentation,0x00314CAC,0x00314D20,0x002067A8,0x002067A8,3,0x0016C384; 0x0016C7CC; 0x0016C7DC,0x00314D24; 0x00314D28; 0x00314D2C,MobyLink triggeredDoor; MobyLink enemyWave; MobyLink dayNightController; TriggerLink startTrigger; MobyLink playerMatrix; TriggerLink completedTrigger; u32 pad[ 2 ];,15,2,compiled descriptor; no assertion spawned or active,current verified module text base + RVA
8,Dayni Moon,Level08Cutscene01,Camera et presentation,0x00314DDC,0x00314E50,0x002068B8,0x002068B8,3,0x0016CA2C; 0x0016CDAC; 0x0016CDFC,0x00314E54; 0x00314E58; 0x00314E5C,TriggerLink startTrigger; MobyLink enemyWave; MobyLink door; MobyLink farmerBot; MobyLink cameraStart; MobyLink cameraEnd; MobyLink lever; MobyLink playerMatrix;,25,3,compiled descriptor; no assertion spawned or active,current verified module text base + RVA
8,Dayni Moon,Level08Cutscene02,Camera et presentation,0x00314E9C,0x00314F10,0x002068D0,0x002068D0,3,0x0016D1C4; 0x0016D324; 0x0016D32C,0x00314F14; 0x00314F18; 0x00314F1C,MobyLink thresherAs[ 5 ]; MobyLink camera; TriggerLink startTrigger; MobyLink lever;,10,0,compiled descriptor; no assertion spawned or active,current verified module text base + RVA
8,Dayni Moon,Level08Door,Pieges et mecanismes,0x00314F74,0x00314FE8,0x002068E8,0x002068E8,3,0x0016D4E0; 0x0016D6C0; 0x0016D768,0x00314FEC; 0x00314FF0; 0x00314FF4,TriggerLink closeTrigger; MobyLink dayNightController; MobyLink openOnDestroy; u32 pad[ 1 ];,22,0,compiled descriptor; no assertion spawned or active,current verified module text base + RVA
8,Dayni Moon,Level08ForceDay,Autres objets et controleurs,0x00315024,0x00315098,0x002068F8,0x002068F8,3,0x0016DC64; 0x0016DD4C; 0x0016DD54,0x0031509C; 0x003150A0; 0x003150A4,MobyLink sprout1; MobyLink sprout2; MobyLink dayNightController; u32 pad;,0,0,compiled descriptor; no assertion spawned or active,current verified module text base + RVA
8,Dayni Moon,Level08GoIntoClankPrompt,"Joueur, acteurs et accessoires",0x003150B0,0x00315124,0x00206908,0x00206908,3,0x0016DDC0; 0x0016DE28; 0x0016DE30,0x00315128; 0x0031512C; 0x00315130,TriggerLink promptArea; u32 pad[ 3 ];,0,0,compiled descriptor; no assertion spawned or active,current verified module text base + RVA
8,Dayni Moon,LevelMusic,Autres objets et controleurs,0x00315294,0x00315308,0x00206928,0x00206928,2,0x0016DED0; 0x0016DFB0,0x0031530C; 0x00315310,u32 songNumber; TriggerLink trigger; s32 continuePointMin; s32 continuePointMax; s32 levelNumber; u8 priority; u8 pad[ 7 ];,1,0,compiled descriptor; no assertion spawned or active,current verified module text base + RVA
8,Dayni Moon,LevelSettings,Autres objets et controleurs,0x00315328,0x0031539C,0x00206948,0x00206948,3,0x0016E670; 0x0016E678; 0x0016E680,0x003153A0; 0x003153A4; 0x003153A8,u32 breakableBoltTotal; u32 pad[3];,0,0,compiled descriptor; no assertion spawned or active,current verified module text base + RVA
8,Dayni Moon,LightningAttack,Autres objets et controleurs,0x00315398,0x0031540C,0x00206958,0x00206958,3,0x0016E688; 0x0016E6C8; 0x0016EB08,0x00315410; 0x00315414; 0x00315418,,12,1,compiled descriptor; no assertion spawned or active,current verified module text base + RVA
8,Dayni Moon,LightweightSystem,Autres objets et controleurs,0x003153F8,0x0031546C,0x00206968,0x00206968,3,0x0016EF90; 0x0016EF98; 0x0016EFA0,0x00315470; 0x00315474; 0x00315478,,0,0,compiled descriptor; no assertion spawned or active,current verified module text base + RVA
8,Dayni Moon,LunaBoss,Ennemis et boss,0x003159D4,0x00315A48,0x00206980,0x00206980,4,0x00171FAC; 0x0016F278; 0x0016F300; 0x0016F4AC,0x00315A4C; 0x00315A50; 0x00315A54; 0x00315A58,MobyLink combineChaseController; TriggerLink startTrigger; MobyLink chaseStartPos; MobyLink chaseEndPos; MobyLink dayNightController; MobyLink crateController; MobyLink startTeleporter; u32 pad[ 1 ];,12,0,compiled descriptor; no assertion spawned or active,current verified module text base + RVA
8,Dayni Moon,LunaBossBomb,"Armes, projectiles et degats",0x00315BA8,0x00315C1C,0x00206B68,0x00206B68,3,0x00174A8C; 0x00174AE0; 0x00175004,0x00315C20; 0x00315C24; 0x00315C28,,29,3,compiled descriptor; no assertion spawned or active,current verified module text base + RVA
8,Dayni Moon,LunaBossCorn,Ennemis et boss,0x00315C08,0x00315C7C,0x00206B78,0x00206B78,3,0x001753F4; 0x001753FC; 0x00175404,0x00315C80; 0x00315C84; 0x00315C88,,0,0,compiled descriptor; no assertion spawned or active,current verified module text base + RVA
8,Dayni Moon,LunaBossPilot,Ennemis et boss,0x00315C6C,0x00315CE0,0x00206B88,0x00206B88,3,0x0017540C; 0x00175434; 0x0017543C,0x00315CE4; 0x00315CE8; 0x00315CEC,,3,0,compiled descriptor; no assertion spawned or active,current verified module text base + RVA
8,Dayni Moon,LunaCorpse,Ennemis et boss,0x00315CD0,0x00315D44,0x00206B98,0x00206B98,3,0x001754D0; 0x00175660; 0x001756C4,0x00315D48; 0x00315D4C; 0x00315D50,,14,0,compiled descriptor; no assertion spawned or active,current verified module text base + RVA
8,Dayni Moon,LunaCutscene,Ennemis et boss,0x00315D74,0x00315DE8,0x00206BA8,0x00206BA8,3,0x001756CC; 0x00175854; 0x0017585C,0x00315DEC; 0x00315DF0; 0x00315DF4,CurveLink curve; MobyLink enemyWave; u32 pad[ 2 ];,16,0,compiled descriptor; no assertion spawned or active,current verified module text base + RVA
8,Dayni Moon,LunaLever,Ennemis et boss,0x00315DE8,0x00315E5C,0x00206C20,0x00206C20,3,0x00175920; 0x00175AA8; 0x00175AB0,0x00315E60; 0x00315E64; 0x00315E68,,13,0,compiled descriptor; no assertion spawned or active,current verified module text base + RVA
8,Dayni Moon,LunaObstruction,Ennemis et boss,0x00315E48,0x00315EBC,0x00206C30,0x00206C30,3,0x00175AB8; 0x00175BF8; 0x00175C00,0x00315EC0; 0x00315EC4; 0x00315EC8,,8,0,compiled descriptor; no assertion spawned or active,current verified module text base + RVA
8,Dayni Moon,LunaObstructionSection,Ennemis et boss,0x00315F0C,0x00315F80,0x00206CD0,0x00206CD0,4,0x00175C1C; 0x00175D98; 0x00175DCC; 0x00175DD4,0x00315F84; 0x00315F88; 0x00315F8C; 0x00315F90,,19,0,compiled descriptor; no assertion spawned or active,current verified module text base + RVA
8,Dayni Moon,LunaObstructionShrapnel,Ennemis et boss,0x00315FA8,0x0031601C,0x00206CE8,0x00206CE8,3,0x001760D4; 0x001760DC; 0x001760E4,0x00316020; 0x00316024; 0x00316028,,0,0,compiled descriptor; no assertion spawned or active,current verified module text base + RVA
8,Dayni Moon,LunaRock,Ennemis et boss,0x00316104,0x00316178,0x00206D00,0x00206D00,3,0x00176434; 0x0017643C; 0x00176444,0x0031617C; 0x00316180; 0x00316184,,33,0,compiled descriptor; no assertion spawned or active,current verified module text base + RVA
8,Dayni Moon,LunaRockShrapnel,Ennemis et boss,0x003161AC,0x00316220,0x00206D10,0x00206D10,3,0x00176CD4; 0x00176CDC; 0x00176CE4,0x00316224; 0x00316228; 0x0031622C,,19,0,compiled descriptor; no assertion spawned or active,current verified module text base + RVA
8,Dayni Moon,Lvl10CC,Autres objets et controleurs,0x003162B0,0x00316324,0x00206D28,0x00206D28,3,0x00177A44; 0x00177BF4; 0x00177BFC,0x00316328; 0x0031632C; 0x00316330,MobyLink crateTP[4]; float spawnTime; float healthChance; MobyLink trigAlso; Toggle initHealthCrate; u8 pad[3];,2,1,compiled descriptor; no assertion spawned or active,current verified module text base + RVA
8,Dayni Moon,MapOMaticGadget,Gadgets et outils,0x00316320,0x00316394,0x00206DC0,0x00206DC0,3,0x00177F9C; 0x00177FA4; 0x00177FAC,0x00316398; 0x0031639C; 0x003163A0,,0,0,compiled descriptor; no assertion spawned or active,current verified module text base + RVA
8,Dayni Moon,MatrixMoby,Autres objets et controleurs,0x00316380,0x003163F4,0x00206DD0,0x00206DD0,3,0x00177FB4; 0x00177FBC; 0x00177FC4,0x003163F8; 0x003163FC; 0x00316400,,0,0,compiled descriptor; no assertion spawned or active,current verified module text base + RVA
8,Dayni Moon,Microbot,Ennemis et boss,0x00316410,0x00316484,0x00206DE0,0x00206DE0,3,0x00177FCC; 0x001780B4; 0x00178AC8,0x00316488; 0x0031648C; 0x00316490,,40,3,compiled descriptor; no assertion spawned or active,current verified module text base + RVA
8,Dayni Moon,MicroBotSurvival,Ennemis et boss,0x0031651C,0x00316590,0x00206E40,0x00206E40,3,0x00179694; 0x0017976C; 0x00179DA0,0x00316594; 0x00316598; 0x0031659C,MobyLink gameBoard; TriggerLink gameZone; f32 pad[2];,3,0,compiled descriptor; no assertion spawned or active,current verified module text base + RVA
8,Dayni Moon,MicrobotToss,Ennemis et boss,0x0031667C,0x003166F0,0x00206F10,0x00206F10,3,0x0017AF3C; 0x0017B124; 0x0017B650,0x003166F4; 0x003166F8; 0x003166FC,MobyLink botPads[ 4 ]; MobyLink bombPads[ 4 ]; MobyLink vehicleController; f32 arenaHeight; f32 deadlyFluidHeight; u16 botsToSpawn; u16 bombsToSpawn; MobyLink resetMobys; u32 goalsToWin; u32 pad[ 2 ];,2,0,compiled descriptor; no assertion spawned or active,current verified module text base + RVA
8,Dayni Moon,MicrobotTossBomb,"Armes, projectiles et degats",0x00316738,0x003167AC,0x00207008,0x00207008,4,0x0017BB84; 0x0017BC60; 0x0017BC94; 0x0017BF40,0x003167B0; 0x003167B4; 0x003167B8; 0x003167BC,,22,1,compiled descriptor; no assertion spawned or active,current verified module text base + RVA
8,Dayni Moon,MicrobotTossGoal,Ennemis et boss,0x00316808,0x0031687C,0x00207088,0x00207088,3,0x0017C76C; 0x0017C81C; 0x0017C824,0x00316880; 0x00316884; 0x00316888,,7,4,compiled descriptor; no assertion spawned or active,current verified module text base + RVA
8,Dayni Moon,MicrobotTossTeleporter,Ennemis et boss,0x00316890,0x00316904,0x002070A0,0x002070A0,3,0x0017D0E4; 0x0017D128; 0x0017D18C,0x00316908; 0x0031690C; 0x00316910,,9,1,compiled descriptor; no assertion spawned or active,current verified module text base + RVA
8,Dayni Moon,MobyCollection,"Caisses, pickups et bonus",0x00316960,0x003169D4,0x00207128,0x00207128,3,0x0017D5A4; 0x0017D5AC; 0x0017D5B4,0x003169D8; 0x003169DC; 0x003169E0,MobyLink mobys[ 8 ];,0,0,compiled descriptor; no assertion spawned or active,current verified module text base + RVA
8,Dayni Moon,MobyGroup,Autres objets et controleurs,0x00316A04,0x00316A78,0x00207138,0x00207138,3,0x0017D5EC; 0x0017D684; 0x0017D68C,0x00316A7C; 0x00316A80; 0x00316A84,MobyLink mobysToCheck[ 8 ]; u8 destroyed; u8 count; u8 pad[ 14 ];,6,0,compiled descriptor; no assertion spawned or active,current verified module text base + RVA
8,Dayni Moon,MobyIce,Autres objets et controleurs,0x00316B0C,0x00316B80,0x002071B8,0x002071B8,3,0x0017DFAC; 0x0017DFC4; 0x0017E948,0x00316B84; 0x00316B88; 0x00316B8C,,31,1,compiled descriptor; no assertion spawned or active,current verified module text base + RVA
8,Dayni Moon,MonsterRam,Autres objets et controleurs,0x00316E54,0x00316EC8,0x002071C0,0x002071C0,4,0x0017F1FC; 0x0017F4B4; 0x001814B8; 0x0017F5A4,0x00316ECC; 0x00316ED0; 0x00316ED4; 0x00316ED8,Navigate navigate; TriggerLink detectArea; MobyLink enemyController; MobyLink enemyWave; CurveLink initPath; Toggle fakeFloor; Toggle canTurn; Toggle stopPathEarly; Toggle pad1[ 1 ]; CurveLink retreatPoint; TriggerLink stopDetectArea; MobyLink mobyGroup; u32 pad2[ 1 ];,38,1,compiled descriptor; no assertion spawned or active,current verified module text base + RVA
8,Dayni Moon,MonsterRamSpawner,Autres objets et controleurs,0x00317048,0x003170BC,0x00207390,0x00207390,3,0x00182868; 0x00182B94; 0x00182F88,0x003170C0; 0x003170C4; 0x003170C8,CurveLink startPaths[ 4 ]; MobyLink enemyController; MobyLink avoidTriggers; TriggerLink restrictArea; TriggerLink startSpawnArea; MobyLink dayNightController; TriggerLink detectArea; TriggerLink stopDetectArea; TriggerLink freezeTimeArea;,20,1,compiled descriptor; no assertion spawned or active,current verified module text base + RVA
8,Dayni Moon,Mootator,"Armes, projectiles et degats",0x00317354,0x003173C8,0x00207538,0x00207538,3,0x001835A0; 0x001837F0; 0x00184940,0x003173CC; 0x003173D0; 0x003173D4,,21,0,compiled descriptor; no assertion spawned or active,current verified module text base + RVA
8,Dayni Moon,MutantCow,Autres objets et controleurs,0x003173E8,0x0031745C,0x00207548,0x00207548,4,0x00184EA8; 0x0018502C; 0x00185558; 0x001D2E0C,0x00317460; 0x00317464; 0x00317468; 0x0031746C,,29,1,compiled descriptor; no assertion spawned or active,current verified module text base + RVA
8,Dayni Moon,MutantMadCow,Autres objets et controleurs,0x003175B8,0x0031762C,0x00207578,0x00207578,4,0x001860B8; 0x00186220; 0x0018663C; 0x001D2E0C,0x00317630; 0x00317634; 0x00317638; 0x0031763C,,47,2,compiled descriptor; no assertion spawned or active,current verified module text base + RVA
8,Dayni Moon,NapalmBubble,Autres objets et controleurs,0x00317680,0x003176F4,0x00207588,0x00207588,3,0x001872AC; 0x001872B4; 0x001872BC,0x003176F8; 0x003176FC; 0x00317700,,8,1,compiled descriptor; no assertion spawned or active,current verified module text base + RVA
8,Dayni Moon,ObstacleBouncer,Pieges et mecanismes,0x00317738,0x003177AC,0x00207598,0x00207598,3,0x00187D40; 0x00187D74; 0x00187DD8,0x003177B0; 0x003177B4; 0x003177B8,,1,0,compiled descriptor; no assertion spawned or active,current verified module text base + RVA
8,Dayni Moon,ObstacleFlameJets,"Armes, projectiles et degats",0x003178F8,0x0031796C,0x002075A8,0x002075A8,3,0x001880D0; 0x00188114; 0x0018811C,0x00317970; 0x00317974; 0x00317978,,0,0,compiled descriptor; no assertion spawned or active,current verified module text base + RVA
8,Dayni Moon,ObstacleHay,Pieges et mecanismes,0x00317A50,0x00317AC4,0x00207620,0x00207620,3,0x00188A64; 0x00188AE8; 0x00188AF0,0x00317AC8; 0x00317ACC; 0x00317AD0,MobyLink hayBelow; u32 pad[ 3 ];,3,0,compiled descriptor; no assertion spawned or active,current verified module text base + RVA
8,Dayni Moon,ObstacleSpinningFloor,Pieges et mecanismes,0x00317AD8,0x00317B4C,0x00207688,0x00207688,3,0x00189228; 0x001892A4; 0x001892AC,0x00317B50; 0x00317B54; 0x00317B58,,8,0,compiled descriptor; no assertion spawned or active,current verified module text base + RVA
8,Dayni Moon,ObstacleThresher,Pieges et mecanismes,0x00317BC4,0x00317C38,0x002076A0,0x002076A0,3,0x00189504; 0x001895AC; 0x001895B4,0x00317C3C; 0x00317C40; 0x00317C44,,1,0,compiled descriptor; no assertion spawned or active,current verified module text base + RVA
8,Dayni Moon,ObstacleThresherBase,Pieges et mecanismes,0x00317C78,0x00317CEC,0x002076B8,0x002076B8,3,0x00189A24; 0x00189B60; 0x00189BC4,0x00317CF0; 0x00317CF4; 0x00317CF8,MobyLink thresherMoby; u32 pad[ 3 ];,1,0,compiled descriptor; no assertion spawned or active,current verified module text base + RVA
8,Dayni Moon,ObstacleVent,Pieges et mecanismes,0x00317D90,0x00317E04,0x00207740,0x00207740,3,0x00189CC8; 0x00189D74; 0x00189D7C,0x00317E08; 0x00317E0C; 0x00317E10,ShrubLink ventShrub; u32 pad[ 3 ];,0,0,compiled descriptor; no assertion spawned or active,current verified module text base + RVA
8,Dayni Moon,ObstacleWall,Pieges et mecanismes,0x00317E68,0x00317EDC,0x00207750,0x00207750,3,0x0018A730; 0x0018A8B0; 0x0018A914,0x00317EE0; 0x00317EE4; 0x00317EE8,,2,0,compiled descriptor; no assertion spawned or active,current verified module text base + RVA
8,Dayni Moon,PDA,Autres objets et controleurs,0x00317EE0,0x00317F54,0x00207810,0x00207810,3,0x0018A91C; 0x0018A924; 0x0018A92C,0x00317F58; 0x00317F5C; 0x00317F60,,0,0,compiled descriptor; no assertion spawned or active,current verified module text base + RVA
8,Dayni Moon,Polarizer,Gadgets et outils,0x00317FEC,0x00318060,0x00207818,0x00207818,3,0x0018A960; 0x0018AB1C; 0x0018B604,0x00318064; 0x00318068; 0x0031806C,,34,0,compiled descriptor; no assertion spawned or active,current verified module text base + RVA
8,Dayni Moon,PowerupAmmo,"Caisses, pickups et bonus",0x0031813C,0x003181B0,0x00207828,0x00207828,3,0x0018C574; 0x0018C640; 0x0018C648,0x003181B4; 0x003181B8; 0x003181BC,VEC4 velocity; f32 fallDistance; f32 fadeAmnt; u8 ammoType; u8 ammoAmnt; u32 priority; u8 gain; u8 needSync;,48,1,compiled descriptor; no assertion spawned or active,current verified module text base + RVA
8,Dayni Moon,PowerupHealth,"Caisses, pickups et bonus",0x00318298,0x0031830C,0x002078A8,0x002078A8,3,0x0018DAE8; 0x0018DB38; 0x0018DB74,0x00318310; 0x00318314; 0x00318318,Particle *pTrail[8]; Particle *pGlowParticle; Particle *pGlowParticle2; Particle *pSphereParticle; Particle *pSphereParticle2; Moby *pParent; VEC4 velocity; f32 bobCount; f32 goToTimer; f32 deathTimer; f32 fallDistance;,21,5,compiled descriptor; no assertion spawned or active,current verified module text base + RVA
8,Dayni Moon,Ratchet,"Joueur, acteurs et accessoires",0x00318420,0x00318494,0x002078B8,0x002078B8,4,0x0018F550; 0x0018F590; 0x0018F598; 0x0018F5A0,0x00318498; 0x0031849C; 0x003184A0; 0x003184A4,,15,0,compiled descriptor; no assertion spawned or active,current verified module text base + RVA
8,Dayni Moon,RatchetDecoyInner,"Joueur, acteurs et accessoires",0x0031855C,0x003185D0,0x00207950,0x00207950,4,0x00190498; 0x001904A0; 0x00191210; 0x00190560,0x003185D4; 0x003185D8; 0x003185DC; 0x003185E0,,18,2,compiled descriptor; no assertion spawned or active,current verified module text base + RVA
8,Dayni Moon,RatchetDecoyOuter,"Joueur, acteurs et accessoires",0x003185D0,0x00318644,0x00207968,0x00207968,3,0x00191720; 0x0019175C; 0x00191764,0x00318648; 0x0031864C; 0x00318650,,0,0,compiled descriptor; no assertion spawned or active,current verified module text base + RVA
8,Dayni Moon,RatchetShip,"Joueur, acteurs et accessoires",0x00318630,0x003186A4,0x00207980,0x00207980,3,0x00191780; 0x00191970; 0x001919D4,0x003186A8; 0x003186AC; 0x003186B0,,17,0,compiled descriptor; no assertion spawned or active,current verified module text base + RVA
8,Dayni Moon,RatchetShipAnimation,"Joueur, acteurs et accessoires",0x00318958,0x003189CC,0x00207990,0x00207990,3,0x0019247C; 0x00191CC4; 0x00192A18,0x003189D0; 0x003189D4; 0x003189D8,CurveLink introShipPosCurve; CurveLink introCameraPosCurve; CurveLink outroShipPosCurve; CurveLink outroCameraPosCurve; MobyLink ship; f32 shipSpeedInit; f32 cameraSpeedInit; f32 shipRollAmount; VEC3 shipRotDamping; f32 shipRollAmountHover; VEC3 shipRotDampingHover; f32 cameraRollAmount; VEC3 cameraRotDamping; f32 hoverTime; f32 hoverPause; f32 shipSpeedChange; f32 cameraSpeedChange; VEC3 hoverPosDamping; f32 tiltFactor; f32 tiltInterpSpeed; f32 tiltReturnFactor; f32 tiltVelDamp; f32 tiltGroundThresh; f32 tiltLmaxi; f32 tiltRmaxi; f32 tiltFmaxi; f32 tiltBmaxi; VEC3 ratchetEndOffset; VEC3 cameraInAnimOffset; f32 cameraInAnimLookYOfs; VEC3 cameraOutAnimOffset; f32 cameraOutAnimLookYOfs; f32 pa,20,0,compiled descriptor; no assertion spawned or active,current verified module text base + RVA
8,Dayni Moon,Region,Autres objets et controleurs,0x00318C54,0x00318CC8,0x00207C38,0x00207C38,3,0x00194980; 0x00194A7C; 0x00194A84,0x00318CCC; 0x00318CD0; 0x00318CD4,Toggle groups[32]; TriggerLink zone; u32 pad[ 3 ];,2,0,compiled descriptor; no assertion spawned or active,current verified module text base + RVA
8,Dayni Moon,Ryno,"Armes, projectiles et degats",0x00318DF8,0x00318E6C,0x00207CA8,0x00207CA8,3,0x00194A8C; 0x00194B68; 0x00195208,0x00318E70; 0x00318E74; 0x00318E78,,36,1,compiled descriptor; no assertion spawned or active,current verified module text base + RVA
8,Dayni Moon,RynoRocket,"Armes, projectiles et degats",0x00318ED4,0x00318F48,0x00207CB0,0x00207CB0,3,0x00195C0C; 0x00195C28; 0x00195C78,0x00318F4C; 0x00318F50; 0x00318F54,,36,1,compiled descriptor; no assertion spawned or active,current verified module text base + RVA
8,Dayni Moon,SetCamera,Camera et presentation,0x003190A4,0x00319118,0x00207CC0,0x00207CC0,3,0x00196B34; 0x00196C48; 0x00196C50,0x0031911C; 0x00319120; 0x00319124,TriggerLink area; Toggle lazy; u8 pad[3]; f32 lookHeight; f32 camDist; f32 height; f32 elevation; f32 azimuth; MobyLink parent; Toggle useAzimuth; Toggle useLookHeight; Toggle useCamDist; Toggle useHeight; Toggle useElevation; Toggle enabled; Toggle singleUse; Toggle entered; f32 speed; u32 priority; f32 restoreSpeed; u32 pad2[3];,1,0,compiled descriptor; no assertion spawned or active,current verified module text base + RVA
8,Dayni Moon,ShieldBubble,"Armes, projectiles et degats",0x00319130,0x003191A4,0x00207DA8,0x00207DA8,3,0x00196F18; 0x00196F9C; 0x00196FA4,0x003191A8; 0x003191AC; 0x003191B0,,7,1,compiled descriptor; no assertion spawned or active,current verified module text base + RVA
8,Dayni Moon,ShieldCharger,"Armes, projectiles et degats",0x003191E8,0x0031925C,0x00207DC8,0x00207DC8,4,0x00198C74; 0x00198334; 0x001990A4; 0x001998A8,0x00319260; 0x00319264; 0x00319268; 0x0031926C,,53,3,compiled descriptor; no assertion spawned or active,current verified module text base + RVA
8,Dayni Moon,ShieldChargerBolt,"Armes, projectiles et degats",0x00319390,0x00319404,0x00207DF8,0x00207DF8,3,0x0019B708; 0x0019B710; 0x0019B754,0x00319408; 0x0031940C; 0x00319410,,13,1,compiled descriptor; no assertion spawned or active,current verified module text base + RVA
8,Dayni Moon,ShockRocket,"Armes, projectiles et degats",0x00319490,0x00319504,0x00207E10,0x00207E10,3,0x0019BAA8; 0x0019BB94; 0x0019BE80,0x00319508; 0x0031950C; 0x00319510,,22,2,compiled descriptor; no assertion spawned or active,current verified module text base + RVA
8,Dayni Moon,ShockRocketShot,"Armes, projectiles et degats",0x0031957C,0x003195F0,0x00207E20,0x00207E20,3,0x0019C9F4; 0x0019CA44; 0x0019D04C,0x003195F4; 0x003195F8; 0x003195FC,,31,3,compiled descriptor; no assertion spawned or active,current verified module text base + RVA
8,Dayni Moon,ShrapnelModel,Autres objets et controleurs,0x003195FC,0x00319670,0x00207E30,0x00207E30,3,0x0019DE64; 0x0019DE6C; 0x0019DE74,0x00319674; 0x00319678; 0x0031967C,,0,0,compiled descriptor; no assertion spawned or active,current verified module text base + RVA
8,Dayni Moon,ShrinkBeam,Gadgets et outils,0x003196AC,0x00319720,0x00207E40,0x00207E40,3,0x0019E290; 0x0019E298; 0x0019E94C,0x00319724; 0x00319728; 0x0031972C,,4,0,compiled descriptor; no assertion spawned or active,current verified module text base + RVA
8,Dayni Moon,ShrinkRayRatchet,Gadgets et outils,0x00319710,0x00319784,0x00207E50,0x00207E50,3,0x0019F60C; 0x0019F614; 0x0019F61C,0x00319788; 0x0031978C; 0x00319790,,0,0,compiled descriptor; no assertion spawned or active,current verified module text base + RVA
8,Dayni Moon,SkillPoint_L08,Autres objets et controleurs,0x003197C8,0x0031983C,0x00207E68,0x00207E68,3,0x0019F624; 0x0019F848; 0x0019F850,0x00319840; 0x00319844; 0x00319848,TriggerLink woolStart; TriggerLink woolEnd; MobyLink woolTeleporterFail; u32 pad[ 1 ];,1,0,compiled descriptor; no assertion spawned or active,current verified module text base + RVA
8,Dayni Moon,SmasherBot,Autres objets et controleurs,0x00319AE8,0x00319B5C,0x00208028,0x00208028,4,0x0019FB94; 0x0019FCEC; 0x001A0310; 0x0019FD18,0x00319B60; 0x00319B64; 0x00319B68; 0x00319B6C,MobyLink vehicleController; u32 pad[ 3 ];,18,0,compiled descriptor; no assertion spawned or active,current verified module text base + RVA
8,Dayni Moon,Spitfire,"Effets, particules et environnement",0x00319BA8,0x00319C1C,0x002080B8,0x002080B8,3,0x001A09F4; 0x001A0A28; 0x001A0A4C,0x00319C20; 0x00319C24; 0x00319C28,,19,0,compiled descriptor; no assertion spawned or active,current verified module text base + RVA
8,Dayni Moon,Splash,Autres objets et controleurs,0x00319C84,0x00319CF8,0x002080C8,0x002080C8,3,0x001A1DE0; 0x001A1E28; 0x001A1E30,0x00319CFC; 0x00319D00; 0x00319D04,VEC2 pos; VEC2 velocity; const VEC3 *pPos; f32 startRadius; u16 uOffset; u8 owned; u8 pad;,8,0,compiled descriptor; no assertion spawned or active,current verified module text base + RVA
8,Dayni Moon,Sprout,Gadgets et outils,0x00319E58,0x00319ECC,0x002080D0,0x002080D0,4,0x001A32A4; 0x001A24C8; 0x001A3720; 0x001A252C,0x00319ED0; 0x00319ED4; 0x00319ED8; 0x00319EDC,NavBound navBound; TriggerLink setTargetArea; CurveLink path; MobyLink endPathSoil; MobyLink dayNightController; TriggerLink followArea; u8 checkPointIndex; u8 pad[7];,36,0,compiled descriptor; no assertion spawned or active,current verified module text base + RVA
8,Dayni Moon,Sproutomatic,Gadgets et outils,0x00319F4C,0x00319FC0,0x00208208,0x00208208,3,0x001A4954; 0x001A49FC; 0x001A4A34,0x00319FC4; 0x00319FC8; 0x00319FCC,,10,0,compiled descriptor; no assertion spawned or active,current verified module text base + RVA
8,Dayni Moon,StaticBarrierBelt,Autres objets et controleurs,0x00319FB0,0x0031A024,0x00208218,0x00208218,3,0x001A503C; 0x001A5070; 0x001A5078,0x0031A028; 0x0031A02C; 0x0031A030,,0,0,compiled descriptor; no assertion spawned or active,current verified module text base + RVA
8,Dayni Moon,SuckCannon,"Armes, projectiles et degats",0x0031A110,0x0031A184,0x00208230,0x00208230,3,0x001A5080; 0x001A51C8; 0x001A57E4,0x0031A188; 0x0031A18C; 0x0031A190,,21,3,compiled descriptor; no assertion spawned or active,current verified module text base + RVA
8,Dayni Moon,SuckCannonComet,"Armes, projectiles et degats",0x0031A178,0x0031A1EC,0x00208240,0x00208240,3,0x001D52D4; 0x001D52DC; 0x001D5510,0x0031A1F0; 0x0031A1F4; 0x0031A1F8,,40,1,compiled descriptor; no assertion spawned or active,current verified module text base + RVA
8,Dayni Moon,SuckCannonCometTie,"Armes, projectiles et degats",0x0031A1E0,0x0031A254,0x00208250,0x00208250,3,0x001D52D4; 0x001D52DC; 0x001A6154,0x0031A258; 0x0031A25C; 0x0031A260,,40,1,compiled descriptor; no assertion spawned or active,current verified module text base + RVA
8,Dayni Moon,SuckCannonManager,"Armes, projectiles et degats",0x0031A2BC,0x0031A330,0x00208268,0x00208268,3,0x001A6E34; 0x001A6E80; 0x001A6E88,0x0031A334; 0x0031A338; 0x0031A33C,,25,0,compiled descriptor; no assertion spawned or active,current verified module text base + RVA
8,Dayni Moon,SurvivalBGTile,Autres objets et controleurs,0x0031A34C,0x0031A3C0,0x00208280,0x00208280,3,0x001A7790; 0x001A77A8; 0x001A77B0,0x0031A3C4; 0x0031A3C8; 0x0031A3CC,MobyLink survivalController; u32 pad[3];,0,0,compiled descriptor; no assertion spawned or active,current verified module text base + RVA
8,Dayni Moon,SurvivalBot,Autres objets et controleurs,0x0031A50C,0x0031A580,0x00208290,0x00208290,3,0x001A7E9C; 0x001A7EA4; 0x001A9180,0x0031A584; 0x0031A588; 0x0031A58C,,9,0,compiled descriptor; no assertion spawned or active,current verified module text base + RVA
8,Dayni Moon,SurvivalBotPort,Autres objets et controleurs,0x0031A5EC,0x0031A660,0x00208460,0x00208460,3,0x001AB08C; 0x001AB0F8; 0x001AB12C,0x0031A664; 0x0031A668; 0x0031A66C,u32 botsNeeded; u32 currentBots; MobyLink survivalController; u32 pad;,3,0,compiled descriptor; no assertion spawned or active,current verified module text base + RVA
8,Dayni Moon,SurvivalBotSpawner,Autres objets et controleurs,0x0031A6B8,0x0031A72C,0x00208470,0x00208470,3,0x001AB660; 0x001AB6C8; 0x001AB6FC,0x0031A730; 0x0031A734; 0x0031A738,f32 spawnRate; f32 totalBots; MobyLink survivalController; u32 pad;,1,0,compiled descriptor; no assertion spawned or active,current verified module text base + RVA
8,Dayni Moon,SurvivalBotTeleport,Autres objets et controleurs,0x0031A7F0,0x0031A864,0x00208488,0x00208488,3,0x001ABAB4; 0x001ABC40; 0x001ABD48,0x0031A868; 0x0031A86C; 0x0031A870,MobyLink targetPort; MobyLink survivalController; u32 pad[2];,21,4,compiled descriptor; no assertion spawned or active,current verified module text base + RVA
8,Dayni Moon,SurvivalBridge,Pieges et mecanismes,0x0031A868,0x0031A8DC,0x002084A0,0x002084A0,3,0x001AC274; 0x001AC31C; 0x001AC35C,0x0031A8E0; 0x0031A8E4; 0x0031A8E8,,24,1,compiled descriptor; no assertion spawned or active,current verified module text base + RVA
8,Dayni Moon,SurvivalGround,Autres objets et controleurs,0x0031A910,0x0031A984,0x002084B0,0x002084B0,3,0x001AC8D4; 0x001AC908; 0x001AC96C,0x0031A988; 0x0031A98C; 0x0031A990,Toggle unBlowUpable; MobyLink survivalController; u32 pad[ 2 ];,1,0,compiled descriptor; no assertion spawned or active,current verified module text base + RVA
8,Dayni Moon,SurvivalReversePad,Autres objets et controleurs,0x0031A99C,0x0031AA10,0x002084C0,0x002084C0,3,0x001ACBB8; 0x001ACBEC; 0x001ACC20,0x0031AA14; 0x0031AA18; 0x0031AA1C,MobyLink survivalController; u32 pad[3];,0,0,compiled descriptor; no assertion spawned or active,current verified module text base + RVA
8,Dayni Moon,SurvivalTrapeze,Autres objets et controleurs,0x0031AA38,0x0031AAAC,0x002084D8,0x002084D8,3,0x001ACE34; 0x001ACF24; 0x001ACF58,0x0031AAB0; 0x0031AAB4; 0x0031AAB8,MobyLink survivalController; u32 pad[3];,9,0,compiled descriptor; no assertion spawned or active,current verified module text base + RVA
8,Dayni Moon,SurvivalWall,Autres objets et controleurs,0x0031AAD8,0x0031AB4C,0x002084E8,0x002084E8,3,0x001AD33C; 0x001AD3C8; 0x001AD3FC,0x0031AB50; 0x0031AB54; 0x0031AB58,Toggle reverseWall; MobyLink survivalController; u32 pad[2];,8,0,compiled descriptor; no assertion spawned or active,current verified module text base + RVA
8,Dayni Moon,SwarmManager,Autres objets et controleurs,0x0031AB64,0x0031ABD8,0x002084F8,0x002084F8,3,0x001AD8C8; 0x001AD910; 0x001ADC48,0x0031ABDC; 0x0031ABE0; 0x0031ABE4,,4,2,compiled descriptor; no assertion spawned or active,current verified module text base + RVA
8,Dayni Moon,Teleporter,Autres objets et controleurs,0x0031AC78,0x0031ACEC,0x00208508,0x00208508,3,0x001AE468; 0x001AE820; 0x001AEBEC,0x0031ACF0; 0x0031ACF4; 0x0031ACF8,MobyLink destination; MobyLink destinationPreferred; TriggerLink activateTrigger; u32 levelId; s32 changeToLevel; Toggle secretActivation; s8 canGoToLevel; u8 pad[ 10 ];,17,0,compiled descriptor; no assertion spawned or active,current verified module text base + RVA
8,Dayni Moon,ThresherA,Autres objets et controleurs,0x0031AF20,0x0031AF94,0x002085D8,0x002085D8,3,0x001AF4BC; 0x001AFAB4; 0x001AFE70,0x0031AF98; 0x0031AF9C; 0x0031AFA0,f32 halfPeriod; MobyLink thresherB; f32 bladeSpeed; u32 pad[ 1 ];,57,2,compiled descriptor; no assertion spawned or active,current verified module text base + RVA
8,Dayni Moon,ThresherB,Autres objets et controleurs,0x0031AFC4,0x0031B038,0x002086A0,0x002086A0,3,0x001B0178; 0x001B04E4; 0x001B04EC,0x0031B03C; 0x0031B040; 0x0031B044,,38,0,compiled descriptor; no assertion spawned or active,current verified module text base + RVA
8,Dayni Moon,ThresherBlade,Autres objets et controleurs,0x0031B038,0x0031B0AC,0x00208710,0x00208710,3,0x001B085C; 0x001B0864; 0x001B086C,0x0031B0B0; 0x0031B0B4; 0x0031B0B8,,0,0,compiled descriptor; no assertion spawned or active,current verified module text base + RVA
8,Dayni Moon,TieManipulator,Autres objets et controleurs,0x0031B2A4,0x0031B318,0x00208720,0x00208720,3,0x001B095C; 0x001B0954; 0x001B0F34,0x0031B31C; 0x0031B320; 0x0031B324,TieLink tie[ 8 ]; f32 xAxis; f32 yAxis; f32 zAxis; f32 xRot; f32 yRot; f32 zRot; f32 xSpan; f32 ySpan; f32 zSpan; f32 xCounter; f32 yCounter; f32 zCounter; f32 speed; f32 speedPerFrame; f32 curviness; f32 curvPar; f32 scaleSpeed; f32 scaleSpeedPerFrame; f32 scaleMax; f32 scaleCounter; f32 xPerc[8]; f32 yPerc[8]; f32 zPerc[8]; f32 xPar[8]; f32 yPar[8]; f32 zPar[8]; f32 xStart[8]; f32 yStart[8]; f32 zStart[8]; MATRIX4 *pMat[8]; MATRIX4 scaleMatrix; f32 drawDistance; f32 updateDistance; f32 inverseScale; u32 linkCount;,17,0,compiled descriptor; no assertion spawned or active,current verified module text base + RVA
8,Dayni Moon,TitaniumBolt,"Caisses, pickups et bonus",0x0031B3E4,0x0031B458,0x00208730,0x00208730,3,0x001B12C4; 0x001B14B4; 0x001B161C,0x0031B45C; 0x0031B460; 0x0031B464,f32 dist; f32 height; f32 lookHeight; f32 elevation; f32 azimuth; Toggle magnaboots; Toggle noAnimation; u32 levelToFake; u8 id; u8 pad[5];,23,0,compiled descriptor; no assertion spawned or active,current verified module text base + RVA
8,Dayni Moon,TorsoRocket,Vehicules et minijeux,0x0031B558,0x0031B5CC,0x002087E8,0x002087E8,3,0x001B2040; 0x001B225C; 0x001B28BC,0x0031B5D0; 0x0031B5D4; 0x0031B5D8,f32 collDist; f32 fallSpeed; f32 baseFlameSize; f32 progress; f32 progressInc; Moby *pParent; u32 pad[2];,29,0,compiled descriptor; no assertion spawned or active,current verified module text base + RVA
8,Dayni Moon,TriggerCollection,Pieges et mecanismes,0x0031B5D4,0x0031B648,0x002087F8,0x002087F8,3,0x001B2ED4; 0x001B2EDC; 0x001B2EE4,0x0031B64C; 0x0031B650; 0x0031B654,TriggerLink triggers[ 14 ];,0,0,compiled descriptor; no assertion spawned or active,current verified module text base + RVA
8,Dayni Moon,TriggeredDoor,Pieges et mecanismes,0x0031B6AC,0x0031B720,0x00208810,0x00208810,3,0x001B30B0; 0x001B33C4; 0x001B3938,0x0031B724; 0x0031B728; 0x0031B72C,TriggerLink trigger; MobyLink mobyToCheck; MobyLink grindrailLock; Toggle stayOpen; Toggle saveState; u8 pad[ 2 ];,24,0,compiled descriptor; no assertion spawned or active,current verified module text base + RVA
8,Dayni Moon,TripleWaveBeacon,Autres objets et controleurs,0x0031B7D0,0x0031B844,0x002088C8,0x002088C8,3,0x001B4354; 0x001B4504; 0x001B4538,0x0031B848; 0x0031B84C; 0x0031B850,,27,2,compiled descriptor; no assertion spawned or active,current verified module text base + RVA
8,Dayni Moon,VehicleController,Vehicules et minijeux,0x0031B924,0x0031B998,0x002088E0,0x002088E0,3,0x001B47E0; 0x001B4920; 0x001B718C,0x0031B99C; 0x0031B9A0; 0x0031B9A4,MobyLink obstacles[ 16 ]; MobyLink healthTeleporters[ 4 ]; MobyLink powerupTeleporters[ 4 ]; f32 radius; Toggle hexagon; u8 pad[ 11 ];,34,5,compiled descriptor; no assertion spawned or active,current verified module text base + RVA
8,Dayni Moon,VehicleHusk,Vehicules et minijeux,0x0031B9FC,0x0031BA70,0x002089A0,0x002089A0,4,0x001B7998; 0x001B79A0; 0x001B79C4; 0x001B7C18,0x0031BA74; 0x0031BA78; 0x0031BA7C; 0x0031BA80,,4,0,compiled descriptor; no assertion spawned or active,current verified module text base + RVA
8,Dayni Moon,VehicleHuskSmasher,Vehicules et minijeux,0x0031BA7C,0x0031BAF0,0x002089B0,0x002089B0,4,0x001B7D38; 0x001B7D40; 0x001B7D64; 0x001B7FB4,0x0031BAF4; 0x0031BAF8; 0x0031BAFC; 0x0031BB00,,4,0,compiled descriptor; no assertion spawned or active,current verified module text base + RVA
8,Dayni Moon,VehicleMine,Vehicules et minijeux,0x0031BB18,0x0031BB8C,0x002089C8,0x002089C8,3,0x001B80D4; 0x001B8100; 0x001B8108,0x0031BB90; 0x0031BB94; 0x0031BB98,,6,0,compiled descriptor; no assertion spawned or active,current verified module text base + RVA
8,Dayni Moon,VehicleMissile,Vehicules et minijeux,0x0031BC3C,0x0031BCB0,0x002089D8,0x002089D8,3,0x001B8544; 0x001B8574; 0x001B8950,0x0031BCB4; 0x0031BCB8; 0x0031BCBC,,25,1,compiled descriptor; no assertion spawned or active,current verified module text base + RVA
8,Dayni Moon,vendor,Autres objets et controleurs,0x0031BCEC,0x0031BD60,0x002089E8,0x002089E8,3,0x001B8FD8; 0x001B91A0; 0x001B9204,0x0031BD64; 0x0031BD68; 0x0031BD6C,u32 lastAnimPlayed; u32 vendorType; Toggle bSellsWeapons; u8 pad[ 7 ];,17,0,compiled descriptor; no assertion spawned or active,current verified module text base + RVA
8,Dayni Moon,Wrench,Autres objets et controleurs,0x0031BEF8,0x0031BF6C,0x002089F0,0x002089F0,3,0x001B9580; 0x001B9654; 0x001B9A90,0x0031BF70; 0x0031BF74; 0x0031BF78,,2,0,compiled descriptor; no assertion spawned or active,current verified module text base + RVA
9,Inside Clank,Acidbomb,"Armes, projectiles et degats",0x002B6E50,0x002B6EC4,0x001B17F8,0x001B17F8,3,0x001007E0; 0x001007F0; 0x00101158,0x002B6EC8; 0x002B6ECC; 0x002B6ED0,,35,0,compiled descriptor; no assertion spawned or active,current verified module text base + RVA
9,Inside Clank,AcidbombEpoxy,"Armes, projectiles et degats",0x002B6ED8,0x002B6F4C,0x001B1820,0x001B1820,3,0x0010259C; 0x001025A4; 0x0010262C,0x002B6F50; 0x002B6F54; 0x002B6F58,,5,0,compiled descriptor; no assertion spawned or active,current verified module text base + RVA
9,Inside Clank,AcidGloveHUD,"Armes, projectiles et degats",0x002B6F38,0x002B6FAC,0x001B1830,0x001B1830,3,0x00102B34; 0x00102B3C; 0x00102B44,0x002B6FB0; 0x002B6FB4; 0x002B6FB8,,0,0,compiled descriptor; no assertion spawned or active,current verified module text base + RVA
9,Inside Clank,AgentController,"Armes, projectiles et degats",0x002B6F98,0x002B700C,0x001B1840,0x001B1840,3,0x00102B4C; 0x00102C3C; 0x00102DF4,0x002B7010; 0x002B7014; 0x002B7018,,6,0,compiled descriptor; no assertion spawned or active,current verified module text base + RVA
9,Inside Clank,AgentOfDoom,"Armes, projectiles et degats",0x002B72EC,0x002B7360,0x001B1918,0x001B1918,4,0x0010350C; 0x001035E8; 0x001036A8; 0x001039C8,0x002B7364; 0x002B7368; 0x002B736C; 0x002B7370,,21,1,compiled descriptor; no assertion spawned or active,current verified module text base + RVA
9,Inside Clank,AgentOfDoomShrapnel,"Armes, projectiles et degats",0x002B73CC,0x002B7440,0x001B19A0,0x001B19A0,3,0x001080E0; 0x001080E8; 0x001080F0,0x002B7444; 0x002B7448; 0x002B744C,,31,0,compiled descriptor; no assertion spawned or active,current verified module text base + RVA
9,Inside Clank,AgentsBomb,"Armes, projectiles et degats",0x002B7508,0x002B757C,0x001B19B8,0x001B19B8,3,0x001083F0; 0x001083F8; 0x00108400,0x002B7580; 0x002B7584; 0x002B7588,,19,0,compiled descriptor; no assertion spawned or active,current verified module text base + RVA
9,Inside Clank,AgentsGlove,"Armes, projectiles et degats",0x002B75A0,0x002B7614,0x001B19C8,0x001B19C8,3,0x0010998C; 0x00109A18; 0x00109A44,0x002B7618; 0x002B761C; 0x002B7620,,8,2,compiled descriptor; no assertion spawned or active,current verified module text base + RVA
9,Inside Clank,AgentsGrenade,"Armes, projectiles et degats",0x002B764C,0x002B76C0,0x001B19D8,0x001B19D8,3,0x00109F14; 0x0010A004; 0x0010A4B8,0x002B76C4; 0x002B76C8; 0x002B76CC,,33,2,compiled descriptor; no assertion spawned or active,current verified module text base + RVA
9,Inside Clank,AgentsLaser,"Armes, projectiles et degats",0x002B76F4,0x002B7768,0x001B1A60,0x001B1A60,3,0x0010AA34; 0x0010AD3C; 0x0010ADF0,0x002B776C; 0x002B7770; 0x002B7774,,17,0,compiled descriptor; no assertion spawned or active,current verified module text base + RVA
9,Inside Clank,AgentsRocket,"Armes, projectiles et degats",0x002B77E8,0x002B785C,0x001B1B38,0x001B1B38,3,0x0010B7FC; 0x0010B8C0; 0x0010B940,0x002B7860; 0x002B7864; 0x002B7868,,26,1,compiled descriptor; no assertion spawned or active,current verified module text base + RVA
9,Inside Clank,ArmorHelmet,Autres objets et controleurs,0x002B7880,0x002B78F4,0x001B1BC0,0x001B1BC0,3,0x0010C228; 0x0010C230; 0x0010C238,0x002B78F8; 0x002B78FC; 0x002B7900,,0,0,compiled descriptor; no assertion spawned or active,current verified module text base + RVA
9,Inside Clank,ArmorLeftFoot,Autres objets et controleurs,0x002B78E0,0x002B7954,0x001B1BD0,0x001B1BD0,3,0x0010C240; 0x0010C248; 0x0010C250,0x002B7958; 0x002B795C; 0x002B7960,,0,0,compiled descriptor; no assertion spawned or active,current verified module text base + RVA
9,Inside Clank,ArmorLeftHand,Autres objets et controleurs,0x002B7950,0x002B79C4,0x001B1BE0,0x001B1BE0,3,0x0010C258; 0x0010C260; 0x0010C268,0x002B79C8; 0x002B79CC; 0x002B79D0,u32 pad[ 4 ];,0,0,compiled descriptor; no assertion spawned or active,current verified module text base + RVA
9,Inside Clank,ArmorPickup,"Caisses, pickups et bonus",0x002B7A80,0x002B7AF4,0x001B1BF0,0x001B1BF0,3,0x0010C5DC; 0x0010C28C; 0x0010CAE0,0x002B7AF8; 0x002B7AFC; 0x002B7B00,f32 dist; f32 height; f32 lookHeight; f32 elevation; f32 azimuth; MobyLink driver; MobyLink playerMatrix; u32 playthroughReq; Toggle magnaboots; u8 pad[ 15 ];,43,0,compiled descriptor; no assertion spawned or active,current verified module text base + RVA
9,Inside Clank,ArmorRightFoot,Autres objets et controleurs,0x002B7AF8,0x002B7B6C,0x001B1D80,0x001B1D80,3,0x0010D01C; 0x0010D024; 0x0010D02C,0x002B7B70; 0x002B7B74; 0x002B7B78,,0,0,compiled descriptor; no assertion spawned or active,current verified module text base + RVA
9,Inside Clank,ArmorRightHand,Autres objets et controleurs,0x002B7B68,0x002B7BDC,0x001B1D90,0x001B1D90,3,0x0010D034; 0x0010D03C; 0x0010D044,0x002B7BE0; 0x002B7BE4; 0x002B7BE8,u32 pad[ 4 ];,0,0,compiled descriptor; no assertion spawned or active,current verified module text base + RVA
9,Inside Clank,ArmorTorso,Vehicules et minijeux,0x002B7BC8,0x002B7C3C,0x001B1DA0,0x001B1DA0,3,0x0010D04C; 0x0010D054; 0x0010D05C,0x002B7C40; 0x002B7C44; 0x002B7C48,,0,0,compiled descriptor; no assertion spawned or active,current verified module text base + RVA
9,Inside Clank,BeeMine,"Armes, projectiles et degats",0x002B7CAC,0x002B7D20,0x001B1DB0,0x001B1DB0,4,0x0010D6FC; 0x0010D70C; 0x0010DAEC; 0x0010D7E4,0x002B7D24; 0x002B7D28; 0x002B7D2C; 0x002B7D30,,2,0,compiled descriptor; no assertion spawned or active,current verified module text base + RVA
9,Inside Clank,BeeMineGlove,"Armes, projectiles et degats",0x002B7D78,0x002B7DEC,0x001B1DE0,0x001B1DE0,3,0x0010F4C8; 0x0010F650; 0x0010F67C,0x002B7DF0; 0x002B7DF4; 0x002B7DF8,,2,0,compiled descriptor; no assertion spawned or active,current verified module text base + RVA
9,Inside Clank,BeeMineGloveHUD,"Armes, projectiles et degats",0x002B7DD8,0x002B7E4C,0x001B1DF0,0x001B1DF0,3,0x0010FC9C; 0x0010FCA4; 0x0010FCAC,0x002B7E50; 0x002B7E54; 0x002B7E58,,0,0,compiled descriptor; no assertion spawned or active,current verified module text base + RVA
9,Inside Clank,BeeMineShrapnel,"Armes, projectiles et degats",0x002B7EA4,0x002B7F18,0x001B1E00,0x001B1E00,3,0x0010FFE4; 0x0010FFEC; 0x0010FFF4,0x002B7F1C; 0x002B7F20; 0x002B7F24,,31,0,compiled descriptor; no assertion spawned or active,current verified module text base + RVA
9,Inside Clank,Blaster,"Armes, projectiles et degats",0x002B7F94,0x002B8008,0x001B1E10,0x001B1E10,3,0x0011006C; 0x001101C8; 0x001106EC,0x002B800C; 0x002B8010; 0x002B8014,,53,3,compiled descriptor; no assertion spawned or active,current verified module text base + RVA
9,Inside Clank,BlasterAkimbo,"Armes, projectiles et degats",0x002B8000,0x002B8074,0x001B1E18,0x001B1E18,3,0x001116CC; 0x00111750; 0x00111780,0x002B8078; 0x002B807C; 0x002B8080,,21,2,compiled descriptor; no assertion spawned or active,current verified module text base + RVA
9,Inside Clank,BlasterShot,"Armes, projectiles et degats",0x002B8074,0x002B80E8,0x001B1E28,0x001B1E28,3,0x00111A50; 0x00111A78; 0x00111E1C,0x002B80EC; 0x002B80F0; 0x002B80F4,,28,2,compiled descriptor; no assertion spawned or active,current verified module text base + RVA
9,Inside Clank,BlitzGun,"Armes, projectiles et degats",0x002B84D4,0x002B8548,0x001B1E38,0x001B1E38,3,0x00113CE8; 0x00113E44; 0x0011429C,0x002B854C; 0x002B8550; 0x002B8554,,40,1,compiled descriptor; no assertion spawned or active,current verified module text base + RVA
9,Inside Clank,BlitzGunShot,"Armes, projectiles et degats",0x002B8664,0x002B86D8,0x001B1E48,0x001B1E48,3,0x00115D30; 0x00115D38; 0x00115ED4,0x002B86DC; 0x002B86E0; 0x002B86E4,,21,2,compiled descriptor; no assertion spawned or active,current verified module text base + RVA
9,Inside Clank,Bolt,"Caisses, pickups et bonus",0x002B86C8,0x002B873C,0x001B1E58,0x001B1E58,2,0x001169E4; 0x001169EC,0x002B8740; 0x002B8744,,0,0,compiled descriptor; no assertion spawned or active,current verified module text base + RVA
9,Inside Clank,BoltController,"Caisses, pickups et bonus",0x002B89BC,0x002B8A30,0x001B1EA0,0x001B1EA0,3,0x00119F54; 0x0011A188; 0x0011A1AC,0x002B8A34; 0x002B8A38; 0x002B8A3C,u32 boltAmnt; u32 boltAmountReplay; u32 pad[ 2 ];,0,0,compiled descriptor; no assertion spawned or active,current verified module text base + RVA
9,Inside Clank,BoltGrabber,"Caisses, pickups et bonus",0x002B8A38,0x002B8AAC,0x001B1F50,0x001B1F50,3,0x0011A548; 0x0011A550; 0x0011A558,0x002B8AB0; 0x002B8AB4; 0x002B8AB8,,0,0,compiled descriptor; no assertion spawned or active,current verified module text base + RVA
9,Inside Clank,Bombglove,"Armes, projectiles et degats",0x002B8AFC,0x002B8B70,0x001B1F60,0x001B1F60,3,0x0011A560; 0x0011A638; 0x0011AAE8,0x002B8B74; 0x002B8B78; 0x002B8B7C,,17,0,compiled descriptor; no assertion spawned or active,current verified module text base + RVA
9,Inside Clank,BoxBreaker,"Caisses, pickups et bonus",0x002B8B60,0x002B8BD4,0x001B1F70,0x001B1F70,3,0x0011B058; 0x0011B060; 0x0011B068,0x002B8BD8; 0x002B8BDC; 0x002B8BE0,,0,0,compiled descriptor; no assertion spawned or active,current verified module text base + RVA
9,Inside Clank,BoxBreakerHelp,"Caisses, pickups et bonus",0x002B8BC0,0x002B8C34,0x001B1F80,0x001B1F80,3,0x0011B0F4; 0x0011B0FC; 0x0011B104,0x002B8C38; 0x002B8C3C; 0x002B8C40,,5,0,compiled descriptor; no assertion spawned or active,current verified module text base + RVA
9,Inside Clank,Button,Autres objets et controleurs,0x002B8C7C,0x002B8CF0,0x001B1FA0,0x001B1FA0,3,0x0011B150; 0x0011B368; 0x0011B3BC,0x002B8CF4; 0x002B8CF8; 0x002B8CFC,MobyLink attachMoby; Toggle bUseCase; Toggle bUseOnce; Toggle bLocked; u8 pad[ 9 ];,22,0,compiled descriptor; no assertion spawned or active,current verified module text base + RVA
9,Inside Clank,CameraHint,Camera et presentation,0x002B8E54,0x002B8EC8,0x001B2020,0x001B2020,3,0x0011BA18; 0x0011BC3C; 0x0011BC68,0x002B8ECC; 0x002B8ED0; 0x002B8ED4,MobyLink target; MobyLink testMoby; TriggerLink activateArea; TriggerLink destroyArea; MobyLink enemyWave; TriggerLink resetArea; s32 frameCount; s8 activateState; u8 hintFrames; u8 updateDist; Toggle stopShort; f32 camSpeed; Toggle onMobyDestroy; Toggle targetMustBeAlive; Toggle bBreakOnInput; Toggle bDontRespawn; Toggle bDeleteWhenFinished; u8 pad[7];,7,0,compiled descriptor; no assertion spawned or active,current verified module text base + RVA
9,Inside Clank,ChameleonDecoy,Autres objets et controleurs,0x002B8FBC,0x002B9030,0x001B20C8,0x001B20C8,4,0x0011C178; 0x0011C180; 0x0011C198; 0x0011C220,0x002B9034; 0x002B9038; 0x002B903C; 0x002B9040,,7,1,compiled descriptor; no assertion spawned or active,current verified module text base + RVA
9,Inside Clank,ClankForShipAnim,"Joueur, acteurs et accessoires",0x002B9030,0x002B90A4,0x001B20D8,0x001B20D8,3,0x0011C2D4; 0x0011C2DC; 0x0011C2E4,0x002B90A8; 0x002B90AC; 0x002B90B0,u32 pad[ 4 ];,0,0,compiled descriptor; no assertion spawned or active,current verified module text base + RVA
9,Inside Clank,ContinuePoint,Autres objets et controleurs,0x002B90BC,0x002B9130,0x001B20F0,0x001B20F0,3,0x0011C2EC; 0x0011C310; 0x0011C318,0x002B9134; 0x002B9138; 0x002B913C,TriggerLink activateTrigger; u8 index;,0,0,compiled descriptor; no assertion spawned or active,current verified module text base + RVA
9,Inside Clank,CowBell,Autres objets et controleurs,0x002B915C,0x002B91D0,0x001B2100,0x001B2100,3,0x0011C7E8; 0x0011C7F0; 0x0011C7F8,0x002B91D4; 0x002B91D8; 0x002B91DC,,31,0,compiled descriptor; no assertion spawned or active,current verified module text base + RVA
9,Inside Clank,Crate,"Caisses, pickups et bonus",0x002B920C,0x002B9280,0x001B2108,0x001B2108,4,0x0011C930; 0x0011C938; 0x0011CA20; 0x0011C940,0x002B9284; 0x002B9288; 0x002B928C; 0x002B9290,Moby *pCrateBelow; f32 velocityY; f32 fallDistance; f32 distFallen;,15,0,compiled descriptor; no assertion spawned or active,current verified module text base + RVA
9,Inside Clank,CrateAmmo,"Caisses, pickups et bonus",0x002B934C,0x002B93C0,0x001B2110,0x001B2110,4,0x0011CB00; 0x0011CB28; 0x0011CB30; 0x0011CB38,0x002B93C4; 0x002B93C8; 0x002B93CC; 0x002B93D0,Moby *pCrateBelow; f32 velocityY; f32 fallDistance; f32 distFallen; Toggle major; Toggle minor; u8 noAmmoType1; u8 noAmmoType2; u8 onlyAmmoType; Toggle validIM; Toggle validDM; Toggle validCTF; u8 pad[8];,12,0,compiled descriptor; no assertion spawned or active,current verified module text base + RVA
9,Inside Clank,CrateChunk,"Caisses, pickups et bonus",0x002B93B0,0x002B9424,0x001B2120,0x001B2120,2,0x0011D1FC; 0x0011D204,0x002B9428; 0x002B942C,,0,0,compiled descriptor; no assertion spawned or active,current verified module text base + RVA
9,Inside Clank,CrateChunkController,"Caisses, pickups et bonus",0x002B95B0,0x002B9624,0x001B2130,0x001B2130,2,0x0011D860; 0x0011D868,0x002B9628; 0x002B962C,,0,0,compiled descriptor; no assertion spawned or active,current verified module text base + RVA
9,Inside Clank,CrateExplosive,"Caisses, pickups et bonus",0x002B96D4,0x002B9748,0x001B21D0,0x001B21D0,2,0x0011DA28; 0x0011DA6C,0x002B974C; 0x002B9750,Moby *pCrateBelow; f32 velocityY; f32 fallDistance; f32 distFallen; Toggle explode; u8 keyIdx; Toggle validIM; Toggle validDM; Toggle validCTF; u8 pad[11];,1,0,compiled descriptor; no assertion spawned or active,current verified module text base + RVA
9,Inside Clank,CrateHealth,"Caisses, pickups et bonus",0x002B9868,0x002B98DC,0x001B21E0,0x001B21E0,2,0x0011E250; 0x0011E2EC,0x002B98E0; 0x002B98E4,Moby *pCrateBelow; f32 velocityY; f32 fallDistance; f32 distFallen; Moby *pPowerup; Toggle validIM; Toggle validDM; Toggle validCTF; u8 pad[9];,1,0,compiled descriptor; no assertion spawned or active,current verified module text base + RVA
9,Inside Clank,CrossbowGun,"Armes, projectiles et degats",0x002B9E6C,0x002B9EE0,0x001B21F0,0x001B21F0,3,0x0011EC08; 0x0011ECF4; 0x0011EED4,0x002B9EE4; 0x002B9EE8; 0x002B9EEC,,33,3,compiled descriptor; no assertion spawned or active,current verified module text base + RVA
9,Inside Clank,CrossbowShot,"Armes, projectiles et degats",0x002BA04C,0x002BA0C0,0x001B2228,0x001B2228,3,0x0011F524; 0x0011F52C; 0x00120A6C,0x002BA0C4; 0x002BA0C8; 0x002BA0CC,,63,4,compiled descriptor; no assertion spawned or active,current verified module text base + RVA
9,Inside Clank,CrystalGroundShard,Autres objets et controleurs,0x002BA168,0x002BA1DC,0x001B2238,0x001B2238,3,0x00121960; 0x00121BA4; 0x00121DE8,0x002BA1E0; 0x002BA1E4; 0x002BA1E8,,33,1,compiled descriptor; no assertion spawned or active,current verified module text base + RVA
9,Inside Clank,CutCamera,Camera et presentation,0x002BA2B0,0x002BA324,0x001B2250,0x001B2250,3,0x00122508; 0x001225E4; 0x001229F4,0x002BA328; 0x002BA32C; 0x002BA330,f32 time; TriggerLink activate; CurveLink path; MobyLink target; VEC3 targetPos; Toggle destroyOnFinish; Toggle finishOnPath; Toggle bLerpFromActive; u8 pathPointId; MobyLink enemyWave; f32 lerpTime; Toggle bNoRespawn; u8 pad2[7];,12,1,compiled descriptor; no assertion spawned or active,current verified module text base + RVA
9,Inside Clank,DeathTrigger,Pieges et mecanismes,0x002BA378,0x002BA3EC,0x001B2260,0x001B2260,3,0x0012330C; 0x0012336C; 0x00123374,0x002BA3F0; 0x002BA3F4; 0x002BA3F8,MobyLink killAreas; MobyLink ignoreAreas; Toggle killHeroInTriggers; f32 minYHeight; u8 pad[3];,7,0,compiled descriptor; no assertion spawned or active,current verified module text base + RVA
9,Inside Clank,DesignTest,Autres objets et controleurs,0x002BA3E8,0x002BA45C,0x001B2270,0x001B2270,3,0x001234E8; 0x001234F0; 0x001234F8,0x002BA460; 0x002BA464; 0x002BA468,u32 pad[4];,0,0,compiled descriptor; no assertion spawned or active,current verified module text base + RVA
9,Inside Clank,DualBlasterHUD,"Armes, projectiles et degats",0x002BA448,0x002BA4BC,0x001B2280,0x001B2280,3,0x0012355C; 0x00123564; 0x0012356C,0x002BA4C0; 0x002BA4C4; 0x002BA4C8,,0,0,compiled descriptor; no assertion spawned or active,current verified module text base + RVA
9,Inside Clank,electricXplo,Autres objets et controleurs,0x002BA4E4,0x002BA558,0x001B2290,0x001B2290,3,0x0012400C; 0x00123D60; 0x00123D68,0x002BA55C; 0x002BA560; 0x002BA564,f32 lengths[24]; VEC3 normals[18]; f32 timer; s32 scroll;,14,2,compiled descriptor; no assertion spawned or active,current verified module text base + RVA
9,Inside Clank,ElectroBall,Autres objets et controleurs,0x002BA6B8,0x002BA72C,0x001B2310,0x001B2310,3,0x001258F4; 0x00125964; 0x001259A8,0x002BA730; 0x002BA734; 0x002BA738,,19,3,compiled descriptor; no assertion spawned or active,current verified module text base + RVA
9,Inside Clank,ElectroshockWave,Autres objets et controleurs,0x002BA7C4,0x002BA838,0x001B2320,0x001B2320,3,0x001265EC; 0x001265F4; 0x001270CC,0x002BA83C; 0x002BA840; 0x002BA844,,14,3,compiled descriptor; no assertion spawned or active,current verified module text base + RVA
9,Inside Clank,ElectroSoldier01,Ennemis et boss,0x002BAA0C,0x002BAA80,0x001B2338,0x001B2338,4,0x0012745C; 0x001277C8; 0x0012842C; 0x00127898,0x002BAA84; 0x002BAA88; 0x002BAA8C; 0x002BAA90,Navigate nav; MobyLink controller; MobyLink enemyWave; TriggerLink detect; TriggerLink wanderArea; Toggle chargeShockesr; Toggle fakeFloor; Toggle clampFloor; u8 pad[1];,35,1,compiled descriptor; no assertion spawned or active,current verified module text base + RVA
9,Inside Clank,ElectroSoldierShot,Ennemis et boss,0x002BAAD0,0x002BAB44,0x001B2488,0x001B2488,3,0x00129770; 0x00129780; 0x00129B58,0x002BAB48; 0x002BAB4C; 0x002BAB50,,15,1,compiled descriptor; no assertion spawned or active,current verified module text base + RVA
9,Inside Clank,EnemyController,Ennemis et boss,0x002BAC48,0x002BACBC,0x001B24A0,0x001B24A0,3,0x0012A16C; 0x0012A378; 0x0012A5B8,0x002BACC0; 0x002BACC4; 0x002BACC8,TriggerLink updateArea; TriggerLink updateArea2; TriggerLink destroyTrigger; f32 firstWaveDist; f32 secondWaveDist; Toggle envColl; u8 attackingMax; Toggle destroyControllerToo; u8 pad[ 9 ];,79,1,compiled descriptor; no assertion spawned or active,current verified module text base + RVA
9,Inside Clank,EnemyWave,Ennemis et boss,0x002BADB4,0x002BAE28,0x001B2640,0x001B2640,3,0x0012CEC4; 0x0012CF7C; 0x0012D280,0x002BAE2C; 0x002BAE30; 0x002BAE34,MobyLink destroyedMoby; TriggerLink trigger; MobyLink previousWave; f32 timer; f32 delayRandMax; MobyLink enemyControllerToCheck; u8 mobyToCheckState; Toggle prevWaveDestroyed; u8 enemyInControllerCount; u8 pad[ 9 ];,9,1,compiled descriptor; no assertion spawned or active,current verified module text base + RVA
9,Inside Clank,ExplosiveBee,Autres objets et controleurs,0x002BAF84,0x002BAFF8,0x001B26D0,0x001B26D0,3,0x0012D744; 0x0012D7EC; 0x0012E694,0x002BAFFC; 0x002BB000; 0x002BB004,,9,2,compiled descriptor; no assertion spawned or active,current verified module text base + RVA
9,Inside Clank,Flamethrower,"Armes, projectiles et degats",0x002BB0C0,0x002BB134,0x001B2728,0x001B2728,3,0x0012F78C; 0x0012F908; 0x00130718,0x002BB138; 0x002BB13C; 0x002BB140,,12,2,compiled descriptor; no assertion spawned or active,current verified module text base + RVA
9,Inside Clank,FogMoby,Autres objets et controleurs,0x002BB324,0x002BB398,0x001B2738,0x001B2738,3,0x00132618; 0x001326B8; 0x001326C0,0x002BB39C; 0x002BB3A0; 0x002BB3A4,TriggerLink region; f32 Side1FogStart; f32 Side1FogEnd; u8 Side1Red; u8 Side1Green; u8 Side1Blue; u8 padAlpha1; f32 Side2FogStart; f32 Side2FogEnd; u8 Side2Red; u8 Side2Green; u8 Side2Blue; u8 padAlpha2; u32 pad[ 1 ];,1,0,compiled descriptor; no assertion spawned or active,current verified module text base + RVA
9,Inside Clank,GenericTieForm,Autres objets et controleurs,0x002BB398,0x002BB40C,0x001B27A8,0x001B27A8,3,0x00132C10; 0x00132C60; 0x00132C94,0x002BB410; 0x002BB414; 0x002BB418,,6,0,compiled descriptor; no assertion spawned or active,current verified module text base + RVA
9,Inside Clank,GravityCrystal,Autres objets et controleurs,0x002BB3F8,0x002BB46C,0x001B27B8,0x001B27B8,3,0x001333D4; 0x001335EC; 0x00133F64,0x002BB470; 0x002BB474; 0x002BB478,,40,3,compiled descriptor; no assertion spawned or active,current verified module text base + RVA
9,Inside Clank,GrindrailBomb,"Armes, projectiles et degats",0x002BB62C,0x002BB6A0,0x001B27C8,0x001B27C8,4,0x00134BA8; 0x00134C98; 0x00134CFC; 0x00134AA0,0x002BB6A4; 0x002BB6A8; 0x002BB6AC; 0x002BB6B0,,3,0,compiled descriptor; no assertion spawned or active,current verified module text base + RVA
9,Inside Clank,GrindrailController,Pieges et mecanismes,0x002BB8FC,0x002BB970,0x001B2850,0x001B2850,2,0x00136338; 0x001365A8,0x002BB974; 0x002BB978,VEC4 dir; CurveLink path; f32 grindrailSp; CurveLink secPaths[20]; f32 camDefaultLookLead; f32 camDefaultDist; f32 camDefaultHeight; f32 camDefaultAzimuth; f32 camDefaultElevation; f32 bombDamageFrac; f32 gateDamageFrac;,3,0,compiled descriptor; no assertion spawned or active,current verified module text base + RVA
9,Inside Clank,GrindrailGate,Pieges et mecanismes,0x002BBB2C,0x002BBBA0,0x001B2918,0x001B2918,3,0x001368A8; 0x00136980; 0x00136B78,0x002BBBA4; 0x002BBBA8; 0x002BBBAC,u32 pad[4];,15,0,compiled descriptor; no assertion spawned or active,current verified module text base + RVA
9,Inside Clank,GrindrailLock,Pieges et mecanismes,0x002BBC30,0x002BBCA4,0x001B2998,0x001B2998,3,0x001371BC; 0x0013759C; 0x001376C8,0x002BBCA8; 0x002BBCAC; 0x002BBCB0,TriggerLink promptArea; TriggerLink endArea; MobyLink matrixMoby; u32 lockID; MobyLink destroyMobys; u32 pad[ 3 ];,23,1,compiled descriptor; no assertion spawned or active,current verified module text base + RVA
9,Inside Clank,GrindrailSwitch,Pieges et mecanismes,0x002BBD10,0x002BBD84,0x001B2AA8,0x001B2AA8,4,0x00137FA8; 0x001380F0; 0x00138154; 0x00137D90,0x002BBD88; 0x002BBD8C; 0x002BBD90; 0x002BBD94,MobyLink gate; Toggle toggleOnOff; s32 gateMember; u32 pad[1];,10,0,compiled descriptor; no assertion spawned or active,current verified module text base + RVA
9,Inside Clank,Hookshot,Autres objets et controleurs,0x002BBE38,0x002BBEAC,0x001B2B70,0x001B2B70,3,0x00138920; 0x00138ABC; 0x00138AF0,0x002BBEB0; 0x002BBEB4; 0x002BBEB8,CurveLink path; VEC3 pathPoint; f32 speed; f32 ropeLength; f32 range; u8 attached; u8 swing; u8 pathPointId; Toggle validIM; Toggle validDM; Toggle validCTF; u8 pad[14];,9,1,compiled descriptor; no assertion spawned or active,current verified module text base + RVA
9,Inside Clank,HutDoor,Pieges et mecanismes,0x002BBF24,0x002BBF98,0x001B2BE8,0x001B2BE8,3,0x00138F18; 0x001392E4; 0x00139510,0x002BBF9C; 0x002BBFA0; 0x002BBFA4,MobyLink mobysToCheck[ 10 ]; TriggerLink trigger; MobyLink enemyController; f32 radius; u32 pad[3];,33,0,compiled descriptor; no assertion spawned or active,current verified module text base + RVA
9,Inside Clank,Hypershot,Gadgets et outils,0x002BC10C,0x002BC180,0x001B2CE0,0x001B2CE0,3,0x00139D54; 0x00139DF0; 0x00139E78,0x002BC184; 0x002BC188; 0x002BC18C,,13,0,compiled descriptor; no assertion spawned or active,current verified module text base + RVA
9,Inside Clank,InitialCamera,Camera et presentation,0x002BC1F4,0x002BC268,0x001B2CF8,0x001B2CF8,3,0x0013A008; 0x0013A104; 0x0013A10C,0x002BC26C; 0x002BC270; 0x002BC274,f32 dist; f32 height; f32 lookHeight; f32 elevation; f32 azimuth; Toggle dontCreateNextLevelSeen; u8 pressed; u8 pad[ 10 ];,6,1,compiled descriptor; no assertion spawned or active,current verified module text base + RVA
9,Inside Clank,IntroMovie,Autres objets et controleurs,0x002BC278,0x002BC2EC,0x001B2D08,0x001B2D08,3,0x0013A234; 0x0013A2F0; 0x0013A2F8,0x002BC2F0; 0x002BC2F4; 0x002BC2F8,u32 fromLevel; u32 pad[ 3 ];,7,1,compiled descriptor; no assertion spawned or active,current verified module text base + RVA
9,Inside Clank,LaserTracer,"Armes, projectiles et degats",0x002BD834,0x002BD8A8,0x001B2D18,0x001B2D18,3,0x0013DF94; 0x0013E088; 0x0013E210,0x002BD8AC; 0x002BD8B0; 0x002BD8B4,,16,3,compiled descriptor; no assertion spawned or active,current verified module text base + RVA
9,Inside Clank,LevelChanger,Autres objets et controleurs,0x002BD958,0x002BD9CC,0x001B2D60,0x001B2D60,3,0x00143A1C; 0x00143ABC; 0x00143AC4,0x002BD9D0; 0x002BD9D4; 0x002BD9D8,TriggerLink trigger; u32 level; u32 grantedLevel; u32 pad[ 1 ];,1,0,compiled descriptor; no assertion spawned or active,current verified module text base + RVA
9,Inside Clank,LevelMusic,Autres objets et controleurs,0x002BDB54,0x002BDBC8,0x001B2DF0,0x001B2DF0,2,0x00143B5C; 0x00143C3C,0x002BDBCC; 0x002BDBD0,u32 songNumber; TriggerLink trigger; s32 continuePointMin; s32 continuePointMax; s32 levelNumber; u8 priority; u8 pad[ 7 ];,1,0,compiled descriptor; no assertion spawned or active,current verified module text base + RVA
9,Inside Clank,Lvl06Door,Pieges et mecanismes,0x002BDE08,0x002BDE7C,0x001B2E10,0x001B2E10,3,0x001445F8; 0x001442A4; 0x00144CB8,0x002BDE80; 0x002BDE84; 0x002BDE88,MobyLink controller; TriggerLink activate; TriggerLink updateArea; CurveLink path; f32 moveTime; f32 progInc; const Lvl06Door_Data *pData; u32 drawDist; Toggle bTrapDoor; u8 openOffGroups[8]; u8 outClosedOffGroups[8]; u8 inClosedOffGroups[8]; Toggle hasOpened; Toggle stayOpen; Toggle bInEncounter; MobyLink enemyWave; MobyLink level10UnlockMoby; TriggerLink encounterLock; MobyLink grindrailLock; TriggerLink unlockTrigger; MobyLink specialOpenMobies; TriggerLink specialOpenTrigger; u32 pad[2];,14,0,compiled descriptor; no assertion spawned or active,current verified module text base + RVA
9,Inside Clank,Lvl09CPUFan,Autres objets et controleurs,0x002BDEA0,0x002BDF14,0x001B3010,0x001B3010,3,0x00145A88; 0x00145CA0; 0x00145CD4,0x002BDF18; 0x002BDF1C; 0x002BDF20,TriggerLink destroyArea; u32 pad[ 3 ];,17,1,compiled descriptor; no assertion spawned or active,current verified module text base + RVA
9,Inside Clank,Lvl09Fan,Autres objets et controleurs,0x002BDF88,0x002BDFFC,0x001B3078,0x001B3078,3,0x0014612C; 0x001463A4; 0x001463AC,0x002BE000; 0x002BE004; 0x002BE008,TieLink blades[8]; MobyLink enemies; MobyLink controller; TriggerLink shaft; MobyLink button;,12,4,compiled descriptor; no assertion spawned or active,current verified module text base + RVA
9,Inside Clank,Lvl09Heart,Autres objets et controleurs,0x002BE0CC,0x002BE140,0x001B31D0,0x001B31D0,3,0x001467B0; 0x00146B34; 0x00146B3C,0x002BE144; 0x002BE148; 0x002BE14C,MobyLink pieces[4]; MobyLink frontDoor; MobyLink backDoor; TriggerLink enterTrigger; MobyLink cutscene; MobyLink controller; TieLink innerHeart; f32 glowTimer; u32 pad[1];,6,1,compiled descriptor; no assertion spawned or active,current verified module text base + RVA
9,Inside Clank,Lvl09HeartPiece,Autres objets et controleurs,0x002BE1BC,0x002BE230,0x001B32F0,0x001B32F0,3,0x00146F1C; 0x00147148; 0x001475D0,0x002BE234; 0x002BE238; 0x002BE23C,MobyLink endMatrix; u32 pad[ 3 ];,24,1,compiled descriptor; no assertion spawned or active,current verified module text base + RVA
9,Inside Clank,Lvl09HeartPulse,Autres objets et controleurs,0x002BE220,0x002BE294,0x001B3300,0x001B3300,3,0x00147B00; 0x00147C70; 0x00147DA4,0x002BE298; 0x002BE29C; 0x002BE2A0,,23,4,compiled descriptor; no assertion spawned or active,current verified module text base + RVA
9,Inside Clank,Lvl09Lift,Pieges et mecanismes,0x002BE31C,0x002BE390,0x001B3310,0x001B3310,3,0x00148414; 0x0014855C; 0x00148564,0x002BE394; 0x002BE398; 0x002BE39C,MobyLink soldier; TriggerLink activate; u32 pad[3];,10,0,compiled descriptor; no assertion spawned or active,current verified module text base + RVA
9,Inside Clank,Lvl09Piston,Autres objets et controleurs,0x002BE3C0,0x002BE434,0x001B33C8,0x001B33C8,3,0x00148680; 0x00148804; 0x00148838,0x002BE438; 0x002BE43C; 0x002BE440,u32 pad[ 4 ];,16,2,compiled descriptor; no assertion spawned or active,current verified module text base + RVA
9,Inside Clank,Lvl09Platform,Pieges et mecanismes,0x002BE4CC,0x002BE540,0x001B33D8,0x001B33D8,3,0x00148D90; 0x00149208; 0x00149620,0x002BE544; 0x002BE548; 0x002BE54C,TriggerLink shaft; TriggerLink enterTrigger; MobyLink group1; MobyLink group2; MobyLink group1Controller; MobyLink group2Controller; u32 pad[2];,19,0,compiled descriptor; no assertion spawned or active,current verified module text base + RVA
9,Inside Clank,Lvl09Shocker,Autres objets et controleurs,0x002BE668,0x002BE6DC,0x001B34F0,0x001B34F0,3,0x00149E30; 0x00149F88; 0x0014A3D4,0x002BE6E0; 0x002BE6E4; 0x002BE6E8,f32 height; f32 width; TriggerLink damageArea; TriggerLink updateArea; MobyLink nextShocker; TriggerLink killZone; f32 onTime; f32 offTime; u8 numBolts; Toggle bUseSounds; Toggle bOffsetFlash; u8 pad[13];,17,1,compiled descriptor; no assertion spawned or active,current verified module text base + RVA
9,Inside Clank,Lvl09Spark,"Effets, particules et environnement",0x002BE780,0x002BE7F4,0x001B3610,0x001B3610,3,0x0014AAF4; 0x0014ADF0; 0x0014AE68,0x002BE7F8; 0x002BE7FC; 0x002BE800,CurveLink path; u32 updateDist; f32 speed; Toggle useFloor; u8 startId; u8 pad[2];,22,0,compiled descriptor; no assertion spawned or active,current verified module text base + RVA
9,Inside Clank,Lvl09Televator,Pieges et mecanismes,0x002BE810,0x002BE884,0x001B36F0,0x001B36F0,3,0x0014B7EC; 0x0014BA40; 0x0014BAC0,0x002BE888; 0x002BE88C; 0x002BE890,MobyLink button; u32 pad[3];,18,2,compiled descriptor; no assertion spawned or active,current verified module text base + RVA
9,Inside Clank,MapOMaticGadget,Gadgets et outils,0x002BE8B8,0x002BE92C,0x001B3770,0x001B3770,3,0x0014C318; 0x0014C320; 0x0014C328,0x002BE930; 0x002BE934; 0x002BE938,,0,0,compiled descriptor; no assertion spawned or active,current verified module text base + RVA
9,Inside Clank,MatrixMoby,Autres objets et controleurs,0x002BE918,0x002BE98C,0x001B3780,0x001B3780,3,0x0014C330; 0x0014C338; 0x0014C340,0x002BE990; 0x002BE994; 0x002BE998,,0,0,compiled descriptor; no assertion spawned or active,current verified module text base + RVA
9,Inside Clank,MobyCollection,"Caisses, pickups et bonus",0x002BE990,0x002BEA04,0x001B3790,0x001B3790,3,0x0014C348; 0x0014C350; 0x0014C358,0x002BEA08; 0x002BEA0C; 0x002BEA10,MobyLink mobys[ 8 ];,0,0,compiled descriptor; no assertion spawned or active,current verified module text base + RVA
9,Inside Clank,MobyGroup,Autres objets et controleurs,0x002BEA34,0x002BEAA8,0x001B37A0,0x001B37A0,3,0x0014C390; 0x0014C428; 0x0014C430,0x002BEAAC; 0x002BEAB0; 0x002BEAB4,MobyLink mobysToCheck[ 8 ]; u8 destroyed; u8 count; u8 pad[ 14 ];,6,0,compiled descriptor; no assertion spawned or active,current verified module text base + RVA
9,Inside Clank,MobyIce,Autres objets et controleurs,0x002BEB3C,0x002BEBB0,0x001B3820,0x001B3820,3,0x0014CD50; 0x0014CD68; 0x0014D6EC,0x002BEBB4; 0x002BEBB8; 0x002BEBBC,,31,1,compiled descriptor; no assertion spawned or active,current verified module text base + RVA
9,Inside Clank,Mootator,"Armes, projectiles et degats",0x002BEE3C,0x002BEEB0,0x001B3828,0x001B3828,3,0x0014E294; 0x0014E4E4; 0x0014F634,0x002BEEB4; 0x002BEEB8; 0x002BEEBC,,21,0,compiled descriptor; no assertion spawned or active,current verified module text base + RVA
9,Inside Clank,MutantCow,Autres objets et controleurs,0x002BEED0,0x002BEF44,0x001B3838,0x001B3838,4,0x0014FB9C; 0x0014FD20; 0x0015024C; 0x00184B98,0x002BEF48; 0x002BEF4C; 0x002BEF50; 0x002BEF54,,29,1,compiled descriptor; no assertion spawned or active,current verified module text base + RVA
9,Inside Clank,MutantMadCow,Autres objets et controleurs,0x002BF0A0,0x002BF114,0x001B3868,0x001B3868,4,0x00150DAC; 0x00150F14; 0x00151330; 0x00184B98,0x002BF118; 0x002BF11C; 0x002BF120; 0x002BF124,,47,2,compiled descriptor; no assertion spawned or active,current verified module text base + RVA
9,Inside Clank,NanoBot,Autres objets et controleurs,0x002BF37C,0x002BF3F0,0x001B3878,0x001B3878,4,0x00151B94; 0x00152020; 0x00152988; 0x00152184,0x002BF3F4; 0x002BF3F8; 0x002BF3FC; 0x002BF400,Navigate nav; MobyLink controller; Launch launch; MobyLink enemyWave; TriggerLink teleportActivate; TriggerLink detect; VEC3 startPos; u8 controllerId; Toggle teleporter; u8 respawning; u8 jetOn; f32 health; f32 getHitTimer;,41,0,compiled descriptor; no assertion spawned or active,current verified module text base + RVA
9,Inside Clank,NapalmBubble,Autres objets et controleurs,0x002BF448,0x002BF4BC,0x001B3A48,0x001B3A48,3,0x00153C68; 0x00153C70; 0x00153C78,0x002BF4C0; 0x002BF4C4; 0x002BF4C8,,8,1,compiled descriptor; no assertion spawned or active,current verified module text base + RVA
9,Inside Clank,PDA,Autres objets et controleurs,0x002BF4F0,0x002BF564,0x001B3A58,0x001B3A58,3,0x001546FC; 0x00154704; 0x0015470C,0x002BF568; 0x002BF56C; 0x002BF570,,0,0,compiled descriptor; no assertion spawned or active,current verified module text base + RVA
9,Inside Clank,Polarizer,Gadgets et outils,0x002BF5FC,0x002BF670,0x001B3A60,0x001B3A60,3,0x00154740; 0x001548FC; 0x0015544C,0x002BF674; 0x002BF678; 0x002BF67C,,34,0,compiled descriptor; no assertion spawned or active,current verified module text base + RVA
9,Inside Clank,PolarizerPlatform,Gadgets et outils,0x002BF698,0x002BF70C,0x001B3A70,0x001B3A70,3,0x001563BC; 0x00156628; 0x00156790,0x002BF710; 0x002BF714; 0x002BF718,MobyLink cpPos; u8 cpId; Toggle useCpId; u8 pad[10];,13,0,compiled descriptor; no assertion spawned or active,current verified module text base + RVA
9,Inside Clank,PolarizerTarget,Gadgets et outils,0x002BF800,0x002BF874,0x001B3A88,0x001B3A88,3,0x00156D8C; 0x00157000; 0x00157008,0x002BF878; 0x002BF87C; 0x002BF880,MobyLink target; TriggerLink updateArea; MobyLink attachMoby; MobyLink target2; Toggle burstEffect; u8 targetType; Toggle bUseOnce; u8 pad[14];,36,5,compiled descriptor; no assertion spawned or active,current verified module text base + RVA
9,Inside Clank,PositionalSound,Camera et presentation,0x002BF90C,0x002BF980,0x001B3B60,0x001B3B60,3,0x00157DC0; 0x00157EB8; 0x00157EC0,0x002BF984; 0x002BF988; 0x002BF98C,u32 soundSig; TriggerLink activeArea; GDE_Sound *pGDESound; SND_Positional *pSound; f32 nearRadius; f32 farRadius; Toggle bIsLooping; u8 pad[15];,6,0,compiled descriptor; no assertion spawned or active,current verified module text base + RVA
9,Inside Clank,PowerupAmmo,"Caisses, pickups et bonus",0x002BFA74,0x002BFAE8,0x001B3BF0,0x001B3BF0,3,0x00157FDC; 0x001580A8; 0x001580B0,0x002BFAEC; 0x002BFAF0; 0x002BFAF4,VEC4 velocity; f32 fallDistance; f32 fadeAmnt; u8 ammoType; u8 ammoAmnt; u32 priority; u8 gain; u8 needSync;,48,1,compiled descriptor; no assertion spawned or active,current verified module text base + RVA
9,Inside Clank,PowerupHealth,"Caisses, pickups et bonus",0x002BFBD0,0x002BFC44,0x001B3C70,0x001B3C70,3,0x00159550; 0x001595A0; 0x001595DC,0x002BFC48; 0x002BFC4C; 0x002BFC50,Particle *pTrail[8]; Particle *pGlowParticle; Particle *pGlowParticle2; Particle *pSphereParticle; Particle *pSphereParticle2; Moby *pParent; VEC4 velocity; f32 bobCount; f32 goToTimer; f32 deathTimer; f32 fallDistance;,21,5,compiled descriptor; no assertion spawned or active,current verified module text base + RVA
9,Inside Clank,Ratchet,"Joueur, acteurs et accessoires",0x002BFD58,0x002BFDCC,0x001B3C80,0x001B3C80,4,0x0015AF84; 0x0015AFC4; 0x0015AFCC; 0x0015AFD4,0x002BFDD0; 0x002BFDD4; 0x002BFDD8; 0x002BFDDC,,15,0,compiled descriptor; no assertion spawned or active,current verified module text base + RVA
9,Inside Clank,RatchetDecoyInner,"Joueur, acteurs et accessoires",0x002BFE94,0x002BFF08,0x001B3D18,0x001B3D18,4,0x0015BECC; 0x0015BED4; 0x0015CC44; 0x0015BF94,0x002BFF0C; 0x002BFF10; 0x002BFF14; 0x002BFF18,,18,2,compiled descriptor; no assertion spawned or active,current verified module text base + RVA
9,Inside Clank,RatchetDecoyOuter,"Joueur, acteurs et accessoires",0x002BFF08,0x002BFF7C,0x001B3D30,0x001B3D30,3,0x0015D154; 0x0015D190; 0x0015D198,0x002BFF80; 0x002BFF84; 0x002BFF88,,0,0,compiled descriptor; no assertion spawned or active,current verified module text base + RVA
9,Inside Clank,Region,Autres objets et controleurs,0x002BFF9C,0x002C0010,0x001B3D48,0x001B3D48,3,0x0015D1B4; 0x0015D2B0; 0x0015D2B8,0x002C0014; 0x002C0018; 0x002C001C,Toggle groups[32]; TriggerLink zone; u32 pad[ 3 ];,2,0,compiled descriptor; no assertion spawned or active,current verified module text base + RVA
9,Inside Clank,Ryno,"Armes, projectiles et degats",0x002C0140,0x002C01B4,0x001B3DB8,0x001B3DB8,3,0x0015D2C0; 0x0015D39C; 0x0015DA3C,0x002C01B8; 0x002C01BC; 0x002C01C0,,36,1,compiled descriptor; no assertion spawned or active,current verified module text base + RVA
9,Inside Clank,RynoRocket,"Armes, projectiles et degats",0x002C021C,0x002C0290,0x001B3DC0,0x001B3DC0,3,0x0015E440; 0x0015E45C; 0x0015E4AC,0x002C0294; 0x002C0298; 0x002C029C,,36,1,compiled descriptor; no assertion spawned or active,current verified module text base + RVA
9,Inside Clank,SetCamera,Camera et presentation,0x002C03EC,0x002C0460,0x001B3DD0,0x001B3DD0,3,0x0015F368; 0x0015F47C; 0x0015F484,0x002C0464; 0x002C0468; 0x002C046C,TriggerLink area; Toggle lazy; u8 pad[3]; f32 lookHeight; f32 camDist; f32 height; f32 elevation; f32 azimuth; MobyLink parent; Toggle useAzimuth; Toggle useLookHeight; Toggle useCamDist; Toggle useHeight; Toggle useElevation; Toggle enabled; Toggle singleUse; Toggle entered; f32 speed; u32 priority; f32 restoreSpeed; u32 pad2[3];,1,0,compiled descriptor; no assertion spawned or active,current verified module text base + RVA
9,Inside Clank,ShieldCharger,"Armes, projectiles et degats",0x002C0478,0x002C04EC,0x001B3EB8,0x001B3EB8,4,0x0016008C; 0x0015F74C; 0x001604BC; 0x00160CC0,0x002C04F0; 0x002C04F4; 0x002C04F8; 0x002C04FC,,53,3,compiled descriptor; no assertion spawned or active,current verified module text base + RVA
9,Inside Clank,ShieldChargerBolt,"Armes, projectiles et degats",0x002C0620,0x002C0694,0x001B3EE8,0x001B3EE8,3,0x00162B20; 0x00162B28; 0x00162B6C,0x002C0698; 0x002C069C; 0x002C06A0,,13,1,compiled descriptor; no assertion spawned or active,current verified module text base + RVA
9,Inside Clank,ShockRocket,"Armes, projectiles et degats",0x002C0720,0x002C0794,0x001B3F00,0x001B3F00,3,0x00162EC0; 0x00162FAC; 0x00163298,0x002C0798; 0x002C079C; 0x002C07A0,,22,2,compiled descriptor; no assertion spawned or active,current verified module text base + RVA
9,Inside Clank,ShockRocketShot,"Armes, projectiles et degats",0x002C080C,0x002C0880,0x001B3F10,0x001B3F10,3,0x00163E0C; 0x00163E5C; 0x00164464,0x002C0884; 0x002C0888; 0x002C088C,,31,3,compiled descriptor; no assertion spawned or active,current verified module text base + RVA
9,Inside Clank,ShockSoldier01,Ennemis et boss,0x002C0AE8,0x002C0B5C,0x001B3F20,0x001B3F20,4,0x0016527C; 0x0016571C; 0x0016620C; 0x00165804,0x002C0B60; 0x002C0B64; 0x002C0B68; 0x002C0B6C,Navigate nav; MobyLink controller; MobyLink enemyWave; TriggerLink detect; TriggerLink ignore; CurveLink roundCurve; TriggerLink roundUpper; Toggle waitForPowerup; Toggle checkChargeFloor; Toggle fakeFloor; Toggle outsideRestrict; Toggle roundRoomNav; Toggle clampToGround; u8 pad[6];,37,0,compiled descriptor; no assertion spawned or active,current verified module text base + RVA
9,Inside Clank,ShrinkBeam,Gadgets et outils,0x002C0BAC,0x002C0C20,0x001B4108,0x001B4108,3,0x00167A18; 0x00167A20; 0x001680D4,0x002C0C24; 0x002C0C28; 0x002C0C2C,,4,0,compiled descriptor; no assertion spawned or active,current verified module text base + RVA
9,Inside Clank,ShrinkRayRatchet,Gadgets et outils,0x002C0C10,0x002C0C84,0x001B4118,0x001B4118,3,0x00168D94; 0x00168D9C; 0x00168DA4,0x002C0C88; 0x002C0C8C; 0x002C0C90,,0,0,compiled descriptor; no assertion spawned or active,current verified module text base + RVA
9,Inside Clank,SimpleSound,Camera et presentation,0x002C0CA4,0x002C0D18,0x001B4130,0x001B4130,3,0x00168DAC; 0x00168F04; 0x00168F0C,0x002C0D1C; 0x002C0D20; 0x002C0D24,u32 soundSig; f32 minTime; f32 maxTime; u32 pad[1];,2,0,compiled descriptor; no assertion spawned or active,current verified module text base + RVA
9,Inside Clank,SkillPoint_L09,Autres objets et controleurs,0x002C0D84,0x002C0DF8,0x001B41A8,0x001B41A8,3,0x0016912C; 0x00169378; 0x00169380,0x002C0DFC; 0x002C0E00; 0x002C0E04,TriggerLink headStart; TriggerLink headEnd; TriggerLink enemySegmentArea; TriggerLink exitEnemySegmentArea;,1,0,compiled descriptor; no assertion spawned or active,current verified module text base + RVA
9,Inside Clank,SlideController,Autres objets et controleurs,0x002C0E8C,0x002C0F00,0x001B4490,0x001B4490,3,0x001696CC; 0x00169A00; 0x00169A08,0x002C0F04; 0x002C0F08; 0x002C0F0C,VEC4 initDir; TriggerLink detectArea; CurveLink path; f32 azimuth; f32 camDist; f32 camHeight; f32 camOfsY; f32 slideSp;,2,0,compiled descriptor; no assertion spawned or active,current verified module text base + RVA
9,Inside Clank,SparkEmitter,"Effets, particules et environnement",0x002C0FF4,0x002C1068,0x001B4598,0x001B4598,3,0x00169A70; 0x00169ACC; 0x00169AD4,0x002C106C; 0x002C1070; 0x002C1074,f32 waitTime; f32 randTime; u32 typeId; u32 pad[2];,10,1,compiled descriptor; no assertion spawned or active,current verified module text base + RVA
9,Inside Clank,Spitfire,"Effets, particules et environnement",0x002C10A8,0x002C111C,0x001B45A8,0x001B45A8,3,0x00169E70; 0x00169EA4; 0x00169EC8,0x002C1120; 0x002C1124; 0x002C1128,,19,0,compiled descriptor; no assertion spawned or active,current verified module text base + RVA
9,Inside Clank,Splash,Autres objets et controleurs,0x002C1184,0x002C11F8,0x001B45B8,0x001B45B8,3,0x0016B25C; 0x0016B2A4; 0x0016B2AC,0x002C11FC; 0x002C1200; 0x002C1204,VEC2 pos; VEC2 velocity; const VEC3 *pPos; f32 startRadius; u16 uOffset; u8 owned; u8 pad;,8,0,compiled descriptor; no assertion spawned or active,current verified module text base + RVA
9,Inside Clank,Sproutomatic,Gadgets et outils,0x002C126C,0x002C12E0,0x001B45C0,0x001B45C0,3,0x0016B884; 0x0016B92C; 0x0016B964,0x002C12E4; 0x002C12E8; 0x002C12EC,,10,0,compiled descriptor; no assertion spawned or active,current verified module text base + RVA
9,Inside Clank,StaticBarrierBelt,Autres objets et controleurs,0x002C12D0,0x002C1344,0x001B45D0,0x001B45D0,3,0x0016BF28; 0x0016BF5C; 0x0016BF64,0x002C1348; 0x002C134C; 0x002C1350,,0,0,compiled descriptor; no assertion spawned or active,current verified module text base + RVA
9,Inside Clank,SuckCannon,"Armes, projectiles et degats",0x002C1430,0x002C14A4,0x001B45E8,0x001B45E8,3,0x0016BF6C; 0x0016C0B4; 0x0016C6D0,0x002C14A8; 0x002C14AC; 0x002C14B0,,21,3,compiled descriptor; no assertion spawned or active,current verified module text base + RVA
9,Inside Clank,SuckCannonComet,"Armes, projectiles et degats",0x002C1498,0x002C150C,0x001B45F8,0x001B45F8,3,0x00186058; 0x00186060; 0x00186294,0x002C1510; 0x002C1514; 0x002C1518,,40,1,compiled descriptor; no assertion spawned or active,current verified module text base + RVA
9,Inside Clank,SuckCannonCometTie,"Armes, projectiles et degats",0x002C1500,0x002C1574,0x001B4608,0x001B4608,3,0x00186058; 0x00186060; 0x0016D040,0x002C1578; 0x002C157C; 0x002C1580,,40,1,compiled descriptor; no assertion spawned or active,current verified module text base + RVA
9,Inside Clank,SuckCannonManager,"Armes, projectiles et degats",0x002C15DC,0x002C1650,0x001B4620,0x001B4620,3,0x0016DD20; 0x0016DD6C; 0x0016DD74,0x002C1654; 0x002C1658; 0x002C165C,,25,0,compiled descriptor; no assertion spawned or active,current verified module text base + RVA
9,Inside Clank,SwarmManager,Autres objets et controleurs,0x002C166C,0x002C16E0,0x001B4638,0x001B4638,3,0x0016EAC4; 0x0016EB0C; 0x0016EE44,0x002C16E4; 0x002C16E8; 0x002C16EC,,4,2,compiled descriptor; no assertion spawned or active,current verified module text base + RVA
9,Inside Clank,Teleporter,Autres objets et controleurs,0x002C1780,0x002C17F4,0x001B4648,0x001B4648,3,0x0016F664; 0x0016FA1C; 0x0016FDE8,0x002C17F8; 0x002C17FC; 0x002C1800,MobyLink destination; MobyLink destinationPreferred; TriggerLink activateTrigger; u32 levelId; s32 changeToLevel; Toggle secretActivation; s8 canGoToLevel; u8 pad[ 10 ];,17,0,compiled descriptor; no assertion spawned or active,current verified module text base + RVA
9,Inside Clank,TieManipulator,Autres objets et controleurs,0x002C1BB4,0x002C1C28,0x001B4718,0x001B4718,3,0x00170734; 0x0017072C; 0x00170D0C,0x002C1C2C; 0x002C1C30; 0x002C1C34,TieLink tie[ 8 ]; f32 xAxis; f32 yAxis; f32 zAxis; f32 xRot; f32 yRot; f32 zRot; f32 xSpan; f32 ySpan; f32 zSpan; f32 xCounter; f32 yCounter; f32 zCounter; f32 speed; f32 speedPerFrame; f32 curviness; f32 curvPar; f32 scaleSpeed; f32 scaleSpeedPerFrame; f32 scaleMax; f32 scaleCounter; f32 xPerc[8]; f32 yPerc[8]; f32 zPerc[8]; f32 xPar[8]; f32 yPar[8]; f32 zPar[8]; f32 xStart[8]; f32 yStart[8]; f32 zStart[8]; MATRIX4 *pMat[8]; MATRIX4 scaleMatrix; f32 drawDistance; f32 updateDistance; f32 inverseScale; u32 linkCount;,17,0,compiled descriptor; no assertion spawned or active,current verified module text base + RVA
9,Inside Clank,TitaniumBolt,"Caisses, pickups et bonus",0x002C1CF4,0x002C1D68,0x001B4728,0x001B4728,3,0x0017109C; 0x0017128C; 0x001713F4,0x002C1D6C; 0x002C1D70; 0x002C1D74,f32 dist; f32 height; f32 lookHeight; f32 elevation; f32 azimuth; Toggle magnaboots; Toggle noAnimation; u32 levelToFake; u8 id; u8 pad[5];,23,0,compiled descriptor; no assertion spawned or active,current verified module text base + RVA
9,Inside Clank,TriggerCollection,Pieges et mecanismes,0x002C1D9C,0x002C1E10,0x001B47E0,0x001B47E0,3,0x00171E18; 0x00171E20; 0x00171E28,0x002C1E14; 0x002C1E18; 0x002C1E1C,TriggerLink triggers[ 14 ];,0,0,compiled descriptor; no assertion spawned or active,current verified module text base + RVA
9,Inside Clank,TripleWaveBeacon,Autres objets et controleurs,0x002C1E10,0x002C1E84,0x001B47F8,0x001B47F8,3,0x00172320; 0x001724D0; 0x00172504,0x002C1E88; 0x002C1E8C; 0x002C1E90,,27,2,compiled descriptor; no assertion spawned or active,current verified module text base + RVA
9,Inside Clank,vendor,Autres objets et controleurs,0x002C1EBC,0x002C1F30,0x001B4810,0x001B4810,3,0x001727AC; 0x00172974; 0x001729D8,0x002C1F34; 0x002C1F38; 0x002C1F3C,u32 lastAnimPlayed; u32 vendorType; Toggle bSellsWeapons; u8 pad[ 7 ];,17,0,compiled descriptor; no assertion spawned or active,current verified module text base + RVA
9,Inside Clank,Wrench,Autres objets et controleurs,0x002C20C8,0x002C213C,0x001B4818,0x001B4818,3,0x00172D54; 0x00172E28; 0x00173264,0x002C2140; 0x002C2144; 0x002C2148,,2,0,compiled descriptor; no assertion spawned or active,current verified module text base + RVA
9,Inside Clank,ZipLineController,Autres objets et controleurs,0x002C21F0,0x002C2264,0x001B4A18,0x001B4A18,3,0x00176090; 0x00176300; 0x00176334,0x002C2268; 0x002C226C; 0x002C2270,VEC4 lineVec; VEC4 dir; CurveLink path; f32 dist; f32 azimuth; f32 camDist; f32 camHeight; f32 camOfsY;,1,0,compiled descriptor; no assertion spawned or active,current verified module text base + RVA
10,Quodrona,Acidbomb,"Armes, projectiles et degats",0x002D4250,0x002D42C4,0x001CE220,0x001CE220,3,0x00104D50; 0x00104D60; 0x001056C8,0x002D42C8; 0x002D42CC; 0x002D42D0,,35,0,compiled descriptor; no assertion spawned or active,current verified module text base + RVA
10,Quodrona,AcidbombEpoxy,"Armes, projectiles et degats",0x002D42D8,0x002D434C,0x001CE248,0x001CE248,3,0x00106B0C; 0x00106B14; 0x00106B9C,0x002D4350; 0x002D4354; 0x002D4358,,5,0,compiled descriptor; no assertion spawned or active,current verified module text base + RVA
10,Quodrona,AcidGloveHUD,"Armes, projectiles et degats",0x002D4338,0x002D43AC,0x001CE258,0x001CE258,3,0x001070A4; 0x001070AC; 0x001070B4,0x002D43B0; 0x002D43B4; 0x002D43B8,,0,0,compiled descriptor; no assertion spawned or active,current verified module text base + RVA
10,Quodrona,AgentController,"Armes, projectiles et degats",0x002D4398,0x002D440C,0x001CE268,0x001CE268,3,0x001070BC; 0x001071AC; 0x00107364,0x002D4410; 0x002D4414; 0x002D4418,,6,0,compiled descriptor; no assertion spawned or active,current verified module text base + RVA
10,Quodrona,AgentOfDoom,"Armes, projectiles et degats",0x002D46EC,0x002D4760,0x001CE340,0x001CE340,4,0x00107A7C; 0x00107B58; 0x00107C18; 0x00107F38,0x002D4764; 0x002D4768; 0x002D476C; 0x002D4770,,21,1,compiled descriptor; no assertion spawned or active,current verified module text base + RVA
10,Quodrona,AgentOfDoomShrapnel,"Armes, projectiles et degats",0x002D47CC,0x002D4840,0x001CE3C8,0x001CE3C8,3,0x0010C650; 0x0010C658; 0x0010C660,0x002D4844; 0x002D4848; 0x002D484C,,31,0,compiled descriptor; no assertion spawned or active,current verified module text base + RVA
10,Quodrona,AgentsBomb,"Armes, projectiles et degats",0x002D4908,0x002D497C,0x001CE3E0,0x001CE3E0,3,0x0010C960; 0x0010C968; 0x0010C970,0x002D4980; 0x002D4984; 0x002D4988,,19,0,compiled descriptor; no assertion spawned or active,current verified module text base + RVA
10,Quodrona,AgentsGlove,"Armes, projectiles et degats",0x002D49A0,0x002D4A14,0x001CE3F0,0x001CE3F0,3,0x0010DEFC; 0x0010DF88; 0x0010DFB4,0x002D4A18; 0x002D4A1C; 0x002D4A20,,8,2,compiled descriptor; no assertion spawned or active,current verified module text base + RVA
10,Quodrona,AgentsGrenade,"Armes, projectiles et degats",0x002D4A4C,0x002D4AC0,0x001CE400,0x001CE400,3,0x0010E484; 0x0010E574; 0x0010EA28,0x002D4AC4; 0x002D4AC8; 0x002D4ACC,,33,2,compiled descriptor; no assertion spawned or active,current verified module text base + RVA
10,Quodrona,AgentsLaser,"Armes, projectiles et degats",0x002D4AF4,0x002D4B68,0x001CE488,0x001CE488,3,0x0010EFA4; 0x0010F2AC; 0x0010F360,0x002D4B6C; 0x002D4B70; 0x002D4B74,,17,0,compiled descriptor; no assertion spawned or active,current verified module text base + RVA
10,Quodrona,AgentsRocket,"Armes, projectiles et degats",0x002D4BE8,0x002D4C5C,0x001CE560,0x001CE560,3,0x0010FD6C; 0x0010FE30; 0x0010FEB0,0x002D4C60; 0x002D4C64; 0x002D4C68,,26,1,compiled descriptor; no assertion spawned or active,current verified module text base + RVA
10,Quodrona,AreaCam,Autres objets et controleurs,0x002D4CDC,0x002D4D50,0x001CE5E8,0x001CE5E8,3,0x00110798; 0x00110844; 0x0011084C,0x002D4D54; 0x002D4D58; 0x002D4D5C,TriggerLink camArea; f32 elevation; f32 distance; f32 height; f32 lookHeight; u32 pad[3];,2,1,compiled descriptor; no assertion spawned or active,current verified module text base + RVA
10,Quodrona,ArmorHelmet,Autres objets et controleurs,0x002D4D50,0x002D4DC4,0x001CE658,0x001CE658,3,0x001109CC; 0x001109D4; 0x001109DC,0x002D4DC8; 0x002D4DCC; 0x002D4DD0,,0,0,compiled descriptor; no assertion spawned or active,current verified module text base + RVA
10,Quodrona,ArmorLeftFoot,Autres objets et controleurs,0x002D4DB0,0x002D4E24,0x001CE668,0x001CE668,3,0x001109E4; 0x001109EC; 0x001109F4,0x002D4E28; 0x002D4E2C; 0x002D4E30,,0,0,compiled descriptor; no assertion spawned or active,current verified module text base + RVA
10,Quodrona,ArmorLeftHand,Autres objets et controleurs,0x002D4E20,0x002D4E94,0x001CE678,0x001CE678,3,0x001109FC; 0x00110A04; 0x00110A0C,0x002D4E98; 0x002D4E9C; 0x002D4EA0,u32 pad[ 4 ];,0,0,compiled descriptor; no assertion spawned or active,current verified module text base + RVA
10,Quodrona,ArmorRightFoot,Autres objets et controleurs,0x002D4E80,0x002D4EF4,0x001CE688,0x001CE688,3,0x00110A14; 0x00110A1C; 0x00110A24,0x002D4EF8; 0x002D4EFC; 0x002D4F00,,0,0,compiled descriptor; no assertion spawned or active,current verified module text base + RVA
10,Quodrona,ArmorRightHand,Autres objets et controleurs,0x002D4EF0,0x002D4F64,0x001CE698,0x001CE698,3,0x00110A2C; 0x00110A34; 0x00110A3C,0x002D4F68; 0x002D4F6C; 0x002D4F70,u32 pad[ 4 ];,0,0,compiled descriptor; no assertion spawned or active,current verified module text base + RVA
10,Quodrona,ArmorTorso,Vehicules et minijeux,0x002D4F50,0x002D4FC4,0x001CE6A8,0x001CE6A8,3,0x00110A44; 0x00110A4C; 0x00110A54,0x002D4FC8; 0x002D4FCC; 0x002D4FD0,,0,0,compiled descriptor; no assertion spawned or active,current verified module text base + RVA
10,Quodrona,BeeMine,"Armes, projectiles et degats",0x002D5034,0x002D50A8,0x001CE6B8,0x001CE6B8,4,0x001110F4; 0x00111104; 0x001114E4; 0x001111DC,0x002D50AC; 0x002D50B0; 0x002D50B4; 0x002D50B8,,2,0,compiled descriptor; no assertion spawned or active,current verified module text base + RVA
10,Quodrona,BeeMineGlove,"Armes, projectiles et degats",0x002D5100,0x002D5174,0x001CE6E8,0x001CE6E8,3,0x00112EC0; 0x00113048; 0x00113074,0x002D5178; 0x002D517C; 0x002D5180,,2,0,compiled descriptor; no assertion spawned or active,current verified module text base + RVA
10,Quodrona,BeeMineGloveHUD,"Armes, projectiles et degats",0x002D5160,0x002D51D4,0x001CE6F8,0x001CE6F8,3,0x00113694; 0x0011369C; 0x001136A4,0x002D51D8; 0x002D51DC; 0x002D51E0,,0,0,compiled descriptor; no assertion spawned or active,current verified module text base + RVA
10,Quodrona,BeeMineShrapnel,"Armes, projectiles et degats",0x002D522C,0x002D52A0,0x001CE708,0x001CE708,3,0x001139DC; 0x001139E4; 0x001139EC,0x002D52A4; 0x002D52A8; 0x002D52AC,,31,0,compiled descriptor; no assertion spawned or active,current verified module text base + RVA
10,Quodrona,Blaster,"Armes, projectiles et degats",0x002D531C,0x002D5390,0x001CE718,0x001CE718,3,0x00113A64; 0x00113BC0; 0x001140E4,0x002D5394; 0x002D5398; 0x002D539C,,53,3,compiled descriptor; no assertion spawned or active,current verified module text base + RVA
10,Quodrona,BlasterAkimbo,"Armes, projectiles et degats",0x002D5388,0x002D53FC,0x001CE720,0x001CE720,3,0x001150C4; 0x00115148; 0x00115178,0x002D5400; 0x002D5404; 0x002D5408,,21,2,compiled descriptor; no assertion spawned or active,current verified module text base + RVA
10,Quodrona,BlasterClone,"Armes, projectiles et degats",0x002D53F4,0x002D5468,0x001CE730,0x001CE730,3,0x001151C8; 0x001151F0; 0x001151F8,0x002D546C; 0x002D5470; 0x002D5474,,0,0,compiled descriptor; no assertion spawned or active,current verified module text base + RVA
10,Quodrona,BlasterCloneShot,"Armes, projectiles et degats",0x002D5518,0x002D558C,0x001CE740,0x001CE740,3,0x0011577C; 0x00115784; 0x0011590C,0x002D5590; 0x002D5594; 0x002D5598,,19,1,compiled descriptor; no assertion spawned or active,current verified module text base + RVA
10,Quodrona,BlasterShot,"Armes, projectiles et degats",0x002D5594,0x002D5608,0x001CE758,0x001CE758,3,0x00116690; 0x001166B8; 0x00116A5C,0x002D560C; 0x002D5610; 0x002D5614,,28,2,compiled descriptor; no assertion spawned or active,current verified module text base + RVA
10,Quodrona,BlitzGun,"Armes, projectiles et degats",0x002D59F4,0x002D5A68,0x001CE768,0x001CE768,3,0x00118928; 0x00118A84; 0x00118EDC,0x002D5A6C; 0x002D5A70; 0x002D5A74,,40,1,compiled descriptor; no assertion spawned or active,current verified module text base + RVA
10,Quodrona,BlitzGunShot,"Armes, projectiles et degats",0x002D5B84,0x002D5BF8,0x001CE778,0x001CE778,3,0x0011A970; 0x0011A978; 0x0011AB14,0x002D5BFC; 0x002D5C00; 0x002D5C04,,21,2,compiled descriptor; no assertion spawned or active,current verified module text base + RVA
10,Quodrona,Bolt,"Caisses, pickups et bonus",0x002D5BE8,0x002D5C5C,0x001CE788,0x001CE788,2,0x0011B624; 0x0011B62C,0x002D5C60; 0x002D5C64,,0,0,compiled descriptor; no assertion spawned or active,current verified module text base + RVA
10,Quodrona,BoltController,"Caisses, pickups et bonus",0x002D5EDC,0x002D5F50,0x001CE7D0,0x001CE7D0,3,0x0011EBAC; 0x0011EDE0; 0x0011EE04,0x002D5F54; 0x002D5F58; 0x002D5F5C,u32 boltAmnt; u32 boltAmountReplay; u32 pad[ 2 ];,0,0,compiled descriptor; no assertion spawned or active,current verified module text base + RVA
10,Quodrona,BoltGrabber,"Caisses, pickups et bonus",0x002D5F58,0x002D5FCC,0x001CE880,0x001CE880,3,0x0011F1EC; 0x0011F1F4; 0x0011F1FC,0x002D5FD0; 0x002D5FD4; 0x002D5FD8,,0,0,compiled descriptor; no assertion spawned or active,current verified module text base + RVA
10,Quodrona,Bombglove,"Armes, projectiles et degats",0x002D601C,0x002D6090,0x001CE890,0x001CE890,3,0x0011F204; 0x0011F2DC; 0x0011F78C,0x002D6094; 0x002D6098; 0x002D609C,,12,0,compiled descriptor; no assertion spawned or active,current verified module text base + RVA
10,Quodrona,BoxBreaker,"Caisses, pickups et bonus",0x002D6080,0x002D60F4,0x001CE8A0,0x001CE8A0,3,0x0011FCFC; 0x0011FD04; 0x0011FD0C,0x002D60F8; 0x002D60FC; 0x002D6100,,0,0,compiled descriptor; no assertion spawned or active,current verified module text base + RVA
10,Quodrona,BoxBreakerHelp,"Caisses, pickups et bonus",0x002D60E0,0x002D6154,0x001CE8B0,0x001CE8B0,3,0x0011FD98; 0x0011FDA0; 0x0011FDA8,0x002D6158; 0x002D615C; 0x002D6160,,5,0,compiled descriptor; no assertion spawned or active,current verified module text base + RVA
10,Quodrona,BustyNurse,Ennemis et boss,0x002D62F8,0x002D636C,0x001CE8D0,0x001CE8D0,4,0x0011FDF4; 0x00120160; 0x001207BC; 0x00120200,0x002D6370; 0x002D6374; 0x002D6378; 0x002D637C,Navigate nav; MobyLink controller; TriggerLink detect; VEC2 panicPos; Toggle panicker; Toggle wanderer; u8 controllerId; u8 runLeft; Launch launch; f32 health;,25,1,compiled descriptor; no assertion spawned or active,current verified module text base + RVA
10,Quodrona,ChameleonDecoy,Autres objets et controleurs,0x002D645C,0x002D64D0,0x001CEA40,0x001CEA40,4,0x001218A4; 0x001218AC; 0x001218C4; 0x0012194C,0x002D64D4; 0x002D64D8; 0x002D64DC; 0x002D64E0,,7,1,compiled descriptor; no assertion spawned or active,current verified module text base + RVA
10,Quodrona,ClankForShipAnim,"Joueur, acteurs et accessoires",0x002D64D0,0x002D6544,0x001CEA50,0x001CEA50,3,0x00121A00; 0x00121A08; 0x00121A10,0x002D6548; 0x002D654C; 0x002D6550,u32 pad[ 4 ];,0,0,compiled descriptor; no assertion spawned or active,current verified module text base + RVA
10,Quodrona,ClankPack,"Joueur, acteurs et accessoires",0x002D6530,0x002D65A4,0x001CEA68,0x001CEA68,3,0x00121A18; 0x00121A48; 0x00121A50,0x002D65A8; 0x002D65AC; 0x002D65B0,,2,0,compiled descriptor; no assertion spawned or active,current verified module text base + RVA
10,Quodrona,ContinuePoint,Autres objets et controleurs,0x002D65BC,0x002D6630,0x001CEA78,0x001CEA78,3,0x00121A74; 0x00121A98; 0x00121AA0,0x002D6634; 0x002D6638; 0x002D663C,TriggerLink activateTrigger; u8 index;,0,0,compiled descriptor; no assertion spawned or active,current verified module text base + RVA
10,Quodrona,ConveyorBelt,Autres objets et controleurs,0x002D6668,0x002D66DC,0x001CEA88,0x001CEA88,3,0x00121BB8; 0x00121D48; 0x00121D50,0x002D66E0; 0x002D66E4; 0x002D66E8,CurveLink conveyorCurve; f32 speed; f32 width; u32 soundSig;,8,0,compiled descriptor; no assertion spawned or active,current verified module text base + RVA
10,Quodrona,CowBell,Autres objets et controleurs,0x002D6704,0x002D6778,0x001CEA98,0x001CEA98,3,0x0012235C; 0x00122364; 0x0012236C,0x002D677C; 0x002D6780; 0x002D6784,,31,0,compiled descriptor; no assertion spawned or active,current verified module text base + RVA
10,Quodrona,Crate,"Caisses, pickups et bonus",0x002D67B4,0x002D6828,0x001CEAA0,0x001CEAA0,4,0x001224A4; 0x001224AC; 0x00122594; 0x001224B4,0x002D682C; 0x002D6830; 0x002D6834; 0x002D6838,Moby *pCrateBelow; f32 velocityY; f32 fallDistance; f32 distFallen;,15,0,compiled descriptor; no assertion spawned or active,current verified module text base + RVA
10,Quodrona,CrateAmmo,"Caisses, pickups et bonus",0x002D68F4,0x002D6968,0x001CEAA8,0x001CEAA8,4,0x00122674; 0x0012269C; 0x001226A4; 0x001226AC,0x002D696C; 0x002D6970; 0x002D6974; 0x002D6978,Moby *pCrateBelow; f32 velocityY; f32 fallDistance; f32 distFallen; Toggle major; Toggle minor; u8 noAmmoType1; u8 noAmmoType2; u8 onlyAmmoType; Toggle validIM; Toggle validDM; Toggle validCTF; u8 pad[8];,12,0,compiled descriptor; no assertion spawned or active,current verified module text base + RVA
10,Quodrona,CrateAmmoSpawned,"Caisses, pickups et bonus",0x002D6A28,0x002D6A9C,0x001CEAB8,0x001CEAB8,4,0x00122D70; 0x00122D90; 0x00122DAC; 0x001230A8,0x002D6AA0; 0x002D6AA4; 0x002D6AA8; 0x002D6AAC,Moby *pCrateBelow; f32 velocityY; f32 fallDistance; f32 distFallen; Toggle major; Toggle minor; u8 noAmmoType1; u8 noAmmoType2; u8 onlyAmmoType; Toggle validIM; Toggle validDM; Toggle validCTF; u8 pad[8];,20,1,compiled descriptor; no assertion spawned or active,current verified module text base + RVA
10,Quodrona,CrateChunk,"Caisses, pickups et bonus",0x002D6A88,0x002D6AFC,0x001CEAD0,0x001CEAD0,2,0x001230E8; 0x001230F0,0x002D6B00; 0x002D6B04,,0,0,compiled descriptor; no assertion spawned or active,current verified module text base + RVA
10,Quodrona,CrateChunkController,"Caisses, pickups et bonus",0x002D6C88,0x002D6CFC,0x001CEAE0,0x001CEAE0,2,0x0012374C; 0x00123754,0x002D6D00; 0x002D6D04,,0,0,compiled descriptor; no assertion spawned or active,current verified module text base + RVA
10,Quodrona,CrateHealth,"Caisses, pickups et bonus",0x002D6DA0,0x002D6E14,0x001CEB80,0x001CEB80,2,0x00123984; 0x00123A20,0x002D6E18; 0x002D6E1C,Moby *pCrateBelow; f32 velocityY; f32 fallDistance; f32 distFallen; Moby *pPowerup; Toggle validIM; Toggle validDM; Toggle validCTF; u8 pad[9];,1,0,compiled descriptor; no assertion spawned or active,current verified module text base + RVA
10,Quodrona,CrateHealthSpawned,"Caisses, pickups et bonus",0x002D7398,0x002D740C,0x001CEB90,0x001CEB90,4,0x0012433C; 0x001243D0; 0x0012442C; 0x001243EC,0x002D7410; 0x002D7414; 0x002D7418; 0x002D741C,Moby *pCrateBelow; f32 velocityY; f32 fallDistance; f32 distFallen; Moby *pPowerup; Toggle validIM; Toggle validDM; Toggle validCTF; u8 pad[9];,29,1,compiled descriptor; no assertion spawned or active,current verified module text base + RVA
10,Quodrona,CrateTeleporter,"Caisses, pickups et bonus",0x002D7484,0x002D74F8,0x001CEBA8,0x001CEBA8,3,0x001247F4; 0x0012485C; 0x00124910,0x002D74FC; 0x002D7500; 0x002D7504,u32 type; f32 delay; f32 antiCampRadius; u32 updateDist;,15,4,compiled descriptor; no assertion spawned or active,current verified module text base + RVA
10,Quodrona,CrossbowGun,"Armes, projectiles et degats",0x002D7584,0x002D75F8,0x001CEBB8,0x001CEBB8,3,0x00124DE0; 0x00124ECC; 0x001250AC,0x002D75FC; 0x002D7600; 0x002D7604,,33,3,compiled descriptor; no assertion spawned or active,current verified module text base + RVA
10,Quodrona,CrossbowShot,"Armes, projectiles et degats",0x002D7764,0x002D77D8,0x001CEBF0,0x001CEBF0,3,0x001256FC; 0x00125704; 0x00126C44,0x002D77DC; 0x002D77E0; 0x002D77E4,,63,4,compiled descriptor; no assertion spawned or active,current verified module text base + RVA
10,Quodrona,CrystalGroundShard,Autres objets et controleurs,0x002D7880,0x002D78F4,0x001CEC00,0x001CEC00,3,0x00127B38; 0x00127D7C; 0x00127FC0,0x002D78F8; 0x002D78FC; 0x002D7900,,33,1,compiled descriptor; no assertion spawned or active,current verified module text base + RVA
10,Quodrona,DeathTrigger,Pieges et mecanismes,0x002D7940,0x002D79B4,0x001CEC18,0x001CEC18,3,0x001286E0; 0x00128740; 0x00128748,0x002D79B8; 0x002D79BC; 0x002D79C0,MobyLink killAreas; MobyLink ignoreAreas; Toggle killHeroInTriggers; f32 minYHeight; u8 pad[3];,7,0,compiled descriptor; no assertion spawned or active,current verified module text base + RVA
10,Quodrona,DoorButton,Pieges et mecanismes,0x002D79D0,0x002D7A44,0x001CEC28,0x001CEC28,3,0x001288BC; 0x00128AB8; 0x00128AEC,0x002D7A48; 0x002D7A4C; 0x002D7A50,MobyLink door; u32 pad[ 3 ];,17,1,compiled descriptor; no assertion spawned or active,current verified module text base + RVA
10,Quodrona,DualBlasterHUD,"Armes, projectiles et degats",0x002D7A40,0x002D7AB4,0x001CEC98,0x001CEC98,3,0x00128DE8; 0x00128DF0; 0x00128DF8,0x002D7AB8; 0x002D7ABC; 0x002D7AC0,,0,0,compiled descriptor; no assertion spawned or active,current verified module text base + RVA
10,Quodrona,electricXplo,Autres objets et controleurs,0x002D7ADC,0x002D7B50,0x001CECA8,0x001CECA8,3,0x00129898; 0x001295EC; 0x001295F4,0x002D7B54; 0x002D7B58; 0x002D7B5C,f32 lengths[24]; VEC3 normals[18]; f32 timer; s32 scroll;,14,2,compiled descriptor; no assertion spawned or active,current verified module text base + RVA
10,Quodrona,ElectroBall,Autres objets et controleurs,0x002D7CB0,0x002D7D24,0x001CED28,0x001CED28,3,0x0012B180; 0x0012B1F0; 0x0012B234,0x002D7D28; 0x002D7D2C; 0x002D7D30,,19,3,compiled descriptor; no assertion spawned or active,current verified module text base + RVA
10,Quodrona,ElectroshockWave,Autres objets et controleurs,0x002D7DBC,0x002D7E30,0x001CED38,0x001CED38,3,0x0012BE78; 0x0012BE80; 0x0012C958,0x002D7E34; 0x002D7E38; 0x002D7E3C,,14,3,compiled descriptor; no assertion spawned or active,current verified module text base + RVA
10,Quodrona,EliteCloneMuscle,Autres objets et controleurs,0x002D7FAC,0x002D8020,0x001CED50,0x001CED50,4,0x0012CCE8; 0x0012CE04; 0x0012CEFC; 0x0012CF28,0x002D8024; 0x002D8028; 0x002D802C; 0x002D8030,Navigate navigate; TriggerLink detectArea; MobyLink enemyCont; int prototype; u32 pad[ 2 ];,27,1,compiled descriptor; no assertion spawned or active,current verified module text base + RVA
10,Quodrona,EliteCloneMuscleGun,Autres objets et controleurs,0x002D8030,0x002D80A4,0x001CEEB8,0x001CEEB8,3,0x0012E63C; 0x0012E644; 0x0012E64C,0x002D80A8; 0x002D80AC; 0x002D80B0,,0,0,compiled descriptor; no assertion spawned or active,current verified module text base + RVA
10,Quodrona,EliteCloneSpeedy,Autres objets et controleurs,0x002D81F4,0x002D8268,0x001CEED0,0x001CEED0,4,0x0012E6E8; 0x0012E7F4; 0x0012E8F4; 0x0012E920,0x002D826C; 0x002D8270; 0x002D8274; 0x002D8278,Navigate navigate; TriggerLink detectArea; MobyLink enemyCont; int prototype; u32 pad[ 2 ];,22,1,compiled descriptor; no assertion spawned or active,current verified module text base + RVA
10,Quodrona,EliteCloneSpeedyGun,Autres objets et controleurs,0x002D8278,0x002D82EC,0x001CF050,0x001CF050,3,0x00131BE8; 0x00131BF0; 0x00131BF8,0x002D82F0; 0x002D82F4; 0x002D82F8,,0,0,compiled descriptor; no assertion spawned or active,current verified module text base + RVA
10,Quodrona,EliteSpawner,Autres objets et controleurs,0x002D8348,0x002D83BC,0x001CF068,0x001CF068,3,0x00131C94; 0x00131ECC; 0x00131F30,0x002D83C0; 0x002D83C4; 0x002D83C8,MobyLink spawnMoby; u32 pad[ 3 ];,20,3,compiled descriptor; no assertion spawned or active,current verified module text base + RVA
10,Quodrona,EliteWave,Autres objets et controleurs,0x002D8414,0x002D8488,0x001CF078,0x001CF078,3,0x00132668; 0x00132850; 0x00132858,0x002D848C; 0x002D8490; 0x002D8494,MobyLink spawner[8]; MobyLink enemy[4]; u8 count[4]; MobyLink nextWave; f32 spawnRate; TriggerLink trigger;,7,1,compiled descriptor; no assertion spawned or active,current verified module text base + RVA
10,Quodrona,EnemyController,Ennemis et boss,0x002D8580,0x002D85F4,0x001CF100,0x001CF100,3,0x00132B88; 0x00132D94; 0x00132FD4,0x002D85F8; 0x002D85FC; 0x002D8600,TriggerLink updateArea; TriggerLink updateArea2; TriggerLink destroyTrigger; f32 firstWaveDist; f32 secondWaveDist; Toggle envColl; u8 attackingMax; Toggle destroyControllerToo; u8 pad[ 9 ];,79,1,compiled descriptor; no assertion spawned or active,current verified module text base + RVA
10,Quodrona,EnemyWave,Ennemis et boss,0x002D86EC,0x002D8760,0x001CF2A0,0x001CF2A0,3,0x00135A74; 0x00135B2C; 0x00135E30,0x002D8764; 0x002D8768; 0x002D876C,MobyLink destroyedMoby; TriggerLink trigger; MobyLink previousWave; f32 timer; f32 delayRandMax; MobyLink enemyControllerToCheck; u8 mobyToCheckState; Toggle prevWaveDestroyed; u8 enemyInControllerCount; u8 pad[ 9 ];,9,1,compiled descriptor; no assertion spawned or active,current verified module text base + RVA
10,Quodrona,ExplosiveBee,Autres objets et controleurs,0x002D88BC,0x002D8930,0x001CF330,0x001CF330,3,0x001362F4; 0x0013639C; 0x00137244,0x002D8934; 0x002D8938; 0x002D893C,,9,2,compiled descriptor; no assertion spawned or active,current verified module text base + RVA
10,Quodrona,Flamethrower,"Armes, projectiles et degats",0x002D89F8,0x002D8A6C,0x001CF388,0x001CF388,3,0x0013833C; 0x001384B8; 0x001392C8,0x002D8A70; 0x002D8A74; 0x002D8A78,,12,2,compiled descriptor; no assertion spawned or active,current verified module text base + RVA
10,Quodrona,GenericTieForm,Autres objets et controleurs,0x002D8B80,0x002D8BF4,0x001CF398,0x001CF398,3,0x0013B1C8; 0x0013B218; 0x0013B24C,0x002D8BF8; 0x002D8BFC; 0x002D8C00,,6,0,compiled descriptor; no assertion spawned or active,current verified module text base + RVA
10,Quodrona,GiantClankAmmo,Vehicules et minijeux,0x002D8C0C,0x002D8C80,0x001CF3A8,0x001CF3A8,3,0x0013B55C; 0x0013B5CC; 0x0013B740,0x002D8C84; 0x002D8C88; 0x002D8C8C,TieLink bldg;,20,2,compiled descriptor; no assertion spawned or active,current verified module text base + RVA
10,Quodrona,GiantClankPlayer,Vehicules et minijeux,0x002D8F68,0x002D8FDC,0x001CF3B8,0x001CF3B8,4,0x0013E2CC; 0x0013E594; 0x0013E5C8; 0x0013E5D0,0x002D8FE0; 0x002D8FE4; 0x002D8FE8; 0x002D8FEC,u32 pad[ 4 ];,13,0,compiled descriptor; no assertion spawned or active,current verified module text base + RVA
10,Quodrona,GiantClankRocket,Vehicules et minijeux,0x002D90D0,0x002D9144,0x001CF3D0,0x001CF3D0,3,0x0013EDDC; 0x0013EE0C; 0x0013EE44,0x002D9148; 0x002D914C; 0x002D9150,,21,1,compiled descriptor; no assertion spawned or active,current verified module text base + RVA
10,Quodrona,GravityCrystal,Autres objets et controleurs,0x002D9130,0x002D91A4,0x001CF3E8,0x001CF3E8,3,0x0013F898; 0x0013FAB0; 0x00140428,0x002D91A8; 0x002D91AC; 0x002D91B0,,40,3,compiled descriptor; no assertion spawned or active,current verified module text base + RVA
10,Quodrona,GrindrailBomb,"Armes, projectiles et degats",0x002D9364,0x002D93D8,0x001CF3F8,0x001CF3F8,4,0x0014106C; 0x0014115C; 0x001411C0; 0x00140F64,0x002D93DC; 0x002D93E0; 0x002D93E4; 0x002D93E8,,3,0,compiled descriptor; no assertion spawned or active,current verified module text base + RVA
10,Quodrona,GrindrailController,Pieges et mecanismes,0x002D9634,0x002D96A8,0x001CF480,0x001CF480,2,0x001427FC; 0x00142A6C,0x002D96AC; 0x002D96B0,VEC4 dir; CurveLink path; f32 grindrailSp; CurveLink secPaths[20]; f32 camDefaultLookLead; f32 camDefaultDist; f32 camDefaultHeight; f32 camDefaultAzimuth; f32 camDefaultElevation; f32 bombDamageFrac; f32 gateDamageFrac;,3,0,compiled descriptor; no assertion spawned or active,current verified module text base + RVA
10,Quodrona,GrindrailGate,Pieges et mecanismes,0x002D9864,0x002D98D8,0x001CF548,0x001CF548,3,0x00142D6C; 0x00142E44; 0x0014303C,0x002D98DC; 0x002D98E0; 0x002D98E4,u32 pad[4];,15,0,compiled descriptor; no assertion spawned or active,current verified module text base + RVA
10,Quodrona,GrindrailLock,Pieges et mecanismes,0x002D9968,0x002D99DC,0x001CF5C8,0x001CF5C8,3,0x00143680; 0x00143A60; 0x00143B8C,0x002D99E0; 0x002D99E4; 0x002D99E8,TriggerLink promptArea; TriggerLink endArea; MobyLink matrixMoby; u32 lockID; MobyLink destroyMobys; u32 pad[ 3 ];,23,1,compiled descriptor; no assertion spawned or active,current verified module text base + RVA
10,Quodrona,GrindrailSwitch,Pieges et mecanismes,0x002D9A48,0x002D9ABC,0x001CF6D8,0x001CF6D8,4,0x0014446C; 0x001445B4; 0x00144618; 0x00144254,0x002D9AC0; 0x002D9AC4; 0x002D9AC8; 0x002D9ACC,MobyLink gate; Toggle toggleOnOff; s32 gateMember; u32 pad[1];,10,0,compiled descriptor; no assertion spawned or active,current verified module text base + RVA
10,Quodrona,Helipack,Autres objets et controleurs,0x002D9ACC,0x002D9B40,0x001CF7A0,0x001CF7A0,3,0x00144D88; 0x00144D90; 0x00144D98,0x002D9B44; 0x002D9B48; 0x002D9B4C,,3,0,compiled descriptor; no assertion spawned or active,current verified module text base + RVA
10,Quodrona,Hookshot,Autres objets et controleurs,0x002D9BE0,0x002D9C54,0x001CF7B0,0x001CF7B0,3,0x00144F98; 0x00145134; 0x00145168,0x002D9C58; 0x002D9C5C; 0x002D9C60,CurveLink path; VEC3 pathPoint; f32 speed; f32 ropeLength; f32 range; u8 attached; u8 swing; u8 pathPointId; Toggle validIM; Toggle validDM; Toggle validCTF; u8 pad[14];,9,1,compiled descriptor; no assertion spawned or active,current verified module text base + RVA
10,Quodrona,HutDoor,Pieges et mecanismes,0x002D9CCC,0x002D9D40,0x001CF828,0x001CF828,3,0x00145590; 0x0014595C; 0x00145B88,0x002D9D44; 0x002D9D48; 0x002D9D4C,MobyLink mobysToCheck[ 10 ]; TriggerLink trigger; MobyLink enemyController; f32 radius; u32 pad[3];,33,0,compiled descriptor; no assertion spawned or active,current verified module text base + RVA
10,Quodrona,Hypershot,Gadgets et outils,0x002D9EB4,0x002D9F28,0x001CF920,0x001CF920,3,0x001463CC; 0x00146468; 0x001464F0,0x002D9F2C; 0x002D9F30; 0x002D9F34,,13,0,compiled descriptor; no assertion spawned or active,current verified module text base + RVA
10,Quodrona,IntMachine,Autres objets et controleurs,0x002D9F44,0x002D9FB8,0x001CF938,0x001CF938,3,0x00146680; 0x001466C8; 0x001466F4,0x002D9FBC; 0x002D9FC0; 0x002D9FC4,,4,3,compiled descriptor; no assertion spawned or active,current verified module text base + RVA
10,Quodrona,LaserTracer,"Armes, projectiles et degats",0x002DB504,0x002DB578,0x001CF948,0x001CF948,3,0x0014A618; 0x0014A70C; 0x0014A894,0x002DB57C; 0x002DB580; 0x002DB584,,16,3,compiled descriptor; no assertion spawned or active,current verified module text base + RVA
10,Quodrona,Level01OceanSound,Camera et presentation,0x002DB634,0x002DB6A8,0x001CF990,0x001CF990,3,0x001500A0; 0x001501D8; 0x0015021C,0x002DB6AC; 0x002DB6B0; 0x002DB6B4,TriggerLink playTriggers[ 4 ]; TriggerLink noPlayTriggers[ 4 ];,4,2,compiled descriptor; no assertion spawned or active,current verified module text base + RVA
10,Quodrona,Level10BossStarter,Ennemis et boss,0x002DB6D8,0x002DB74C,0x001CF9A8,0x001CF9A8,3,0x00150518; 0x001505A4; 0x001505AC,0x002DB750; 0x002DB754; 0x002DB758,TriggerLink startTrigger; MobyLink triggerMoby; u32 pad[ 2 ];,5,0,compiled descriptor; no assertion spawned or active,current verified module text base + RVA
10,Quodrona,Level10CollapsingPlatform,Pieges et mecanismes,0x002DB838,0x002DB8AC,0x001CF9C0,0x001CF9C0,3,0x0015069C; 0x00150BBC; 0x00150C2C,0x002DB8B0; 0x002DB8B4; 0x002DB8B8,TieLink leg1; TieLink leg2; TriggerLink belowArea; TriggerLink dontCollapseArea; TriggerLink avoidArea1; TriggerLink avoidArea2; MobyLink triggerCollection; u32 pad;,18,0,compiled descriptor; no assertion spawned or active,current verified module text base + RVA
10,Quodrona,Level10CrateDoor,Pieges et mecanismes,0x002DB91C,0x002DB990,0x001CFB18,0x001CFB18,3,0x00151294; 0x001512E4; 0x001512EC,0x002DB994; 0x002DB998; 0x002DB99C,,16,1,compiled descriptor; no assertion spawned or active,current verified module text base + RVA
10,Quodrona,Level10Cutscene,Camera et presentation,0x002DB9E0,0x002DBA54,0x001CFBA8,0x001CFBA8,3,0x00151954; 0x00151A90; 0x00151A98,0x002DBA58; 0x002DBA5C; 0x002DBA60,MobyLink ratchetMatrix; TriggerLink showSceneArea; u32 pad[ 2 ];,6,1,compiled descriptor; no assertion spawned or active,current verified module text base + RVA
10,Quodrona,Level10Door,Pieges et mecanismes,0x002DBC04,0x002DBC78,0x001CFC58,0x001CFC58,3,0x00151DA0; 0x00151C1C; 0x00152420,0x002DBC7C; 0x002DBC80; 0x002DBC84,MobyLink controller; TriggerLink activate; TriggerLink updateArea; CurveLink path; f32 moveTime; f32 progInc; const Level10Door_Data *pData; SND_Positional *pSound; Toggle bTrapDoor; u8 openOffGroups[8]; u8 outClosedOffGroups[8]; u8 inClosedOffGroups[8]; Toggle hasOpened; Toggle stayOpen; Toggle bInEncounter; MobyLink enemyWave; MobyLink level10UnlockMoby; TriggerLink encounterLock; MobyLink grindrailLock; u32 pad2[ 1 ];,14,0,compiled descriptor; no assertion spawned or active,current verified module text base + RVA
10,Quodrona,Level10StartMoby,Autres objets et controleurs,0x002DBCA8,0x002DBD1C,0x001CFE60,0x001CFE60,3,0x00153128; 0x0015314C; 0x00153154,0x002DBD20; 0x002DBD24; 0x002DBD28,,5,0,compiled descriptor; no assertion spawned or active,current verified module text base + RVA
10,Quodrona,Level10StreetLight,Autres objets et controleurs,0x002DBE58,0x002DBECC,0x001CFE78,0x001CFE78,3,0x00153210; 0x001534E8; 0x00153FB4,0x002DBED0; 0x002DBED4; 0x002DBED8,MobyLink otto; TriggerLink trigger; u32 pad[2];,23,4,compiled descriptor; no assertion spawned or active,current verified module text base + RVA
10,Quodrona,Level10TinyCar,Autres objets et controleurs,0x002DBEE0,0x002DBF54,0x001CFE90,0x001CFE90,3,0x00154A5C; 0x00154C5C; 0x00154CC0,0x002DBF58; 0x002DBF5C; 0x002DBF60,TriggerLink shipTrigger; u32 pad[ 3 ];,15,0,compiled descriptor; no assertion spawned or active,current verified module text base + RVA
10,Quodrona,LevelMusic,Autres objets et controleurs,0x002DC0DC,0x002DC150,0x001CFF10,0x001CFF10,2,0x00154E14; 0x00154EF4,0x002DC154; 0x002DC158,u32 songNumber; TriggerLink trigger; s32 continuePointMin; s32 continuePointMax; s32 levelNumber; u8 priority; u8 pad[ 7 ];,1,0,compiled descriptor; no assertion spawned or active,current verified module text base + RVA
10,Quodrona,Lvl10CC,Autres objets et controleurs,0x002DC1B8,0x002DC22C,0x001CFF30,0x001CFF30,3,0x0015555C; 0x0015570C; 0x00155714,0x002DC230; 0x002DC234; 0x002DC238,MobyLink crateTP[4]; float spawnTime; float healthChance; MobyLink trigAlso; Toggle initHealthCrate; u8 pad[3];,2,1,compiled descriptor; no assertion spawned or active,current verified module text base + RVA
10,Quodrona,Lvl10FloorTile,Autres objets et controleurs,0x002DC2C4,0x002DC338,0x001CFFC8,0x001CFFC8,3,0x00155AB4; 0x00155CC4; 0x00155FF0,0x002DC33C; 0x002DC340; 0x002DC344,MobyLink otto; TriggerLink trigger; u32 pad[2];,39,5,compiled descriptor; no assertion spawned or active,current verified module text base + RVA
10,Quodrona,MapDisable,Autres objets et controleurs,0x002DC354,0x002DC3C8,0x001CFFD8,0x001CFFD8,3,0x001567B4; 0x001568D4; 0x001568DC,0x002DC3CC; 0x002DC3D0; 0x002DC3D4,MobyLink triggerCollection; u32 pad[ 3 ];,1,0,compiled descriptor; no assertion spawned or active,current verified module text base + RVA
10,Quodrona,MapOMaticGadget,Gadgets et outils,0x002DC3C8,0x002DC43C,0x001D0078,0x001D0078,3,0x001569A0; 0x001569A8; 0x001569B0,0x002DC440; 0x002DC444; 0x002DC448,,0,0,compiled descriptor; no assertion spawned or active,current verified module text base + RVA
10,Quodrona,MatrixMoby,Autres objets et controleurs,0x002DC428,0x002DC49C,0x001D0088,0x001D0088,3,0x001569B8; 0x001569C0; 0x001569C8,0x002DC4A0; 0x002DC4A4; 0x002DC4A8,,0,0,compiled descriptor; no assertion spawned or active,current verified module text base + RVA
10,Quodrona,MobyIce,Autres objets et controleurs,0x002DC51C,0x002DC590,0x001D0098,0x001D0098,3,0x0015723C; 0x00157254; 0x00157BD8,0x002DC594; 0x002DC598; 0x002DC59C,,31,1,compiled descriptor; no assertion spawned or active,current verified module text base + RVA
10,Quodrona,ModVendor,Autres objets et controleurs,0x002DC588,0x002DC5FC,0x001D00A0,0x001D00A0,3,0x0015848C; 0x0015862C; 0x00158690,0x002DC600; 0x002DC604; 0x002DC608,,17,0,compiled descriptor; no assertion spawned or active,current verified module text base + RVA
10,Quodrona,Mootator,"Armes, projectiles et degats",0x002DC87C,0x002DC8F0,0x001D00B0,0x001D00B0,3,0x00158AFC; 0x00158D4C; 0x00159E9C,0x002DC8F4; 0x002DC8F8; 0x002DC8FC,,21,0,compiled descriptor; no assertion spawned or active,current verified module text base + RVA
10,Quodrona,MovieTeleport,Autres objets et controleurs,0x002DC978,0x002DC9EC,0x001D00C0,0x001D00C0,3,0x0015A404; 0x0015A5BC; 0x0015A5C4,0x002DC9F0; 0x002DC9F4; 0x002DC9F8,MobyLink switchPlayer; TriggerLink trigger; MobyLink trigAfter; MobyLink continuePt; int trigHack; Toggle onlyPlayOnce; Toggle bShipHack; u8 pad[10];,5,0,compiled descriptor; no assertion spawned or active,current verified module text base + RVA
10,Quodrona,MutantCow,Autres objets et controleurs,0x002DCA08,0x002DCA7C,0x001D00D0,0x001D00D0,4,0x0015A864; 0x0015A9E8; 0x0015AF14; 0x0019E718,0x002DCA80; 0x002DCA84; 0x002DCA88; 0x002DCA8C,,29,1,compiled descriptor; no assertion spawned or active,current verified module text base + RVA
10,Quodrona,MutantMadCow,Autres objets et controleurs,0x002DCBD8,0x002DCC4C,0x001D0100,0x001D0100,4,0x0015BA74; 0x0015BBDC; 0x0015BFF8; 0x0019E718,0x002DCC50; 0x002DCC54; 0x002DCC58; 0x002DCC5C,,47,2,compiled descriptor; no assertion spawned or active,current verified module text base + RVA
10,Quodrona,NapalmBubble,Autres objets et controleurs,0x002DCCA0,0x002DCD14,0x001D0110,0x001D0110,3,0x0015CC68; 0x0015CC70; 0x0015CC78,0x002DCD18; 0x002DCD1C; 0x002DCD20,,8,1,compiled descriptor; no assertion spawned or active,current verified module text base + RVA
10,Quodrona,Otto,Ennemis et boss,0x002DCFA8,0x002DD01C,0x001D0120,0x001D0120,4,0x0015E308; 0x0015D6FC; 0x0015D7B4; 0x0015D8C8,0x002DD020; 0x002DD024; 0x002DD028; 0x002DD02C,Navigate navigate; MobyLink endMovie; MobyLink intMachine;,30,5,compiled descriptor; no assertion spawned or active,current verified module text base + RVA
10,Quodrona,OttoChase,Ennemis et boss,0x002DD134,0x002DD1A8,0x001D0320,0x001D0320,4,0x0015FCF8; 0x00160164; 0x001601E4; 0x00160430,0x002DD1AC; 0x002DD1B0; 0x002DD1B4; 0x002DD1B8,CurveLink chasePath; CurveLink pathCenter; TriggerLink endTrigger; MobyLink endMovie;,28,1,compiled descriptor; no assertion spawned or active,current verified module text base + RVA
10,Quodrona,OttoGiant,Ennemis et boss,0x002DD444,0x002DD4B8,0x001D0438,0x001D0438,4,0x00161974; 0x00161DA8; 0x00161E0C; 0x001620E0,0x002DD4BC; 0x002DD4C0; 0x002DD4C4; 0x002DD4C8,Navigate navigate; MobyLink endMovie;,31,5,compiled descriptor; no assertion spawned or active,current verified module text base + RVA
10,Quodrona,OttoRocket,"Armes, projectiles et degats",0x002DD538,0x002DD5AC,0x001D0568,0x001D0568,3,0x001644DC; 0x0016457C; 0x0016459C,0x002DD5B0; 0x002DD5B4; 0x002DD5B8,,12,2,compiled descriptor; no assertion spawned or active,current verified module text base + RVA
10,Quodrona,OttoRocketPack,"Armes, projectiles et degats",0x002DD5A8,0x002DD61C,0x001D0578,0x001D0578,3,0x00165800; 0x00165820; 0x00165828,0x002DD620; 0x002DD624; 0x002DD628,,0,0,compiled descriptor; no assertion spawned or active,current verified module text base + RVA
10,Quodrona,PDA,Autres objets et controleurs,0x002DD608,0x002DD67C,0x001D0588,0x001D0588,3,0x0016594C; 0x00165954; 0x0016595C,0x002DD680; 0x002DD684; 0x002DD688,,0,0,compiled descriptor; no assertion spawned or active,current verified module text base + RVA
10,Quodrona,Polarizer,Gadgets et outils,0x002DD714,0x002DD788,0x001D0590,0x001D0590,3,0x00165990; 0x00165B4C; 0x00166634,0x002DD78C; 0x002DD790; 0x002DD794,,34,0,compiled descriptor; no assertion spawned or active,current verified module text base + RVA
10,Quodrona,PowerupAmmo,"Caisses, pickups et bonus",0x002DD864,0x002DD8D8,0x001D05A0,0x001D05A0,3,0x001675A4; 0x00167670; 0x00167678,0x002DD8DC; 0x002DD8E0; 0x002DD8E4,VEC4 velocity; f32 fallDistance; f32 fadeAmnt; u8 ammoType; u8 ammoAmnt; u32 priority; u8 gain; u8 needSync;,48,1,compiled descriptor; no assertion spawned or active,current verified module text base + RVA
10,Quodrona,PowerupHealth,"Caisses, pickups et bonus",0x002DD9C0,0x002DDA34,0x001D0620,0x001D0620,3,0x00168B18; 0x00168B68; 0x00168BA4,0x002DDA38; 0x002DDA3C; 0x002DDA40,Particle *pTrail[8]; Particle *pGlowParticle; Particle *pGlowParticle2; Particle *pSphereParticle; Particle *pSphereParticle2; Moby *pParent; VEC4 velocity; f32 bobCount; f32 goToTimer; f32 deathTimer; f32 fallDistance;,21,5,compiled descriptor; no assertion spawned or active,current verified module text base + RVA
10,Quodrona,PsychicBomb,"Armes, projectiles et degats",0x002DDBA0,0x002DDC14,0x001D0630,0x001D0630,3,0x0016A514; 0x0016A924; 0x0016A974,0x002DDC18; 0x002DDC1C; 0x002DDC20,,14,2,compiled descriptor; no assertion spawned or active,current verified module text base + RVA
10,Quodrona,PsychicGirder,Autres objets et controleurs,0x002DDC60,0x002DDCD4,0x001D0640,0x001D0640,3,0x0016B0B0; 0x0016B1BC; 0x0016B43C,0x002DDCD8; 0x002DDCDC; 0x002DDCE0,,12,2,compiled descriptor; no assertion spawned or active,current verified module text base + RVA
10,Quodrona,PsychicHands,Autres objets et controleurs,0x002DDD58,0x002DDDCC,0x001D0650,0x001D0650,3,0x0016B7C4; 0x0016B960; 0x0016C3D0,0x002DDDD0; 0x002DDDD4; 0x002DDDD8,,21,4,compiled descriptor; no assertion spawned or active,current verified module text base + RVA
10,Quodrona,Ratchet,"Joueur, acteurs et accessoires",0x002DDDB8,0x002DDE2C,0x001D0660,0x001D0660,4,0x0016C934; 0x0016C974; 0x0016C97C; 0x0016C984,0x002DDE30; 0x002DDE34; 0x002DDE38; 0x002DDE3C,,15,0,compiled descriptor; no assertion spawned or active,current verified module text base + RVA
10,Quodrona,RatchetCloneBlaster,"Armes, projectiles et degats",0x002DDFB8,0x002DE02C,0x001D06F8,0x001D06F8,4,0x0016D854; 0x0016DA30; 0x0016ED44; 0x001A0100,0x002DE030; 0x002DE034; 0x002DE038; 0x002DE03C,Navigate navigate; TriggerLink detectArea; MobyLink enemyController; MobyLink enemyWave; CurveLink initPath; TieLink initVat; MobyLink sparringPartner; MobyLink door1; MobyLink door2; MobyLink cutscene;,29,1,compiled descriptor; no assertion spawned or active,current verified module text base + RVA
10,Quodrona,RatchetCloneWrench,Ennemis et boss,0x002DE158,0x002DE1CC,0x001D08B0,0x001D08B0,4,0x0016F918; 0x0016FA04; 0x0016FF20; 0x0016FDD8,0x002DE1D0; 0x002DE1D4; 0x002DE1D8; 0x002DE1DC,Navigate navigate; TriggerLink detectArea; MobyLink enemyController; MobyLink enemyWave; CurveLink initPath; TieLink initVat; MobyLink sparringPartner; MobyLink door1; MobyLink door2; MobyLink cutscene;,42,0,compiled descriptor; no assertion spawned or active,current verified module text base + RVA
10,Quodrona,RatchetDecoyInner,"Joueur, acteurs et accessoires",0x002DE254,0x002DE2C8,0x001D0A20,0x001D0A20,4,0x00170B50; 0x00170B58; 0x001718C8; 0x00170C18,0x002DE2CC; 0x002DE2D0; 0x002DE2D4; 0x002DE2D8,,18,2,compiled descriptor; no assertion spawned or active,current verified module text base + RVA
10,Quodrona,RatchetDecoyOuter,"Joueur, acteurs et accessoires",0x002DE2C8,0x002DE33C,0x001D0A38,0x001D0A38,3,0x00171DD8; 0x00171E14; 0x00171E1C,0x002DE340; 0x002DE344; 0x002DE348,,0,0,compiled descriptor; no assertion spawned or active,current verified module text base + RVA
10,Quodrona,RatchetInsideArea,"Joueur, acteurs et accessoires",0x002DE358,0x002DE3CC,0x001D0A50,0x001D0A50,3,0x00171E38; 0x00171EEC; 0x00171EF4,0x002DE3D0; 0x002DE3D4; 0x002DE3D8,MobyLink insideTriggerCollection; u32 pad[ 3 ];,1,0,compiled descriptor; no assertion spawned or active,current verified module text base + RVA
10,Quodrona,Region,Autres objets et controleurs,0x002DE404,0x002DE478,0x001D0AF0,0x001D0AF0,3,0x00171F54; 0x00172050; 0x00172058,0x002DE47C; 0x002DE480; 0x002DE484,Toggle groups[32]; TriggerLink zone; u32 pad[ 3 ];,2,0,compiled descriptor; no assertion spawned or active,current verified module text base + RVA
10,Quodrona,ReplayPrompt,Autres objets et controleurs,0x002DE49C,0x002DE510,0x001D0B60,0x001D0B60,3,0x00172060; 0x001720B8; 0x001720C0,0x002DE514; 0x002DE518; 0x002DE51C,MobyLink warpContinuePoint; u32 pad[ 3 ];,5,0,compiled descriptor; no assertion spawned or active,current verified module text base + RVA
10,Quodrona,RobotShrapnel,Ennemis et boss,0x002DE510,0x002DE584,0x001D0B70,0x001D0B70,3,0x001722C4; 0x00172320; 0x00172328,0x002DE588; 0x002DE58C; 0x002DE590,,48,0,compiled descriptor; no assertion spawned or active,current verified module text base + RVA
10,Quodrona,Ryno,"Armes, projectiles et degats",0x002DE6A8,0x002DE71C,0x001D0B80,0x001D0B80,3,0x0017290C; 0x001729E8; 0x00173088,0x002DE720; 0x002DE724; 0x002DE728,,36,1,compiled descriptor; no assertion spawned or active,current verified module text base + RVA
10,Quodrona,RynoRocket,"Armes, projectiles et degats",0x002DE784,0x002DE7F8,0x001D0B88,0x001D0B88,3,0x00173A8C; 0x00173AA8; 0x00173AF8,0x002DE7FC; 0x002DE800; 0x002DE804,,36,1,compiled descriptor; no assertion spawned or active,current verified module text base + RVA
10,Quodrona,SentryTurret01,"Armes, projectiles et degats",0x002DEA3C,0x002DEAB0,0x001D0B98,0x001D0B98,4,0x001749B4; 0x00174D98; 0x001755F4; 0x00174F4C,0x002DEAB4; 0x002DEAB8; 0x002DEABC; 0x002DEAC0,MobyLink enemyController; TriggerLink detect; MobyLink enemyWave; MobyLink door; Toggle usePointLights; u8 pad[15];,12,0,compiled descriptor; no assertion spawned or active,current verified module text base + RVA
10,Quodrona,SentryTurret01Shot,"Armes, projectiles et degats",0x002DEB60,0x002DEBD4,0x001D0D20,0x001D0D20,4,0x00176460; 0x00176478; 0x00176480; 0x0017658C,0x002DEBD8; 0x002DEBDC; 0x002DEBE0; 0x002DEBE4,Particle *pLength; Particle *pSphere; Moby *pController; Moby *pParent; f32 distTravelled; f32 collDist; u32 pad[2];,10,0,compiled descriptor; no assertion spawned or active,current verified module text base + RVA
10,Quodrona,SetCamera,Camera et presentation,0x002DED34,0x002DEDA8,0x001D0DC0,0x001D0DC0,3,0x00176DEC; 0x00176F00; 0x00176F08,0x002DEDAC; 0x002DEDB0; 0x002DEDB4,TriggerLink area; Toggle lazy; u8 pad[3]; f32 lookHeight; f32 camDist; f32 height; f32 elevation; f32 azimuth; MobyLink parent; Toggle useAzimuth; Toggle useLookHeight; Toggle useCamDist; Toggle useHeight; Toggle useElevation; Toggle enabled; Toggle singleUse; Toggle entered; f32 speed; u32 priority; f32 restoreSpeed; u32 pad2[3];,1,0,compiled descriptor; no assertion spawned or active,current verified module text base + RVA
10,Quodrona,ShieldBubble,"Armes, projectiles et degats",0x002DEDC0,0x002DEE34,0x001D0EA8,0x001D0EA8,3,0x001771D0; 0x00177254; 0x0017725C,0x002DEE38; 0x002DEE3C; 0x002DEE40,,7,1,compiled descriptor; no assertion spawned or active,current verified module text base + RVA
10,Quodrona,ShieldCharger,"Armes, projectiles et degats",0x002DEE80,0x002DEEF4,0x001D0EC8,0x001D0EC8,4,0x001795FC; 0x00178CBC; 0x00179A2C; 0x0017A230,0x002DEEF8; 0x002DEEFC; 0x002DEF00; 0x002DEF04,,53,3,compiled descriptor; no assertion spawned or active,current verified module text base + RVA
10,Quodrona,ShieldChargerBolt,"Armes, projectiles et degats",0x002DF028,0x002DF09C,0x001D0EF8,0x001D0EF8,3,0x0017C090; 0x0017C098; 0x0017C0DC,0x002DF0A0; 0x002DF0A4; 0x002DF0A8,,13,1,compiled descriptor; no assertion spawned or active,current verified module text base + RVA
10,Quodrona,ShockRocket,"Armes, projectiles et degats",0x002DF128,0x002DF19C,0x001D0F10,0x001D0F10,3,0x0017C430; 0x0017C51C; 0x0017C808,0x002DF1A0; 0x002DF1A4; 0x002DF1A8,,22,2,compiled descriptor; no assertion spawned or active,current verified module text base + RVA
10,Quodrona,ShockRocketShot,"Armes, projectiles et degats",0x002DF214,0x002DF288,0x001D0F20,0x001D0F20,3,0x0017D37C; 0x0017D3CC; 0x0017D9D4,0x002DF28C; 0x002DF290; 0x002DF294,,31,3,compiled descriptor; no assertion spawned or active,current verified module text base + RVA
10,Quodrona,ShockWave,Autres objets et controleurs,0x002DF2AC,0x002DF320,0x001D0F30,0x001D0F30,3,0x0017E7EC; 0x0017E888; 0x0017E890,0x002DF324; 0x002DF328; 0x002DF32C,,6,1,compiled descriptor; no assertion spawned or active,current verified module text base + RVA
10,Quodrona,ShrinkBeam,Gadgets et outils,0x002DF35C,0x002DF3D0,0x001D0F40,0x001D0F40,3,0x0017EC18; 0x0017EC20; 0x0017F3A8,0x002DF3D4; 0x002DF3D8; 0x002DF3DC,,4,0,compiled descriptor; no assertion spawned or active,current verified module text base + RVA
10,Quodrona,ShrinkRay,Gadgets et outils,0x002DF3D0,0x002DF444,0x001D0F50,0x001D0F50,3,0x00180068; 0x00180070; 0x00180078,0x002DF448; 0x002DF44C; 0x002DF450,u32 pad[ 4 ];,0,0,compiled descriptor; no assertion spawned or active,current verified module text base + RVA
10,Quodrona,ShrinkRayRatchet,Gadgets et outils,0x002DF430,0x002DF4A4,0x001D0F60,0x001D0F60,3,0x00180114; 0x0018011C; 0x00180124,0x002DF4A8; 0x002DF4AC; 0x002DF4B0,,0,0,compiled descriptor; no assertion spawned or active,current verified module text base + RVA
10,Quodrona,SimpleTimer,Autres objets et controleurs,0x002DF4DC,0x002DF550,0x001D0F78,0x001D0F78,3,0x0018012C; 0x0018023C; 0x00180258,0x002DF554; 0x002DF558; 0x002DF55C,f32 time; MobyLink signalStart; MobyLink signalEnd; TriggerLink trigger;,6,1,compiled descriptor; no assertion spawned or active,current verified module text base + RVA
10,Quodrona,SkillPoint_L10,Autres objets et controleurs,0x002DF5B4,0x002DF628,0x001D0FE8,0x001D0FE8,3,0x00180380; 0x00180560; 0x00180568,0x002DF62C; 0x002DF630; 0x002DF634,TriggerLink eliteStart; TriggerLink enemySegmentArea; TriggerLink exitEnemySegmentArea; u32 pad;,1,0,compiled descriptor; no assertion spawned or active,current verified module text base + RVA
10,Quodrona,Spitfire,"Effets, particules et environnement",0x002DF690,0x002DF704,0x001D12D0,0x001D12D0,3,0x00180B70; 0x00180BA4; 0x00180BC8,0x002DF708; 0x002DF70C; 0x002DF710,,19,0,compiled descriptor; no assertion spawned or active,current verified module text base + RVA
10,Quodrona,Splash,Autres objets et controleurs,0x002DF76C,0x002DF7E0,0x001D12E0,0x001D12E0,3,0x00181F5C; 0x00181FA4; 0x00181FAC,0x002DF7E4; 0x002DF7E8; 0x002DF7EC,VEC2 pos; VEC2 velocity; const VEC3 *pPos; f32 startRadius; u16 uOffset; u8 owned; u8 pad;,8,0,compiled descriptor; no assertion spawned or active,current verified module text base + RVA
10,Quodrona,Sproutomatic,Gadgets et outils,0x002DF854,0x002DF8C8,0x001D12E8,0x001D12E8,3,0x00182584; 0x0018262C; 0x00182664,0x002DF8CC; 0x002DF8D0; 0x002DF8D4,,10,0,compiled descriptor; no assertion spawned or active,current verified module text base + RVA
10,Quodrona,StaticBarrierBelt,Autres objets et controleurs,0x002DF8B8,0x002DF92C,0x001D12F8,0x001D12F8,3,0x00182C28; 0x00182C5C; 0x00182C64,0x002DF930; 0x002DF934; 0x002DF938,,0,0,compiled descriptor; no assertion spawned or active,current verified module text base + RVA
10,Quodrona,SuckCannon,"Armes, projectiles et degats",0x002DFA18,0x002DFA8C,0x001D1310,0x001D1310,3,0x00182C6C; 0x00182DB4; 0x001833D0,0x002DFA90; 0x002DFA94; 0x002DFA98,,13,0,compiled descriptor; no assertion spawned or active,current verified module text base + RVA
10,Quodrona,SuckCannonComet,"Armes, projectiles et degats",0x002DFA80,0x002DFAF4,0x001D1320,0x001D1320,3,0x001A1A10; 0x001A1A18; 0x001A1C4C,0x002DFAF8; 0x002DFAFC; 0x002DFB00,,40,1,compiled descriptor; no assertion spawned or active,current verified module text base + RVA
10,Quodrona,SuckCannonCometTie,"Armes, projectiles et degats",0x002DFAE8,0x002DFB5C,0x001D1330,0x001D1330,3,0x001A1A10; 0x001A1A18; 0x00183D40,0x002DFB60; 0x002DFB64; 0x002DFB68,,40,1,compiled descriptor; no assertion spawned or active,current verified module text base + RVA
10,Quodrona,SuckCannonManager,"Armes, projectiles et degats",0x002DFBC4,0x002DFC38,0x001D1348,0x001D1348,3,0x00184A20; 0x00184A6C; 0x00184A74,0x002DFC3C; 0x002DFC40; 0x002DFC44,,25,0,compiled descriptor; no assertion spawned or active,current verified module text base + RVA
10,Quodrona,SwarmManager,Autres objets et controleurs,0x002DFC54,0x002DFCC8,0x001D1360,0x001D1360,3,0x001857C4; 0x0018580C; 0x00185B44,0x002DFCCC; 0x002DFCD0; 0x002DFCD4,,4,2,compiled descriptor; no assertion spawned or active,current verified module text base + RVA
10,Quodrona,Teleporter,Autres objets et controleurs,0x002DFD68,0x002DFDDC,0x001D1370,0x001D1370,3,0x00186364; 0x0018671C; 0x00186AE8,0x002DFDE0; 0x002DFDE4; 0x002DFDE8,MobyLink destination; MobyLink destinationPreferred; TriggerLink activateTrigger; u32 levelId; s32 changeToLevel; Toggle secretActivation; s8 canGoToLevel; u8 pad[ 10 ];,17,0,compiled descriptor; no assertion spawned or active,current verified module text base + RVA
10,Quodrona,TieManipulator,Autres objets et controleurs,0x002E019C,0x002E0210,0x001D1440,0x001D1440,3,0x00187434; 0x0018742C; 0x00187A0C,0x002E0214; 0x002E0218; 0x002E021C,TieLink tie[ 8 ]; f32 xAxis; f32 yAxis; f32 zAxis; f32 xRot; f32 yRot; f32 zRot; f32 xSpan; f32 ySpan; f32 zSpan; f32 xCounter; f32 yCounter; f32 zCounter; f32 speed; f32 speedPerFrame; f32 curviness; f32 curvPar; f32 scaleSpeed; f32 scaleSpeedPerFrame; f32 scaleMax; f32 scaleCounter; f32 xPerc[8]; f32 yPerc[8]; f32 zPerc[8]; f32 xPar[8]; f32 yPar[8]; f32 zPar[8]; f32 xStart[8]; f32 yStart[8]; f32 zStart[8]; MATRIX4 *pMat[8]; MATRIX4 scaleMatrix; f32 drawDistance; f32 updateDistance; f32 inverseScale; u32 linkCount;,17,0,compiled descriptor; no assertion spawned or active,current verified module text base + RVA
10,Quodrona,TitaniumBolt,"Caisses, pickups et bonus",0x002E02DC,0x002E0350,0x001D1450,0x001D1450,3,0x00187D9C; 0x00187F8C; 0x001880F4,0x002E0354; 0x002E0358; 0x002E035C,f32 dist; f32 height; f32 lookHeight; f32 elevation; f32 azimuth; Toggle magnaboots; Toggle noAnimation; u32 levelToFake; u8 id; u8 pad[5];,23,0,compiled descriptor; no assertion spawned or active,current verified module text base + RVA
10,Quodrona,TrainingDummy,Autres objets et controleurs,0x002E0438,0x002E04AC,0x001D1508,0x001D1508,4,0x00188ED8; 0x00188B18; 0x00189428; 0x00188B7C,0x002E04B0; 0x002E04B4; 0x002E04B8; 0x002E04BC,MobyLink triggerCollection; CurveLink movePath; MobyLink moveInWave; MobyLink moveBackWave; MobyLink enemyController; u32 pad[ 3 ];,29,0,compiled descriptor; no assertion spawned or active,current verified module text base + RVA
10,Quodrona,TriggerCollection,Pieges et mecanismes,0x002E04CC,0x002E0540,0x001D1638,0x001D1638,3,0x00189D00; 0x00189D08; 0x00189D10,0x002E0544; 0x002E0548; 0x002E054C,TriggerLink triggers[ 14 ];,0,0,compiled descriptor; no assertion spawned or active,current verified module text base + RVA
10,Quodrona,TriggeredDoor,Pieges et mecanismes,0x002E05A4,0x002E0618,0x001D1650,0x001D1650,3,0x00189EDC; 0x0018A1F0; 0x0018A570,0x002E061C; 0x002E0620; 0x002E0624,TriggerLink trigger; MobyLink mobyToCheck; MobyLink grindrailLock; Toggle stayOpen; Toggle saveState; u8 pad[ 2 ];,24,0,compiled descriptor; no assertion spawned or active,current verified module text base + RVA
10,Quodrona,TripleWaveBeacon,Autres objets et controleurs,0x002E06C8,0x002E073C,0x001D1708,0x001D1708,3,0x0018AF8C; 0x0018B13C; 0x0018B170,0x002E0740; 0x002E0744; 0x002E0748,,27,2,compiled descriptor; no assertion spawned or active,current verified module text base + RVA
10,Quodrona,TubeController,Autres objets et controleurs,0x002E08FC,0x002E0970,0x001D1720,0x001D1720,3,0x0018B418; 0x0018B658; 0x0018BAE8,0x002E0974; 0x002E0978; 0x002E097C,CurveLink tubePath; TriggerLink updateArea; u32 pad[ 2 ];,25,1,compiled descriptor; no assertion spawned or active,current verified module text base + RVA
10,Quodrona,vendor,Autres objets et controleurs,0x002E09BC,0x002E0A30,0x001D1810,0x001D1810,3,0x0018BF04; 0x0018C0CC; 0x0018C130,0x002E0A34; 0x002E0A38; 0x002E0A3C,u32 lastAnimPlayed; u32 vendorType; Toggle bSellsWeapons; u8 pad[ 7 ];,17,0,compiled descriptor; no assertion spawned or active,current verified module text base + RVA
10,Quodrona,Wrench,Autres objets et controleurs,0x002E0BC8,0x002E0C3C,0x001D1818,0x001D1818,3,0x0018C4AC; 0x0018C580; 0x0018C9BC,0x002E0C40; 0x002E0C44; 0x002E0C48,,2,0,compiled descriptor; no assertion spawned or active,current verified module text base + RVA
10,Quodrona,WrenchClone,Autres objets et controleurs,0x002E0C98,0x002E0D0C,0x001D1A18,0x001D1A18,3,0x0018F7E8; 0x0018F82C; 0x0018F848,0x002E0D10; 0x002E0D14; 0x002E0D18,,10,2,compiled descriptor; no assertion spawned or active,current verified module text base + RVA
15,Giant Clank — niveau 4,GCS,Autres objets et controleurs,0x00235B78,0x00235BEC,0x00134AC8,0x00134AC8,3,0x000D719C; 0x000D7338; 0x000D736C,0x00235BF0; 0x00235BF4; 0x00235BF8,CurveLink curveCameraPath; u32 pad[ 3 ];,35,5,compiled descriptor; no assertion spawned or active,current verified module text base + RVA
15,Giant Clank — niveau 4,GCS_Asteroid,Autres objets et controleurs,0x0023C83C,0x0023C8B0,0x00134ED0,0x00134ED0,3,0x00109A24; 0x00109A7C; 0x00109A84,0x0023C8B4; 0x0023C8B8; 0x0023C8BC,float health; float moveSpeedMin; float moveSpeedMax; float spinSpeedMin; float spinSpeedMax; Toggle spinRandom; u8 pad1[3]; float spinStartAngle; float spinAxisYaw; float spinAxisPitch; u32 pad2[1];,1,0,compiled descriptor; no assertion spawned or active,current verified module text base + RVA
15,Giant Clank — niveau 4,GCS_Models,Autres objets et controleurs,0x0023C8B0,0x0023C924,0x00134EE0,0x00134EE0,3,0x00109E78; 0x00109ED0; 0x00109ED8,0x0023C928; 0x0023C92C; 0x0023C930,u32 pad[ 4 ];,1,0,compiled descriptor; no assertion spawned or active,current verified module text base + RVA
15,Giant Clank — niveau 4,GCS_Ship,Autres objets et controleurs,0x0023CD64,0x0023CDD8,0x00134EF0,0x00134EF0,4,0x0010CB68; 0x0010CB94; 0x0010CB9C; 0x0010CBA4,0x0023CDDC; 0x0023CDE0; 0x0023CDE4; 0x0023CDE8,u32 pad[ 4 ];,0,0,compiled descriptor; no assertion spawned or active,current verified module text base + RVA
15,Giant Clank — niveau 4,GCS_WaveBomberGrid,"Armes, projectiles et degats",0x0023D054,0x0023D0C8,0x00134F38,0x00134F38,3,0x0010D4C0; 0x0010D518; 0x0010D520,0x0023D0CC; 0x0023D0D0; 0x0023D0D4,s32 waveID; f32 enemyHealth; s32 enemyGunType; f32 enemyLifetime; f32 enemyRandExtraLifetime; f32 enemySpawnInterval; f32 enemyRandSpawnDelay; VEC3 gridCenter; VEC3 gridRandOffset; s32 gridWidth; s32 gridHeight; f32 gridYaw; f32 gridPitch; f32 gridRoll; VEC3 gridScale; VEC3 enterOffset; f32 enterAngleStart; f32 enterAngleEnd; f32 enterAngleRand; f32 appearOvershootDist; f32 appearMaxSpeed; f32 fleeVel; f32 fleeAccel; f32 fleeScreenAngleMin; f32 fleeScreenAngleMax; f32 idleFireInitDelay; f32 idleFireInterval; f32 evadeIntervalMin; f32 evadeIntervalMax; VEC3 evadeMoveOffset; f32 evadeMoveVel; f32 evadeMoveAccel;,1,0,compiled descriptor; no assertion spawned or active,current verified module text base + RVA
15,Giant Clank — niveau 4,GCS_WaveCorvetteGrid,Autres objets et controleurs,0x0023D498,0x0023D50C,0x00134F98,0x00134F98,3,0x0010DB40; 0x0010DB98; 0x0010DBA0,0x0023D510; 0x0023D514; 0x0023D518,s32 waveID; f32 enemyHealth; f32 enemyLifetime; f32 enemyStopRailDelay; f32 enemyRandExtraLifetime; f32 enemySpawnInterval; f32 enemyRandSpawnDelay; VEC3 gridCenter; VEC3 gridRandOffset; s32 gridWidth; s32 gridHeight; f32 gridYaw; f32 gridPitch; f32 gridRoll; VEC3 gridScale; s32 gunFrontType; f32 gunFrontFireInterval; f32 gunFrontFireDelay; s32 gunTopType; f32 gunTopFireInterval; f32 gunTopFireDelay; s32 gunSideType; f32 gunSideFireInterval; f32 gunSideFireDelay; s32 gunWingType; f32 gunWingFireInterval; f32 gunWingFireDelay; VEC3 enterOffset; f32 enterAngleStart; f32 enterAngleEnd; f32 enterAngleRand; f32 appearStartVel; f32 appearDecel; f32 appearClampPitch; f32 fleeVel; f32 fleeAccel; f32,1,0,compiled descriptor; no assertion spawned or active,current verified module text base + RVA
15,Giant Clank — niveau 4,GCS_WaveLancerGrid,Autres objets et controleurs,0x0023D7A0,0x0023D814,0x00135000,0x00135000,3,0x0010E3C4; 0x0010E41C; 0x0010E424,0x0023D818; 0x0023D81C; 0x0023D820,s32 waveID; f32 enemyHealth; f32 enemyShieldHealth; f32 enemyLifetime; f32 enemyRandExtraLifetime; f32 enemySpawnInterval; f32 enemyRandSpawnDelay; VEC3 gridCenter; VEC3 gridRandOffset; s32 gridWidth; s32 gridHeight; f32 gridYaw; f32 gridPitch; f32 gridRoll; VEC3 gridScale; VEC3 enterOffset; f32 enterAngleStart; f32 enterAngleEnd; f32 enterAngleRand; f32 appearStartVel; f32 appearDecel; f32 fleeVel; f32 fleeAccel; f32 fleeScreenAngleMin; f32 fleeScreenAngleMax; f32 strafeIntervalMin; f32 strafeIntervalMax; VEC3 strafeMoveOffset; f32 strafeMoveVel; f32 strafeMoveAccel; f32 strafeTargetScale; f32 strafeTargetOffsetX; f32 strafeTargetOffsetY;,1,0,compiled descriptor; no assertion spawned or active,current verified module text base + RVA
15,Giant Clank — niveau 4,GCS_WaveMaxiGrid,Autres objets et controleurs,0x0023DAC8,0x0023DB3C,0x00135060,0x00135060,3,0x0010EA40; 0x0010EA98; 0x0010EAA0,0x0023DB40; 0x0023DB44; 0x0023DB48,s32 waveID; f32 enemyHealth; f32 enemyLifetime; f32 enemyRandExtraLifetime; f32 enemySpawnInterval; f32 enemyRandSpawnDelay; VEC3 gridCenter; VEC3 gridRandOffset; s32 gridWidth; s32 gridHeight; f32 gridYaw; f32 gridPitch; f32 gridRoll; VEC3 gridScale; s32 gunTopType; f32 gunTopFireInterval; f32 gunTopFireDelay; s32 gunBottomType; f32 gunBottomFireInterval; f32 gunBottomRightFireDelay; f32 gunBottomLeftFireDelay; VEC3 enterOffset; f32 enterAngleStart; f32 enterAngleEnd; f32 enterAngleRand; f32 appearStartVel; f32 appearDecel; Toggle fleeToPoint; u8 pad1[3]; f32 fleeVel; f32 fleeAccel; f32 fleeScreenAngleMin; f32 fleeScreenAngleMax; VEC3 fleePoint; f32 idleFireInitDelay;,1,0,compiled descriptor; no assertion spawned or active,current verified module text base + RVA
15,Giant Clank — niveau 4,GCS_WaveMiniGrid,Autres objets et controleurs,0x0023DE30,0x0023DEA4,0x001350C0,0x001350C0,3,0x0010F14C; 0x0010F1A4; 0x0010F1AC,0x0023DEA8; 0x0023DEAC; 0x0023DEB0,s32 waveID; MobyLink launchFromCorvette; Toggle launchRear; f32 enemyHealth; s32 enemyGunType; f32 enemyLifetime; f32 enemyRandExtraLifetime; f32 enemySpawnInterval; f32 enemyRandSpawnDelay; Toggle enemyLaunched; VEC3 gridCenter; VEC3 gridRandOffset; s32 gridWidth; s32 gridHeight; f32 gridYaw; f32 gridPitch; f32 gridRoll; VEC3 gridScale; VEC3 enterOffset; f32 enterAngleStart; f32 enterAngleEnd; f32 enterAngleRand; f32 appearStartVel; f32 appearDecel; f32 fleeVel; f32 fleeAccel; f32 fleeScreenAngleMin; f32 fleeScreenAngleMax; f32 idleFireInitDelay; f32 idleFireInterval; f32 evadeIntervalMin; f32 evadeIntervalMax; VEC3 evadeMoveOffset; f32 evadeMoveVel; f32 evadeMoveAccel; f32 evadeSpin; f32 e,1,0,compiled descriptor; no assertion spawned or active,current verified module text base + RVA
15,Giant Clank — niveau 4,LevelMusic,Autres objets et controleurs,0x0023E014,0x0023E088,0x00135120,0x00135120,2,0x0010F9BC; 0x0010FA9C,0x0023E08C; 0x0023E090,u32 songNumber; TriggerLink trigger; s32 continuePointMin; s32 continuePointMax; s32 levelNumber; u8 priority; u8 pad[ 7 ];,1,0,compiled descriptor; no assertion spawned or active,current verified module text base + RVA
21,Giant Clank — niveau 7,GCS,Autres objets et controleurs,0x00235B78,0x00235BEC,0x00134AC8,0x00134AC8,3,0x000D719C; 0x000D7338; 0x000D736C,0x00235BF0; 0x00235BF4; 0x00235BF8,CurveLink curveCameraPath; u32 pad[ 3 ];,35,5,compiled descriptor; no assertion spawned or active,current verified module text base + RVA
21,Giant Clank — niveau 7,GCS_Asteroid,Autres objets et controleurs,0x0023C83C,0x0023C8B0,0x00134ED0,0x00134ED0,3,0x00109A24; 0x00109A7C; 0x00109A84,0x0023C8B4; 0x0023C8B8; 0x0023C8BC,float health; float moveSpeedMin; float moveSpeedMax; float spinSpeedMin; float spinSpeedMax; Toggle spinRandom; u8 pad1[3]; float spinStartAngle; float spinAxisYaw; float spinAxisPitch; u32 pad2[1];,1,0,compiled descriptor; no assertion spawned or active,current verified module text base + RVA
21,Giant Clank — niveau 7,GCS_Models,Autres objets et controleurs,0x0023C8B0,0x0023C924,0x00134EE0,0x00134EE0,3,0x00109E78; 0x00109ED0; 0x00109ED8,0x0023C928; 0x0023C92C; 0x0023C930,u32 pad[ 4 ];,1,0,compiled descriptor; no assertion spawned or active,current verified module text base + RVA
21,Giant Clank — niveau 7,GCS_Ship,Autres objets et controleurs,0x0023CD64,0x0023CDD8,0x00134EF0,0x00134EF0,4,0x0010CB68; 0x0010CB94; 0x0010CB9C; 0x0010CBA4,0x0023CDDC; 0x0023CDE0; 0x0023CDE4; 0x0023CDE8,u32 pad[ 4 ];,0,0,compiled descriptor; no assertion spawned or active,current verified module text base + RVA
21,Giant Clank — niveau 7,GCS_WaveBomberGrid,"Armes, projectiles et degats",0x0023D054,0x0023D0C8,0x00134F38,0x00134F38,3,0x0010D4C0; 0x0010D518; 0x0010D520,0x0023D0CC; 0x0023D0D0; 0x0023D0D4,s32 waveID; f32 enemyHealth; s32 enemyGunType; f32 enemyLifetime; f32 enemyRandExtraLifetime; f32 enemySpawnInterval; f32 enemyRandSpawnDelay; VEC3 gridCenter; VEC3 gridRandOffset; s32 gridWidth; s32 gridHeight; f32 gridYaw; f32 gridPitch; f32 gridRoll; VEC3 gridScale; VEC3 enterOffset; f32 enterAngleStart; f32 enterAngleEnd; f32 enterAngleRand; f32 appearOvershootDist; f32 appearMaxSpeed; f32 fleeVel; f32 fleeAccel; f32 fleeScreenAngleMin; f32 fleeScreenAngleMax; f32 idleFireInitDelay; f32 idleFireInterval; f32 evadeIntervalMin; f32 evadeIntervalMax; VEC3 evadeMoveOffset; f32 evadeMoveVel; f32 evadeMoveAccel;,1,0,compiled descriptor; no assertion spawned or active,current verified module text base + RVA
21,Giant Clank — niveau 7,GCS_WaveCorvetteGrid,Autres objets et controleurs,0x0023D498,0x0023D50C,0x00134F98,0x00134F98,3,0x0010DB40; 0x0010DB98; 0x0010DBA0,0x0023D510; 0x0023D514; 0x0023D518,s32 waveID; f32 enemyHealth; f32 enemyLifetime; f32 enemyStopRailDelay; f32 enemyRandExtraLifetime; f32 enemySpawnInterval; f32 enemyRandSpawnDelay; VEC3 gridCenter; VEC3 gridRandOffset; s32 gridWidth; s32 gridHeight; f32 gridYaw; f32 gridPitch; f32 gridRoll; VEC3 gridScale; s32 gunFrontType; f32 gunFrontFireInterval; f32 gunFrontFireDelay; s32 gunTopType; f32 gunTopFireInterval; f32 gunTopFireDelay; s32 gunSideType; f32 gunSideFireInterval; f32 gunSideFireDelay; s32 gunWingType; f32 gunWingFireInterval; f32 gunWingFireDelay; VEC3 enterOffset; f32 enterAngleStart; f32 enterAngleEnd; f32 enterAngleRand; f32 appearStartVel; f32 appearDecel; f32 appearClampPitch; f32 fleeVel; f32 fleeAccel; f32,1,0,compiled descriptor; no assertion spawned or active,current verified module text base + RVA
21,Giant Clank — niveau 7,GCS_WaveLancerGrid,Autres objets et controleurs,0x0023D7A0,0x0023D814,0x00135000,0x00135000,3,0x0010E3C4; 0x0010E41C; 0x0010E424,0x0023D818; 0x0023D81C; 0x0023D820,s32 waveID; f32 enemyHealth; f32 enemyShieldHealth; f32 enemyLifetime; f32 enemyRandExtraLifetime; f32 enemySpawnInterval; f32 enemyRandSpawnDelay; VEC3 gridCenter; VEC3 gridRandOffset; s32 gridWidth; s32 gridHeight; f32 gridYaw; f32 gridPitch; f32 gridRoll; VEC3 gridScale; VEC3 enterOffset; f32 enterAngleStart; f32 enterAngleEnd; f32 enterAngleRand; f32 appearStartVel; f32 appearDecel; f32 fleeVel; f32 fleeAccel; f32 fleeScreenAngleMin; f32 fleeScreenAngleMax; f32 strafeIntervalMin; f32 strafeIntervalMax; VEC3 strafeMoveOffset; f32 strafeMoveVel; f32 strafeMoveAccel; f32 strafeTargetScale; f32 strafeTargetOffsetX; f32 strafeTargetOffsetY;,1,0,compiled descriptor; no assertion spawned or active,current verified module text base + RVA
21,Giant Clank — niveau 7,GCS_WaveMaxiGrid,Autres objets et controleurs,0x0023DAC8,0x0023DB3C,0x00135060,0x00135060,3,0x0010EA40; 0x0010EA98; 0x0010EAA0,0x0023DB40; 0x0023DB44; 0x0023DB48,s32 waveID; f32 enemyHealth; f32 enemyLifetime; f32 enemyRandExtraLifetime; f32 enemySpawnInterval; f32 enemyRandSpawnDelay; VEC3 gridCenter; VEC3 gridRandOffset; s32 gridWidth; s32 gridHeight; f32 gridYaw; f32 gridPitch; f32 gridRoll; VEC3 gridScale; s32 gunTopType; f32 gunTopFireInterval; f32 gunTopFireDelay; s32 gunBottomType; f32 gunBottomFireInterval; f32 gunBottomRightFireDelay; f32 gunBottomLeftFireDelay; VEC3 enterOffset; f32 enterAngleStart; f32 enterAngleEnd; f32 enterAngleRand; f32 appearStartVel; f32 appearDecel; Toggle fleeToPoint; u8 pad1[3]; f32 fleeVel; f32 fleeAccel; f32 fleeScreenAngleMin; f32 fleeScreenAngleMax; VEC3 fleePoint; f32 idleFireInitDelay;,1,0,compiled descriptor; no assertion spawned or active,current verified module text base + RVA
21,Giant Clank — niveau 7,GCS_WaveMiniGrid,Autres objets et controleurs,0x0023DE30,0x0023DEA4,0x001350C0,0x001350C0,3,0x0010F14C; 0x0010F1A4; 0x0010F1AC,0x0023DEA8; 0x0023DEAC; 0x0023DEB0,s32 waveID; MobyLink launchFromCorvette; Toggle launchRear; f32 enemyHealth; s32 enemyGunType; f32 enemyLifetime; f32 enemyRandExtraLifetime; f32 enemySpawnInterval; f32 enemyRandSpawnDelay; Toggle enemyLaunched; VEC3 gridCenter; VEC3 gridRandOffset; s32 gridWidth; s32 gridHeight; f32 gridYaw; f32 gridPitch; f32 gridRoll; VEC3 gridScale; VEC3 enterOffset; f32 enterAngleStart; f32 enterAngleEnd; f32 enterAngleRand; f32 appearStartVel; f32 appearDecel; f32 fleeVel; f32 fleeAccel; f32 fleeScreenAngleMin; f32 fleeScreenAngleMax; f32 idleFireInitDelay; f32 idleFireInterval; f32 evadeIntervalMin; f32 evadeIntervalMax; VEC3 evadeMoveOffset; f32 evadeMoveVel; f32 evadeMoveAccel; f32 evadeSpin; f32 e,1,0,compiled descriptor; no assertion spawned or active,current verified module text base + RVA
21,Giant Clank — niveau 7,LevelMusic,Autres objets et controleurs,0x0023E014,0x0023E088,0x00135120,0x00135120,2,0x0010F9BC; 0x0010FA9C,0x0023E08C; 0x0023E090,u32 songNumber; TriggerLink trigger; s32 continuePointMin; s32 continuePointMax; s32 levelNumber; u8 priority; u8 pad[ 7 ];,1,0,compiled descriptor; no assertion spawned or active,current verified module text base + RVA
22,Airboard — niveau 3,AirboardTrigger,Vehicules et minijeux,0x0023D9D8,0x0023DA4C,0x0013ABF0,0x0013ABF0,3,0x000E859C; 0x000E8928; 0x000E8930,0x0023DA50; 0x0023DA54; 0x0023DA58,CurveLink paths[8]; u8 pathRelevance[8]; CurveLink endPath; MobyLink raceController; int trigSet; int pad[3];,1,0,compiled descriptor; no assertion spawned or active,current verified module text base + RVA
22,Airboard — niveau 3,AirRaceBarrier,Autres objets et controleurs,0x0023DB4C,0x0023DBC0,0x0013AD80,0x0013AD80,3,0x000E8A78; 0x000E8998; 0x000E9068,0x0023DBC4; 0x0023DBC8; 0x0023DBCC,TriggerLink alternateLocationLnk; TriggerLink rotationalAxisLnk; f32 timeFractionAccel[2]; f32 timeFractionDecel[2]; f32 timeMoving[2]; f32 timeResting[2]; f32 timeRotating[2]; f32 timeOffset; u8 racesPresent; u8 paddingSmall[3]; u32 paddingLarge[2];,24,1,compiled descriptor; no assertion spawned or active,current verified module text base + RVA
22,Airboard — niveau 3,AirRaceCameraCurve,Camera et presentation,0x0023DD34,0x0023DDA8,0x0013AD90,0x0013AD90,3,0x000E9CFC; 0x000E9EF4; 0x000EAE08,0x0023DDAC; 0x0023DDB0; 0x0023DDB4,TriggerLink dominion[4]; CurveLink routes[4]; f32 leadDistance; f32 searchDistance; f32 distance; f32 height; f32 lookAbove; u8 priority; Toggle imposeAzimuth; Toggle imposeElevation; Toggle imposeDistance; Toggle imposeHeight; Toggle imposeLookAbove; Toggle noSlideZone; u8 paddingOfEarCaressingTelephoneHandles[ 2 ]; u32 paddingOfProddingBBQCoathangars[ 1 ];,11,2,compiled descriptor; no assertion spawned or active,current verified module text base + RVA
22,Airboard — niveau 3,AirRaceCameraTweaker,Camera et presentation,0x0023DF38,0x0023DFAC,0x0013AE28,0x0013AE28,3,0x000EB118; 0x000EB18C; 0x000EB194,0x0023DFB0; 0x0023DFB4; 0x0023DFB8,TriggerLink modificationZones[4]; TriggerLink orientationZones[4]; f32 driftAzimuthScale; f32 driftTether; f32 distance; f32 height; f32 elevation; f32 speed; u8 cameraType; u8 cameraPriority; u8 paddingOfLickableClawHammers[2]; f32 lookAbove; u32 paddingOfLovesSecretDomain[3];,0,0,compiled descriptor; no assertion spawned or active,current verified module text base + RVA
22,Airboard — niveau 3,AirRaceMine,"Armes, projectiles et degats",0x0023E018,0x0023E08C,0x0013AE40,0x0013AE40,3,0x000EB53C; 0x000EBA14; 0x000EC86C,0x0023E090; 0x0023E094; 0x0023E098,f32 triggerRadius; f32 warningTime; f32 explosionRadius; u8 slowdownMine; u8 racesPresent; u8 paddingOfPumpernickelAngiush[2];,23,3,compiled descriptor; no assertion spawned or active,current verified module text base + RVA
22,Airboard — niveau 3,AirRacePickupBoost,"Caisses, pickups et bonus",0x0023E5D4,0x0023E648,0x0013AEB8,0x0013AEB8,3,0x000EE69C; 0x000EDB40; 0x000EDB48,0x0023E64C; 0x0023E650; 0x0023E654,u8 racesPresent; u8 paddingSmall[3]; u32 paddingLarge[3];,63,2,compiled descriptor; no assertion spawned or active,current verified module text base + RVA
22,Airboard — niveau 3,AirRaceProp,Autres objets et controleurs,0x0023E6A4,0x0023E718,0x0013AF50,0x0013AF50,3,0x000EFF30; 0x000F01A8; 0x000F0220,0x0023E71C; 0x0023E720; 0x0023E724,u8 racesPresent; u8 paddingSmall[3]; u32 paddingLarge[3];,12,0,compiled descriptor; no assertion spawned or active,current verified module text base + RVA
22,Airboard — niveau 3,AirRaceRings,Autres objets et controleurs,0x0023E79C,0x0023E810,0x0013AF60,0x0013AF60,3,0x000F0228; 0x000F0304; 0x000F114C,0x0023E814; 0x0023E818; 0x0023E81C,f32 speedRotationOuter; f32 speedRotationInner; f32 innerRingScale; u8 racesPresent; u8 boostsThroughCenter; u8 paddingOfHustleRoseIsGreiving[2];,22,1,compiled descriptor; no assertion spawned or active,current verified module text base + RVA
22,Airboard — niveau 3,AirRaceSpeedSurface,Autres objets et controleurs,0x0023E8B8,0x0023E92C,0x0013AFE0,0x0013AFE0,3,0x000F2B24; 0x000F1384; 0x000F138C,0x0023E930; 0x0023E934; 0x0023E938,u8 racesPresent; u8 gridDivisionsX; u8 gridDivisionsY; u8 paddingSmall[1]; u32 paddingLarge[3];,28,4,compiled descriptor; no assertion spawned or active,current verified module text base + RVA
22,Airboard — niveau 3,AirRaceVent,Pieges et mecanismes,0x0023EA58,0x0023EACC,0x0013B080,0x0013B080,3,0x000F46E8; 0x000F3C30; 0x000F3CA8,0x0023EAD0; 0x0023EAD4; 0x0023EAD8,f32 force; f32 turnForce; f32 coneWidthEnd; f32 coneLength; f32 timeVenting; f32 timeResting; f32 timeOffset; u8 racesPresent; u8 suck; u8 paddingOfPenguinGenitalSoccer[2];,43,6,compiled descriptor; no assertion spawned or active,current verified module text base + RVA
22,Airboard — niveau 3,ArmorHelmet,Autres objets et controleurs,0x0023EB28,0x0023EB9C,0x0013B0F8,0x0013B0F8,3,0x000F576C; 0x000F5774; 0x000F577C,0x0023EBA0; 0x0023EBA4; 0x0023EBA8,,0,0,compiled descriptor; no assertion spawned or active,current verified module text base + RVA
22,Airboard — niveau 3,ArmorLeftFoot,Autres objets et controleurs,0x0023EB88,0x0023EBFC,0x0013B108,0x0013B108,3,0x000F5784; 0x000F578C; 0x000F5794,0x0023EC00; 0x0023EC04; 0x0023EC08,,0,0,compiled descriptor; no assertion spawned or active,current verified module text base + RVA
22,Airboard — niveau 3,ArmorLeftHand,Autres objets et controleurs,0x0023EBF8,0x0023EC6C,0x0013B118,0x0013B118,3,0x000F579C; 0x000F57A4; 0x000F57AC,0x0023EC70; 0x0023EC74; 0x0023EC78,u32 pad[ 4 ];,0,0,compiled descriptor; no assertion spawned or active,current verified module text base + RVA
22,Airboard — niveau 3,ArmorRightFoot,Autres objets et controleurs,0x0023EC58,0x0023ECCC,0x0013B128,0x0013B128,3,0x000F57B4; 0x000F57BC; 0x000F57C4,0x0023ECD0; 0x0023ECD4; 0x0023ECD8,,0,0,compiled descriptor; no assertion spawned or active,current verified module text base + RVA
22,Airboard — niveau 3,ArmorRightHand,Autres objets et controleurs,0x0023ECC8,0x0023ED3C,0x0013B138,0x0013B138,3,0x000F57CC; 0x000F57D4; 0x000F57DC,0x0023ED40; 0x0023ED44; 0x0023ED48,u32 pad[ 4 ];,0,0,compiled descriptor; no assertion spawned or active,current verified module text base + RVA
22,Airboard — niveau 3,ArmorTorso,Vehicules et minijeux,0x0023ED28,0x0023ED9C,0x0013B148,0x0013B148,3,0x000F57E4; 0x000F57EC; 0x000F57F4,0x0023EDA0; 0x0023EDA4; 0x0023EDA8,,0,0,compiled descriptor; no assertion spawned or active,current verified module text base + RVA
22,Airboard — niveau 3,Blaster,"Armes, projectiles et degats",0x0023EE14,0x0023EE88,0x0013B158,0x0013B158,3,0x000F582C; 0x000F5988; 0x000F5EAC,0x0023EE8C; 0x0023EE90; 0x0023EE94,,53,3,compiled descriptor; no assertion spawned or active,current verified module text base + RVA
22,Airboard — niveau 3,BlasterAkimbo,"Armes, projectiles et degats",0x0023EE80,0x0023EEF4,0x0013B160,0x0013B160,3,0x000F6E8C; 0x000F6F10; 0x000F6F40,0x0023EEF8; 0x0023EEFC; 0x0023EF00,,21,2,compiled descriptor; no assertion spawned or active,current verified module text base + RVA
22,Airboard — niveau 3,BlasterShot,"Armes, projectiles et degats",0x0023EEF4,0x0023EF68,0x0013B170,0x0013B170,3,0x000F7210; 0x000F7238; 0x000F75DC,0x0023EF6C; 0x0023EF70; 0x0023EF74,,28,2,compiled descriptor; no assertion spawned or active,current verified module text base + RVA
22,Airboard — niveau 3,Bolt,"Caisses, pickups et bonus",0x0023F278,0x0023F2EC,0x0013B180,0x0013B180,2,0x000F94A8; 0x000F94B0,0x0023F2F0; 0x0023F2F4,,0,0,compiled descriptor; no assertion spawned or active,current verified module text base + RVA
22,Airboard — niveau 3,BoltGrabber,"Caisses, pickups et bonus",0x0023F2D8,0x0023F34C,0x0013B188,0x0013B188,3,0x000F94B8; 0x000F94C0; 0x000F94C8,0x0023F350; 0x0023F354; 0x0023F358,,0,0,compiled descriptor; no assertion spawned or active,current verified module text base + RVA
22,Airboard — niveau 3,BoxBreaker,"Caisses, pickups et bonus",0x0023F338,0x0023F3AC,0x0013B198,0x0013B198,3,0x000F94D0; 0x000F94D8; 0x000F94E0,0x0023F3B0; 0x0023F3B4; 0x0023F3B8,,0,0,compiled descriptor; no assertion spawned or active,current verified module text base + RVA
22,Airboard — niveau 3,BoxBreakerHelp,"Caisses, pickups et bonus",0x0023F398,0x0023F40C,0x0013B1A8,0x0013B1A8,3,0x000F956C; 0x000F9574; 0x000F957C,0x0023F410; 0x0023F414; 0x0023F418,,5,0,compiled descriptor; no assertion spawned or active,current verified module text base + RVA
22,Airboard — niveau 3,CrystalGroundShard,Autres objets et controleurs,0x0023F498,0x0023F50C,0x0013B1C8,0x0013B1C8,3,0x000F9A38; 0x000F9C7C; 0x000F9EC0,0x0023F510; 0x0023F514; 0x0023F518,,33,1,compiled descriptor; no assertion spawned or active,current verified module text base + RVA
22,Airboard — niveau 3,DualBlasterHUD,"Armes, projectiles et degats",0x0023F4F8,0x0023F56C,0x0013B1E0,0x0013B1E0,3,0x000FA5E0; 0x000FA5E8; 0x000FA5F0,0x0023F570; 0x0023F574; 0x0023F578,,0,0,compiled descriptor; no assertion spawned or active,current verified module text base + RVA
22,Airboard — niveau 3,ElectroshockWave,Autres objets et controleurs,0x0023F5FC,0x0023F670,0x0013B1F0,0x0013B1F0,3,0x000FA5F8; 0x000FA600; 0x000FB0D8,0x0023F674; 0x0023F678; 0x0023F67C,,14,3,compiled descriptor; no assertion spawned or active,current verified module text base + RVA
22,Airboard — niveau 3,FlyingCarLightweightDirectional,Autres objets et controleurs,0x0023F7D8,0x0023F84C,0x0013B208,0x0013B208,3,0x000FBBA8; 0x000FBD9C; 0x000FBDA4,0x0023F850; 0x0023F854; 0x0023F858,f32 speed; f32 distance; f32 fadeDist; u8 pad8a; u8 reverse; u8 lanes; u8 pad8; f32 spawnXMod; f32 spawnYMod; VEC3 posVariAmp; VEC3 posVariRate; f32 scale; u32 numShips; f32 spawnRate; Toggle DistantShip1; Toggle DistantShip2; Toggle DistantShip3; Toggle PODCopter; Toggle ShuttleCruiser; Toggle Dragonfly; Toggle pad[15] ;,7,1,compiled descriptor; no assertion spawned or active,current verified module text base + RVA
22,Airboard — niveau 3,FlyingCarLightweightOrbit,Autres objets et controleurs,0x0023FA00,0x0023FA74,0x0013B368,0x0013B368,3,0x000FCC64; 0x000FCE40; 0x000FCE48,0x0023FA78; 0x0023FA7C; 0x0023FA80,f32 speed; f32 radius; f32 fadeDist; u8 pad8a; u8 spawnRadiusMod; u8 reverse; u8 lanes; f32 spawnYMod; VEC3 posVariAmp; VEC3 posVariRate; u32 numShips; f32 spawnRate; f32 scale; f32 startAngle; f32 endAngle; Toggle DistantShip1; Toggle DistantShip2; Toggle DistantShip3; Toggle PODCopter; Toggle ShuttleCruiser; Toggle pad[11] ;,6,1,compiled descriptor; no assertion spawned or active,current verified module text base + RVA
22,Airboard — niveau 3,FlyingCarLightweightPathed,Autres objets et controleurs,0x0023FC04,0x0023FC78,0x0013B4A8,0x0013B4A8,3,0x000FE8B8; 0x000FDE18; 0x000FDE20,0x0023FC7C; 0x0023FC80; 0x0023FC84,CurveLink path; f32 speed; f32 fadeDist; u8 loop; u8 reverse; u8 lanes; u8 rotSmooth; f32 spawnXMod; f32 spawnYMod; VEC3 posVariAmp; VEC3 posVariRate; f32 spawnRate; f32 scale; u32 numShips; Toggle DistantShip1; Toggle DistantShip2; Toggle DistantShip3; Toggle PODCopter; Toggle ShuttleCruiser; Toggle pad[15] ;,7,1,compiled descriptor; no assertion spawned or active,current verified module text base + RVA
22,Airboard — niveau 3,GravityCrystal,Autres objets et controleurs,0x0023FCD8,0x0023FD4C,0x0013B628,0x0013B628,3,0x000FF204; 0x000FF41C; 0x000FFD94,0x0023FD50; 0x0023FD54; 0x0023FD58,,39,2,compiled descriptor; no assertion spawned or active,current verified module text base + RVA
22,Airboard — niveau 3,Hypershot,Gadgets et outils,0x0023FE94,0x0023FF08,0x0013B638,0x0013B638,3,0x00100190; 0x0010022C; 0x001002B4,0x0023FF0C; 0x0023FF10; 0x0023FF14,,13,0,compiled descriptor; no assertion spawned or active,current verified module text base + RVA
22,Airboard — niveau 3,Level01SkyController,"Effets, particules et environnement",0x0023FF1C,0x0023FF90,0x0013B650,0x0013B650,3,0x00100444; 0x00100494; 0x0010049C,0x0023FF94; 0x0023FF98; 0x0023FF9C,f32 rotSp; f32 rot; u32 pad[2];,17,0,compiled descriptor; no assertion spawned or active,current verified module text base + RVA
22,Airboard — niveau 3,LevelMusic,Autres objets et controleurs,0x00240104,0x00240178,0x0013B668,0x0013B668,2,0x001005A8; 0x00100688,0x0024017C; 0x00240180,u32 songNumber; TriggerLink trigger; s32 continuePointMin; s32 continuePointMax; s32 levelNumber; u8 priority; u8 pad[ 7 ];,1,0,compiled descriptor; no assertion spawned or active,current verified module text base + RVA
22,Airboard — niveau 3,Lvl3FluidBubble,Autres objets et controleurs,0x002401B4,0x00240228,0x0013B688,0x0013B688,3,0x00100CF0; 0x00100E0C; 0x00100E14,0x0024022C; 0x00240230; 0x00240234,f32 offsetTime; f32 offTime; f32 offTimeRand; u32 pad;,9,3,compiled descriptor; no assertion spawned or active,current verified module text base + RVA
22,Airboard — niveau 3,MapOMaticGadget,Gadgets et outils,0x00240258,0x002402CC,0x0013B748,0x0013B748,3,0x00101348; 0x00101350; 0x00101358,0x002402D0; 0x002402D4; 0x002402D8,,0,0,compiled descriptor; no assertion spawned or active,current verified module text base + RVA
22,Airboard — niveau 3,MobyIce,Autres objets et controleurs,0x0024034C,0x002403C0,0x0013B758,0x0013B758,3,0x00101BCC; 0x00101BE4; 0x00102568,0x002403C4; 0x002403C8; 0x002403CC,,31,1,compiled descriptor; no assertion spawned or active,current verified module text base + RVA
22,Airboard — niveau 3,PDA,Autres objets et controleurs,0x002403B8,0x0024042C,0x0013B760,0x0013B760,3,0x00102E1C; 0x00102E24; 0x00102E2C,0x00240430; 0x00240434; 0x00240438,,0,0,compiled descriptor; no assertion spawned or active,current verified module text base + RVA
22,Airboard — niveau 3,Polarizer,Gadgets et outils,0x002404C4,0x00240538,0x0013B768,0x0013B768,3,0x00102E60; 0x0010301C; 0x00103B04,0x0024053C; 0x00240540; 0x00240544,,34,0,compiled descriptor; no assertion spawned or active,current verified module text base + RVA
22,Airboard — niveau 3,RaceController,Autres objets et controleurs,0x002405B0,0x00240624,0x0013B778,0x0013B778,3,0x00104A74; 0x00104E2C; 0x00104E34,0x00240628; 0x0024062C; 0x00240630,CurveLink progress; TriggerLink finishLine; TriggerLink halfWay; u8 numLaps; u8 paddingOfLaserPuppies[3]; TriggerLink boostZones[32];,12,7,compiled descriptor; no assertion spawned or active,current verified module text base + RVA
22,Airboard — niveau 3,Ratchet,"Joueur, acteurs et accessoires",0x00240660,0x002406D4,0x0013B918,0x0013B918,4,0x00106F90; 0x00106FD0; 0x00106FD8; 0x00106FE0,0x002406D8; 0x002406DC; 0x002406E0; 0x002406E4,,15,0,compiled descriptor; no assertion spawned or active,current verified module text base + RVA
22,Airboard — niveau 3,ShrinkRayRatchet,Gadgets et outils,0x00240718,0x0024078C,0x0013B9B0,0x0013B9B0,3,0x00107EB0; 0x00107EB8; 0x00107EC0,0x00240790; 0x00240794; 0x00240798,,0,0,compiled descriptor; no assertion spawned or active,current verified module text base + RVA
22,Airboard — niveau 3,Skyboard,Vehicules et minijeux,0x00240884,0x002408F8,0x0013B9C8,0x0013B9C8,3,0x00107EC8; 0x00107F20; 0x00107F28,0x002408FC; 0x00240900; 0x00240904,VEC4 lastLEnginePos; VEC4 lastREnginePos; VEC4 lastLEngineAt; VEC4 lastREngineAt; u8 engineActive; u8 turboActive; u8 expansionState; u32 paddingOfRuthlessDeterminism[1];,0,0,compiled descriptor; no assertion spawned or active,current verified module text base + RVA
22,Airboard — niveau 3,Skyboarder01,Vehicules et minijeux,0x00240AC0,0x00240B34,0x0013BA20,0x0013BA20,3,0x0010A1A8; 0x00108CA0; 0x00108CA8,0x00240B38; 0x00240B3C; 0x00240B40,CurveLink path; MobyLink raceController; Toggle isProp; u8 racesPresent; u8 isMovieSwitched; u8 textureSet; f32 baseSpeed; f32 trackThresholds[4]; f32 speedAdjustments[4];,69,8,compiled descriptor; no assertion spawned or active,current verified module text base + RVA
22,Airboard — niveau 3,Sproutomatic,Gadgets et outils,0x00240BC4,0x00240C38,0x0013BBE0,0x0013BBE0,3,0x0010C5E0; 0x0010C688; 0x0010C6C0,0x00240C3C; 0x00240C40; 0x00240C44,,10,0,compiled descriptor; no assertion spawned or active,current verified module text base + RVA
22,Airboard — niveau 3,TieManipulator,Autres objets et controleurs,0x00240E34,0x00240EA8,0x0013BBF0,0x0013BBF0,3,0x0010CD00; 0x0010CCF8; 0x0010D2D8,0x00240EAC; 0x00240EB0; 0x00240EB4,TieLink tie[ 8 ]; f32 xAxis; f32 yAxis; f32 zAxis; f32 xRot; f32 yRot; f32 zRot; f32 xSpan; f32 ySpan; f32 zSpan; f32 xCounter; f32 yCounter; f32 zCounter; f32 speed; f32 speedPerFrame; f32 curviness; f32 curvPar; f32 scaleSpeed; f32 scaleSpeedPerFrame; f32 scaleMax; f32 scaleCounter; f32 xPerc[8]; f32 yPerc[8]; f32 zPerc[8]; f32 xPar[8]; f32 yPar[8]; f32 zPar[8]; f32 xStart[8]; f32 yStart[8]; f32 zStart[8]; MATRIX4 *pMat[8]; MATRIX4 scaleMatrix; f32 drawDistance; f32 updateDistance; f32 inverseScale; u32 linkCount;,17,0,compiled descriptor; no assertion spawned or active,current verified module text base + RVA
22,Airboard — niveau 3,Wrench,Autres objets et controleurs,0x00241040,0x002410B4,0x0013BC00,0x0013BC00,3,0x0010D76C; 0x0010D840; 0x0010DC7C,0x002410B8; 0x002410BC; 0x002410C0,,2,0,compiled descriptor; no assertion spawned or active,current verified module text base + RVA
23,Airboard — niveau 6,Acidbomb,"Armes, projectiles et degats",0x0029FB40,0x0029FBB4,0x0019B558,0x0019B558,3,0x000FA828; 0x000FA838; 0x000FB1A0,0x0029FBB8; 0x0029FBBC; 0x0029FBC0,,35,0,compiled descriptor; no assertion spawned or active,current verified module text base + RVA
23,Airboard — niveau 6,AcidbombEpoxy,"Armes, projectiles et degats",0x0029FBC8,0x0029FC3C,0x0019B580,0x0019B580,3,0x000FC5E4; 0x000FC5EC; 0x000FC674,0x0029FC40; 0x0029FC44; 0x0029FC48,,5,0,compiled descriptor; no assertion spawned or active,current verified module text base + RVA
23,Airboard — niveau 6,AcidGloveHUD,"Armes, projectiles et degats",0x0029FC28,0x0029FC9C,0x0019B590,0x0019B590,3,0x000FCB7C; 0x000FCB84; 0x000FCB8C,0x0029FCA0; 0x0029FCA4; 0x0029FCA8,,0,0,compiled descriptor; no assertion spawned or active,current verified module text base + RVA
23,Airboard — niveau 6,AgentController,"Armes, projectiles et degats",0x0029FC88,0x0029FCFC,0x0019B5A0,0x0019B5A0,3,0x000FCB94; 0x000FCC84; 0x000FCE3C,0x0029FD00; 0x0029FD04; 0x0029FD08,,6,0,compiled descriptor; no assertion spawned or active,current verified module text base + RVA
23,Airboard — niveau 6,AgentOfDoom,"Armes, projectiles et degats",0x0029FFDC,0x002A0050,0x0019B678,0x0019B678,4,0x000FD48C; 0x000FD568; 0x000FD628; 0x000FD948,0x002A0054; 0x002A0058; 0x002A005C; 0x002A0060,,21,1,compiled descriptor; no assertion spawned or active,current verified module text base + RVA
23,Airboard — niveau 6,AgentOfDoomShrapnel,"Armes, projectiles et degats",0x002A00BC,0x002A0130,0x0019B700,0x0019B700,3,0x00102060; 0x00102068; 0x00102070,0x002A0134; 0x002A0138; 0x002A013C,,31,0,compiled descriptor; no assertion spawned or active,current verified module text base + RVA
23,Airboard — niveau 6,AgentsBomb,"Armes, projectiles et degats",0x002A01F8,0x002A026C,0x0019B718,0x0019B718,3,0x00102370; 0x00102378; 0x00102380,0x002A0270; 0x002A0274; 0x002A0278,,19,0,compiled descriptor; no assertion spawned or active,current verified module text base + RVA
23,Airboard — niveau 6,AgentsGlove,"Armes, projectiles et degats",0x002A0290,0x002A0304,0x0019B728,0x0019B728,3,0x0010390C; 0x00103998; 0x001039C4,0x002A0308; 0x002A030C; 0x002A0310,,8,2,compiled descriptor; no assertion spawned or active,current verified module text base + RVA
23,Airboard — niveau 6,AgentsGrenade,"Armes, projectiles et degats",0x002A033C,0x002A03B0,0x0019B738,0x0019B738,3,0x00103E94; 0x00103F84; 0x00104438,0x002A03B4; 0x002A03B8; 0x002A03BC,,33,2,compiled descriptor; no assertion spawned or active,current verified module text base + RVA
23,Airboard — niveau 6,AgentsLaser,"Armes, projectiles et degats",0x002A03E4,0x002A0458,0x0019B7C0,0x0019B7C0,3,0x001049B4; 0x00104CBC; 0x00104D70,0x002A045C; 0x002A0460; 0x002A0464,,17,0,compiled descriptor; no assertion spawned or active,current verified module text base + RVA
23,Airboard — niveau 6,AgentsRocket,"Armes, projectiles et degats",0x002A04D8,0x002A054C,0x0019B898,0x0019B898,3,0x0010577C; 0x00105840; 0x001058C0,0x002A0550; 0x002A0554; 0x002A0558,,26,1,compiled descriptor; no assertion spawned or active,current verified module text base + RVA
23,Airboard — niveau 6,AirboardTrigger,Vehicules et minijeux,0x002A05E0,0x002A0654,0x0019B920,0x0019B920,3,0x001061A8; 0x00106534; 0x0010653C,0x002A0658; 0x002A065C; 0x002A0660,CurveLink paths[8]; u8 pathRelevance[8]; CurveLink endPath; MobyLink raceController; int trigSet; int pad[3];,1,0,compiled descriptor; no assertion spawned or active,current verified module text base + RVA
23,Airboard — niveau 6,AirRaceBarrier,Autres objets et controleurs,0x002A0754,0x002A07C8,0x0019BAB0,0x0019BAB0,3,0x00106684; 0x001065A4; 0x00106C74,0x002A07CC; 0x002A07D0; 0x002A07D4,TriggerLink alternateLocationLnk; TriggerLink rotationalAxisLnk; f32 timeFractionAccel[2]; f32 timeFractionDecel[2]; f32 timeMoving[2]; f32 timeResting[2]; f32 timeRotating[2]; f32 timeOffset; u8 racesPresent; u8 paddingSmall[3]; u32 paddingLarge[2];,24,1,compiled descriptor; no assertion spawned or active,current verified module text base + RVA
23,Airboard — niveau 6,AirRaceCameraCurve,Camera et presentation,0x002A093C,0x002A09B0,0x0019BAC0,0x0019BAC0,3,0x00107908; 0x00107B00; 0x00108A14,0x002A09B4; 0x002A09B8; 0x002A09BC,TriggerLink dominion[4]; CurveLink routes[4]; f32 leadDistance; f32 searchDistance; f32 distance; f32 height; f32 lookAbove; u8 priority; Toggle imposeAzimuth; Toggle imposeElevation; Toggle imposeDistance; Toggle imposeHeight; Toggle imposeLookAbove; Toggle noSlideZone; u8 paddingOfEarCaressingTelephoneHandles[ 2 ]; u32 paddingOfProddingBBQCoathangars[ 1 ];,11,2,compiled descriptor; no assertion spawned or active,current verified module text base + RVA
23,Airboard — niveau 6,AirRaceInvitation,Autres objets et controleurs,0x002A0A90,0x002A0B04,0x0019BB58,0x0019BB58,3,0x00108D24; 0x00108F3C; 0x00108F44,0x002A0B08; 0x002A0B0C; 0x002A0B10,TriggerLink startTrigger; TriggerLink playerWarpPos; TriggerLink movieQueueTrigger; MobyLink startCam;,9,1,compiled descriptor; no assertion spawned or active,current verified module text base + RVA
23,Airboard — niveau 6,AirRaceMine,"Armes, projectiles et degats",0x002A0B90,0x002A0C04,0x0019BCC8,0x0019BCC8,3,0x00109B88; 0x0010A060; 0x0010AEB8,0x002A0C08; 0x002A0C0C; 0x002A0C10,f32 triggerRadius; f32 warningTime; f32 explosionRadius; u8 slowdownMine; u8 racesPresent; u8 paddingOfPumpernickelAngiush[2];,24,4,compiled descriptor; no assertion spawned or active,current verified module text base + RVA
23,Airboard — niveau 6,AirRacePickupBoost,"Caisses, pickups et bonus",0x002A114C,0x002A11C0,0x0019BD40,0x0019BD40,3,0x0010CCE8; 0x0010C18C; 0x0010C194,0x002A11C4; 0x002A11C8; 0x002A11CC,u8 racesPresent; u8 paddingSmall[3]; u32 paddingLarge[3];,63,2,compiled descriptor; no assertion spawned or active,current verified module text base + RVA
23,Airboard — niveau 6,AirRaceProp,Autres objets et controleurs,0x002A121C,0x002A1290,0x0019BDD8,0x0019BDD8,3,0x0010E57C; 0x0010E7F4; 0x0010E86C,0x002A1294; 0x002A1298; 0x002A129C,u8 racesPresent; u8 paddingSmall[3]; u32 paddingLarge[3];,12,0,compiled descriptor; no assertion spawned or active,current verified module text base + RVA
23,Airboard — niveau 6,AirRaceRings,Autres objets et controleurs,0x002A1314,0x002A1388,0x0019BDE8,0x0019BDE8,3,0x0010E874; 0x0010E950; 0x0010F798,0x002A138C; 0x002A1390; 0x002A1394,f32 speedRotationOuter; f32 speedRotationInner; f32 innerRingScale; u8 racesPresent; u8 boostsThroughCenter; u8 paddingOfHustleRoseIsGreiving[2];,22,1,compiled descriptor; no assertion spawned or active,current verified module text base + RVA
23,Airboard — niveau 6,AirRaceSentry,Autres objets et controleurs,0x002A1450,0x002A14C4,0x0019BE68,0x0019BE68,3,0x0010F9D0; 0x0010FE80; 0x0010FE88,0x002A14C8; 0x002A14CC; 0x002A14D0,TriggerLink otherEndpoint; f32 timeTravelling; f32 timeOffset; Toggle circling; u8 racesPresent; u8 paddingOfLegTremors[ 2 ];,31,3,compiled descriptor; no assertion spawned or active,current verified module text base + RVA
23,Airboard — niveau 6,AirRaceSpeedSurface,Autres objets et controleurs,0x002A15A0,0x002A1614,0x0019BEB8,0x0019BEB8,3,0x00112B5C; 0x001113BC; 0x001113C4,0x002A1618; 0x002A161C; 0x002A1620,u8 racesPresent; u8 gridDivisionsX; u8 gridDivisionsY; u8 paddingSmall[1]; u32 paddingLarge[3];,28,4,compiled descriptor; no assertion spawned or active,current verified module text base + RVA
23,Airboard — niveau 6,AirRaceVent,Pieges et mecanismes,0x002A1740,0x002A17B4,0x0019BF58,0x0019BF58,3,0x00114720; 0x00113C68; 0x00113CE0,0x002A17B8; 0x002A17BC; 0x002A17C0,f32 force; f32 turnForce; f32 coneWidthEnd; f32 coneLength; f32 timeVenting; f32 timeResting; f32 timeOffset; u8 racesPresent; u8 suck; u8 paddingOfPenguinGenitalSoccer[2];,43,6,compiled descriptor; no assertion spawned or active,current verified module text base + RVA
23,Airboard — niveau 6,ArmorHelmet,Autres objets et controleurs,0x002A1810,0x002A1884,0x0019BFD0,0x0019BFD0,3,0x001157A4; 0x001157AC; 0x001157B4,0x002A1888; 0x002A188C; 0x002A1890,,0,0,compiled descriptor; no assertion spawned or active,current verified module text base + RVA
23,Airboard — niveau 6,ArmorLeftFoot,Autres objets et controleurs,0x002A1870,0x002A18E4,0x0019BFE0,0x0019BFE0,3,0x001157BC; 0x001157C4; 0x001157CC,0x002A18E8; 0x002A18EC; 0x002A18F0,,0,0,compiled descriptor; no assertion spawned or active,current verified module text base + RVA
23,Airboard — niveau 6,ArmorLeftHand,Autres objets et controleurs,0x002A18E0,0x002A1954,0x0019BFF0,0x0019BFF0,3,0x001157D4; 0x001157DC; 0x001157E4,0x002A1958; 0x002A195C; 0x002A1960,u32 pad[ 4 ];,0,0,compiled descriptor; no assertion spawned or active,current verified module text base + RVA
23,Airboard — niveau 6,ArmorPickup,"Caisses, pickups et bonus",0x002A1A10,0x002A1A84,0x0019C000,0x0019C000,3,0x00115B58; 0x00115808; 0x0011605C,0x002A1A88; 0x002A1A8C; 0x002A1A90,f32 dist; f32 height; f32 lookHeight; f32 elevation; f32 azimuth; MobyLink driver; MobyLink playerMatrix; u32 playthroughReq; Toggle magnaboots; u8 pad[ 15 ];,43,0,compiled descriptor; no assertion spawned or active,current verified module text base + RVA
23,Airboard — niveau 6,ArmorRightFoot,Autres objets et controleurs,0x002A1A88,0x002A1AFC,0x0019C190,0x0019C190,3,0x00116598; 0x001165A0; 0x001165A8,0x002A1B00; 0x002A1B04; 0x002A1B08,,0,0,compiled descriptor; no assertion spawned or active,current verified module text base + RVA
23,Airboard — niveau 6,ArmorRightHand,Autres objets et controleurs,0x002A1AF8,0x002A1B6C,0x0019C1A0,0x0019C1A0,3,0x001165B0; 0x001165B8; 0x001165C0,0x002A1B70; 0x002A1B74; 0x002A1B78,u32 pad[ 4 ];,0,0,compiled descriptor; no assertion spawned or active,current verified module text base + RVA
23,Airboard — niveau 6,ArmorTorso,Vehicules et minijeux,0x002A1B58,0x002A1BCC,0x0019C1B0,0x0019C1B0,3,0x001165C8; 0x001165D0; 0x001165D8,0x002A1BD0; 0x002A1BD4; 0x002A1BD8,,0,0,compiled descriptor; no assertion spawned or active,current verified module text base + RVA
23,Airboard — niveau 6,BeeMine,"Armes, projectiles et degats",0x002A1C3C,0x002A1CB0,0x0019C1C0,0x0019C1C0,4,0x00116C78; 0x00116C88; 0x00117068; 0x00116D60,0x002A1CB4; 0x002A1CB8; 0x002A1CBC; 0x002A1CC0,,2,0,compiled descriptor; no assertion spawned or active,current verified module text base + RVA
23,Airboard — niveau 6,BeeMineGlove,"Armes, projectiles et degats",0x002A1D08,0x002A1D7C,0x0019C1F0,0x0019C1F0,3,0x00118A44; 0x00118BCC; 0x00118BF8,0x002A1D80; 0x002A1D84; 0x002A1D88,,2,0,compiled descriptor; no assertion spawned or active,current verified module text base + RVA
23,Airboard — niveau 6,BeeMineGloveHUD,"Armes, projectiles et degats",0x002A1D68,0x002A1DDC,0x0019C200,0x0019C200,3,0x00119218; 0x00119220; 0x00119228,0x002A1DE0; 0x002A1DE4; 0x002A1DE8,,0,0,compiled descriptor; no assertion spawned or active,current verified module text base + RVA
23,Airboard — niveau 6,BeeMineShrapnel,"Armes, projectiles et degats",0x002A1E34,0x002A1EA8,0x0019C210,0x0019C210,3,0x00119560; 0x00119568; 0x00119570,0x002A1EAC; 0x002A1EB0; 0x002A1EB4,,31,0,compiled descriptor; no assertion spawned or active,current verified module text base + RVA
23,Airboard — niveau 6,Blaster,"Armes, projectiles et degats",0x002A1F24,0x002A1F98,0x0019C220,0x0019C220,3,0x001195E8; 0x00119744; 0x00119C68,0x002A1F9C; 0x002A1FA0; 0x002A1FA4,,53,3,compiled descriptor; no assertion spawned or active,current verified module text base + RVA
23,Airboard — niveau 6,BlasterAkimbo,"Armes, projectiles et degats",0x002A1F90,0x002A2004,0x0019C228,0x0019C228,3,0x0011AC48; 0x0011ACCC; 0x0011ACFC,0x002A2008; 0x002A200C; 0x002A2010,,21,2,compiled descriptor; no assertion spawned or active,current verified module text base + RVA
23,Airboard — niveau 6,BlasterShot,"Armes, projectiles et degats",0x002A2004,0x002A2078,0x0019C238,0x0019C238,3,0x0011AFCC; 0x0011AFF4; 0x0011B398,0x002A207C; 0x002A2080; 0x002A2084,,28,2,compiled descriptor; no assertion spawned or active,current verified module text base + RVA
23,Airboard — niveau 6,BlitzGun,"Armes, projectiles et degats",0x002A2464,0x002A24D8,0x0019C248,0x0019C248,3,0x0011D264; 0x0011D3C0; 0x0011D818,0x002A24DC; 0x002A24E0; 0x002A24E4,,40,1,compiled descriptor; no assertion spawned or active,current verified module text base + RVA
23,Airboard — niveau 6,BlitzGunShot,"Armes, projectiles et degats",0x002A25F4,0x002A2668,0x0019C258,0x0019C258,3,0x0011F2AC; 0x0011F2B4; 0x0011F450,0x002A266C; 0x002A2670; 0x002A2674,,21,2,compiled descriptor; no assertion spawned or active,current verified module text base + RVA
23,Airboard — niveau 6,BoltGrabber,"Caisses, pickups et bonus",0x002A2658,0x002A26CC,0x0019C268,0x0019C268,3,0x0011FF60; 0x0011FF68; 0x0011FF70,0x002A26D0; 0x002A26D4; 0x002A26D8,,0,0,compiled descriptor; no assertion spawned or active,current verified module text base + RVA
23,Airboard — niveau 6,Bombglove,"Armes, projectiles et degats",0x002A271C,0x002A2790,0x0019C278,0x0019C278,3,0x0011FF78; 0x00120050; 0x00120500,0x002A2794; 0x002A2798; 0x002A279C,,17,0,compiled descriptor; no assertion spawned or active,current verified module text base + RVA
23,Airboard — niveau 6,BoxBreaker,"Caisses, pickups et bonus",0x002A2780,0x002A27F4,0x0019C288,0x0019C288,3,0x00120A70; 0x00120A78; 0x00120A80,0x002A27F8; 0x002A27FC; 0x002A2800,,0,0,compiled descriptor; no assertion spawned or active,current verified module text base + RVA
23,Airboard — niveau 6,BoxBreakerHelp,"Caisses, pickups et bonus",0x002A27E0,0x002A2854,0x0019C298,0x0019C298,3,0x00120B0C; 0x00120B14; 0x00120B1C,0x002A2858; 0x002A285C; 0x002A2860,,5,0,compiled descriptor; no assertion spawned or active,current verified module text base + RVA
23,Airboard — niveau 6,ChameleonDecoy,Autres objets et controleurs,0x002A2934,0x002A29A8,0x0019C2B8,0x0019C2B8,4,0x00120DE8; 0x00120DF0; 0x00120E08; 0x00120E90,0x002A29AC; 0x002A29B0; 0x002A29B4; 0x002A29B8,,7,1,compiled descriptor; no assertion spawned or active,current verified module text base + RVA
23,Airboard — niveau 6,ClankForShipAnim,"Joueur, acteurs et accessoires",0x002A29A8,0x002A2A1C,0x0019C2C8,0x0019C2C8,3,0x00120F44; 0x00120F4C; 0x00120F54,0x002A2A20; 0x002A2A24; 0x002A2A28,u32 pad[ 4 ];,0,0,compiled descriptor; no assertion spawned or active,current verified module text base + RVA
23,Airboard — niveau 6,ClankPack,"Joueur, acteurs et accessoires",0x002A2A08,0x002A2A7C,0x0019C2E0,0x0019C2E0,3,0x00120F5C; 0x00120F8C; 0x00120F94,0x002A2A80; 0x002A2A84; 0x002A2A88,,2,0,compiled descriptor; no assertion spawned or active,current verified module text base + RVA
23,Airboard — niveau 6,ContinuePoint,Autres objets et controleurs,0x002A2A94,0x002A2B08,0x0019C2F0,0x0019C2F0,3,0x00120FB8; 0x00120FDC; 0x00120FE4,0x002A2B0C; 0x002A2B10; 0x002A2B14,TriggerLink activateTrigger; u8 index;,0,0,compiled descriptor; no assertion spawned or active,current verified module text base + RVA
23,Airboard — niveau 6,CowBell,Autres objets et controleurs,0x002A2B34,0x002A2BA8,0x0019C300,0x0019C300,3,0x001214B4; 0x001214BC; 0x001214C4,0x002A2BAC; 0x002A2BB0; 0x002A2BB4,,31,0,compiled descriptor; no assertion spawned or active,current verified module text base + RVA
23,Airboard — niveau 6,CrossbowGun,"Armes, projectiles et degats",0x002A2C34,0x002A2CA8,0x0019C308,0x0019C308,3,0x00121524; 0x00121610; 0x001217F0,0x002A2CAC; 0x002A2CB0; 0x002A2CB4,,33,3,compiled descriptor; no assertion spawned or active,current verified module text base + RVA
23,Airboard — niveau 6,CrossbowShot,"Armes, projectiles et degats",0x002A2E14,0x002A2E88,0x0019C340,0x0019C340,3,0x00121E40; 0x00121E48; 0x00123388,0x002A2E8C; 0x002A2E90; 0x002A2E94,,63,4,compiled descriptor; no assertion spawned or active,current verified module text base + RVA
23,Airboard — niveau 6,CrystalGroundShard,Autres objets et controleurs,0x002A2F30,0x002A2FA4,0x0019C350,0x0019C350,3,0x0012427C; 0x001244C0; 0x00124704,0x002A2FA8; 0x002A2FAC; 0x002A2FB0,,33,1,compiled descriptor; no assertion spawned or active,current verified module text base + RVA
23,Airboard — niveau 6,DeathTrigger,Pieges et mecanismes,0x002A2FF0,0x002A3064,0x0019C368,0x0019C368,3,0x00124E24; 0x00124E84; 0x00124E8C,0x002A3068; 0x002A306C; 0x002A3070,MobyLink killAreas; MobyLink ignoreAreas; Toggle killHeroInTriggers; f32 minYHeight; u8 pad[3];,7,0,compiled descriptor; no assertion spawned or active,current verified module text base + RVA
23,Airboard — niveau 6,DualBlasterHUD,"Armes, projectiles et degats",0x002A3050,0x002A30C4,0x0019C378,0x0019C378,3,0x00125000; 0x00125008; 0x00125010,0x002A30C8; 0x002A30CC; 0x002A30D0,,0,0,compiled descriptor; no assertion spawned or active,current verified module text base + RVA
23,Airboard — niveau 6,electricXplo,Autres objets et controleurs,0x002A30EC,0x002A3160,0x0019C388,0x0019C388,3,0x00125AB0; 0x00125804; 0x0012580C,0x002A3164; 0x002A3168; 0x002A316C,f32 lengths[24]; VEC3 normals[18]; f32 timer; s32 scroll;,14,2,compiled descriptor; no assertion spawned or active,current verified module text base + RVA
23,Airboard — niveau 6,ElectroBall,Autres objets et controleurs,0x002A32C0,0x002A3334,0x0019C408,0x0019C408,3,0x00127398; 0x00127408; 0x0012744C,0x002A3338; 0x002A333C; 0x002A3340,,19,3,compiled descriptor; no assertion spawned or active,current verified module text base + RVA
23,Airboard — niveau 6,ElectroshockWave,Autres objets et controleurs,0x002A33CC,0x002A3440,0x0019C418,0x0019C418,3,0x00128090; 0x00128098; 0x00128B70,0x002A3444; 0x002A3448; 0x002A344C,,14,3,compiled descriptor; no assertion spawned or active,current verified module text base + RVA
23,Airboard — niveau 6,ExplosiveBee,Autres objets et controleurs,0x002A359C,0x002A3610,0x0019C430,0x0019C430,3,0x00128F60; 0x00129008; 0x00129EB0,0x002A3614; 0x002A3618; 0x002A361C,,9,2,compiled descriptor; no assertion spawned or active,current verified module text base + RVA
23,Airboard — niveau 6,Flamethrower,"Armes, projectiles et degats",0x002A36D8,0x002A374C,0x0019C488,0x0019C488,3,0x0012AFA8; 0x0012B124; 0x0012BF34,0x002A3750; 0x002A3754; 0x002A3758,,12,2,compiled descriptor; no assertion spawned or active,current verified module text base + RVA
23,Airboard — niveau 6,FlyingCarLightweightDirectional,Autres objets et controleurs,0x002A39C8,0x002A3A3C,0x0019C498,0x0019C498,3,0x0012E574; 0x0012E768; 0x0012E770,0x002A3A40; 0x002A3A44; 0x002A3A48,f32 speed; f32 distance; f32 fadeDist; u8 pad8a; u8 reverse; u8 lanes; u8 pad8; f32 spawnXMod; f32 spawnYMod; VEC3 posVariAmp; VEC3 posVariRate; f32 scale; u32 numShips; f32 spawnRate; Toggle DistantShip1; Toggle DistantShip2; Toggle DistantShip3; Toggle PODCopter; Toggle ShuttleCruiser; Toggle Dragonfly; Toggle pad[15] ;,7,1,compiled descriptor; no assertion spawned or active,current verified module text base + RVA
23,Airboard — niveau 6,FlyingCarLightweightOrbit,Autres objets et controleurs,0x002A3BF0,0x002A3C64,0x0019C5F8,0x0019C5F8,3,0x0012F630; 0x0012F80C; 0x0012F814,0x002A3C68; 0x002A3C6C; 0x002A3C70,f32 speed; f32 radius; f32 fadeDist; u8 pad8a; u8 spawnRadiusMod; u8 reverse; u8 lanes; f32 spawnYMod; VEC3 posVariAmp; VEC3 posVariRate; u32 numShips; f32 spawnRate; f32 scale; f32 startAngle; f32 endAngle; Toggle DistantShip1; Toggle DistantShip2; Toggle DistantShip3; Toggle PODCopter; Toggle ShuttleCruiser; Toggle pad[11] ;,6,1,compiled descriptor; no assertion spawned or active,current verified module text base + RVA
23,Airboard — niveau 6,FlyingCarLightweightPathed,Autres objets et controleurs,0x002A3DF4,0x002A3E68,0x0019C738,0x0019C738,3,0x00131284; 0x001307E4; 0x001307EC,0x002A3E6C; 0x002A3E70; 0x002A3E74,CurveLink path; f32 speed; f32 fadeDist; u8 loop; u8 reverse; u8 lanes; u8 rotSmooth; f32 spawnXMod; f32 spawnYMod; VEC3 posVariAmp; VEC3 posVariRate; f32 spawnRate; f32 scale; u32 numShips; Toggle DistantShip1; Toggle DistantShip2; Toggle DistantShip3; Toggle PODCopter; Toggle ShuttleCruiser; Toggle pad[15] ;,7,1,compiled descriptor; no assertion spawned or active,current verified module text base + RVA
23,Airboard — niveau 6,GravityCrystal,Autres objets et controleurs,0x002A3EC8,0x002A3F3C,0x0019C8B8,0x0019C8B8,3,0x00131BD0; 0x00131DE8; 0x00132760,0x002A3F40; 0x002A3F44; 0x002A3F48,,40,3,compiled descriptor; no assertion spawned or active,current verified module text base + RVA
23,Airboard — niveau 6,Helipack,Autres objets et controleurs,0x002A408C,0x002A4100,0x0019C8C8,0x0019C8C8,3,0x00132B5C; 0x00132B64; 0x00132B6C,0x002A4104; 0x002A4108; 0x002A410C,,3,0,compiled descriptor; no assertion spawned or active,current verified module text base + RVA
23,Airboard — niveau 6,Hypershot,Gadgets et outils,0x002A40F4,0x002A4168,0x0019C8D8,0x0019C8D8,3,0x00132D10; 0x00132DAC; 0x00132E34,0x002A416C; 0x002A4170; 0x002A4174,,13,0,compiled descriptor; no assertion spawned or active,current verified module text base + RVA
23,Airboard — niveau 6,LaserTracer,"Armes, projectiles et degats",0x002A56B4,0x002A5728,0x0019C8F0,0x0019C8F0,3,0x00136BAC; 0x00136CA0; 0x00136E28,0x002A572C; 0x002A5730; 0x002A5734,,16,3,compiled descriptor; no assertion spawned or active,current verified module text base + RVA
23,Airboard — niveau 6,LevelMusic,Autres objets et controleurs,0x002A591C,0x002A5990,0x0019C938,0x0019C938,2,0x0013C634; 0x0013C714,0x002A5994; 0x002A5998,u32 songNumber; TriggerLink trigger; s32 continuePointMin; s32 continuePointMax; s32 levelNumber; u8 priority; u8 pad[ 7 ];,1,0,compiled descriptor; no assertion spawned or active,current verified module text base + RVA
23,Airboard — niveau 6,LevelSettings,Autres objets et controleurs,0x002A59B0,0x002A5A24,0x0019C958,0x0019C958,3,0x0013CDD4; 0x0013CDDC; 0x0013CDE4,0x002A5A28; 0x002A5A2C; 0x002A5A30,u32 breakableBoltTotal; u32 pad[3];,0,0,compiled descriptor; no assertion spawned or active,current verified module text base + RVA
23,Airboard — niveau 6,MapOMaticGadget,Gadgets et outils,0x002A5A10,0x002A5A84,0x0019C968,0x0019C968,3,0x0013CDEC; 0x0013CDF4; 0x0013CDFC,0x002A5A88; 0x002A5A8C; 0x002A5A90,,0,0,compiled descriptor; no assertion spawned or active,current verified module text base + RVA
23,Airboard — niveau 6,MobyIce,Autres objets et controleurs,0x002A5B04,0x002A5B78,0x0019C978,0x0019C978,3,0x0013D670; 0x0013D688; 0x0013E00C,0x002A5B7C; 0x002A5B80; 0x002A5B84,,31,1,compiled descriptor; no assertion spawned or active,current verified module text base + RVA
23,Airboard — niveau 6,Mootator,"Armes, projectiles et degats",0x002A5E04,0x002A5E78,0x0019C980,0x0019C980,3,0x0013EBB4; 0x0013EE04; 0x0013FF54,0x002A5E7C; 0x002A5E80; 0x002A5E84,,21,0,compiled descriptor; no assertion spawned or active,current verified module text base + RVA
23,Airboard — niveau 6,MutantCow,Autres objets et controleurs,0x002A5E98,0x002A5F0C,0x0019C990,0x0019C990,4,0x001404BC; 0x00140640; 0x00140B6C; 0x0016DBE0,0x002A5F10; 0x002A5F14; 0x002A5F18; 0x002A5F1C,,29,1,compiled descriptor; no assertion spawned or active,current verified module text base + RVA
23,Airboard — niveau 6,MutantMadCow,Autres objets et controleurs,0x002A6068,0x002A60DC,0x0019C9C0,0x0019C9C0,4,0x001416CC; 0x00141834; 0x00141C50; 0x0016DBE0,0x002A60E0; 0x002A60E4; 0x002A60E8; 0x002A60EC,,47,2,compiled descriptor; no assertion spawned or active,current verified module text base + RVA
23,Airboard — niveau 6,NapalmBubble,Autres objets et controleurs,0x002A6130,0x002A61A4,0x0019C9D0,0x0019C9D0,3,0x001428C0; 0x001428C8; 0x001428D0,0x002A61A8; 0x002A61AC; 0x002A61B0,,8,1,compiled descriptor; no assertion spawned or active,current verified module text base + RVA
23,Airboard — niveau 6,PDA,Autres objets et controleurs,0x002A61D8,0x002A624C,0x0019C9E0,0x0019C9E0,3,0x00143354; 0x0014335C; 0x00143364,0x002A6250; 0x002A6254; 0x002A6258,,0,0,compiled descriptor; no assertion spawned or active,current verified module text base + RVA
23,Airboard — niveau 6,Polarizer,Gadgets et outils,0x002A62E4,0x002A6358,0x0019C9E8,0x0019C9E8,3,0x00143398; 0x00143554; 0x0014403C,0x002A635C; 0x002A6360; 0x002A6364,,34,0,compiled descriptor; no assertion spawned or active,current verified module text base + RVA
23,Airboard — niveau 6,RaceController,Autres objets et controleurs,0x002A63D0,0x002A6444,0x0019C9F8,0x0019C9F8,3,0x00144FAC; 0x00145364; 0x0014536C,0x002A6448; 0x002A644C; 0x002A6450,CurveLink progress; TriggerLink finishLine; TriggerLink halfWay; u8 numLaps; u8 paddingOfLaserPuppies[3]; TriggerLink boostZones[32];,12,7,compiled descriptor; no assertion spawned or active,current verified module text base + RVA
23,Airboard — niveau 6,Ratchet,"Joueur, acteurs et accessoires",0x002A6480,0x002A64F4,0x0019CB98,0x0019CB98,4,0x001474C8; 0x00147508; 0x00147510; 0x00147518,0x002A64F8; 0x002A64FC; 0x002A6500; 0x002A6504,,15,0,compiled descriptor; no assertion spawned or active,current verified module text base + RVA
23,Airboard — niveau 6,RatchetDecoyInner,"Joueur, acteurs et accessoires",0x002A65BC,0x002A6630,0x0019CC30,0x0019CC30,4,0x00148410; 0x00148418; 0x00149188; 0x001484D8,0x002A6634; 0x002A6638; 0x002A663C; 0x002A6640,,18,2,compiled descriptor; no assertion spawned or active,current verified module text base + RVA
23,Airboard — niveau 6,RatchetDecoyOuter,"Joueur, acteurs et accessoires",0x002A6630,0x002A66A4,0x0019CC48,0x0019CC48,3,0x00149698; 0x001496D4; 0x001496DC,0x002A66A8; 0x002A66AC; 0x002A66B0,,0,0,compiled descriptor; no assertion spawned or active,current verified module text base + RVA
23,Airboard — niveau 6,RatchetShip,"Joueur, acteurs et accessoires",0x002A6690,0x002A6704,0x0019CC60,0x0019CC60,3,0x001496F8; 0x001498E8; 0x0014994C,0x002A6708; 0x002A670C; 0x002A6710,,17,0,compiled descriptor; no assertion spawned or active,current verified module text base + RVA
23,Airboard — niveau 6,RatchetShipAnimation,"Joueur, acteurs et accessoires",0x002A69B8,0x002A6A2C,0x0019CC70,0x0019CC70,3,0x0014A3F4; 0x00149C3C; 0x0014A990,0x002A6A30; 0x002A6A34; 0x002A6A38,CurveLink introShipPosCurve; CurveLink introCameraPosCurve; CurveLink outroShipPosCurve; CurveLink outroCameraPosCurve; MobyLink ship; f32 shipSpeedInit; f32 cameraSpeedInit; f32 shipRollAmount; VEC3 shipRotDamping; f32 shipRollAmountHover; VEC3 shipRotDampingHover; f32 cameraRollAmount; VEC3 cameraRotDamping; f32 hoverTime; f32 hoverPause; f32 shipSpeedChange; f32 cameraSpeedChange; VEC3 hoverPosDamping; f32 tiltFactor; f32 tiltInterpSpeed; f32 tiltReturnFactor; f32 tiltVelDamp; f32 tiltGroundThresh; f32 tiltLmaxi; f32 tiltRmaxi; f32 tiltFmaxi; f32 tiltBmaxi; VEC3 ratchetEndOffset; VEC3 cameraInAnimOffset; f32 cameraInAnimLookYOfs; VEC3 cameraOutAnimOffset; f32 cameraOutAnimLookYOfs; f32 pa,20,0,compiled descriptor; no assertion spawned or active,current verified module text base + RVA
23,Airboard — niveau 6,Ryno,"Armes, projectiles et degats",0x002A6DB8,0x002A6E2C,0x0019CF18,0x0019CF18,3,0x0014C8F8; 0x0014C9D4; 0x0014D074,0x002A6E30; 0x002A6E34; 0x002A6E38,,36,1,compiled descriptor; no assertion spawned or active,current verified module text base + RVA
23,Airboard — niveau 6,RynoRocket,"Armes, projectiles et degats",0x002A6E94,0x002A6F08,0x0019CF20,0x0019CF20,3,0x0014DA78; 0x0014DA94; 0x0014DAE4,0x002A6F0C; 0x002A6F10; 0x002A6F14,,36,1,compiled descriptor; no assertion spawned or active,current verified module text base + RVA
23,Airboard — niveau 6,SelfInflictedCatatonia,Autres objets et controleurs,0x002A6F3C,0x002A6FB0,0x0019CF30,0x0019CF30,3,0x0014E9A0; 0x0014EA58; 0x0014EA60,0x002A6FB4; 0x002A6FB8; 0x002A6FBC,TriggerLink triggerPrompt; u32 pad[ 3 ];,1,0,compiled descriptor; no assertion spawned or active,current verified module text base + RVA
23,Airboard — niveau 6,ShieldCharger,"Armes, projectiles et degats",0x002A6FD0,0x002A7044,0x0019CFF0,0x0019CFF0,4,0x0014F45C; 0x0014EB1C; 0x0014F88C; 0x00150090,0x002A7048; 0x002A704C; 0x002A7050; 0x002A7054,,53,3,compiled descriptor; no assertion spawned or active,current verified module text base + RVA
23,Airboard — niveau 6,ShieldChargerBolt,"Armes, projectiles et degats",0x002A7178,0x002A71EC,0x0019D020,0x0019D020,3,0x00151EF0; 0x00151EF8; 0x00151F3C,0x002A71F0; 0x002A71F4; 0x002A71F8,,13,1,compiled descriptor; no assertion spawned or active,current verified module text base + RVA
23,Airboard — niveau 6,ShockRocket,"Armes, projectiles et degats",0x002A7278,0x002A72EC,0x0019D038,0x0019D038,3,0x00152290; 0x0015237C; 0x00152668,0x002A72F0; 0x002A72F4; 0x002A72F8,,22,2,compiled descriptor; no assertion spawned or active,current verified module text base + RVA
23,Airboard — niveau 6,ShockRocketShot,"Armes, projectiles et degats",0x002A7364,0x002A73D8,0x0019D048,0x0019D048,3,0x001531DC; 0x0015322C; 0x00153834,0x002A73DC; 0x002A73E0; 0x002A73E4,,31,3,compiled descriptor; no assertion spawned or active,current verified module text base + RVA
23,Airboard — niveau 6,ShrinkBeam,Gadgets et outils,0x002A742C,0x002A74A0,0x0019D058,0x0019D058,3,0x0015464C; 0x00154654; 0x00154D08,0x002A74A4; 0x002A74A8; 0x002A74AC,,4,0,compiled descriptor; no assertion spawned or active,current verified module text base + RVA
23,Airboard — niveau 6,ShrinkRayRatchet,Gadgets et outils,0x002A7490,0x002A7504,0x0019D068,0x0019D068,3,0x001559C8; 0x001559D0; 0x001559D8,0x002A7508; 0x002A750C; 0x002A7510,,0,0,compiled descriptor; no assertion spawned or active,current verified module text base + RVA
23,Airboard — niveau 6,Skyboard,Vehicules et minijeux,0x002A75FC,0x002A7670,0x0019D080,0x0019D080,3,0x001559E0; 0x00155A38; 0x00155A40,0x002A7674; 0x002A7678; 0x002A767C,VEC4 lastLEnginePos; VEC4 lastREnginePos; VEC4 lastLEngineAt; VEC4 lastREngineAt; u8 engineActive; u8 turboActive; u8 expansionState; u32 paddingOfRuthlessDeterminism[1];,0,0,compiled descriptor; no assertion spawned or active,current verified module text base + RVA
23,Airboard — niveau 6,Skyboarder01,Vehicules et minijeux,0x002A7838,0x002A78AC,0x0019D0D8,0x0019D0D8,3,0x00157CC0; 0x001567B8; 0x001567C0,0x002A78B0; 0x002A78B4; 0x002A78B8,CurveLink path; MobyLink raceController; Toggle isProp; u8 racesPresent; u8 isMovieSwitched; u8 textureSet; f32 baseSpeed; f32 trackThresholds[4]; f32 speedAdjustments[4];,69,8,compiled descriptor; no assertion spawned or active,current verified module text base + RVA
23,Airboard — niveau 6,Spitfire,"Effets, particules et environnement",0x002A7908,0x002A797C,0x0019D298,0x0019D298,3,0x0015A350; 0x0015A384; 0x0015A3A8,0x002A7980; 0x002A7984; 0x002A7988,,19,0,compiled descriptor; no assertion spawned or active,current verified module text base + RVA
23,Airboard — niveau 6,Sproutomatic,Gadgets et outils,0x002A79F4,0x002A7A68,0x0019D2A8,0x0019D2A8,3,0x0015B73C; 0x0015B7E4; 0x0015B81C,0x002A7A6C; 0x002A7A70; 0x002A7A74,,10,0,compiled descriptor; no assertion spawned or active,current verified module text base + RVA
23,Airboard — niveau 6,StaticBarrierBelt,Autres objets et controleurs,0x002A7A58,0x002A7ACC,0x0019D2B8,0x0019D2B8,3,0x0015BDE0; 0x0015BE14; 0x0015BE1C,0x002A7AD0; 0x002A7AD4; 0x002A7AD8,,0,0,compiled descriptor; no assertion spawned or active,current verified module text base + RVA
23,Airboard — niveau 6,SuckCannon,"Armes, projectiles et degats",0x002A7BB8,0x002A7C2C,0x0019D2D0,0x0019D2D0,3,0x0015BE24; 0x0015BF6C; 0x0015C588,0x002A7C30; 0x002A7C34; 0x002A7C38,,21,3,compiled descriptor; no assertion spawned or active,current verified module text base + RVA
23,Airboard — niveau 6,SuckCannonComet,"Armes, projectiles et degats",0x002A7C20,0x002A7C94,0x0019D2E0,0x0019D2E0,3,0x0016EE5C; 0x0016EE64; 0x0016F098,0x002A7C98; 0x002A7C9C; 0x002A7CA0,,40,1,compiled descriptor; no assertion spawned or active,current verified module text base + RVA
23,Airboard — niveau 6,SuckCannonCometTie,"Armes, projectiles et degats",0x002A7C88,0x002A7CFC,0x0019D2F0,0x0019D2F0,3,0x0016EE5C; 0x0016EE64; 0x0015CEF8,0x002A7D00; 0x002A7D04; 0x002A7D08,,40,1,compiled descriptor; no assertion spawned or active,current verified module text base + RVA
23,Airboard — niveau 6,SuckCannonManager,"Armes, projectiles et degats",0x002A7D64,0x002A7DD8,0x0019D308,0x0019D308,3,0x0015DBD8; 0x0015DC24; 0x0015DC2C,0x002A7DDC; 0x002A7DE0; 0x002A7DE4,,25,0,compiled descriptor; no assertion spawned or active,current verified module text base + RVA
23,Airboard — niveau 6,SwarmManager,Autres objets et controleurs,0x002A7DF4,0x002A7E68,0x0019D320,0x0019D320,3,0x0015E97C; 0x0015E9C4; 0x0015ECFC,0x002A7E6C; 0x002A7E70; 0x002A7E74,,4,2,compiled descriptor; no assertion spawned or active,current verified module text base + RVA
23,Airboard — niveau 6,TieManipulator,Autres objets et controleurs,0x002A8064,0x002A80D8,0x0019D330,0x0019D330,3,0x0015F598; 0x0015F590; 0x0015FB70,0x002A80DC; 0x002A80E0; 0x002A80E4,TieLink tie[ 8 ]; f32 xAxis; f32 yAxis; f32 zAxis; f32 xRot; f32 yRot; f32 zRot; f32 xSpan; f32 ySpan; f32 zSpan; f32 xCounter; f32 yCounter; f32 zCounter; f32 speed; f32 speedPerFrame; f32 curviness; f32 curvPar; f32 scaleSpeed; f32 scaleSpeedPerFrame; f32 scaleMax; f32 scaleCounter; f32 xPerc[8]; f32 yPerc[8]; f32 zPerc[8]; f32 xPar[8]; f32 yPar[8]; f32 zPar[8]; f32 xStart[8]; f32 yStart[8]; f32 zStart[8]; MATRIX4 *pMat[8]; MATRIX4 scaleMatrix; f32 drawDistance; f32 updateDistance; f32 inverseScale; u32 linkCount;,17,0,compiled descriptor; no assertion spawned or active,current verified module text base + RVA
23,Airboard — niveau 6,TitaniumBolt,"Caisses, pickups et bonus",0x002A81A4,0x002A8218,0x0019D340,0x0019D340,3,0x0015FF00; 0x001600F0; 0x00160258,0x002A821C; 0x002A8220; 0x002A8224,f32 dist; f32 height; f32 lookHeight; f32 elevation; f32 azimuth; Toggle magnaboots; Toggle noAnimation; u32 levelToFake; u8 id; u8 pad[5];,23,0,compiled descriptor; no assertion spawned or active,current verified module text base + RVA
23,Airboard — niveau 6,TriggerCollection,Pieges et mecanismes,0x002A824C,0x002A82C0,0x0019D3F8,0x0019D3F8,3,0x00160C7C; 0x00160C84; 0x00160C8C,0x002A82C4; 0x002A82C8; 0x002A82CC,TriggerLink triggers[ 14 ];,0,0,compiled descriptor; no assertion spawned or active,current verified module text base + RVA
23,Airboard — niveau 6,TripleWaveBeacon,Autres objets et controleurs,0x002A82C0,0x002A8334,0x0019D410,0x0019D410,3,0x001610E4; 0x00161294; 0x001612C8,0x002A8338; 0x002A833C; 0x002A8340,,27,2,compiled descriptor; no assertion spawned or active,current verified module text base + RVA
23,Airboard — niveau 6,Wrench,Autres objets et controleurs,0x002A84C8,0x002A853C,0x0019D428,0x0019D428,3,0x00161674; 0x00161748; 0x00161B84,0x002A8540; 0x002A8544; 0x002A8548,,2,0,compiled descriptor; no assertion spawned or active,current verified module text base + RVA
24,High Impact Treehouse,Acidbomb,"Armes, projectiles et degats",0x0029C338,0x0029C3AC,0x001981D8,0x001981D8,3,0x000FD04C; 0x000FD05C; 0x000FD9C4,0x0029C3B0; 0x0029C3B4; 0x0029C3B8,,35,0,compiled descriptor; no assertion spawned or active,current verified module text base + RVA
24,High Impact Treehouse,AcidbombEpoxy,"Armes, projectiles et degats",0x0029C3C0,0x0029C434,0x00198200,0x00198200,3,0x000FEE08; 0x000FEE10; 0x000FEE98,0x0029C438; 0x0029C43C; 0x0029C440,,5,0,compiled descriptor; no assertion spawned or active,current verified module text base + RVA
24,High Impact Treehouse,AcidGloveHUD,"Armes, projectiles et degats",0x0029C420,0x0029C494,0x00198210,0x00198210,3,0x000FF3A0; 0x000FF3A8; 0x000FF3B0,0x0029C498; 0x0029C49C; 0x0029C4A0,,0,0,compiled descriptor; no assertion spawned or active,current verified module text base + RVA
24,High Impact Treehouse,AgentController,"Armes, projectiles et degats",0x0029C480,0x0029C4F4,0x00198220,0x00198220,3,0x000FF3B8; 0x000FF4A8; 0x000FF660,0x0029C4F8; 0x0029C4FC; 0x0029C500,,6,0,compiled descriptor; no assertion spawned or active,current verified module text base + RVA
24,High Impact Treehouse,AgentOfDoom,"Armes, projectiles et degats",0x0029C7D4,0x0029C848,0x001982F8,0x001982F8,4,0x000FFD78; 0x000FFE54; 0x000FFF14; 0x00100234,0x0029C84C; 0x0029C850; 0x0029C854; 0x0029C858,,21,1,compiled descriptor; no assertion spawned or active,current verified module text base + RVA
24,High Impact Treehouse,AgentOfDoomShrapnel,"Armes, projectiles et degats",0x0029C8B4,0x0029C928,0x00198380,0x00198380,3,0x0010494C; 0x00104954; 0x0010495C,0x0029C92C; 0x0029C930; 0x0029C934,,31,0,compiled descriptor; no assertion spawned or active,current verified module text base + RVA
24,High Impact Treehouse,AgentsBomb,"Armes, projectiles et degats",0x0029C9F0,0x0029CA64,0x00198398,0x00198398,3,0x00104C5C; 0x00104C64; 0x00104C6C,0x0029CA68; 0x0029CA6C; 0x0029CA70,,19,0,compiled descriptor; no assertion spawned or active,current verified module text base + RVA
24,High Impact Treehouse,AgentsGlove,"Armes, projectiles et degats",0x0029CA88,0x0029CAFC,0x001983A8,0x001983A8,3,0x001061F8; 0x00106284; 0x001062B0,0x0029CB00; 0x0029CB04; 0x0029CB08,,8,2,compiled descriptor; no assertion spawned or active,current verified module text base + RVA
24,High Impact Treehouse,AgentsGrenade,"Armes, projectiles et degats",0x0029CB34,0x0029CBA8,0x001983B8,0x001983B8,3,0x00106780; 0x00106870; 0x00106D24,0x0029CBAC; 0x0029CBB0; 0x0029CBB4,,33,2,compiled descriptor; no assertion spawned or active,current verified module text base + RVA
24,High Impact Treehouse,AgentsLaser,"Armes, projectiles et degats",0x0029CBDC,0x0029CC50,0x00198440,0x00198440,3,0x001072A0; 0x001075A8; 0x0010765C,0x0029CC54; 0x0029CC58; 0x0029CC5C,,17,0,compiled descriptor; no assertion spawned or active,current verified module text base + RVA
24,High Impact Treehouse,AgentsRocket,"Armes, projectiles et degats",0x0029CCD0,0x0029CD44,0x00198518,0x00198518,3,0x00108068; 0x0010812C; 0x001081AC,0x0029CD48; 0x0029CD4C; 0x0029CD50,,26,1,compiled descriptor; no assertion spawned or active,current verified module text base + RVA
24,High Impact Treehouse,ArenaController,Autres objets et controleurs,0x0029D1A0,0x0029D214,0x001985A0,0x001985A0,3,0x00108DB4; 0x00108DC4; 0x0010930C,0x0029D218; 0x0029D21C; 0x0029D220,MobyLink arenaChallenge[ 7 ]; u32 challengeCount; MobyLink dayNightController; MobyLink newMusic; Toggle locked; u8 pad[ 7 ];,0,0,compiled descriptor; no assertion spawned or active,current verified module text base + RVA
24,High Impact Treehouse,ArmorHelmet,Autres objets et controleurs,0x0029D220,0x0029D294,0x001986B8,0x001986B8,3,0x00109B44; 0x00109B4C; 0x00109B54,0x0029D298; 0x0029D29C; 0x0029D2A0,,0,0,compiled descriptor; no assertion spawned or active,current verified module text base + RVA
24,High Impact Treehouse,ArmorLeftFoot,Autres objets et controleurs,0x0029D280,0x0029D2F4,0x001986C8,0x001986C8,3,0x00109B5C; 0x00109B64; 0x00109B6C,0x0029D2F8; 0x0029D2FC; 0x0029D300,,0,0,compiled descriptor; no assertion spawned or active,current verified module text base + RVA
24,High Impact Treehouse,ArmorLeftHand,Autres objets et controleurs,0x0029D2F0,0x0029D364,0x001986D8,0x001986D8,3,0x00109B74; 0x00109B7C; 0x00109B84,0x0029D368; 0x0029D36C; 0x0029D370,u32 pad[ 4 ];,0,0,compiled descriptor; no assertion spawned or active,current verified module text base + RVA
24,High Impact Treehouse,ArmorRightFoot,Autres objets et controleurs,0x0029D350,0x0029D3C4,0x001986E8,0x001986E8,3,0x00109B8C; 0x00109B94; 0x00109B9C,0x0029D3C8; 0x0029D3CC; 0x0029D3D0,,0,0,compiled descriptor; no assertion spawned or active,current verified module text base + RVA
24,High Impact Treehouse,ArmorRightHand,Autres objets et controleurs,0x0029D3C0,0x0029D434,0x001986F8,0x001986F8,3,0x00109BA4; 0x00109BAC; 0x00109BB4,0x0029D438; 0x0029D43C; 0x0029D440,u32 pad[ 4 ];,0,0,compiled descriptor; no assertion spawned or active,current verified module text base + RVA
24,High Impact Treehouse,ArmorTorso,Vehicules et minijeux,0x0029D420,0x0029D494,0x00198708,0x00198708,3,0x00109BBC; 0x00109BC4; 0x00109BCC,0x0029D498; 0x0029D49C; 0x0029D4A0,,0,0,compiled descriptor; no assertion spawned or active,current verified module text base + RVA
24,High Impact Treehouse,BeeMine,"Armes, projectiles et degats",0x0029D504,0x0029D578,0x00198718,0x00198718,4,0x0010A26C; 0x0010A27C; 0x0010A65C; 0x0010A354,0x0029D57C; 0x0029D580; 0x0029D584; 0x0029D588,,2,0,compiled descriptor; no assertion spawned or active,current verified module text base + RVA
24,High Impact Treehouse,BeeMineGlove,"Armes, projectiles et degats",0x0029D5D0,0x0029D644,0x00198748,0x00198748,3,0x0010C038; 0x0010C1C0; 0x0010C1EC,0x0029D648; 0x0029D64C; 0x0029D650,,2,0,compiled descriptor; no assertion spawned or active,current verified module text base + RVA
24,High Impact Treehouse,BeeMineGloveHUD,"Armes, projectiles et degats",0x0029D630,0x0029D6A4,0x00198758,0x00198758,3,0x0010C80C; 0x0010C814; 0x0010C81C,0x0029D6A8; 0x0029D6AC; 0x0029D6B0,,0,0,compiled descriptor; no assertion spawned or active,current verified module text base + RVA
24,High Impact Treehouse,BeeMineShrapnel,"Armes, projectiles et degats",0x0029D6FC,0x0029D770,0x00198768,0x00198768,3,0x0010CB54; 0x0010CB5C; 0x0010CB64,0x0029D774; 0x0029D778; 0x0029D77C,,31,0,compiled descriptor; no assertion spawned or active,current verified module text base + RVA
24,High Impact Treehouse,Birdadactyl,Ennemis et boss,0x0029D7D8,0x0029D84C,0x00198778,0x00198778,4,0x0010CBAC; 0x0010CE84; 0x0010CE94; 0x0010CE8C,0x0029D850; 0x0029D854; 0x0029D858; 0x0029D85C,VEC4 offset; f32 pathPointX; f32 pathPointZ; f32 speed; CurveLink path; u32 pathPointIndex; u32 direction; u32 pad[2];,14,0,compiled descriptor; no assertion spawned or active,current verified module text base + RVA
24,High Impact Treehouse,Blaster,"Armes, projectiles et degats",0x0029D8DC,0x0029D950,0x00198800,0x00198800,3,0x0010D20C; 0x0010D368; 0x0010D88C,0x0029D954; 0x0029D958; 0x0029D95C,,53,3,compiled descriptor; no assertion spawned or active,current verified module text base + RVA
24,High Impact Treehouse,BlasterAkimbo,"Armes, projectiles et degats",0x0029D948,0x0029D9BC,0x00198808,0x00198808,3,0x0010E86C; 0x0010E8F0; 0x0010E920,0x0029D9C0; 0x0029D9C4; 0x0029D9C8,,21,2,compiled descriptor; no assertion spawned or active,current verified module text base + RVA
24,High Impact Treehouse,BlasterShot,"Armes, projectiles et degats",0x0029D9BC,0x0029DA30,0x00198818,0x00198818,3,0x0010EBF0; 0x0010EC18; 0x0010EFBC,0x0029DA34; 0x0029DA38; 0x0029DA3C,,28,2,compiled descriptor; no assertion spawned or active,current verified module text base + RVA
24,High Impact Treehouse,BlitzGun,"Armes, projectiles et degats",0x0029DE1C,0x0029DE90,0x00198828,0x00198828,3,0x00110E88; 0x00110FE4; 0x0011143C,0x0029DE94; 0x0029DE98; 0x0029DE9C,,40,1,compiled descriptor; no assertion spawned or active,current verified module text base + RVA
24,High Impact Treehouse,BlitzGunShot,"Armes, projectiles et degats",0x0029DFAC,0x0029E020,0x00198838,0x00198838,3,0x00112ED0; 0x00112ED8; 0x00113074,0x0029E024; 0x0029E028; 0x0029E02C,,21,2,compiled descriptor; no assertion spawned or active,current verified module text base + RVA
24,High Impact Treehouse,Bolt,"Caisses, pickups et bonus",0x0029E010,0x0029E084,0x00198848,0x00198848,2,0x00113B84; 0x00113B8C,0x0029E088; 0x0029E08C,,0,0,compiled descriptor; no assertion spawned or active,current verified module text base + RVA
24,High Impact Treehouse,BoltController,"Caisses, pickups et bonus",0x0029E304,0x0029E378,0x00198890,0x00198890,3,0x001170F4; 0x00117328; 0x0011734C,0x0029E37C; 0x0029E380; 0x0029E384,u32 boltAmnt; u32 boltAmountReplay; u32 pad[ 2 ];,0,0,compiled descriptor; no assertion spawned or active,current verified module text base + RVA
24,High Impact Treehouse,BoltGrabber,"Caisses, pickups et bonus",0x0029E380,0x0029E3F4,0x00198940,0x00198940,3,0x001176E8; 0x001176F0; 0x001176F8,0x0029E3F8; 0x0029E3FC; 0x0029E400,,0,0,compiled descriptor; no assertion spawned or active,current verified module text base + RVA
24,High Impact Treehouse,Bombglove,"Armes, projectiles et degats",0x0029E444,0x0029E4B8,0x00198950,0x00198950,3,0x00117700; 0x001177D8; 0x00117C88,0x0029E4BC; 0x0029E4C0; 0x0029E4C4,,17,0,compiled descriptor; no assertion spawned or active,current verified module text base + RVA
24,High Impact Treehouse,BoxBreaker,"Caisses, pickups et bonus",0x0029E4A8,0x0029E51C,0x00198960,0x00198960,3,0x001181F8; 0x00118200; 0x00118208,0x0029E520; 0x0029E524; 0x0029E528,,0,0,compiled descriptor; no assertion spawned or active,current verified module text base + RVA
24,High Impact Treehouse,BoxBreakerHelp,"Caisses, pickups et bonus",0x0029E508,0x0029E57C,0x00198970,0x00198970,3,0x00118294; 0x0011829C; 0x001182A4,0x0029E580; 0x0029E584; 0x0029E588,,5,0,compiled descriptor; no assertion spawned or active,current verified module text base + RVA
24,High Impact Treehouse,ChameleonDecoy,Autres objets et controleurs,0x0029E65C,0x0029E6D0,0x00198990,0x00198990,4,0x00118570; 0x00118578; 0x00118590; 0x00118618,0x0029E6D4; 0x0029E6D8; 0x0029E6DC; 0x0029E6E0,,7,1,compiled descriptor; no assertion spawned or active,current verified module text base + RVA
24,High Impact Treehouse,ClankBotShrapnel,"Joueur, acteurs et accessoires",0x0029E724,0x0029E798,0x001989A0,0x001989A0,3,0x001186CC; 0x001186D4; 0x001186DC,0x0029E79C; 0x0029E7A0; 0x0029E7A4,,31,0,compiled descriptor; no assertion spawned or active,current verified module text base + RVA
24,High Impact Treehouse,ClankChallengeMenu,"Joueur, acteurs et accessoires",0x0029E7B4,0x0029E828,0x001989B8,0x001989B8,3,0x00118A5C; 0x00118AB4; 0x00118ABC,0x0029E82C; 0x0029E830; 0x0029E834,MobyLink arenaController[ 3 ]; u32 pad;,0,0,compiled descriptor; no assertion spawned or active,current verified module text base + RVA
24,High Impact Treehouse,ClankForShipAnim,"Joueur, acteurs et accessoires",0x0029E828,0x0029E89C,0x001989D0,0x001989D0,3,0x00118C6C; 0x00118C74; 0x00118C7C,0x0029E8A0; 0x0029E8A4; 0x0029E8A8,u32 pad[ 4 ];,0,0,compiled descriptor; no assertion spawned or active,current verified module text base + RVA
24,High Impact Treehouse,ClankPack,"Joueur, acteurs et accessoires",0x0029E888,0x0029E8FC,0x001989E8,0x001989E8,3,0x00118C84; 0x00118CB4; 0x00118CBC,0x0029E900; 0x0029E904; 0x0029E908,,2,0,compiled descriptor; no assertion spawned or active,current verified module text base + RVA
24,High Impact Treehouse,CowBell,Autres objets et controleurs,0x0029E924,0x0029E998,0x001989F8,0x001989F8,3,0x00119098; 0x001190A0; 0x001190A8,0x0029E99C; 0x0029E9A0; 0x0029E9A4,,31,0,compiled descriptor; no assertion spawned or active,current verified module text base + RVA
24,High Impact Treehouse,CrossbowGun,"Armes, projectiles et degats",0x0029EA24,0x0029EA98,0x00198A00,0x00198A00,3,0x00119108; 0x001191F4; 0x001193D4,0x0029EA9C; 0x0029EAA0; 0x0029EAA4,,33,3,compiled descriptor; no assertion spawned or active,current verified module text base + RVA
24,High Impact Treehouse,CrossbowShot,"Armes, projectiles et degats",0x0029EC04,0x0029EC78,0x00198A38,0x00198A38,3,0x00119A24; 0x00119A2C; 0x0011AF6C,0x0029EC7C; 0x0029EC80; 0x0029EC84,,63,4,compiled descriptor; no assertion spawned or active,current verified module text base + RVA
24,High Impact Treehouse,CrystalGroundShard,Autres objets et controleurs,0x0029ED20,0x0029ED94,0x00198A48,0x00198A48,3,0x0011BE60; 0x0011C0A4; 0x0011C2E8,0x0029ED98; 0x0029ED9C; 0x0029EDA0,,33,1,compiled descriptor; no assertion spawned or active,current verified module text base + RVA
24,High Impact Treehouse,DeathTrigger,Pieges et mecanismes,0x0029EDE0,0x0029EE54,0x00198A60,0x00198A60,3,0x0011CA08; 0x0011CA68; 0x0011CA70,0x0029EE58; 0x0029EE5C; 0x0029EE60,MobyLink killAreas; MobyLink ignoreAreas; Toggle killHeroInTriggers; f32 minYHeight; u8 pad[3];,7,0,compiled descriptor; no assertion spawned or active,current verified module text base + RVA
24,High Impact Treehouse,DropshipLaser,"Armes, projectiles et degats",0x0029EE64,0x0029EED8,0x00198A70,0x00198A70,3,0x0011CBE4; 0x0011CBF4; 0x0011CC40,0x0029EEDC; 0x0029EEE0; 0x0029EEE4,VEC4 targetPos; Particle* pPart;,11,0,compiled descriptor; no assertion spawned or active,current verified module text base + RVA
24,High Impact Treehouse,DualBlasterHUD,"Armes, projectiles et degats",0x0029EEC8,0x0029EF3C,0x00198A80,0x00198A80,3,0x0011CDE0; 0x0011CDE8; 0x0011CDF0,0x0029EF40; 0x0029EF44; 0x0029EF48,,0,0,compiled descriptor; no assertion spawned or active,current verified module text base + RVA
24,High Impact Treehouse,electricXplo,Autres objets et controleurs,0x0029EF64,0x0029EFD8,0x00198A90,0x00198A90,3,0x0011D890; 0x0011D5E4; 0x0011D5EC,0x0029EFDC; 0x0029EFE0; 0x0029EFE4,f32 lengths[24]; VEC3 normals[18]; f32 timer; s32 scroll;,14,2,compiled descriptor; no assertion spawned or active,current verified module text base + RVA
24,High Impact Treehouse,ElectroBall,Autres objets et controleurs,0x0029F138,0x0029F1AC,0x00198B10,0x00198B10,3,0x0011F178; 0x0011F1E8; 0x0011F22C,0x0029F1B0; 0x0029F1B4; 0x0029F1B8,,19,3,compiled descriptor; no assertion spawned or active,current verified module text base + RVA
24,High Impact Treehouse,ElectroshockWave,Autres objets et controleurs,0x0029F244,0x0029F2B8,0x00198B20,0x00198B20,3,0x0011FE70; 0x0011FE78; 0x00120950,0x0029F2BC; 0x0029F2C0; 0x0029F2C4,,14,3,compiled descriptor; no assertion spawned or active,current verified module text base + RVA
24,High Impact Treehouse,ExplosiveBee,Autres objets et controleurs,0x0029F414,0x0029F488,0x00198B38,0x00198B38,3,0x00120D40; 0x00120DE8; 0x00121C90,0x0029F48C; 0x0029F490; 0x0029F494,,9,2,compiled descriptor; no assertion spawned or active,current verified module text base + RVA
24,High Impact Treehouse,Flamethrower,"Armes, projectiles et degats",0x0029F550,0x0029F5C4,0x00198B90,0x00198B90,3,0x00122D88; 0x00122F04; 0x00123D14,0x0029F5C8; 0x0029F5CC; 0x0029F5D0,,12,2,compiled descriptor; no assertion spawned or active,current verified module text base + RVA
24,High Impact Treehouse,GenericTieForm,Autres objets et controleurs,0x0029F6D8,0x0029F74C,0x00198BA0,0x00198BA0,3,0x00125C14; 0x00125C64; 0x00125C98,0x0029F750; 0x0029F754; 0x0029F758,,6,0,compiled descriptor; no assertion spawned or active,current verified module text base + RVA
24,High Impact Treehouse,GravityCrystal,Autres objets et controleurs,0x0029F738,0x0029F7AC,0x00198BB0,0x00198BB0,3,0x001263D8; 0x001265F0; 0x00126F68,0x0029F7B0; 0x0029F7B4; 0x0029F7B8,,40,3,compiled descriptor; no assertion spawned or active,current verified module text base + RVA
24,High Impact Treehouse,GrindrailBomb,"Armes, projectiles et degats",0x0029F96C,0x0029F9E0,0x00198BC0,0x00198BC0,4,0x00127BAC; 0x00127C9C; 0x00127D00; 0x00127AA4,0x0029F9E4; 0x0029F9E8; 0x0029F9EC; 0x0029F9F0,,3,0,compiled descriptor; no assertion spawned or active,current verified module text base + RVA
24,High Impact Treehouse,GrindrailController,Pieges et mecanismes,0x0029FC3C,0x0029FCB0,0x00198C48,0x00198C48,2,0x0012933C; 0x001295AC,0x0029FCB4; 0x0029FCB8,VEC4 dir; CurveLink path; f32 grindrailSp; CurveLink secPaths[20]; f32 camDefaultLookLead; f32 camDefaultDist; f32 camDefaultHeight; f32 camDefaultAzimuth; f32 camDefaultElevation; f32 bombDamageFrac; f32 gateDamageFrac;,3,0,compiled descriptor; no assertion spawned or active,current verified module text base + RVA
24,High Impact Treehouse,GrindrailGate,Pieges et mecanismes,0x0029FE6C,0x0029FEE0,0x00198D10,0x00198D10,3,0x001298AC; 0x00129984; 0x00129B7C,0x0029FEE4; 0x0029FEE8; 0x0029FEEC,u32 pad[4];,15,0,compiled descriptor; no assertion spawned or active,current verified module text base + RVA
24,High Impact Treehouse,GrindrailLock,Pieges et mecanismes,0x0029FF70,0x0029FFE4,0x00198D90,0x00198D90,3,0x0012A1B0; 0x0012A590; 0x0012A6BC,0x0029FFE8; 0x0029FFEC; 0x0029FFF0,TriggerLink promptArea; TriggerLink endArea; MobyLink matrixMoby; u32 lockID; MobyLink destroyMobys; u32 pad[ 3 ];,23,1,compiled descriptor; no assertion spawned or active,current verified module text base + RVA
24,High Impact Treehouse,GrindrailSwitch,Pieges et mecanismes,0x002A0050,0x002A00C4,0x00198EA0,0x00198EA0,4,0x0012AF9C; 0x0012B0E4; 0x0012B148; 0x0012AD84,0x002A00C8; 0x002A00CC; 0x002A00D0; 0x002A00D4,MobyLink gate; Toggle toggleOnOff; s32 gateMember; u32 pad[1];,10,0,compiled descriptor; no assertion spawned or active,current verified module text base + RVA
24,High Impact Treehouse,Helipack,Autres objets et controleurs,0x002A00D4,0x002A0148,0x00198F68,0x00198F68,3,0x0012B8B8; 0x0012B8C0; 0x0012B8C8,0x002A014C; 0x002A0150; 0x002A0154,,3,0,compiled descriptor; no assertion spawned or active,current verified module text base + RVA
24,High Impact Treehouse,Hookshot,Autres objets et controleurs,0x002A01E8,0x002A025C,0x00198F78,0x00198F78,3,0x0012BAC8; 0x0012BC64; 0x0012BC98,0x002A0260; 0x002A0264; 0x002A0268,CurveLink path; VEC3 pathPoint; f32 speed; f32 ropeLength; f32 range; u8 attached; u8 swing; u8 pathPointId; Toggle validIM; Toggle validDM; Toggle validCTF; u8 pad[14];,9,1,compiled descriptor; no assertion spawned or active,current verified module text base + RVA
24,High Impact Treehouse,Hypershot,Gadgets et outils,0x002A0274,0x002A02E8,0x00198FF0,0x00198FF0,3,0x0012C0C0; 0x0012C15C; 0x0012C1E4,0x002A02EC; 0x002A02F0; 0x002A02F4,,13,0,compiled descriptor; no assertion spawned or active,current verified module text base + RVA
24,High Impact Treehouse,LaserTracer,"Armes, projectiles et degats",0x002A1834,0x002A18A8,0x00199008,0x00199008,3,0x0012FF5C; 0x00130050; 0x001301D8,0x002A18AC; 0x002A18B0; 0x002A18B4,,16,3,compiled descriptor; no assertion spawned or active,current verified module text base + RVA
24,High Impact Treehouse,LevelMusic,Autres objets et controleurs,0x002A1A9C,0x002A1B10,0x00199050,0x00199050,2,0x001359E4; 0x00135AC4,0x002A1B14; 0x002A1B18,u32 songNumber; TriggerLink trigger; s32 continuePointMin; s32 continuePointMax; s32 levelNumber; u8 priority; u8 pad[ 7 ];,1,0,compiled descriptor; no assertion spawned or active,current verified module text base + RVA
24,High Impact Treehouse,LevelSettings,Autres objets et controleurs,0x002A1B30,0x002A1BA4,0x00199070,0x00199070,3,0x00136184; 0x0013618C; 0x00136194,0x002A1BA8; 0x002A1BAC; 0x002A1BB0,u32 breakableBoltTotal; u32 pad[3];,0,0,compiled descriptor; no assertion spawned or active,current verified module text base + RVA
24,High Impact Treehouse,Lvl3Elevator,Pieges et mecanismes,0x002A1CDC,0x002A1D50,0x00199080,0x00199080,3,0x001366AC; 0x0013619C; 0x00136AE0,0x002A1D54; 0x002A1D58; 0x002A1D5C,CurveLink path; f32 moveTime; f32 progress; f32 progInc; f32 waitTime; f32 radius; SND_Positional *pMoveSound; f32 heightDiff; Toggle oneWay; Toggle direction; Toggle waitForHero; Toggle waitForActivate; Toggle matchHero; Toggle checkCrush; Toggle useButton; u8 pad[9];,23,0,compiled descriptor; no assertion spawned or active,current verified module text base + RVA
24,High Impact Treehouse,MapOMaticGadget,Gadgets et outils,0x002A1D50,0x002A1DC4,0x001991C8,0x001991C8,3,0x00137460; 0x00137468; 0x00137470,0x002A1DC8; 0x002A1DCC; 0x002A1DD0,,0,0,compiled descriptor; no assertion spawned or active,current verified module text base + RVA
24,High Impact Treehouse,MatrixMoby,Autres objets et controleurs,0x002A1DB0,0x002A1E24,0x001991D8,0x001991D8,3,0x00137478; 0x00137480; 0x00137488,0x002A1E28; 0x002A1E2C; 0x002A1E30,,0,0,compiled descriptor; no assertion spawned or active,current verified module text base + RVA
24,High Impact Treehouse,MicroBotSurvival,Ennemis et boss,0x002A1E74,0x002A1EE8,0x001991E8,0x001991E8,3,0x00137504; 0x001375DC; 0x00137C10,0x002A1EEC; 0x002A1EF0; 0x002A1EF4,MobyLink gameBoard; TriggerLink gameZone; f32 pad[2];,3,0,compiled descriptor; no assertion spawned or active,current verified module text base + RVA
24,High Impact Treehouse,MiniTurret,"Armes, projectiles et degats",0x002A1F48,0x002A1FBC,0x001992B8,0x001992B8,3,0x00139160; 0x00139168; 0x001399B0,0x002A1FC0; 0x002A1FC4; 0x002A1FC8,,52,3,compiled descriptor; no assertion spawned or active,current verified module text base + RVA
24,High Impact Treehouse,MiniTurretBall,"Armes, projectiles et degats",0x002A1FBC,0x002A2030,0x001992C8,0x001992C8,3,0x0013A39C; 0x0013A3A4; 0x0013A3AC,0x002A2034; 0x002A2038; 0x002A203C,,32,0,compiled descriptor; no assertion spawned or active,current verified module text base + RVA
24,High Impact Treehouse,MiniTurretGlove,"Armes, projectiles et degats",0x002A206C,0x002A20E0,0x001992D8,0x001992D8,3,0x0013A5F4; 0x0013A6AC; 0x0013A7AC,0x002A20E4; 0x002A20E8; 0x002A20EC,,8,2,compiled descriptor; no assertion spawned or active,current verified module text base + RVA
24,High Impact Treehouse,MiniTurretManager,"Armes, projectiles et degats",0x002A20F0,0x002A2164,0x001992E8,0x001992E8,3,0x0013B014; 0x0013B01C; 0x0013B024,0x002A2168; 0x002A216C; 0x002A2170,,0,0,compiled descriptor; no assertion spawned or active,current verified module text base + RVA
24,High Impact Treehouse,MiniTurretRocket,"Armes, projectiles et degats",0x002A2158,0x002A21CC,0x00199300,0x00199300,3,0x0013B1EC; 0x0013B1F4; 0x0013B214,0x002A21D0; 0x002A21D4; 0x002A21D8,,18,0,compiled descriptor; no assertion spawned or active,current verified module text base + RVA
24,High Impact Treehouse,MobyCollection,"Caisses, pickups et bonus",0x002A21D0,0x002A2244,0x00199318,0x00199318,3,0x0013B350; 0x0013B358; 0x0013B360,0x002A2248; 0x002A224C; 0x002A2250,MobyLink mobys[ 8 ];,0,0,compiled descriptor; no assertion spawned or active,current verified module text base + RVA
24,High Impact Treehouse,MobyIce,Autres objets et controleurs,0x002A22C4,0x002A2338,0x00199328,0x00199328,3,0x0013BC04; 0x0013BC1C; 0x0013C5A0,0x002A233C; 0x002A2340; 0x002A2344,,31,1,compiled descriptor; no assertion spawned or active,current verified module text base + RVA
24,High Impact Treehouse,Mootator,"Armes, projectiles et degats",0x002A25C4,0x002A2638,0x00199330,0x00199330,3,0x0013D148; 0x0013D398; 0x0013E4E8,0x002A263C; 0x002A2640; 0x002A2644,,21,0,compiled descriptor; no assertion spawned or active,current verified module text base + RVA
24,High Impact Treehouse,MutantCow,Autres objets et controleurs,0x002A2658,0x002A26CC,0x00199340,0x00199340,4,0x0013EA50; 0x0013EBD4; 0x0013F100; 0x0016CD20,0x002A26D0; 0x002A26D4; 0x002A26D8; 0x002A26DC,,29,1,compiled descriptor; no assertion spawned or active,current verified module text base + RVA
24,High Impact Treehouse,MutantMadCow,Autres objets et controleurs,0x002A2828,0x002A289C,0x00199370,0x00199370,4,0x0013FC60; 0x0013FDC8; 0x001401E4; 0x0016CD20,0x002A28A0; 0x002A28A4; 0x002A28A8; 0x002A28AC,,47,2,compiled descriptor; no assertion spawned or active,current verified module text base + RVA
24,High Impact Treehouse,NapalmBubble,Autres objets et controleurs,0x002A28F0,0x002A2964,0x00199380,0x00199380,3,0x00140E54; 0x00140E5C; 0x00140E64,0x002A2968; 0x002A296C; 0x002A2970,,8,1,compiled descriptor; no assertion spawned or active,current verified module text base + RVA
24,High Impact Treehouse,PDA,Autres objets et controleurs,0x002A2998,0x002A2A0C,0x00199390,0x00199390,3,0x001418E8; 0x001418F0; 0x001418F8,0x002A2A10; 0x002A2A14; 0x002A2A18,,0,0,compiled descriptor; no assertion spawned or active,current verified module text base + RVA
24,High Impact Treehouse,Polarizer,Gadgets et outils,0x002A2AA4,0x002A2B18,0x00199398,0x00199398,3,0x0014192C; 0x00141AE8; 0x001425D0,0x002A2B1C; 0x002A2B20; 0x002A2B24,,34,0,compiled descriptor; no assertion spawned or active,current verified module text base + RVA
24,High Impact Treehouse,Ratchet,"Joueur, acteurs et accessoires",0x002A2B08,0x002A2B7C,0x001993A8,0x001993A8,4,0x001435AC; 0x001435EC; 0x001435F4; 0x001435FC,0x002A2B80; 0x002A2B84; 0x002A2B88; 0x002A2B8C,,15,0,compiled descriptor; no assertion spawned or active,current verified module text base + RVA
24,High Impact Treehouse,RatchetDecoyInner,"Joueur, acteurs et accessoires",0x002A2C44,0x002A2CB8,0x00199440,0x00199440,4,0x001444F4; 0x001444FC; 0x0014526C; 0x001445BC,0x002A2CBC; 0x002A2CC0; 0x002A2CC4; 0x002A2CC8,,18,2,compiled descriptor; no assertion spawned or active,current verified module text base + RVA
24,High Impact Treehouse,RatchetDecoyOuter,"Joueur, acteurs et accessoires",0x002A2CB8,0x002A2D2C,0x00199458,0x00199458,3,0x0014577C; 0x001457B8; 0x001457C0,0x002A2D30; 0x002A2D34; 0x002A2D38,,0,0,compiled descriptor; no assertion spawned or active,current verified module text base + RVA
24,High Impact Treehouse,RatchetShip,"Joueur, acteurs et accessoires",0x002A2D18,0x002A2D8C,0x00199470,0x00199470,3,0x001457DC; 0x001459CC; 0x00145A30,0x002A2D90; 0x002A2D94; 0x002A2D98,,17,0,compiled descriptor; no assertion spawned or active,current verified module text base + RVA
24,High Impact Treehouse,RatchetShipAnimation,"Joueur, acteurs et accessoires",0x002A3040,0x002A30B4,0x00199480,0x00199480,3,0x001464D8; 0x00145D20; 0x00146A74,0x002A30B8; 0x002A30BC; 0x002A30C0,CurveLink introShipPosCurve; CurveLink introCameraPosCurve; CurveLink outroShipPosCurve; CurveLink outroCameraPosCurve; MobyLink ship; f32 shipSpeedInit; f32 cameraSpeedInit; f32 shipRollAmount; VEC3 shipRotDamping; f32 shipRollAmountHover; VEC3 shipRotDampingHover; f32 cameraRollAmount; VEC3 cameraRotDamping; f32 hoverTime; f32 hoverPause; f32 shipSpeedChange; f32 cameraSpeedChange; VEC3 hoverPosDamping; f32 tiltFactor; f32 tiltInterpSpeed; f32 tiltReturnFactor; f32 tiltVelDamp; f32 tiltGroundThresh; f32 tiltLmaxi; f32 tiltRmaxi; f32 tiltFmaxi; f32 tiltBmaxi; VEC3 ratchetEndOffset; VEC3 cameraInAnimOffset; f32 cameraInAnimLookYOfs; VEC3 cameraOutAnimOffset; f32 cameraOutAnimLookYOfs; f32 pa,20,0,compiled descriptor; no assertion spawned or active,current verified module text base + RVA
24,High Impact Treehouse,Region,Autres objets et controleurs,0x002A333C,0x002A33B0,0x00199728,0x00199728,3,0x001489DC; 0x00148AD8; 0x00148AE0,0x002A33B4; 0x002A33B8; 0x002A33BC,Toggle groups[32]; TriggerLink zone; u32 pad[ 3 ];,2,0,compiled descriptor; no assertion spawned or active,current verified module text base + RVA
24,High Impact Treehouse,Ryno,"Armes, projectiles et degats",0x002A34E0,0x002A3554,0x00199798,0x00199798,3,0x00148AE8; 0x00148BC4; 0x00149264,0x002A3558; 0x002A355C; 0x002A3560,,36,1,compiled descriptor; no assertion spawned or active,current verified module text base + RVA
24,High Impact Treehouse,RynoRocket,"Armes, projectiles et degats",0x002A35BC,0x002A3630,0x001997A0,0x001997A0,3,0x00149C68; 0x00149C84; 0x00149CD4,0x002A3634; 0x002A3638; 0x002A363C,,36,1,compiled descriptor; no assertion spawned or active,current verified module text base + RVA
24,High Impact Treehouse,ShieldCharger,"Armes, projectiles et degats",0x002A3650,0x002A36C4,0x001997B0,0x001997B0,4,0x0014B4D0; 0x0014AB90; 0x0014B900; 0x0014C104,0x002A36C8; 0x002A36CC; 0x002A36D0; 0x002A36D4,,53,3,compiled descriptor; no assertion spawned or active,current verified module text base + RVA
24,High Impact Treehouse,ShieldChargerBolt,"Armes, projectiles et degats",0x002A37F8,0x002A386C,0x001997E0,0x001997E0,3,0x0014DF64; 0x0014DF6C; 0x0014DFB0,0x002A3870; 0x002A3874; 0x002A3878,,13,1,compiled descriptor; no assertion spawned or active,current verified module text base + RVA
24,High Impact Treehouse,ShockRocket,"Armes, projectiles et degats",0x002A38F8,0x002A396C,0x001997F8,0x001997F8,3,0x0014E304; 0x0014E3F0; 0x0014E6DC,0x002A3970; 0x002A3974; 0x002A3978,,22,2,compiled descriptor; no assertion spawned or active,current verified module text base + RVA
24,High Impact Treehouse,ShockRocketShot,"Armes, projectiles et degats",0x002A39E4,0x002A3A58,0x00199808,0x00199808,3,0x0014F250; 0x0014F2A0; 0x0014F8A8,0x002A3A5C; 0x002A3A60; 0x002A3A64,,31,3,compiled descriptor; no assertion spawned or active,current verified module text base + RVA
24,High Impact Treehouse,ShrinkBeam,Gadgets et outils,0x002A3AAC,0x002A3B20,0x00199818,0x00199818,3,0x001506C0; 0x001506C8; 0x00150D7C,0x002A3B24; 0x002A3B28; 0x002A3B2C,,4,0,compiled descriptor; no assertion spawned or active,current verified module text base + RVA
24,High Impact Treehouse,ShrinkRayRatchet,Gadgets et outils,0x002A3B10,0x002A3B84,0x00199828,0x00199828,3,0x00151A3C; 0x00151A44; 0x00151A4C,0x002A3B88; 0x002A3B8C; 0x002A3B90,,0,0,compiled descriptor; no assertion spawned or active,current verified module text base + RVA
24,High Impact Treehouse,Spitfire,"Effets, particules et environnement",0x002A3BC0,0x002A3C34,0x00199840,0x00199840,3,0x00151CAC; 0x00151CE0; 0x00151D04,0x002A3C38; 0x002A3C3C; 0x002A3C40,,19,0,compiled descriptor; no assertion spawned or active,current verified module text base + RVA
24,High Impact Treehouse,Sproutomatic,Gadgets et outils,0x002A3CAC,0x002A3D20,0x00199850,0x00199850,3,0x00153098; 0x00153140; 0x00153178,0x002A3D24; 0x002A3D28; 0x002A3D2C,,10,0,compiled descriptor; no assertion spawned or active,current verified module text base + RVA
24,High Impact Treehouse,StaticBarrierBelt,Autres objets et controleurs,0x002A3D10,0x002A3D84,0x00199860,0x00199860,3,0x0015373C; 0x00153770; 0x00153778,0x002A3D88; 0x002A3D8C; 0x002A3D90,,0,0,compiled descriptor; no assertion spawned or active,current verified module text base + RVA
24,High Impact Treehouse,SuckCannon,"Armes, projectiles et degats",0x002A3E70,0x002A3EE4,0x00199878,0x00199878,3,0x00153780; 0x001538C8; 0x00153EE4,0x002A3EE8; 0x002A3EEC; 0x002A3EF0,,21,3,compiled descriptor; no assertion spawned or active,current verified module text base + RVA
24,High Impact Treehouse,SuckCannonComet,"Armes, projectiles et degats",0x002A3ED8,0x002A3F4C,0x00199888,0x00199888,3,0x0016DF9C; 0x0016DFA4; 0x0016E1D8,0x002A3F50; 0x002A3F54; 0x002A3F58,,40,1,compiled descriptor; no assertion spawned or active,current verified module text base + RVA
24,High Impact Treehouse,SuckCannonCometTie,"Armes, projectiles et degats",0x002A3F40,0x002A3FB4,0x00199898,0x00199898,3,0x0016DF9C; 0x0016DFA4; 0x00154854,0x002A3FB8; 0x002A3FBC; 0x002A3FC0,,40,1,compiled descriptor; no assertion spawned or active,current verified module text base + RVA
24,High Impact Treehouse,SuckCannonManager,"Armes, projectiles et degats",0x002A401C,0x002A4090,0x001998B0,0x001998B0,3,0x00155534; 0x00155580; 0x00155588,0x002A4094; 0x002A4098; 0x002A409C,,25,0,compiled descriptor; no assertion spawned or active,current verified module text base + RVA
24,High Impact Treehouse,SurvivalBGTile,Autres objets et controleurs,0x002A40AC,0x002A4120,0x001998C8,0x001998C8,3,0x00155E90; 0x00155EA8; 0x00155EB0,0x002A4124; 0x002A4128; 0x002A412C,MobyLink survivalController; u32 pad[3];,0,0,compiled descriptor; no assertion spawned or active,current verified module text base + RVA
24,High Impact Treehouse,SurvivalBot,Autres objets et controleurs,0x002A426C,0x002A42E0,0x001998D8,0x001998D8,3,0x0015659C; 0x001565A4; 0x00157880,0x002A42E4; 0x002A42E8; 0x002A42EC,,9,0,compiled descriptor; no assertion spawned or active,current verified module text base + RVA
24,High Impact Treehouse,SurvivalBotPort,Autres objets et controleurs,0x002A434C,0x002A43C0,0x00199AA8,0x00199AA8,3,0x0015978C; 0x001597F8; 0x0015982C,0x002A43C4; 0x002A43C8; 0x002A43CC,u32 botsNeeded; u32 currentBots; MobyLink survivalController; u32 pad;,3,0,compiled descriptor; no assertion spawned or active,current verified module text base + RVA
24,High Impact Treehouse,SurvivalBotSpawner,Autres objets et controleurs,0x002A4418,0x002A448C,0x00199AB8,0x00199AB8,3,0x00159D60; 0x00159DC8; 0x00159DFC,0x002A4490; 0x002A4494; 0x002A4498,f32 spawnRate; f32 totalBots; MobyLink survivalController; u32 pad;,1,0,compiled descriptor; no assertion spawned or active,current verified module text base + RVA
24,High Impact Treehouse,SurvivalBotTeleport,Autres objets et controleurs,0x002A4550,0x002A45C4,0x00199AD0,0x00199AD0,3,0x0015A1B4; 0x0015A340; 0x0015A448,0x002A45C8; 0x002A45CC; 0x002A45D0,MobyLink targetPort; MobyLink survivalController; u32 pad[2];,21,4,compiled descriptor; no assertion spawned or active,current verified module text base + RVA
24,High Impact Treehouse,SurvivalBridge,Pieges et mecanismes,0x002A45C8,0x002A463C,0x00199AE8,0x00199AE8,3,0x0015A974; 0x0015AA1C; 0x0015AA5C,0x002A4640; 0x002A4644; 0x002A4648,,24,1,compiled descriptor; no assertion spawned or active,current verified module text base + RVA
24,High Impact Treehouse,SurvivalGround,Autres objets et controleurs,0x002A4670,0x002A46E4,0x00199AF8,0x00199AF8,3,0x0015AFD4; 0x0015B008; 0x0015B06C,0x002A46E8; 0x002A46EC; 0x002A46F0,Toggle unBlowUpable; MobyLink survivalController; u32 pad[ 2 ];,1,0,compiled descriptor; no assertion spawned or active,current verified module text base + RVA
24,High Impact Treehouse,SurvivalReversePad,Autres objets et controleurs,0x002A46FC,0x002A4770,0x00199B08,0x00199B08,3,0x0015B2B8; 0x0015B2EC; 0x0015B320,0x002A4774; 0x002A4778; 0x002A477C,MobyLink survivalController; u32 pad[3];,0,0,compiled descriptor; no assertion spawned or active,current verified module text base + RVA
24,High Impact Treehouse,SurvivalTrapeze,Autres objets et controleurs,0x002A4798,0x002A480C,0x00199B20,0x00199B20,3,0x0015B534; 0x0015B624; 0x0015B658,0x002A4810; 0x002A4814; 0x002A4818,MobyLink survivalController; u32 pad[3];,9,0,compiled descriptor; no assertion spawned or active,current verified module text base + RVA
24,High Impact Treehouse,SurvivalWall,Autres objets et controleurs,0x002A4838,0x002A48AC,0x00199B30,0x00199B30,3,0x0015BA3C; 0x0015BAC8; 0x0015BAFC,0x002A48B0; 0x002A48B4; 0x002A48B8,Toggle reverseWall; MobyLink survivalController; u32 pad[2];,8,0,compiled descriptor; no assertion spawned or active,current verified module text base + RVA
24,High Impact Treehouse,SwarmManager,Autres objets et controleurs,0x002A48C4,0x002A4938,0x00199B40,0x00199B40,3,0x0015BFC8; 0x0015C010; 0x0015C348,0x002A493C; 0x002A4940; 0x002A4944,,4,2,compiled descriptor; no assertion spawned or active,current verified module text base + RVA
24,High Impact Treehouse,TieManipulator,Autres objets et controleurs,0x002A4B34,0x002A4BA8,0x00199B50,0x00199B50,3,0x0015CBE4; 0x0015CBDC; 0x0015D1BC,0x002A4BAC; 0x002A4BB0; 0x002A4BB4,TieLink tie[ 8 ]; f32 xAxis; f32 yAxis; f32 zAxis; f32 xRot; f32 yRot; f32 zRot; f32 xSpan; f32 ySpan; f32 zSpan; f32 xCounter; f32 yCounter; f32 zCounter; f32 speed; f32 speedPerFrame; f32 curviness; f32 curvPar; f32 scaleSpeed; f32 scaleSpeedPerFrame; f32 scaleMax; f32 scaleCounter; f32 xPerc[8]; f32 yPerc[8]; f32 zPerc[8]; f32 xPar[8]; f32 yPar[8]; f32 zPar[8]; f32 xStart[8]; f32 yStart[8]; f32 zStart[8]; MATRIX4 *pMat[8]; MATRIX4 scaleMatrix; f32 drawDistance; f32 updateDistance; f32 inverseScale; u32 linkCount;,17,0,compiled descriptor; no assertion spawned or active,current verified module text base + RVA
24,High Impact Treehouse,TreehouseDozer,Autres objets et controleurs,0x002A4BC0,0x002A4C34,0x00199B60,0x00199B60,3,0x0015D54C; 0x0015D6CC; 0x0015D730,0x002A4C38; 0x002A4C3C; 0x002A4C40,TriggerLink detectArea; u32 pad[ 3 ];,20,0,compiled descriptor; no assertion spawned or active,current verified module text base + RVA
24,High Impact Treehouse,TreehouseEliteCloneMuscle,Autres objets et controleurs,0x002A4C4C,0x002A4CC0,0x00199B70,0x00199B70,3,0x0015D8F0; 0x0015DB54; 0x0015DCA0,0x002A4CC4; 0x002A4CC8; 0x002A4CCC,TriggerLink detectArea; u32 pad[ 3 ];,34,1,compiled descriptor; no assertion spawned or active,current verified module text base + RVA
24,High Impact Treehouse,TreehouseEliteWrench,Autres objets et controleurs,0x002A4CB0,0x002A4D24,0x00199B90,0x00199B90,3,0x0015E0FC; 0x0015E104; 0x0015E10C,0x002A4D28; 0x002A4D2C; 0x002A4D30,,0,0,compiled descriptor; no assertion spawned or active,current verified module text base + RVA
24,High Impact Treehouse,TreehouseMovieViewer,Autres objets et controleurs,0x002A4D38,0x002A4DAC,0x00199BA8,0x00199BA8,3,0x0015E114; 0x0015E11C; 0x0015E124,0x002A4DB0; 0x002A4DB4; 0x002A4DB8,TriggerLink detectArea; u32 pad[ 3 ];,0,0,compiled descriptor; no assertion spawned or active,current verified module text base + RVA
24,High Impact Treehouse,TreehouseSign,Autres objets et controleurs,0x002A4DEC,0x002A4E60,0x00199BC0,0x00199BC0,3,0x0015E1E4; 0x0015E388; 0x0015E3EC,0x002A4E64; 0x002A4E68; 0x002A4E6C,u32 state; u32 pad[ 3 ];,16,0,compiled descriptor; no assertion spawned or active,current verified module text base + RVA
24,High Impact Treehouse,TreehouseTurretPickup,"Armes, projectiles et degats",0x002A4E70,0x002A4EE4,0x00199BD0,0x00199BD0,3,0x0015E5E4; 0x0015E6B4; 0x0015E714,0x002A4EE8; 0x002A4EEC; 0x002A4EF0,,20,1,compiled descriptor; no assertion spawned or active,current verified module text base + RVA
24,High Impact Treehouse,TriggerCollection,Pieges et mecanismes,0x002A4EEC,0x002A4F60,0x00199BE8,0x00199BE8,3,0x0015E920; 0x0015E928; 0x0015E930,0x002A4F64; 0x002A4F68; 0x002A4F6C,TriggerLink triggers[ 14 ];,0,0,compiled descriptor; no assertion spawned or active,current verified module text base + RVA
24,High Impact Treehouse,TripleWaveBeacon,Autres objets et controleurs,0x002A4F60,0x002A4FD4,0x00199C00,0x00199C00,3,0x0015ED88; 0x0015EF38; 0x0015EF6C,0x002A4FD8; 0x002A4FDC; 0x002A4FE0,,27,2,compiled descriptor; no assertion spawned or active,current verified module text base + RVA
24,High Impact Treehouse,Wrench,Autres objets et controleurs,0x002A5168,0x002A51DC,0x00199C18,0x00199C18,3,0x0015F318; 0x0015F3EC; 0x0015F828,0x002A51E0; 0x002A51E4; 0x002A51E8,,2,0,compiled descriptor; no assertion spawned or active,current verified module text base + RVA
