owner_signature_sha256,module_key,module_index,level,owner_rva,owner_runtime,function_end_rva_estimate,function_size_bytes_estimate,boundary_evidence,owner_assignment_status,full_normalized_sha256,wrapper_call_count,incoming_direct_calls,instruction_count,direct_call_count,fp_arithmetic_count,fp_compare_count,fp_memory_count,branch_count,backward_branch_count,return_site_count,exact_object_descriptors,object_ancestors_depth_le_3,symbolic_names,source_paths,same_function_patch_count,same_function_patch_layers,same_function_patch_mechanics,referenced_float32,embedded_float_high_halves,direct_internal_callees,direct_imports,family_id
0de1954f42fe210579d79a0be5f187d13dfc24a29256ecfea2cd306b3a6c1546,LEVEL_01,1,Pokitaru,0x0000E4F4,0x091481F4,0x0000E584,144,entrée JAL/prologue précédente → entrée forte suivante,confirmed_by_previous_corpus_heuristic,b15c21ba77af087041f54499d4f786ae964384dc62d8535ce630d7b882836992,3,7,36,3,0,0,12,0,0,1,,Butterfly@2; Level01Boat@2; PathAnimal@2; RatchetShipAnimation@2; TMRobotHeadB@2; ExplosiveBee@3,,,0,,,,,0x0000E35C,,WF-005
79a53dd581d4d0841d3dba3fd01f10e49941c5aef283405a13b839bf117a9831,LEVEL_01,1,Pokitaru,0x0000E768,0x09148468,0x0000E864,252,entrée JAL/prologue précédente → entrée forte suivante,confirmed_by_previous_corpus_heuristic,c433fb62553f43aa247249c01d88a1e4be80155cfc662ad06fe48aeb43c27d78,2,17,63,3,12,1,21,2,0,1,,Crab@1; TMRobotHeadB@1; TMRobotTorsoB@1; LunaCutscene@2; LunaNPC@2; TMRobotTorsoCutscene@2; TrainingBot@2,,,0,,,,2.38e-07; 1,0x0000E35C; 0x001A5F00,,WF-013
80d909ccea185b2b92de4eaeda906b378de28efe8a0015d6d7c6ef3382388145,LEVEL_01,1,Pokitaru,0x00010B44,0x0914A844,0x00010E78,820,entrée JAL/prologue précédente → entrée forte suivante,confirmed_by_previous_corpus_heuristic,010d5801cca080c4a5c039647d3f406a79ee8cecc1764cdcbfca9c50d52fd1f7,1,3,205,4,58,4,61,7,0,1,,RatchetShipAnimation@2,,,0,,,0@0x002CA378,2.38e-07; 9.9659e-05; 1,0x0000E35C; 0x0000E4F4; 0x0000F354; 0x000F49F8,,WF-015
04dfbfd0e8658f0836f0e5363b70ea615481b1beeaceecab7571875f452a1101,LEVEL_01,1,Pokitaru,0x00028E9C,0x09162B9C,0x00028FFC,352,entrée JAL/prologue précédente → entrée forte suivante,confirmed_by_previous_corpus_heuristic,0f8c862140d79a4a7fef2461086ce14efeed3a144923beadddf29e62ef6960ba,3,2,88,4,17,4,23,6,0,1,,TMRobotHeadB@2; TMRobotTorsoB@2; TrainingBot@2; Crab@3,,,0,,,0.0333333351@0x002AFED4; 0.150000006@0x002AFECC; 1@0x002AFED0,,0x0000E35C; 0x001B59E4,,WF-014
35d0f36a26b74dad46db02b1ada278665ea20e7bd849ac85d72c8646adb2672f,LEVEL_01,1,Pokitaru,0x000295B4,0x091632B4,0x0002962C,120,entrée JAL/prologue précédente → entrée forte suivante,confirmed_by_previous_corpus_heuristic,67c60a2e3ff30459eca539ebe18d3388c8927545059fb8060562c143708d3c59,1,2,30,2,0,0,5,0,0,1,,Crab@2,,,0,,,,,0x0000E35C; 0x0002962C,,WF-021
99ba6f21bd2768eaf20675803240b2d25011eaf50751c8660e6d6c0e7df0b24e,LEVEL_01,1,Pokitaru,0x0002BE30,0x09165B30,0x0002C2F8,1224,entrée JAL/prologue précédente → entrée forte suivante,confirmed_by_previous_corpus_heuristic,350fe5cf581a42392a0e60a20cac15d02da2486e41c4f74400da1b5580420c00,3,2,306,14,54,8,93,20,0,1,,LunaNPC@1,,,0,,,0.0333333351@0x002AFF14; 1@0x002AFF18; 0.400000006@0x002AFF0C,9.954e-06; 1,0x0000E35C; 0x0000E768; 0x0000EB68; 0x0002B77C; 0x0002BACC; 0x001A5F00; 0x001B59E4; NavUtil_AvoidTriggers,,WF-017
24a2ff0a1557a72e167a4c96b6f9c801d44d4cba5af921ba5669a4084a8edf49,LEVEL_01,1,Pokitaru,0x0004A158,0x09183E58,0x0004A4F0,920,entrée JAL/prologue précédente → entrée forte suivante,confirmed_by_previous_corpus_heuristic,5f8e71e3b828c450c1290be991bf4e8f9861675cc18d71918c8541237a5d8da5,1,10,230,6,70,8,80,13,0,1,,,,,0,,,,2.38e-07; 9.9659e-05; 0.000999451; 0.016967773; 0.099609375; 0.298828125; 1; 1.5703125; 3.109375,0x0000E35C; 0x0000E3DC; 0x000F4264; 0x000F570C; 0x001A4E74,,WF-002
2f3e3c8d94815007925ad67e5ba4c86300ecf57cf262105869a43d99ee6ad1fb,LEVEL_01,1,Pokitaru,0x0004A4F0,0x091841F0,0x0004AECC,2524,entrée JAL/prologue précédente → entrée forte suivante,confirmed_by_previous_corpus_heuristic,2e613bd354caaddaedd25cfa26060bf36515a4d5489ddea1fee3b574a0bab353,3,1,631,52,96,14,122,53,2,1,,,,,0,,,0.100000001@0x002B0918; 1.5@0x002B091C; 0.0799999982@0x002B00E8; -0.00300000003@0x002B08E8,2.38e-07; 0.033203125; 0.125; 0.149414062; 0.19921875; 0.33203125; 0.3984375; 0.5; 0.6640625; 0.83203125; 1; 1.5,0x0000E35C; 0x00033010; 0x00036298; 0x000362E8; 0x0004215C; 0x00049018; 0x00049364; 0x00049490; 0x000498C4; 0x000499B4; 0x00049B50; 0x00049B90; 0x00049BF0; 0x0004A158; 0x0005BC58; 0x0005BDDC; 0x0005BE28; 0x0005C2B4; 0x0006A9E0; 0x0006AED0; 0x00076330; 0x001448D4; MOBY_SnapMobyAnim,,WF-001
a0c9f2348b17b34ae20cd986946e9986592765755ff8bc44e8d82a6df56c3b27,LEVEL_01,1,Pokitaru,0x0004E008,0x09187D08,0x0004F0BC,4276,entrée JAL/prologue précédente → entrée forte suivante,confirmed_by_previous_corpus_heuristic,48e46b3e9d50ce35b3533d2dc50861e1380ee0357bb998ea1783b05aa5bc21ac,1,1,1069,71,126,19,345,58,0,1,,,,,0,,,30.000597@0x002B0984; 0.200000003@0x002B0944; 0.400000006@0x002B0948; 0.800000012@0x002B094C; 0.100000001@0x002B0950; 0.200000003@0x002B0954; 0.400000006@0x002B0958; 0.0500000007@0x002B095C; 0@0x002B0A1C; 1@0x002B0978; 0@0x002B09D8; 0.800000012@0x002B0A04; 0.75@0x002B09DC,2.38e-07; 0.00994873; 0.015625; 0.25; 0.3984375; 0.5; -1; 1,0x0000E290; 0x0000E2F4; 0x0000E35C; 0x00030F80; 0x00033C0C; 0x00034AE0; 0x00034B0C; 0x00036298; 0x000362E8; 0x00036364; 0x00041B3C; 0x0004253C; 0x0004AECC; 0x0004B1E0; 0x0004C17C; 0x0004CAE8; 0x0004CD08; 0x0004CED8; 0x0004D0C4; 0x0006A9E0; 0x0006AA08; 0x000F667C; 0x00106588; 0x00106590; 0x001065B8; 0x001065C0; 0x0016305C; 0x001A4E74; MOBY_BlendMobyAnim; ht_grindlock_switches,,WF-003
a50a4422a2a0366826d4c2c0aae73049d3e6d44c93e876dda92de2c52118f000,LEVEL_01,1,Pokitaru,0x00056348,0x09190048,0x00056444,252,entrée JAL/prologue précédente → entrée forte suivante,confirmed_by_previous_corpus_heuristic,73382ebdcb0540f5efafe7f168a7aa6170ab0eaccb0f545a6a1caae7aa37d4bc,1,1,63,7,2,0,7,3,0,1,,,,,0,,,0.400000006@0x002B0D78; 0.300000012@0x002B0D7C; 0.100000001@0x002B0D80,1.5,0x0000E35C; 0x000340B8; 0x00049514; 0x00055E68; 0x000565F4; 0x00056A04; 0x000A5EC8,,WF-004
8a86ad12960405935ae334206b60801183e4e8e77418955f63d6f096a15c82de,LEVEL_01,1,Pokitaru,0x0010AFB4,0x09244CB4,0x0010B1D0,540,entrée JAL/prologue précédente → entrée forte suivante,confirmed_by_previous_corpus_heuristic,b0f621e501fd3203f95868fc62daf2e9d372d41173ea2b415febeeb6e1e70d01,2,1,135,7,33,3,38,7,0,1,,AgentOfDoom@2,,,0,,,0.200000003@0x002CD01C; 0@0x002CA378,2.38e-07; 1,0x0000E35C; 0x0010A31C; 0x0010C890; 0x0010DE64; 0x001A5F00,,WF-008
968668ccd5198515cf25c2815fcfb186538f5bdd3b910ae8321fe3dde32303e0,LEVEL_01,1,Pokitaru,0x0010B1D0,0x09244ED0,0x0010B498,712,entrée JAL/prologue précédente → entrée forte suivante,confirmed_by_previous_corpus_heuristic,a006da2b08c07e4c098a3602bca28eb61367bdae9690f8b73b0c0f1f3431dd8f,2,1,178,7,38,4,44,14,0,1,,AgentOfDoom@2,,,0,,,0.200000003@0x002CD01C; 0@0x002CA378; 60@0x002CCEC8,2.38e-07; 1,0x0000E35C; 0x0010BDFC; 0x0010C890; 0x0010DE64; 0x001A5F00,,WF-009
b07e66b93323e492431512dbd5e2654d2c18c232cad02595682cefe1704d88b8,LEVEL_01,1,Pokitaru,0x0010B498,0x09245198,0x0010B7B0,792,entrée JAL/prologue précédente → entrée forte suivante,confirmed_by_previous_corpus_heuristic,3bc0468732edd83226e6fc34d1ed2b502c87ccde1f864b6a04ed639f35e561e6,3,1,198,7,54,2,76,5,0,1,,AgentOfDoom@2,,,0,,,0.0199999996@0x002CD010; 0.76666671@0x002CCEB0; 0.200000003@0x002CD01C; 0@0x002CA378; 0.214570001@0x002CCEC0; 0.5@0x002CCEBC,2.38e-07; 1,0x0000E35C; 0x00019F44; 0x0010BDFC; 0x0010C890; 0x001A5F00,,WF-007
b17654bd924dce7abe0f266c545c41586d38f478330125bbd1dd2d5edeb62a1b,LEVEL_01,1,Pokitaru,0x0010DE64,0x09247B64,0x0010E404,1440,entrée JAL/prologue précédente → entrée forte suivante,confirmed_by_previous_corpus_heuristic,faf55e94f4c82e84171361bdde35bc3dfcc50233326dbb2a4ba50c8cb5fdedb2,2,2,360,13,58,10,87,18,0,3,,AgentOfDoom@3,,,0,,,3@0x002CCEB4; 0.0199999996@0x002CD010; 0.76666671@0x002CCEB0; 0.300000012@0x002CCEB8; 0.214570001@0x002CCEC0; 0.5@0x002CCEBC,0.099609375; 0.149414062; 1; 2; 3.140625; 8,0x0000E35C; 0x00010E78; 0x000198B0; 0x00019F44; 0x0006D1DC; 0x0008A9F4; 0x0010B894; 0x001A4D64; 0x001A4E8C; 0x001AD948,,WF-010
5d1ac536f4f8c454e0a422603b5c31e7772d4571e0ca99b4f210e8aab7aaa475,LEVEL_01,1,Pokitaru,0x00122820,0x0925C520,0x00122FA8,1928,entrée JAL/prologue précédente → entrée forte suivante,confirmed_by_previous_corpus_heuristic,d4999c3676b45216434c2ff55975ded620d3c4906319e6e680a1a0a362692468,1,0,482,11,107,9,134,33,0,1,Butterfly,Butterfly@0,,,0,,,2500@0x002CEDD4; 2304@0x002CEDD8; 0.200000003@0x002CED98; 0.0199999996@0x002CEDC8; 2116@0x002CEDE0; 2@0x002CEDE4; 46@0x002CEDDC; 0.785398185@0x002CEDA4,-0; 2.38e-07; 1,0x0000E35C; 0x0000E864; 0x000148C8; 0x0008DB74; 0x000F7C54; 0x001223BC; 0x001226B0; 0x001B59EC; 0x001B5B20,,WF-051
d5ec0eaa0354ff5ec367853f11f4eeff9ca4b9752f268240f932af2fc35b3125,LEVEL_01,1,Pokitaru,0x00128C20,0x09262920,0x00129390,1904,entrée JAL/prologue précédente → entrée forte suivante,confirmed_by_previous_corpus_heuristic,4f0be5e4500e7c92473e671ffd6c56505425c9b47a3403685ab42b9849a659e0,1,0,476,18,29,10,57,48,0,1,CrankedObject,CrankedObject@0,,,0,,,,1; 8,0x0000E35C; 0x00031434; 0x0006C51C; 0x0006C68C; 0x0006D1DC; 0x0007F78C; 0x0008A9F4; 0x000DDC08; 0x0012869C; MOBY_DestroyMoby,,WF-031
44f7ae0c83f5f9bdb9819d182c8b3cb4b7b3a66e015bd9bdc936483b2accdddf,LEVEL_01,1,Pokitaru,0x0012E950,0x09268650,0x0012E9F4,164,entrée JAL/prologue précédente → entrée forte suivante,confirmed_by_previous_corpus_heuristic,7a6057336d2a52437903020be7830e84ed230d24d7270105e3b21edad667ba95,1,1,41,1,9,0,10,0,0,1,,DropshipB@2,,,0,,,,0.019897461; 0.19921875; 1000,0x0000E35C,,WF-047
1341b84eefd53e1b93c39e140dedffcf20547b0a8c287e4149cd2b4480c60b7c,LEVEL_01,1,Pokitaru,0x0012E9F4,0x092686F4,0x0012EDD4,992,entrée JAL/prologue précédente → entrée forte suivante,confirmed_by_previous_corpus_heuristic,f65a74b1835a2e34824e22d5b5a3ebc5d87ae0e9b798a5611db741b4a3282913,6,2,248,7,124,5,62,8,0,1,,DropshipB@1,,,0,,,,2.38e-07; 0.049804688; 0.19921875; 0.69921875; 1; 1000,0x0000E35C; 0x000F49F8,,WF-033
0645f7b05606ef3a65fb05c30cb28b136525070194503caf482f455e63e6112b,LEVEL_01,1,Pokitaru,0x00143FEC,0x0927DCEC,0x00144830,2116,entrée JAL/prologue précédente → entrée forte suivante,confirmed_by_previous_corpus_heuristic,187281fb53184cdc76abfd31a66027291ac1e98f895f47d745589c17210fade8,2,0,529,15,48,7,83,46,2,1,HutDoor,HutDoor@0,,,0,,,0.100000001@0x002D289C,9.954e-06; 8,0x0000E35C; 0x00017340; 0x0006C51C; 0x0006D1DC; 0x00071C10; 0x0008A944; 0x0008AA94,,WF-016
818087fd46029ca2bd2243b5550e6d671e05173645c8e095d6ca7f1d67ce1dde,LEVEL_01,1,Pokitaru,0x0014EB68,0x09288868,0x0014FF6C,5124,entrée JAL/prologue précédente → entrée forte suivante,confirmed_by_previous_corpus_heuristic,b2b1e8b273fab87b8ebd7dae1438865a21ce9f9a700f461d5996acc449c311d7,3,0,1281,34,220,19,314,78,1,1,Level01Boat,Level01Boat@0,,,0,,,0.0199999996@0x002D42E0; 0.100000009@0x002D42DC; 2.5@0x002D42D0; 0.0500000007@0x002D42F8; 0.0666666701@0x002D42FC,2.38e-07; 9.954e-06; 1; 8; 30,0x00000E7C; 0x00002B18; 0x0000E35C; 0x0000E864; 0x00011024; 0x0005BE28; 0x0005BF54; 0x0006C51C; 0x0006C68C; 0x0006D1DC; 0x00071C10; 0x0008A9F4; 0x000F4C94; 0x000F5540; 0x000F5C20; 0x000F7694; 0x001A5F00,,WF-036
448072f739c6b34ee54987ad1871ea1a0067a34deb6e2ba4151ecd6e78818177,LEVEL_01,1,Pokitaru,0x0015083C,0x0928A53C,0x00150AB4,632,entrée JAL/prologue précédente → entrée forte suivante,confirmed_by_previous_corpus_heuristic,9c7d75cfa41dc31338368c9616b39c6fc4c0b256b7291bff3ce6ddbad3cd7948,1,0,158,3,10,3,17,16,2,1,Level01DoorTarget,Level01DoorTarget@0,,,0,,,0.100000001@0x002D44F8; 0.333333343@0x002D44F0; 6.4000001@0x002D44F4,8,0x0000E35C; 0x0006D1DC; 0x0008A9F4,,WF-046
cda1f243ed3cc3baced794eea6410c47c7b121cbcf47c828c979d88435d7b6b7,LEVEL_01,1,Pokitaru,0x0015FB68,0x09299868,0x0015FFC8,1120,entrée JAL/prologue précédente → entrée forte suivante,confirmed_by_previous_corpus_heuristic,a162c180b97766c8e013c1cc4762de9583fee09029f080cc935289c33e2e9a99,1,1,280,10,54,4,110,10,0,2,,Polarizer@1,,,0,,,20@0x002D5CE4,2.38e-07; 0.099609375; 1,0x0000E35C; 0x00019F44; 0x000F4890; 0x000F84C4; 0x0015EDF4; 0x0015F010; 0x001A5F00,,WF-006
5d54a6ba6887902b05951c6e2acd18585993b61cde7dcbbd896f130f8c09da3a,LEVEL_01,1,Pokitaru,0x0016B830,0x092A5530,0x0016BE08,1496,entrée JAL/prologue précédente → entrée forte suivante,confirmed_by_previous_corpus_heuristic,8e920e0087487ce31b4ed6827aa5dc5b3700523302fef681c4020bb72a649a8c,5,0,374,11,107,10,122,24,0,1,SharkagatorFin,SharkagatorFin@0,,,0,,,0.100000001@0x002D7098; 0.5@0x002D70B4; 0.121869341@0x002D70B8; 0@0x002CA378; -0.5@0x002D708C; 0.00999999978@0x002D70A4; 0.0333333351@0x002D7088; 0.0500000007@0x002D70B0; -1@0x002D7090; -0.0500000045@0x002D7094,2.38e-07; 1; 6.28125,0x0000E35C; 0x001A4E8C; 0x001A5F00; 0x001AD948,,WF-027
9902f5329d512e1bc1b78c27411c23309a4823f4df8d8669844c51eecb9a9eb1,LEVEL_01,1,Pokitaru,0x0017D49C,0x092B719C,0x0017E598,4348,entrée JAL/prologue précédente → entrée forte suivante,confirmed_by_previous_corpus_heuristic,03b3f19cbe318ba53e1a737e3373d1b7bc3c2e5e3900bb51d4a71713fb153a14,1,0,1087,86,114,12,171,98,0,1,TMRobotHeadB,TMRobotHeadB@0,TMRobotHeadB_Update,c:/Hig/Projects/Rcp1/Code/MOBYS/TMRobotHeadB/TMRobotHeadB.cpp,0,,,0@0x002CA378; 0.5@0x002D878C; 0.0111111123@0x002D87A4; 0.0199999996@0x002D8734; 0.100000001@0x002D8760; 0.5@0x002D876C; 2@0x002D8764; 0.200000003@0x002AFEC4; 1@0x002D8788; 0@0x002D8774; 0.999000013@0x002D8780,2.38e-07; 0.033203125; 0.53125; 0.6640625; 0.75; 1; 2,0x0000E35C; 0x0000E618; 0x0000E768; 0x0000E864; 0x0000EA08; 0x0000EE9C; 0x00014890; 0x00014A74; 0x00022854; 0x000292C0; 0x00029874; 0x0002990C; 0x00029A84; 0x00029F44; 0x00029FE8; 0x0006A9E0; 0x0006AA08; 0x0006AED0; 0x00071C10; 0x000E27B8; 0x000EC134; 0x000EC160; 0x000F67E0; 0x00134F60; 0x0017BF14; 0x0017C044; 0x0017C208; 0x0017C2CC; 0x0017C400; 0x0017E598; 0x0017F8D0; 0x0017F944; 0x0018FFBC; MOBY_DestroyMoby; MOBY_SnapMobyAnim,,WF-030
3b907cd5cc656038144a6afcdafb360ea2f974f6c0162e3889eeb8e4aa74e891,LEVEL_01,1,Pokitaru,0x00187614,0x092C1314,0x00187CA4,1680,entrée JAL/prologue précédente → entrée forte suivante,confirmed_by_previous_corpus_heuristic,0f99911a5c033f2b70058ecdbc7dea582a6d278ee9ba83d31cb092c0785ab2b2,2,0,420,20,22,12,52,55,0,1,TriggeredDoor,TriggeredDoor@0,,,0,,,,8,0x000025E8; 0x0000E35C; 0x00022CCC; 0x00022D40; 0x00022D74; 0x0006C51C; 0x0006D1DC; 0x00071C10; 0x0008A9F4; 0x001065D0; 0x001872C8; 0x001874F4; MOBY_DestroyMoby,,WF-019
4f3d3c79217e7c044187dd74de1846b5567bcf0b2fc562ada0faa98f6b3aac18,LEVEL_01,1,Pokitaru,0x001901F4,0x092C9EF4,0x00190400,524,entrée JAL/prologue précédente → entrée forte suivante,confirmed_by_previous_corpus_heuristic,15e3b3f74ee4e882fe744fb31ab81a740ea05f4f014255975c6da960df284c68,1,2,131,6,5,0,16,15,0,1,,MutantCow@2; MutantMadCow@2; AgentOfDoom@3,,,0,,,0.0111111123@0x002D9C08,,0x0000E35C; 0x000F5000; 0x00190494; 0x001906DC; 0x00190D6C; 0x00191590,,WF-012
ef8ce773c105cac024df4f5419052a7e0f7839ec6fc98bfb101f0c2adf2ff27d,LEVEL_01,1,Pokitaru,0x00190948,0x092CA648,0x00190B34,492,entrée JAL/prologue précédente → entrée forte suivante,confirmed_by_previous_corpus_heuristic,d7a1cb82119982cad7ad12afce039da3c738f35b40843bca7313974d08ef3619,2,2,123,4,46,2,31,3,0,1,,AgentOfDoom@3,,,0,,,,2.38e-07; 1,0x0000E35C; 0x000F5000; 0x001A5F00,,WF-011
0de1954f42fe210579d79a0be5f187d13dfc24a29256ecfea2cd306b3a6c1546,LEVEL_02,2,Ryllus,0x0000E558,0x09148258,0x0000E5E8,144,entrée JAL/prologue précédente → entrée forte suivante,confirmed_by_previous_corpus_heuristic,b15c21ba77af087041f54499d4f786ae964384dc62d8535ce630d7b882836992,3,10,36,3,0,0,12,0,0,1,,RatchetShipAnimation@2; ExplosiveBee@3; FloatingCamera@3,,,0,,,,,0x0000E340,,WF-005
79a53dd581d4d0841d3dba3fd01f10e49941c5aef283405a13b839bf117a9831,LEVEL_02,2,Ryllus,0x0000E7CC,0x091484CC,0x0000E8C8,252,entrée JAL/prologue précédente → entrée forte suivante,confirmed_by_previous_corpus_heuristic,c433fb62553f43aa247249c01d88a1e4be80155cfc662ad06fe48aeb43c27d78,2,16,63,3,12,1,21,2,0,1,,Pygmy@1; Razorback@1; PygmyB@2; Sprout@2; StoneIdol@3,,,0,,,,2.38e-07; 1,0x0000E340; 0x001BB9E4,,WF-013
752e0b48a9ee282ed55f66baedc8db0a8c289b5a6e9ca07a6da112cd10c178ec,LEVEL_02,2,Ryllus,0x0000E8C8,0x091485C8,0x0000EA60,408,entrée JAL/prologue précédente → entrée forte suivante,confirmed_by_previous_corpus_heuristic,72fbac12fb1d524883782ca430c6d1f8439ed1e5091a9b6a56deb597892c771a,2,4,102,4,23,3,29,6,0,1,,CBEnterCutscene@1; Sprout@2; ClankBot@3,,,0,,,-0.699999988@0x002C15D8; 0.251327425@0x002C15DC,2.38e-07; 0.00994873; 1,0x0000E340; 0x000FA294; 0x001BB9E4,,WF-020
80d909ccea185b2b92de4eaeda906b378de28efe8a0015d6d7c6ef3382388145,LEVEL_02,2,Ryllus,0x000110E0,0x0914ADE0,0x00011414,820,entrée JAL/prologue précédente → entrée forte suivante,confirmed_by_previous_corpus_heuristic,010d5801cca080c4a5c039647d3f406a79ee8cecc1764cdcbfca9c50d52fd1f7,1,3,205,4,58,4,61,7,0,1,,RatchetShipAnimation@2,,,0,,,0@0x002E17F0,2.38e-07; 9.9659e-05; 1,0x0000E340; 0x0000E558; 0x0000F948; 0x000FA2E4,,WF-015
04dfbfd0e8658f0836f0e5363b70ea615481b1beeaceecab7571875f452a1101,LEVEL_02,2,Ryllus,0x0002923C,0x09162F3C,0x0002939C,352,entrée JAL/prologue précédente → entrée forte suivante,confirmed_by_previous_corpus_heuristic,0f8c862140d79a4a7fef2461086ce14efeed3a144923beadddf29e62ef6960ba,3,2,88,4,17,4,23,6,0,1,,CBEnterCutscene@2; Razorback@2; Pygmy@3; PygmyB@3; StoneIdol@3,,,0,,,0.0333333351@0x002C6E3C; 0.150000006@0x002C6E34; 1@0x002C6E38,,0x0000E340; 0x001CB4C8,,WF-014
35d0f36a26b74dad46db02b1ada278665ea20e7bd849ac85d72c8646adb2672f,LEVEL_02,2,Ryllus,0x00029850,0x09163550,0x000298C8,120,entrée JAL/prologue précédente → entrée forte suivante,confirmed_by_previous_corpus_heuristic,67c60a2e3ff30459eca539ebe18d3388c8927545059fb8060562c143708d3c59,1,2,30,2,0,0,5,0,0,1,,Razorback@1; Pygmy@3; PygmyB@3,,,0,,,,,0x0000E340; 0x000298C8,,WF-021
99ba6f21bd2768eaf20675803240b2d25011eaf50751c8660e6d6c0e7df0b24e,LEVEL_02,2,Ryllus,0x0002C12C,0x09165E2C,0x0002C5F4,1224,entrée JAL/prologue précédente → entrée forte suivante,confirmed_by_previous_corpus_heuristic,350fe5cf581a42392a0e60a20cac15d02da2486e41c4f74400da1b5580420c00,3,4,306,14,54,8,93,20,0,1,,Sprout@1,,,0,,,0.0333333351@0x002C6E84; 1@0x002C6E88; 0.400000006@0x002C6E7C,9.954e-06; 1,0x0000E340; 0x0000E7CC; 0x0000F014; 0x0002BB50; 0x0002BEA0; 0x001BB9E4; 0x001CB4C8; NavUtil_AvoidTriggers,,WF-017
f8ea386972e1b50a30daf2f7db5ba41bb74d52f776f669f8474fee809046ab70,LEVEL_02,2,Ryllus,0x0002D800,0x09167500,0x0002DE20,1568,entrée JAL/prologue précédente → entrée forte suivante,confirmed_by_previous_corpus_heuristic,7b7065aa8d59a5e664b826c3b8f0723006825873e1f39ffcd2beb90b561f2ba8,1,5,392,14,53,6,99,33,0,1,,Sprout@1; ClankBot@2,,,0,,,0.400000006@0x002C6EA4,9.954e-06; -9.9659e-05; 9.9659e-05; 1,0x0000E340; 0x0000E8C8; 0x0000F1C0; 0x0002D2E4; 0x0002D35C; 0x0002D488; 0x0002DE20; 0x001BB9E4; NavUtil_AvoidTriggers,,WF-022
fb5992a0070a91b0201d54bc93235211348c068f2727e605352e5b4579aeafc4,LEVEL_02,2,Ryllus,0x00030648,0x0916A348,0x00030978,816,entrée JAL/prologue précédente → entrée forte suivante,confirmed_by_previous_corpus_heuristic,b7a257376fd3de94d65909d4e379b426f5aa293c4a7953a7298f702a4a34ce05,2,2,204,6,50,5,75,11,0,1,,ClankBot@3,,,0,,,0.100000001@0x002C731C; 0.0500000007@0x002C7310; -0.195999995@0x002C7320; 0@0x002E17F0; 0.330000013@0x002C7324,2.38e-07; 0.019897461; 1,0x0000E340; 0x000FA17C; 0x000FDE94,,WF-023
24a2ff0a1557a72e167a4c96b6f9c801d44d4cba5af921ba5669a4084a8edf49,LEVEL_02,2,Ryllus,0x0004EA0C,0x0918870C,0x0004EDA4,920,entrée JAL/prologue précédente → entrée forte suivante,confirmed_by_previous_corpus_heuristic,5f8e71e3b828c450c1290be991bf4e8f9861675cc18d71918c8541237a5d8da5,1,10,230,6,70,8,80,13,0,1,,,,,0,,,,2.38e-07; 9.9659e-05; 0.000999451; 0.016967773; 0.099609375; 0.298828125; 1; 1.5703125; 3.109375,0x0000E340; 0x0000E3C0; 0x000F9B98; 0x000FAED4; 0x001BA958,,WF-002
2f3e3c8d94815007925ad67e5ba4c86300ecf57cf262105869a43d99ee6ad1fb,LEVEL_02,2,Ryllus,0x0004EDA4,0x09188AA4,0x0004F780,2524,entrée JAL/prologue précédente → entrée forte suivante,confirmed_by_previous_corpus_heuristic,2e613bd354caaddaedd25cfa26060bf36515a4d5489ddea1fee3b574a0bab353,3,1,631,52,96,14,122,53,2,1,,,,,0,,,0.100000001@0x002C7CD8; 1.5@0x002C7CDC; 0.0799999982@0x002C74A8; -0.00300000003@0x002C7CA8,2.38e-07; 0.033203125; 0.125; 0.149414062; 0.19921875; 0.33203125; 0.3984375; 0.5; 0.6640625; 0.83203125; 1; 1.5,0x0000E340; 0x00037558; 0x0003A778; 0x0003A7C8; 0x00046A10; 0x0004D8CC; 0x0004DC18; 0x0004DD44; 0x0004E178; 0x0004E268; 0x0004E404; 0x0004E444; 0x0004E4A4; 0x0004EA0C; 0x000606B0; 0x00060834; 0x00060880; 0x00060D0C; 0x000708CC; 0x00070DA0; 0x0007C2BC; 0x00158AD8; MOBY_SnapMobyAnim,,WF-001
a0c9f2348b17b34ae20cd986946e9986592765755ff8bc44e8d82a6df56c3b27,LEVEL_02,2,Ryllus,0x000528BC,0x0918C5BC,0x00053970,4276,entrée JAL/prologue précédente → entrée forte suivante,confirmed_by_previous_corpus_heuristic,48e46b3e9d50ce35b3533d2dc50861e1380ee0357bb998ea1783b05aa5bc21ac,1,1,1069,71,126,19,345,58,0,1,,,,,0,,,30.000597@0x002C7D44; 0.200000003@0x002C7D04; 0.400000006@0x002C7D08; 0.800000012@0x002C7D0C; 0.100000001@0x002C7D10; 0.200000003@0x002C7D14; 0.400000006@0x002C7D18; 0.0500000007@0x002C7D1C; 0@0x002C7DDC; 1@0x002C7D38; 0@0x002C7D98; 0.800000012@0x002C7DC4; 0.75@0x002C7D9C,2.38e-07; 0.00994873; 0.015625; 0.25; 0.3984375; 0.5; -1; 1,0x0000E274; 0x0000E2D8; 0x0000E340; 0x00035404; 0x00038154; 0x00039028; 0x00039054; 0x0003A778; 0x0003A7C8; 0x0003A844; 0x000463F0; 0x00046DF0; 0x0004F780; 0x0004FA94; 0x00050A30; 0x0005139C; 0x000515BC; 0x0005178C; 0x00051978; 0x000708CC; 0x000708F4; 0x000FBE18; 0x0010BF50; 0x0010BF58; 0x0010BF80; 0x0010BF88; 0x0017E2B0; 0x001BA958; MOBY_BlendMobyAnim; ht_grindlock_switches,,WF-003
a50a4422a2a0366826d4c2c0aae73049d3e6d44c93e876dda92de2c52118f000,LEVEL_02,2,Ryllus,0x0005AD7C,0x09194A7C,0x0005AE78,252,entrée JAL/prologue précédente → entrée forte suivante,confirmed_by_previous_corpus_heuristic,73382ebdcb0540f5efafe7f168a7aa6170ab0eaccb0f545a6a1caae7aa37d4bc,1,1,63,7,2,0,7,3,0,1,,,,,0,,,0.400000006@0x002C8138; 0.300000012@0x002C813C; 0.100000001@0x002C8140,1.5,0x0000E340; 0x00038600; 0x0004DDC8; 0x0005A834; 0x0005B028; 0x0005B438; 0x000ABCF0,,WF-004
8a86ad12960405935ae334206b60801183e4e8e77418955f63d6f096a15c82de,LEVEL_02,2,Ryllus,0x00110924,0x0924A624,0x00110B40,540,entrée JAL/prologue précédente → entrée forte suivante,confirmed_by_previous_corpus_heuristic,b0f621e501fd3203f95868fc62daf2e9d372d41173ea2b415febeeb6e1e70d01,2,1,135,7,33,3,38,7,0,1,,AgentOfDoom@2,,,0,,,0.200000003@0x002E4564; 0@0x002E17F0,2.38e-07; 1,0x0000E340; 0x0010FC8C; 0x00112200; 0x001137D4; 0x001BB9E4,,WF-008
968668ccd5198515cf25c2815fcfb186538f5bdd3b910ae8321fe3dde32303e0,LEVEL_02,2,Ryllus,0x00110B40,0x0924A840,0x00110E08,712,entrée JAL/prologue précédente → entrée forte suivante,confirmed_by_previous_corpus_heuristic,a006da2b08c07e4c098a3602bca28eb61367bdae9690f8b73b0c0f1f3431dd8f,2,1,178,7,38,4,44,14,0,1,,AgentOfDoom@2,,,0,,,0.200000003@0x002E4564; 0@0x002E17F0; 60@0x002E4410,2.38e-07; 1,0x0000E340; 0x0011176C; 0x00112200; 0x001137D4; 0x001BB9E4,,WF-009
b07e66b93323e492431512dbd5e2654d2c18c232cad02595682cefe1704d88b8,LEVEL_02,2,Ryllus,0x00110E08,0x0924AB08,0x00111120,792,entrée JAL/prologue précédente → entrée forte suivante,confirmed_by_previous_corpus_heuristic,3bc0468732edd83226e6fc34d1ed2b502c87ccde1f864b6a04ed639f35e561e6,3,1,198,7,54,2,76,5,0,1,,AgentOfDoom@2,,,0,,,0.0199999996@0x002E4558; 0.76666671@0x002E43F8; 0.200000003@0x002E4564; 0@0x002E17F0; 0.214570001@0x002E4408; 0.5@0x002E4404,2.38e-07; 1,0x0000E340; 0x0001A348; 0x0011176C; 0x00112200; 0x001BB9E4,,WF-007
b17654bd924dce7abe0f266c545c41586d38f478330125bbd1dd2d5edeb62a1b,LEVEL_02,2,Ryllus,0x001137D4,0x0924D4D4,0x00113D74,1440,entrée JAL/prologue précédente → entrée forte suivante,confirmed_by_previous_corpus_heuristic,faf55e94f4c82e84171361bdde35bc3dfcc50233326dbb2a4ba50c8cb5fdedb2,2,2,360,13,58,10,87,18,0,3,,AgentOfDoom@3,,,0,,,3@0x002E43FC; 0.0199999996@0x002E4558; 0.76666671@0x002E43F8; 0.300000012@0x002E4400; 0.214570001@0x002E4408; 0.5@0x002E4404,0.099609375; 0.149414062; 1; 2; 3.140625; 8,0x0000E340; 0x00011414; 0x00019CB4; 0x0001A348; 0x000730AC; 0x000906BC; 0x00111204; 0x001BA848; 0x001BA970; 0x001C342C,,WF-010
d0353d804310b3301833e2e32d8c11fe8606d906168c0e8c2651f423e05d91f1,LEVEL_02,2,Ryllus,0x001292F0,0x09262FF0,0x00129A58,1896,entrée JAL/prologue précédente → entrée forte suivante,confirmed_by_previous_corpus_heuristic,ad4bde4a95350c05345d2a66740f4e5f6c96150fca6000799a7e69fc246986b4,10,3,474,20,100,8,156,34,0,1,,BotFlinger@2,,,0,,,0@0x002E6380; 0.200000003@0x002E6458; 0.0399999991@0x002E644C; 0.0199999996@0x002E63C8; 0.0799999982@0x002E63A4; 0.99000001@0x002E6518; 0.100000001@0x002E6440; 2@0x002E643C; 0.0799999982@0x002E6450; 1@0x002E6454; 0.100000009@0x002E63B0; 0@0x002E17E0; 0.100000001@0x002E6398,2.38e-07; 9.954e-06; 0.099609375; -0.19921875; 1,0x0000E340; 0x0000F800; 0x0002FCE8; 0x000723EC; 0x0007255C; 0x0007B524; 0x00127C10; 0x00128EF8; 0x001291BC,,WF-032
6b9db198095e448db820c826167fd6d487a30943fcc737a2dd10d6ccaf92d765,LEVEL_02,2,Ryllus,0x0012ABC4,0x092648C4,0x0012AFAC,1000,entrée JAL/prologue précédente → entrée forte suivante,confirmed_by_previous_corpus_heuristic,c245de3b15d3a2f856a6e236a4d69c5766acff6f228956038d3469b0dc13a7ad,1,1,250,11,79,7,74,17,0,1,,BotFlingerArm@1,,,0,,,0.200000003@0x002E6590; 0.150000006@0x002E6598; 0@0x002E17F0; 0.300000012@0x002E6594,2.38e-07; 0.00994873; 0.149414062; 1,0x0000E340; 0x000708F4; 0x0012B248; 0x0012B2C8; 0x0012B368; 0x001BB9E4; 0x001CB4C8; MOBY_BlendMobyAnim,,WF-026
6af8e220a397c04d359bbc2bbe9a89e9197b54387526b8c510a86ee3a1605bfe,LEVEL_02,2,Ryllus,0x0012AFAC,0x09264CAC,0x0012B204,600,entrée JAL/prologue précédente → entrée forte suivante,confirmed_by_previous_corpus_heuristic,4c3088b5c71f02488b7a604f658394f26bd42cb2ed2c2eda8b8e8932c483dcbf,1,2,150,6,39,5,56,8,0,1,,BotFlingerArm@1,,,0,,,0.200000003@0x002E6590; 0.150000006@0x002E6598,0.00994873; 1,0x0000E340; 0x0012B248; 0x0012B2C8; 0x001BB9E4,,WF-025
c0ffc4e653d8c76f01330bccf80a7737e135d62765deee198206dba261af0bee,LEVEL_02,2,Ryllus,0x0012B824,0x09265524,0x0012BAFC,728,entrée JAL/prologue précédente → entrée forte suivante,confirmed_by_previous_corpus_heuristic,3927a40fc177878a458e679251b2fe456955cffc6665701a5c5e53d4b80e8543,1,1,182,6,26,2,82,9,0,1,,Boulder@1,,,0,,,0.266666681@0x002E66AC; 0.13333334@0x002E66A8; 0.100000001@0x002E66B8; 1.31299996@0x002E66D0; 2@0x002E66BC; 0.209439531@0x002E66B4; 0.104719765@0x002E66B0,2.38e-07; 0.19921875; 1,0x0000E340; 0x0000F014; 0x000FA17C; 0x000FA6A4; 0x001BB9E4,,WF-057
d5ec0eaa0354ff5ec367853f11f4eeff9ca4b9752f268240f932af2fc35b3125,LEVEL_02,2,Ryllus,0x0013B798,0x09275498,0x0013BF08,1904,entrée JAL/prologue précédente → entrée forte suivante,confirmed_by_previous_corpus_heuristic,4f0be5e4500e7c92473e671ffd6c56505425c9b47a3403685ab42b9849a659e0,1,0,476,18,29,10,57,48,0,1,CrankedObject,CrankedObject@0,,,0,,,,1; 8,0x0000E340; 0x000358DC; 0x000723EC; 0x0007255C; 0x000730AC; 0x0008549C; 0x000906BC; 0x000E2F00; 0x0013B214; MOBY_DestroyMoby,,WF-031
0cc3fcc022b39f3cc2f826294ce473579c61d7f28afeefb85368be5b2f12587e,LEVEL_02,2,Ryllus,0x00141D1C,0x0927BA1C,0x001420CC,944,entrée JAL/prologue précédente → entrée forte suivante,confirmed_by_previous_corpus_heuristic,3436dfcf6c5456cced05b562f637c28b094d66f65766519d498e36f7c7946179,1,1,236,13,22,3,71,15,0,1,,Dart@1,,,0,,,60@0x002E98C8; 0.200000003@0x002E98B8; 0.333333343@0x002E98C4; 3@0x002E98B4; 1@0x002E98DC,1,0x0000E340; 0x0001C1B4; 0x000357C4; 0x000723EC; 0x000F1C44; 0x00142318; 0x00142444; 0x001424C0; 0x0014255C; MOBY_DestroyMoby,,WF-043
b40e7b1541eefa240141d102f0a04e7209f1266b3b63f4d479c44bd5e1927de5,LEVEL_02,2,Ryllus,0x00165740,0x0929F440,0x00165A2C,748,entrée JAL/prologue précédente → entrée forte suivante,confirmed_by_previous_corpus_heuristic,a17c8cecbb7d59f5230c456a36b50c53c1b7173bfc53985fdfd1bbed305d0041,1,2,187,5,19,4,23,13,1,1,,Level02Column@1,,,0,,,0.725000024@0x002ED62C; 0.200000003@0x002ED630,9.954e-06; 0.00994873; 8,0x0000E340; 0x000730AC; 0x000906BC; 0x00165CE4; 0x00165D4C,,WF-055
8c9a2dabed0ee86e5c778f78774f6009de1bc6a722c9199b194845f080dd8066,LEVEL_02,2,Ryllus,0x00166100,0x0929FE00,0x00166BA0,2720,entrée JAL/prologue précédente → entrée forte suivante,confirmed_by_previous_corpus_heuristic,64ff6f4b0c2dbd7952e68edda6f8e81f234d2500c91850410a9a56e11651fba1,3,0,680,19,77,11,134,59,0,1,Level02ExpandableBridge,Level02ExpandableBridge@0,,,0,,,0.0333333351@0x002ED7B0; 0.100000001@0x002ED7B8; 0.200000003@0x002ED7BC; 10000@0x002ED7C0; 0.0166666675@0x002ED7B4; 0.246000007@0x002ED7C4,8,0x0000E340; 0x00022FD0; 0x000730AC; 0x000906BC; 0x0016609C; 0x001660C4; 0x001660CC,,WF-037
683068b7ae4dec808f708a88f7afdb08b5cb4d9eaf0cbd57bce3ad8887c75832,LEVEL_02,2,Ryllus,0x0016F880,0x092A9580,0x0016FBB8,824,entrée JAL/prologue précédente → entrée forte suivante,confirmed_by_previous_corpus_heuristic,9603b45907a1798d35a1fc48ea459a429f7a7dd7c86dda027f5c6974567535b2,1,0,206,7,10,6,25,23,2,1,MovedObject,MovedObject@0,,,0,,,,8,0x0000E340; 0x00022F04; 0x000723EC; 0x0007255C; 0x000730AC; 0x000906BC; MOBY_DestroyMoby,,WF-053
cda1f243ed3cc3baced794eea6410c47c7b121cbcf47c828c979d88435d7b6b7,LEVEL_02,2,Ryllus,0x001754AC,0x092AF1AC,0x0017590C,1120,entrée JAL/prologue précédente → entrée forte suivante,confirmed_by_previous_corpus_heuristic,a162c180b97766c8e013c1cc4762de9583fee09029f080cc935289c33e2e9a99,1,1,280,10,54,4,110,10,0,2,,Polarizer@1,,,0,,,20@0x002EF1F4,2.38e-07; 0.099609375; 1,0x0000E340; 0x0001A348; 0x000FA17C; 0x000FDE94; 0x00174738; 0x00174954; 0x001BB9E4,,WF-006
4f3d3c79217e7c044187dd74de1846b5567bcf0b2fc562ada0faa98f6b3aac18,LEVEL_02,2,Ryllus,0x001A60F0,0x092DFDF0,0x001A62FC,524,entrée JAL/prologue précédente → entrée forte suivante,confirmed_by_previous_corpus_heuristic,15e3b3f74ee4e882fe744fb31ab81a740ea05f4f014255975c6da960df284c68,1,2,131,6,5,0,16,15,0,1,,MutantCow@2; MutantMadCow@2; AgentOfDoom@3,,,0,,,0.0111111123@0x002F29C0,,0x0000E340; 0x000FA7C8; 0x001A6390; 0x001A65D8; 0x001A6C68; 0x001A748C,,WF-012
ef8ce773c105cac024df4f5419052a7e0f7839ec6fc98bfb101f0c2adf2ff27d,LEVEL_02,2,Ryllus,0x001A6844,0x092E0544,0x001A6A30,492,entrée JAL/prologue précédente → entrée forte suivante,confirmed_by_previous_corpus_heuristic,d7a1cb82119982cad7ad12afce039da3c738f35b40843bca7313974d08ef3619,2,2,123,4,46,2,31,3,0,1,,AgentOfDoom@3,,,0,,,,2.38e-07; 1,0x0000E340; 0x000FA7C8; 0x001BB9E4,,WF-011
0de1954f42fe210579d79a0be5f187d13dfc24a29256ecfea2cd306b3a6c1546,LEVEL_03,3,Kalidon,0x0000E598,0x09148298,0x0000E628,144,entrée JAL/prologue précédente → entrée forte suivante,confirmed_by_previous_corpus_heuristic,b15c21ba77af087041f54499d4f786ae964384dc62d8535ce630d7b882836992,3,8,36,3,0,0,12,0,0,1,,RatchetShipAnimation@2; ExplosiveBee@3; Skyboarder01@3,,,0,,,,,0x0000E380,,WF-005
79a53dd581d4d0841d3dba3fd01f10e49941c5aef283405a13b839bf117a9831,LEVEL_03,3,Kalidon,0x0000E80C,0x0914850C,0x0000E908,252,entrée JAL/prologue précédente → entrée forte suivante,confirmed_by_previous_corpus_heuristic,c433fb62553f43aa247249c01d88a1e4be80155cfc662ad06fe48aeb43c27d78,2,21,63,3,12,1,21,2,0,1,,Drone01@1; Mungo@1; MungoDrone@1; TMRobotHead@1; TMRobotTorsoA@1; FactoryInspector@2; FactoryWorker@2,,,0,,,,2.38e-07; 1,0x0000E380; 0x001BA680,,WF-013
80d909ccea185b2b92de4eaeda906b378de28efe8a0015d6d7c6ef3382388145,LEVEL_03,3,Kalidon,0x00010B28,0x0914A828,0x00010E5C,820,entrée JAL/prologue précédente → entrée forte suivante,confirmed_by_previous_corpus_heuristic,010d5801cca080c4a5c039647d3f406a79ee8cecc1764cdcbfca9c50d52fd1f7,1,3,205,4,58,4,61,7,0,1,,RatchetShipAnimation@2,,,0,,,0@0x002DE900,2.38e-07; 9.9659e-05; 1,0x0000E380; 0x0000E598; 0x0000F2A8; 0x000F324C,,WF-015
04dfbfd0e8658f0836f0e5363b70ea615481b1beeaceecab7571875f452a1101,LEVEL_03,3,Kalidon,0x00028DCC,0x09162ACC,0x00028F2C,352,entrée JAL/prologue précédente → entrée forte suivante,confirmed_by_previous_corpus_heuristic,0f8c862140d79a4a7fef2461086ce14efeed3a144923beadddf29e62ef6960ba,3,2,88,4,17,4,23,6,0,1,,Drone01@2; Mungo@2; TMRobotHead@2; TMRobotTorsoA@2,,,0,,,0.0333333351@0x002C443C; 0.150000006@0x002C4434; 1@0x002C4438,,0x0000E380; 0x001CA164,,WF-014
24a2ff0a1557a72e167a4c96b6f9c801d44d4cba5af921ba5669a4084a8edf49,LEVEL_03,3,Kalidon,0x00048718,0x09182418,0x00048AB0,920,entrée JAL/prologue précédente → entrée forte suivante,confirmed_by_previous_corpus_heuristic,5f8e71e3b828c450c1290be991bf4e8f9861675cc18d71918c8541237a5d8da5,1,10,230,6,70,8,80,13,0,1,,,,,0,,,,2.38e-07; 9.9659e-05; 0.000999451; 0.016967773; 0.099609375; 0.298828125; 1; 1.5703125; 3.109375,0x0000E380; 0x0000E400; 0x000F2AB8; 0x000F3E3C; 0x001B95F4,,WF-002
2f3e3c8d94815007925ad67e5ba4c86300ecf57cf262105869a43d99ee6ad1fb,LEVEL_03,3,Kalidon,0x00048AB0,0x091827B0,0x0004948C,2524,entrée JAL/prologue précédente → entrée forte suivante,confirmed_by_previous_corpus_heuristic,2e613bd354caaddaedd25cfa26060bf36515a4d5489ddea1fee3b574a0bab353,3,1,631,52,96,14,122,53,2,1,,,,,0,,,0.100000001@0x002C4E80; 1.5@0x002C4E84; 0.0799999982@0x002C4650; -0.00300000003@0x002C4E50,2.38e-07; 0.033203125; 0.125; 0.149414062; 0.19921875; 0.33203125; 0.3984375; 0.5; 0.6640625; 0.83203125; 1; 1.5,0x0000E380; 0x00031420; 0x00034640; 0x00034690; 0x0004071C; 0x000475D8; 0x00047924; 0x00047A50; 0x00047E84; 0x00047F74; 0x00048110; 0x00048150; 0x000481B0; 0x00048718; 0x0005A75C; 0x0005A8E0; 0x0005A92C; 0x0005ADB8; 0x0006A590; 0x0006AA64; 0x00075FD8; 0x001467C8; MOBY_SnapMobyAnim,,WF-001
a0c9f2348b17b34ae20cd986946e9986592765755ff8bc44e8d82a6df56c3b27,LEVEL_03,3,Kalidon,0x0004CA50,0x09186750,0x0004DB04,4276,entrée JAL/prologue précédente → entrée forte suivante,confirmed_by_previous_corpus_heuristic,48e46b3e9d50ce35b3533d2dc50861e1380ee0357bb998ea1783b05aa5bc21ac,1,1,1069,71,126,19,345,58,0,1,,,,,0,,,30.000597@0x002C4EEC; 0.200000003@0x002C4EAC; 0.400000006@0x002C4EB0; 0.800000012@0x002C4EB4; 0.100000001@0x002C4EB8; 0.200000003@0x002C4EBC; 0.400000006@0x002C4EC0; 0.0500000007@0x002C4EC4; 0@0x002C4F84; 1@0x002C4EE0; 0@0x002C4F40; 0.800000012@0x002C4F6C; 0.75@0x002C4F44,2.38e-07; 0.00994873; 0.015625; 0.25; 0.3984375; 0.5; -1; 1,0x0000E2B4; 0x0000E318; 0x0000E380; 0x0002F328; 0x0003201C; 0x00032EF0; 0x00032F1C; 0x00034640; 0x00034690; 0x0003470C; 0x000400FC; 0x00040AFC; 0x0004948C; 0x000497A0; 0x0004A73C; 0x0004B0A8; 0x0004B2C8; 0x0004B498; 0x0004B684; 0x0006A590; 0x0006A5B8; 0x000F4D80; 0x00141D04; 0x00141D8C; 0x001431A8; 0x001431E0; 0x00176D30; 0x001B95F4; MOBY_BlendMobyAnim; ht_grindlock_switches,,WF-003
a50a4422a2a0366826d4c2c0aae73049d3e6d44c93e876dda92de2c52118f000,LEVEL_03,3,Kalidon,0x00054E4C,0x0918EB4C,0x00054F48,252,entrée JAL/prologue précédente → entrée forte suivante,confirmed_by_previous_corpus_heuristic,73382ebdcb0540f5efafe7f168a7aa6170ab0eaccb0f545a6a1caae7aa37d4bc,1,1,63,7,2,0,7,3,0,1,,,,,0,,,0.400000006@0x002C52E0; 0.300000012@0x002C52E4; 0.100000001@0x002C52E8,1.5,0x0000E380; 0x000324C8; 0x00047AD4; 0x0005496C; 0x000550F8; 0x00055508; 0x000A5BF0,,WF-004
8a86ad12960405935ae334206b60801183e4e8e77418955f63d6f096a15c82de,LEVEL_03,3,Kalidon,0x0010993C,0x0924363C,0x00109B58,540,entrée JAL/prologue précédente → entrée forte suivante,confirmed_by_previous_corpus_heuristic,b0f621e501fd3203f95868fc62daf2e9d372d41173ea2b415febeeb6e1e70d01,2,1,135,7,33,3,38,7,0,1,,AgentOfDoom@2,,,0,,,0.200000003@0x002E1604; 0@0x002DE900,2.38e-07; 1,0x0000E380; 0x00108CA4; 0x0010B218; 0x0010C7EC; 0x001BA680,,WF-008
968668ccd5198515cf25c2815fcfb186538f5bdd3b910ae8321fe3dde32303e0,LEVEL_03,3,Kalidon,0x00109B58,0x09243858,0x00109E20,712,entrée JAL/prologue précédente → entrée forte suivante,confirmed_by_previous_corpus_heuristic,a006da2b08c07e4c098a3602bca28eb61367bdae9690f8b73b0c0f1f3431dd8f,2,1,178,7,38,4,44,14,0,1,,AgentOfDoom@2,,,0,,,0.200000003@0x002E1604; 0@0x002DE900; 60@0x002E14B0,2.38e-07; 1,0x0000E380; 0x0010A784; 0x0010B218; 0x0010C7EC; 0x001BA680,,WF-009
b07e66b93323e492431512dbd5e2654d2c18c232cad02595682cefe1704d88b8,LEVEL_03,3,Kalidon,0x00109E20,0x09243B20,0x0010A138,792,entrée JAL/prologue précédente → entrée forte suivante,confirmed_by_previous_corpus_heuristic,3bc0468732edd83226e6fc34d1ed2b502c87ccde1f864b6a04ed639f35e561e6,3,1,198,7,54,2,76,5,0,1,,AgentOfDoom@2,,,0,,,0.0199999996@0x002E15F8; 0.76666671@0x002E1498; 0.200000003@0x002E1604; 0@0x002DE900; 0.214570001@0x002E14A8; 0.5@0x002E14A4,2.38e-07; 1,0x0000E380; 0x00019D38; 0x0010A784; 0x0010B218; 0x001BA680,,WF-007
b17654bd924dce7abe0f266c545c41586d38f478330125bbd1dd2d5edeb62a1b,LEVEL_03,3,Kalidon,0x0010C7EC,0x092464EC,0x0010CD8C,1440,entrée JAL/prologue précédente → entrée forte suivante,confirmed_by_previous_corpus_heuristic,faf55e94f4c82e84171361bdde35bc3dfcc50233326dbb2a4ba50c8cb5fdedb2,2,2,360,13,58,10,87,18,0,3,,AgentOfDoom@3,,,0,,,3@0x002E149C; 0.0199999996@0x002E15F8; 0.76666671@0x002E1498; 0.300000012@0x002E14A0; 0.214570001@0x002E14A8; 0.5@0x002E14A4,0.099609375; 0.149414062; 1; 2; 3.140625; 8,0x0000E380; 0x00010E5C; 0x000196A4; 0x00019D38; 0x0006CE00; 0x0008A530; 0x0010A21C; 0x001B94E4; 0x001B960C; 0x001C20C8,,WF-010
0645f7b05606ef3a65fb05c30cb28b136525070194503caf482f455e63e6112b,LEVEL_03,3,Kalidon,0x00145EE0,0x0927FBE0,0x00146724,2116,entrée JAL/prologue précédente → entrée forte suivante,confirmed_by_previous_corpus_heuristic,187281fb53184cdc76abfd31a66027291ac1e98f895f47d745589c17210fade8,2,0,529,15,48,7,83,46,2,1,HutDoor,HutDoor@0,,,0,,,0.100000001@0x002E7504,9.954e-06; 8,0x0000E380; 0x00017134; 0x0006C0B0; 0x0006CE00; 0x000718DC; 0x0008A480; 0x0008A5D0,,WF-016
20d6c6dc8021189eab580813fd65191e905d12e859c653f6b1d4ec833d88277e,LEVEL_03,3,Kalidon,0x00158A18,0x09292718,0x0015B420,10760,entrée JAL/prologue précédente → entrée forte suivante,recovered_large_function_owner_distance_0x20D4,a1e33627e4d97a629a30372127b4082242a44f486b6a0707a24891c68677110d,1,0,2690,114,452,45,660,192,14,2,Lvl3Platform,Lvl3Platform@0,,,0,,,0.100000001@0x002EA1D0; 0@0x002EA1C8; 0.0166666675@0x002EA1CC; 46.8240013@0x002EA1BC; 10@0x002EA1C4; 0@0x002DE900; 0.13333334@0x002EA130; 1.75@0x002EA144; 0.0333333351@0x002EA134; 0.13333334@0x002EA138; 0.400000036@0x002EA140; -76@0x002EA17C; -76@0x002EA184; -90@0x002EA188; 8.5@0x002EA148; -84@0x002EA1A8,-0; 2.38e-07; 9.9659e-05; 0.049804688; 0.099609375; 0.19921875; -0.219726562; 0.298828125; 0.5; 0.75; 0.99609375; -1; 1; 1.328125; -2; 2; 3; -3.140625; 3.140625; 5; 6.28125; 8; 9.5625; -10,"0x00000CA4; 0x00000D60; 0x000011AC; 0x00002570; 0x00002618; 0x00002624; 0x0000289C; 0x000028F4; 0x000029B4; 0x00002A24; 0x00002AD0; 0x00002AF4; 0x00002B18; 0x00002B38; 0x00002C54; 0x0000E380; 0x00021A68; 0x0002FB54; 0x0002FFF4; 0x00033DBC; 0x0005AA58; 0x00061068; 0x0006C0B0; 0x0006C220; 0x0006CE00; 0x000718DC; 0x00075240; 0x00075358; 0x0007FF3C; 0x0008A530; 0x0008A7A4; 0x000A48D8; 0x000C5838; 0x000C5D1C; 0x000C6408; 0x000C7818; 0x000E5CD4; 0x001535AC; 0x0015362C; 0x001536A4; 0x00157B54; 0x00157BB0; 0x00157C24; 0x00158028; 0x0015E0E0; 0x0015E158; 0x0017153C; 0x001B94E4; 0x001B960C; 0x001BA160; 0x001BA4E8; 0x001C20C8; LOCDBAS_BADFORMAT, UNDEF_BAD; Lvl3PlatformShrapnel_Spawn; ShrapnelGeneric_Spawn; mt_continue_point",,WF-044
d3bd08bb3703acb919775ecd19683fbc9203a3192fa4d6baddfaeb3b6acd6a7b,LEVEL_03,3,Kalidon,0x0016AE04,0x092A4B04,0x0016C32C,5416,entrée JAL/prologue précédente → entrée forte suivante,confirmed_by_previous_corpus_heuristic,c7f96dc5169b22378028fafe0629abddf0c8c34cc1bfcf58860cf7be9cdd7d39,1,0,1354,42,354,23,494,63,2,1,MungoDrone,MungoDrone@0,,,0,,,1.25@0x002EBD40; 0.200000003@0x002EBCC0; 0@0x002DE8E0; 1@0x002EBCD4; 16@0x002EBCE0; 0.00499999989@0x002EBCD8; 1.66666675@0x002EBCE4; 0@0x002EBCF0; 0.200000003@0x002EBCEC; 0.400000006@0x002EBCE8; 2.25@0x002EBD44; 0@0x002DE900; 2@0x002EBCF4; 20@0x002EBCF8; 29@0x002EBCFC,2.38e-07; 0.033203125; 0.049804688; 0.06640625; 0.099609375; 0.125; 0.149414062; 0.28125; 0.298828125; 0.33203125; -0.38671875; 0.48828125; 0.5; 0.54296875; -0.5859375; 0.91796875; 1; 1.09375; 1.5; 3.140625; 36,0x0000E2B4; 0x0000E380; 0x0000E80C; 0x0001475C; 0x000689EC; 0x00069E44; 0x0006A590; 0x0006A5B8; 0x000718DC; 0x000F30E4; 0x000F39F4; 0x000F6C78; 0x0012D2D8; 0x0016A1E0; 0x0016C32C; 0x001BA680; 0x001C20C8; 0x001CA2A0; MOBY_BlendMobyAnim,,WF-058
cda1f243ed3cc3baced794eea6410c47c7b121cbcf47c828c979d88435d7b6b7,LEVEL_03,3,Kalidon,0x00173808,0x092AD508,0x00173C68,1120,entrée JAL/prologue précédente → entrée forte suivante,confirmed_by_previous_corpus_heuristic,a162c180b97766c8e013c1cc4762de9583fee09029f080cc935289c33e2e9a99,1,1,280,10,54,4,110,10,0,2,,Polarizer@1,,,0,,,20@0x002EC66C,2.38e-07; 0.099609375; 1,0x0000E380; 0x00019D38; 0x000F30E4; 0x000F6C78; 0x00172A94; 0x00172CB0; 0x001BA680,,WF-006
2c961f864eab9cbbc8f812799ed3dd9b2c8c46d60f6b6add12d96ae57252139c,LEVEL_03,3,Kalidon,0x00185B3C,0x092BF83C,0x00185EB8,892,entrée JAL/prologue précédente → entrée forte suivante,confirmed_by_previous_corpus_heuristic,073e63118b70b8d0cc58d2602614d0938ef5849a2e775d0b0c0fd0d16c7801d1,1,2,223,3,57,5,81,19,0,1,,Skyboarder01@2,,,0,,,0@0x002DE8D4; 0.0888888985@0x002EDED0; 0.0666666701@0x002EDED4,2.38e-07; 9.954e-06; 0.049804688; 0.19921875; 1; 9984,0x0000E380; 0x00185AB0; 0x001BA680,,WF-024
4f3d3c79217e7c044187dd74de1846b5567bcf0b2fc562ada0faa98f6b3aac18,LEVEL_03,3,Kalidon,0x001A19D0,0x092DB6D0,0x001A1BDC,524,entrée JAL/prologue précédente → entrée forte suivante,confirmed_by_previous_corpus_heuristic,15e3b3f74ee4e882fe744fb31ab81a740ea05f4f014255975c6da960df284c68,1,2,131,6,5,0,16,15,0,1,,MutantCow@2; MutantMadCow@2; AgentOfDoom@3,,,0,,,0.0111111123@0x002EFAF0,,0x0000E380; 0x000F3730; 0x001A1C70; 0x001A1EB8; 0x001A2548; 0x001A2D6C,,WF-012
ef8ce773c105cac024df4f5419052a7e0f7839ec6fc98bfb101f0c2adf2ff27d,LEVEL_03,3,Kalidon,0x001A2124,0x092DBE24,0x001A2310,492,entrée JAL/prologue précédente → entrée forte suivante,confirmed_by_previous_corpus_heuristic,d7a1cb82119982cad7ad12afce039da3c738f35b40843bca7313974d08ef3619,2,2,123,4,46,2,31,3,0,1,,AgentOfDoom@3,,,0,,,,2.38e-07; 1,0x0000E380; 0x000F3730; 0x001BA680,,WF-011
0de1954f42fe210579d79a0be5f187d13dfc24a29256ecfea2cd306b3a6c1546,LEVEL_04,4,Metalis,0x0000E2EC,0x09147FEC,0x0000E37C,144,entrée JAL/prologue précédente → entrée forte suivante,confirmed_by_previous_corpus_heuristic,b15c21ba77af087041f54499d4f786ae964384dc62d8535ce630d7b882836992,3,7,36,3,0,0,12,0,0,1,,RatchetShipAnimation@2; TMRobotHeadB@2; ExplosiveBee@3,,,0,,,,,0x0000E154,,WF-005
79a53dd581d4d0841d3dba3fd01f10e49941c5aef283405a13b839bf117a9831,LEVEL_04,4,Metalis,0x0000E560,0x09148260,0x0000E65C,252,entrée JAL/prologue précédente → entrée forte suivante,confirmed_by_previous_corpus_heuristic,c433fb62553f43aa247249c01d88a1e4be80155cfc662ad06fe48aeb43c27d78,2,13,63,3,12,1,21,2,0,1,,TMRobotHeadB@1; TMRobotTorsoB@1; VehicleMissile@1; ClankBotFlingerVehicle@2; EnemyBotFlingerVehicle@2,,,0,,,,2.38e-07; 1,0x0000E154; 0x001B9C84,,WF-013
80d909ccea185b2b92de4eaeda906b378de28efe8a0015d6d7c6ef3382388145,LEVEL_04,4,Metalis,0x00010984,0x0914A684,0x00010CB8,820,entrée JAL/prologue précédente → entrée forte suivante,confirmed_by_previous_corpus_heuristic,010d5801cca080c4a5c039647d3f406a79ee8cecc1764cdcbfca9c50d52fd1f7,1,3,205,4,58,4,61,7,0,1,,RatchetShipAnimation@2,,,0,,,0@0x002DD128,2.38e-07; 9.9659e-05; 1,0x0000E154; 0x0000E2EC; 0x0000F294; 0x000FBCA0,,WF-015
04dfbfd0e8658f0836f0e5363b70ea615481b1beeaceecab7571875f452a1101,LEVEL_04,4,Metalis,0x00028A10,0x09162710,0x00028B70,352,entrée JAL/prologue précédente → entrée forte suivante,confirmed_by_previous_corpus_heuristic,0f8c862140d79a4a7fef2461086ce14efeed3a144923beadddf29e62ef6960ba,3,2,88,4,17,4,23,6,0,1,,TMRobotHeadB@2; TMRobotTorsoB@2,,,0,,,0.0333333351@0x002C293C; 0.150000006@0x002C2934; 1@0x002C2938,,0x0000E154; 0x001C92FC,,WF-014
115f00033622306dcf867e183c9f6642f2f63811e567592db1eae411468321d7,LEVEL_04,4,Metalis,0x0002B91C,0x0916561C,0x0002B998,124,entrée JAL/prologue précédente → entrée forte suivante,confirmed_by_previous_corpus_heuristic,69f79be3ab26f180fa729a66389a64a937f1e6a07631477a6369b33b656ef929,1,2,31,3,2,0,5,0,0,1,,ClankBotFlingerVehicle@2; ClankElectroTorso@2; ClankRamTorso@2; ClankSawTorso@2; EnemyBotFlingerVehicle@2; EnemyElectroTorso@2; EnemyRamTorso@2; EnemySawTorso@2; SmasherBot@2,,,0,,,,,0x0000E154; 0x000FBB60; 0x000FFAD8,,WF-029
fb5992a0070a91b0201d54bc93235211348c068f2727e605352e5b4579aeafc4,LEVEL_04,4,Metalis,0x0002DA40,0x09167740,0x0002DD70,816,entrée JAL/prologue précédente → entrée forte suivante,confirmed_by_previous_corpus_heuristic,b7a257376fd3de94d65909d4e379b426f5aa293c4a7953a7298f702a4a34ce05,2,1,204,6,50,5,75,11,0,1,,Microbot@2,,,0,,,0.100000001@0x002C2E14; 0.0500000007@0x002C2E08; -0.195999995@0x002C2E18; 0@0x002DD128; 0.330000013@0x002C2E1C,2.38e-07; 0.019897461; 1,0x0000E154; 0x000FBB38; 0x000FFAD8,,WF-023
24a2ff0a1557a72e167a4c96b6f9c801d44d4cba5af921ba5669a4084a8edf49,LEVEL_04,4,Metalis,0x0004B750,0x09185450,0x0004BAE8,920,entrée JAL/prologue précédente → entrée forte suivante,confirmed_by_previous_corpus_heuristic,5f8e71e3b828c450c1290be991bf4e8f9861675cc18d71918c8541237a5d8da5,1,10,230,6,70,8,80,13,0,1,,,,,0,,,,2.38e-07; 9.9659e-05; 0.000999451; 0.016967773; 0.099609375; 0.298828125; 1; 1.5703125; 3.109375,0x0000E154; 0x0000E1D4; 0x000FB50C; 0x000FCAD8; 0x001B8DB4,,WF-002
2f3e3c8d94815007925ad67e5ba4c86300ecf57cf262105869a43d99ee6ad1fb,LEVEL_04,4,Metalis,0x0004BAE8,0x091857E8,0x0004C4C4,2524,entrée JAL/prologue précédente → entrée forte suivante,confirmed_by_previous_corpus_heuristic,2e613bd354caaddaedd25cfa26060bf36515a4d5489ddea1fee3b574a0bab353,3,1,631,52,96,14,122,53,2,1,,,,,0,,,0.100000001@0x002C37D0; 1.5@0x002C37D4; 0.0799999982@0x002C2FA0; -0.00300000003@0x002C37A0,2.38e-07; 0.033203125; 0.125; 0.149414062; 0.19921875; 0.33203125; 0.3984375; 0.5; 0.6640625; 0.83203125; 1; 1.5,0x0000E154; 0x0003429C; 0x000374BC; 0x0003750C; 0x00043754; 0x0004A610; 0x0004A95C; 0x0004AA88; 0x0004AEBC; 0x0004AFAC; 0x0004B148; 0x0004B188; 0x0004B1E8; 0x0004B750; 0x0005D31C; 0x0005D4A0; 0x0005D4EC; 0x0005D978; 0x0006D828; 0x0006DCFC; 0x000790D4; 0x0014C640; MOBY_SnapMobyAnim,,WF-001
a0c9f2348b17b34ae20cd986946e9986592765755ff8bc44e8d82a6df56c3b27,LEVEL_04,4,Metalis,0x0004F600,0x09189300,0x000506B4,4276,entrée JAL/prologue précédente → entrée forte suivante,confirmed_by_previous_corpus_heuristic,48e46b3e9d50ce35b3533d2dc50861e1380ee0357bb998ea1783b05aa5bc21ac,1,1,1069,71,126,19,345,58,0,1,,,,,0,,,30.000597@0x002C383C; 0.200000003@0x002C37FC; 0.400000006@0x002C3800; 0.800000012@0x002C3804; 0.100000001@0x002C3808; 0.200000003@0x002C380C; 0.400000006@0x002C3810; 0.0500000007@0x002C3814; 0@0x002C38D4; 1@0x002C3830; 0@0x002C3890; 0.800000012@0x002C38BC; 0.75@0x002C3894,2.38e-07; 0.00994873; 0.015625; 0.25; 0.3984375; 0.5; -1; 1,0x0000E088; 0x0000E0EC; 0x0000E154; 0x00032288; 0x00034E98; 0x00035D6C; 0x00035D98; 0x000374BC; 0x0003750C; 0x00037588; 0x00043134; 0x00043B34; 0x0004C4C4; 0x0004C7D8; 0x0004D774; 0x0004E0E0; 0x0004E300; 0x0004E4D0; 0x0004E6BC; 0x0006D828; 0x0006D850; 0x000FDAD8; 0x0010DCF8; 0x0010DD00; 0x0010DD28; 0x0010DD30; 0x0016B978; 0x001B8DB4; MOBY_BlendMobyAnim; ht_grindlock_switches,,WF-003
a50a4422a2a0366826d4c2c0aae73049d3e6d44c93e876dda92de2c52118f000,LEVEL_04,4,Metalis,0x00057A0C,0x0919170C,0x00057B08,252,entrée JAL/prologue précédente → entrée forte suivante,confirmed_by_previous_corpus_heuristic,73382ebdcb0540f5efafe7f168a7aa6170ab0eaccb0f545a6a1caae7aa37d4bc,1,1,63,7,2,0,7,3,0,1,,,,,0,,,0.400000006@0x002C3C30; 0.300000012@0x002C3C34; 0.100000001@0x002C3C38,1.5,0x0000E154; 0x00035344; 0x0004AB0C; 0x0005752C; 0x00057CB8; 0x000580C8; 0x000A9CB4,,WF-004
0ec0cef6f2f6ad0d0161843c3498fd6f948cf213a73f2e1085d897ff4317e3ab,LEVEL_04,4,Metalis,0x000A5D40,0x091DFA40,0x000A5E18,216,entrée JAL/prologue précédente → entrée forte suivante,confirmed_by_previous_corpus_heuristic,0278d32f4495a5056d6cdbf6395c2550b789077cd0b0ccc6363178ad2d388d72,2,6,54,3,9,0,8,2,0,1,,ClankElectroTorso@1; ClankRamTorso@1; ClankSawTorso@1,,,0,,,0.00999999978@0x002CF388; 0.200000003@0x002CF38C,1,0x0000E154; 0x000A5D30,,WF-028
8a86ad12960405935ae334206b60801183e4e8e77418955f63d6f096a15c82de,LEVEL_04,4,Metalis,0x001126E4,0x0924C3E4,0x00112900,540,entrée JAL/prologue précédente → entrée forte suivante,confirmed_by_previous_corpus_heuristic,b0f621e501fd3203f95868fc62daf2e9d372d41173ea2b415febeeb6e1e70d01,2,1,135,7,33,3,38,7,0,1,,AgentOfDoom@2,,,0,,,0.200000003@0x002DFE4C; 0@0x002DD128,2.38e-07; 1,0x0000E154; 0x00111A4C; 0x00113FC0; 0x00115594; 0x001B9C84,,WF-008
968668ccd5198515cf25c2815fcfb186538f5bdd3b910ae8321fe3dde32303e0,LEVEL_04,4,Metalis,0x00112900,0x0924C600,0x00112BC8,712,entrée JAL/prologue précédente → entrée forte suivante,confirmed_by_previous_corpus_heuristic,a006da2b08c07e4c098a3602bca28eb61367bdae9690f8b73b0c0f1f3431dd8f,2,1,178,7,38,4,44,14,0,1,,AgentOfDoom@2,,,0,,,0.200000003@0x002DFE4C; 0@0x002DD128; 60@0x002DFCF8,2.38e-07; 1,0x0000E154; 0x0011352C; 0x00113FC0; 0x00115594; 0x001B9C84,,WF-009
b07e66b93323e492431512dbd5e2654d2c18c232cad02595682cefe1704d88b8,LEVEL_04,4,Metalis,0x00112BC8,0x0924C8C8,0x00112EE0,792,entrée JAL/prologue précédente → entrée forte suivante,confirmed_by_previous_corpus_heuristic,3bc0468732edd83226e6fc34d1ed2b502c87ccde1f864b6a04ed639f35e561e6,3,1,198,7,54,2,76,5,0,1,,AgentOfDoom@2,,,0,,,0.0199999996@0x002DFE40; 0.76666671@0x002DFCE0; 0.200000003@0x002DFE4C; 0@0x002DD128; 0.214570001@0x002DFCF0; 0.5@0x002DFCEC,2.38e-07; 1,0x0000E154; 0x00019BB4; 0x0011352C; 0x00113FC0; 0x001B9C84,,WF-007
b17654bd924dce7abe0f266c545c41586d38f478330125bbd1dd2d5edeb62a1b,LEVEL_04,4,Metalis,0x00115594,0x0924F294,0x00115B34,1440,entrée JAL/prologue précédente → entrée forte suivante,confirmed_by_previous_corpus_heuristic,faf55e94f4c82e84171361bdde35bc3dfcc50233326dbb2a4ba50c8cb5fdedb2,2,2,360,13,58,10,87,18,0,3,,AgentOfDoom@3,,,0,,,3@0x002DFCE4; 0.0199999996@0x002DFE40; 0.76666671@0x002DFCE0; 0.300000012@0x002DFCE8; 0.214570001@0x002DFCF0; 0.5@0x002DFCEC,0.099609375; 0.149414062; 1; 2; 3.140625; 8,0x0000E154; 0x00010CB8; 0x00019520; 0x00019BB4; 0x00070008; 0x0008D5F4; 0x00112FC4; 0x001B8CA4; 0x001B8DCC; 0x001C1260,,WF-010
6b9db198095e448db820c826167fd6d487a30943fcc737a2dd10d6ccaf92d765,LEVEL_04,4,Metalis,0x001294D4,0x092631D4,0x001298BC,1000,entrée JAL/prologue précédente → entrée forte suivante,confirmed_by_previous_corpus_heuristic,c245de3b15d3a2f856a6e236a4d69c5766acff6f228956038d3469b0dc13a7ad,1,1,250,11,79,7,74,17,0,1,,BotFlingerArm@1,,,0,,,0.200000003@0x002E1BA0; 0.150000006@0x002E1BA8; 0@0x002DD128; 0.300000012@0x002E1BA4,2.38e-07; 0.00994873; 0.149414062; 1,0x0000E154; 0x0006D850; 0x00129B58; 0x00129BD8; 0x00129C78; 0x001B9C84; 0x001C92FC; MOBY_BlendMobyAnim,,WF-026
6af8e220a397c04d359bbc2bbe9a89e9197b54387526b8c510a86ee3a1605bfe,LEVEL_04,4,Metalis,0x001298BC,0x092635BC,0x00129B14,600,entrée JAL/prologue précédente → entrée forte suivante,confirmed_by_previous_corpus_heuristic,4c3088b5c71f02488b7a604f658394f26bd42cb2ed2c2eda8b8e8932c483dcbf,1,2,150,6,39,5,56,8,0,1,,BotFlingerArm@1,,,0,,,0.200000003@0x002E1BA0; 0.150000006@0x002E1BA8,0.00994873; 1,0x0000E154; 0x00129B58; 0x00129BD8; 0x001B9C84,,WF-025
cda1f243ed3cc3baced794eea6410c47c7b121cbcf47c828c979d88435d7b6b7,LEVEL_04,4,Metalis,0x0016871C,0x092A241C,0x00168B7C,1120,entrée JAL/prologue précédente → entrée forte suivante,confirmed_by_previous_corpus_heuristic,a162c180b97766c8e013c1cc4762de9583fee09029f080cc935289c33e2e9a99,1,1,280,10,54,4,110,10,0,2,,Polarizer@1,,,0,,,20@0x002E87EC,2.38e-07; 0.099609375; 1,0x0000E154; 0x00019BB4; 0x000FBB38; 0x000FFAD8; 0x001679A8; 0x00167BC4; 0x001B9C84,,WF-006
9902f5329d512e1bc1b78c27411c23309a4823f4df8d8669844c51eecb9a9eb1,LEVEL_04,4,Metalis,0x0018BFE8,0x092C5CE8,0x0018D0E4,4348,entrée JAL/prologue précédente → entrée forte suivante,confirmed_by_previous_corpus_heuristic,03b3f19cbe318ba53e1a737e3373d1b7bc3c2e5e3900bb51d4a71713fb153a14,1,0,1087,86,114,12,171,98,0,1,TMRobotHeadB,TMRobotHeadB@0,TMRobotHeadB_Update,c:/Hig/Projects/Rcp1/Code/MOBYS/TMRobotHeadB/TMRobotHeadB.cpp,0,,,0@0x002DD128; 0.5@0x002EB7FC; 0.0111111123@0x002EB814; 0.0199999996@0x002EB7A4; 0.100000001@0x002EB7D0; 0.5@0x002EB7DC; 2@0x002EB7D4; 0.200000003@0x002C292C; 1@0x002EB7F8; 0@0x002EB7E4; 0.999000013@0x002EB7F0,2.38e-07; 0.033203125; 0.53125; 0.6640625; 0.75; 1; 2,0x0000E154; 0x0000E410; 0x0000E560; 0x0000E65C; 0x0000E800; 0x0000EC94; 0x00014560; 0x000146E4; 0x00022430; 0x00028E34; 0x00029214; 0x000292AC; 0x00029424; 0x000298E4; 0x00029988; 0x0006D828; 0x0006D850; 0x0006DCFC; 0x00074B94; 0x000E92B0; 0x000F2C2C; 0x000F2C58; 0x000FDC3C; 0x0013C05C; 0x0018AA60; 0x0018AB90; 0x0018AD54; 0x0018AE18; 0x0018AF4C; 0x0018D0E4; 0x0018E41C; 0x0018E490; 0x001A09BC; MOBY_DestroyMoby; MOBY_SnapMobyAnim,,WF-030
4f3d3c79217e7c044187dd74de1846b5567bcf0b2fc562ada0faa98f6b3aac18,LEVEL_04,4,Metalis,0x001A0BF4,0x092DA8F4,0x001A0E00,524,entrée JAL/prologue précédente → entrée forte suivante,confirmed_by_previous_corpus_heuristic,15e3b3f74ee4e882fe744fb31ab81a740ea05f4f014255975c6da960df284c68,1,2,131,6,5,0,16,15,0,1,,MutantCow@2; MutantMadCow@2; AgentOfDoom@3,,,0,,,0.0111111123@0x002ECB68,,0x0000E154; 0x000FC3CC; 0x001A0E94; 0x001A10DC; 0x001A176C; 0x001A1F90,,WF-012
ef8ce773c105cac024df4f5419052a7e0f7839ec6fc98bfb101f0c2adf2ff27d,LEVEL_04,4,Metalis,0x001A1348,0x092DB048,0x001A1534,492,entrée JAL/prologue précédente → entrée forte suivante,confirmed_by_previous_corpus_heuristic,d7a1cb82119982cad7ad12afce039da3c738f35b40843bca7313974d08ef3619,2,2,123,4,46,2,31,3,0,1,,AgentOfDoom@3,,,0,,,,2.38e-07; 1,0x0000E154; 0x000FC3CC; 0x001B9C84,,WF-011
0de1954f42fe210579d79a0be5f187d13dfc24a29256ecfea2cd306b3a6c1546,LEVEL_05,5,Dreamtime,0x0000E4F4,0x091481F4,0x0000E584,144,entrée JAL/prologue précédente → entrée forte suivante,confirmed_by_previous_corpus_heuristic,b15c21ba77af087041f54499d4f786ae964384dc62d8535ce630d7b882836992,3,5,36,3,0,0,12,0,0,1,,Lvl05Image@1; ExplosiveBee@3; FlyingHypo@3,,,0,,,,,0x0000E35C,,WF-005
82989a6c4eecfb1fd80f59b58fa5d389533ed73d0be2863bb998cf157d578327,LEVEL_05,5,Dreamtime,0x0000E584,0x09148284,0x0000E5F8,116,entrée JAL/prologue précédente → entrée forte suivante,confirmed_by_previous_corpus_heuristic,fa568b0f45cbf737d1d8d93cf1ca9f0a6b3a7cd72e3d26ac80587f0a5757f1e9,2,2,29,2,0,0,8,0,0,1,,,,,0,,,,,0x0000E35C,,WF-018
79a53dd581d4d0841d3dba3fd01f10e49941c5aef283405a13b839bf117a9831,LEVEL_05,5,Dreamtime,0x0000E7DC,0x091484DC,0x0000E8D8,252,entrée JAL/prologue précédente → entrée forte suivante,confirmed_by_previous_corpus_heuristic,c433fb62553f43aa247249c01d88a1e4be80155cfc662ad06fe48aeb43c27d78,2,2,63,3,12,1,21,2,0,1,,Lvl05Boat@2; QuarkDoctor@2; Sprout@2,,,0,,,,2.38e-07; 1,0x0000E35C; 0x001954B4,,WF-013
752e0b48a9ee282ed55f66baedc8db0a8c289b5a6e9ca07a6da112cd10c178ec,LEVEL_05,5,Dreamtime,0x0000E8D8,0x091485D8,0x0000EA70,408,entrée JAL/prologue précédente → entrée forte suivante,confirmed_by_previous_corpus_heuristic,72fbac12fb1d524883782ca430c6d1f8439ed1e5091a9b6a56deb597892c771a,2,1,102,4,23,3,29,6,0,1,,Sprout@2,,,0,,,-0.699999988@0x00297C58; 0.251327425@0x00297C5C,2.38e-07; 0.00994873; 1,0x0000E35C; 0x000F1184; 0x001954B4,,WF-020
99ba6f21bd2768eaf20675803240b2d25011eaf50751c8660e6d6c0e7df0b24e,LEVEL_05,5,Dreamtime,0x00028870,0x09162570,0x00028D38,1224,entrée JAL/prologue précédente → entrée forte suivante,confirmed_by_previous_corpus_heuristic,350fe5cf581a42392a0e60a20cac15d02da2486e41c4f74400da1b5580420c00,3,4,306,14,54,8,93,20,0,1,,Sprout@1,,,0,,,0.0333333351@0x0029D4CC; 1@0x0029D4D0; 0.400000006@0x0029D4C4,9.954e-06; 1,0x0000E35C; 0x0000E7DC; 0x0000EF28; 0x00028294; 0x000285E4; 0x001954B4; 0x001A4B2C; NavUtil_AvoidTriggers,,WF-017
f8ea386972e1b50a30daf2f7db5ba41bb74d52f776f669f8474fee809046ab70,LEVEL_05,5,Dreamtime,0x0002992C,0x0916362C,0x00029F4C,1568,entrée JAL/prologue précédente → entrée forte suivante,confirmed_by_previous_corpus_heuristic,7b7065aa8d59a5e664b826c3b8f0723006825873e1f39ffcd2beb90b561f2ba8,1,3,392,14,53,6,99,33,0,1,,Sprout@1,,,0,,,0.400000006@0x0029D4EC,9.954e-06; -9.9659e-05; 9.9659e-05; 1,0x0000E35C; 0x0000E8D8; 0x0000F0D4; 0x00029410; 0x00029488; 0x000295B4; 0x00029F4C; 0x001954B4; NavUtil_AvoidTriggers,,WF-022
24a2ff0a1557a72e167a4c96b6f9c801d44d4cba5af921ba5669a4084a8edf49,LEVEL_05,5,Dreamtime,0x00047CD8,0x091819D8,0x00048070,920,entrée JAL/prologue précédente → entrée forte suivante,confirmed_by_previous_corpus_heuristic,5f8e71e3b828c450c1290be991bf4e8f9861675cc18d71918c8541237a5d8da5,1,10,230,6,70,8,80,13,0,1,,,,,0,,,,2.38e-07; 9.9659e-05; 0.000999451; 0.016967773; 0.099609375; 0.298828125; 1; 1.5703125; 3.109375,0x0000E35C; 0x0000E3DC; 0x000F0A80; 0x000F1EE8; 0x001945E4,,WF-002
2f3e3c8d94815007925ad67e5ba4c86300ecf57cf262105869a43d99ee6ad1fb,LEVEL_05,5,Dreamtime,0x00048070,0x09181D70,0x00048A4C,2524,entrée JAL/prologue précédente → entrée forte suivante,confirmed_by_previous_corpus_heuristic,2e613bd354caaddaedd25cfa26060bf36515a4d5489ddea1fee3b574a0bab353,3,1,631,52,96,14,122,53,2,1,,,,,0,,,0.100000001@0x0029DED0; 1.5@0x0029DED4; 0.0799999982@0x0029D6A0; -0.00300000003@0x0029DEA0,2.38e-07; 0.033203125; 0.125; 0.149414062; 0.19921875; 0.33203125; 0.3984375; 0.5; 0.6640625; 0.83203125; 1; 1.5,0x0000E35C; 0x00030BCC; 0x00033E84; 0x00033ED4; 0x0003FCDC; 0x00046B98; 0x00046EE4; 0x00047010; 0x00047444; 0x00047534; 0x000476D0; 0x00047710; 0x00047770; 0x00047CD8; 0x00059888; 0x00059A0C; 0x00059A58; 0x00059EE4; 0x00068980; 0x00068E54; 0x00074DC8; 0x001384E4; MOBY_SnapMobyAnim,,WF-001
a0c9f2348b17b34ae20cd986946e9986592765755ff8bc44e8d82a6df56c3b27,LEVEL_05,5,Dreamtime,0x0004BB88,0x09185888,0x0004CC3C,4276,entrée JAL/prologue précédente → entrée forte suivante,confirmed_by_previous_corpus_heuristic,48e46b3e9d50ce35b3533d2dc50861e1380ee0357bb998ea1783b05aa5bc21ac,1,1,1069,71,126,19,345,58,0,1,,,,,0,,,30.000597@0x0029DF3C; 0.200000003@0x0029DEFC; 0.400000006@0x0029DF00; 0.800000012@0x0029DF04; 0.100000001@0x0029DF08; 0.200000003@0x0029DF0C; 0.400000006@0x0029DF10; 0.0500000007@0x0029DF14; 0@0x0029DFD4; 1@0x0029DF30; 0@0x0029DF90; 0.800000012@0x0029DFBC; 0.75@0x0029DF94,2.38e-07; 0.00994873; 0.015625; 0.25; 0.3984375; 0.5; -1; 1,0x0000E290; 0x0000E2F4; 0x0000E35C; 0x0002EC8C; 0x000317C8; 0x0003269C; 0x000326C8; 0x00033E84; 0x00033ED4; 0x00033F50; 0x0003F6BC; 0x000400BC; 0x00048A4C; 0x00048D60; 0x00049CFC; 0x0004A668; 0x0004A888; 0x0004AA58; 0x0004AC44; 0x00068980; 0x000689A8; 0x000F2D9C; 0x00102A80; 0x00102A88; 0x00102AB0; 0x00102AB8; 0x001616EC; 0x001945E4; MOBY_BlendMobyAnim; ht_grindlock_switches,,WF-003
a50a4422a2a0366826d4c2c0aae73049d3e6d44c93e876dda92de2c52118f000,LEVEL_05,5,Dreamtime,0x00053F78,0x0918DC78,0x00054074,252,entrée JAL/prologue précédente → entrée forte suivante,confirmed_by_previous_corpus_heuristic,73382ebdcb0540f5efafe7f168a7aa6170ab0eaccb0f545a6a1caae7aa37d4bc,1,1,63,7,2,0,7,3,0,1,,,,,0,,,0.400000006@0x0029E330; 0.300000012@0x0029E334; 0.100000001@0x0029E338,1.5,0x0000E35C; 0x00031C74; 0x00047094; 0x00053A98; 0x00054224; 0x00054634; 0x000A4B58,,WF-004
8a86ad12960405935ae334206b60801183e4e8e77418955f63d6f096a15c82de,LEVEL_05,5,Dreamtime,0x0010747C,0x0924117C,0x00107698,540,entrée JAL/prologue précédente → entrée forte suivante,confirmed_by_previous_corpus_heuristic,b0f621e501fd3203f95868fc62daf2e9d372d41173ea2b415febeeb6e1e70d01,2,1,135,7,33,3,38,7,0,1,,AgentOfDoom@2,,,0,,,0.200000003@0x002BA2CC; 0@0x002B76D0,2.38e-07; 1,0x0000E35C; 0x001067E4; 0x00108D58; 0x0010A32C; 0x001954B4,,WF-008
968668ccd5198515cf25c2815fcfb186538f5bdd3b910ae8321fe3dde32303e0,LEVEL_05,5,Dreamtime,0x00107698,0x09241398,0x00107960,712,entrée JAL/prologue précédente → entrée forte suivante,confirmed_by_previous_corpus_heuristic,a006da2b08c07e4c098a3602bca28eb61367bdae9690f8b73b0c0f1f3431dd8f,2,1,178,7,38,4,44,14,0,1,,AgentOfDoom@2,,,0,,,0.200000003@0x002BA2CC; 0@0x002B76D0; 60@0x002BA178,2.38e-07; 1,0x0000E35C; 0x001082C4; 0x00108D58; 0x0010A32C; 0x001954B4,,WF-009
b07e66b93323e492431512dbd5e2654d2c18c232cad02595682cefe1704d88b8,LEVEL_05,5,Dreamtime,0x00107960,0x09241660,0x00107C78,792,entrée JAL/prologue précédente → entrée forte suivante,confirmed_by_previous_corpus_heuristic,3bc0468732edd83226e6fc34d1ed2b502c87ccde1f864b6a04ed639f35e561e6,3,1,198,7,54,2,76,5,0,1,,AgentOfDoom@2,,,0,,,0.0199999996@0x002BA2C0; 0.76666671@0x002BA160; 0.200000003@0x002BA2CC; 0@0x002B76D0; 0.214570001@0x002BA170; 0.5@0x002BA16C,2.38e-07; 1,0x0000E35C; 0x00019260; 0x001082C4; 0x00108D58; 0x001954B4,,WF-007
b17654bd924dce7abe0f266c545c41586d38f478330125bbd1dd2d5edeb62a1b,LEVEL_05,5,Dreamtime,0x0010A32C,0x0924402C,0x0010A8CC,1440,entrée JAL/prologue précédente → entrée forte suivante,confirmed_by_previous_corpus_heuristic,faf55e94f4c82e84171361bdde35bc3dfcc50233326dbb2a4ba50c8cb5fdedb2,2,2,360,13,58,10,87,18,0,3,,AgentOfDoom@3,,,0,,,3@0x002BA164; 0.0199999996@0x002BA2C0; 0.76666671@0x002BA160; 0.300000012@0x002BA168; 0.214570001@0x002BA170; 0.5@0x002BA16C,0.099609375; 0.149414062; 1; 2; 3.140625; 8,0x0000E35C; 0x00010A14; 0x00018BCC; 0x00019260; 0x0006B350; 0x00089210; 0x00107D5C; 0x001944D4; 0x001945FC; 0x0019CA90,,WF-010
543663c4f67a7b1458895453dc1287f2b1a80a65373c0c291eb5cfe71ab20f10,LEVEL_05,5,Dreamtime,0x001338A4,0x0926D5A4,0x00133BF0,844,entrée JAL/prologue précédente → entrée forte suivante,confirmed_by_previous_corpus_heuristic,0fbbeaabaa5613a4b6e4fd4c47f41bd9caba6f251a53ae707c4fd79e72e1bd6b,1,3,211,7,33,4,41,12,0,1,,FlyingHypo@1,,,0,,,0.0199999996@0x002BE2FC; 0.100000001@0x002BE314,9.954e-06; 8,0x0000E35C; 0x0006B350; 0x00089210; 0x00133C44; 0x00133E7C; 0x00177FFC; 0x001954B4,,WF-050
48c3524504537787da8776a92574bfc8ec9a075d454b983643cc737acfb93d30,LEVEL_05,5,Dreamtime,0x00143354,0x0927D054,0x00143634,736,entrée JAL/prologue précédente → entrée forte suivante,confirmed_by_previous_corpus_heuristic,57fd84ded4008079f2e4a366cb79dc1ad88dd0c95e81cd54096bbeb281e62d69,1,0,184,5,36,4,52,9,0,1,Lvl05Berry,Lvl05Berry@0,,,0,,,0.200000003@0x00297C68; 1.50000012@0x002C04A4; 0.52359885@0x002C04B8; 0.0277777798@0x002C04AC; 3@0x002C04A8; 0.25@0x002C04B4,0.033203125; 0.5; 1; 2; -255,0x0000E35C; 0x000F106C; 0x000F49BC; MOBY_DestroyMoby,,WF-048
b78973eea2db01817d93c7539546d186135abd26640f3a89700ba1a705c375ca,LEVEL_05,5,Dreamtime,0x00143D14,0x0927DA14,0x001445DC,2248,entrée JAL/prologue précédente → entrée forte suivante,confirmed_by_previous_corpus_heuristic,8670f7e84d3364fa0baa6b8c87df0994a17d479a3371931294069ab4a600642b,1,0,562,27,58,5,80,62,5,2,Lvl05Boat,Lvl05Boat@0,,,0,,,0.200000003@0x00297C68; 0.200000018@0x002C05D4; 25@0x002C05DC; 1.20000005@0x002C05C8; 1.33700001@0x002C05D8; -0.5@0x002C05E0,2.38e-07; 1; 8; 30,0x00000E7C; 0x00002B18; 0x0000E35C; 0x0000E6F0; 0x0000F80C; 0x00013E48; 0x00064D64; 0x0006B350; 0x000706CC; 0x00089210; 0x000F1470; 0x000F1D1C; 0x000F2340; 0x00143B58; 0x00143C58; MOBY_DestroyMoby,,WF-056
cda1f243ed3cc3baced794eea6410c47c7b121cbcf47c828c979d88435d7b6b7,LEVEL_05,5,Dreamtime,0x0015BB4C,0x0929584C,0x0015BFAC,1120,entrée JAL/prologue précédente → entrée forte suivante,confirmed_by_previous_corpus_heuristic,a162c180b97766c8e013c1cc4762de9583fee09029f080cc935289c33e2e9a99,1,1,280,10,54,4,110,10,0,2,,Polarizer@1,,,0,,,20@0x002C21DC,2.38e-07; 0.099609375; 1,0x0000E35C; 0x00019260; 0x000F106C; 0x000F49BC; 0x0015ADD8; 0x0015AFF4; 0x001954B4,,WF-006
5d54a6ba6887902b05951c6e2acd18585993b61cde7dcbbd896f130f8c09da3a,LEVEL_05,5,Dreamtime,0x0016669C,0x092A039C,0x00166C74,1496,entrée JAL/prologue précédente → entrée forte suivante,confirmed_by_previous_corpus_heuristic,8e920e0087487ce31b4ed6827aa5dc5b3700523302fef681c4020bb72a649a8c,5,0,374,11,107,10,122,24,0,1,SharkagatorFin,SharkagatorFin@0,,,0,,,0.100000001@0x002C3130; 0.5@0x002C314C; 0.121869341@0x002C3150; 0@0x002B76D0; -0.5@0x002C3124; 0.00999999978@0x002C313C; 0.0333333351@0x002C3120; 0.0500000007@0x002C3148; -1@0x002C3128; -0.0500000045@0x002C312C,2.38e-07; 1; 6.28125,0x0000E35C; 0x001945FC; 0x001954B4; 0x0019CA90,,WF-027
4f3d3c79217e7c044187dd74de1846b5567bcf0b2fc562ada0faa98f6b3aac18,LEVEL_05,5,Dreamtime,0x0017F84C,0x092B954C,0x0017FA58,524,entrée JAL/prologue précédente → entrée forte suivante,confirmed_by_previous_corpus_heuristic,15e3b3f74ee4e882fe744fb31ab81a740ea05f4f014255975c6da960df284c68,1,2,131,6,5,0,16,15,0,1,,MutantCow@2; MutantMadCow@2; AgentOfDoom@3,,,0,,,0.0111111123@0x002C4AF8,,0x0000E35C; 0x000F17DC; 0x0017FAEC; 0x0017FD34; 0x001803C4; 0x00180BE8,,WF-012
ef8ce773c105cac024df4f5419052a7e0f7839ec6fc98bfb101f0c2adf2ff27d,LEVEL_05,5,Dreamtime,0x0017FFA0,0x092B9CA0,0x0018018C,492,entrée JAL/prologue précédente → entrée forte suivante,confirmed_by_previous_corpus_heuristic,d7a1cb82119982cad7ad12afce039da3c738f35b40843bca7313974d08ef3619,2,2,123,4,46,2,31,3,0,1,,AgentOfDoom@3,,,0,,,,2.38e-07; 1,0x0000E35C; 0x000F17DC; 0x001954B4,,WF-011
0de1954f42fe210579d79a0be5f187d13dfc24a29256ecfea2cd306b3a6c1546,LEVEL_06,6,Medical Outpost Omega,0x0000E35C,0x0914805C,0x0000E3EC,144,entrée JAL/prologue précédente → entrée forte suivante,confirmed_by_previous_corpus_heuristic,b15c21ba77af087041f54499d4f786ae964384dc62d8535ce630d7b882836992,3,3,36,3,0,0,12,0,0,1,,HeavyTorso01@2; MedicBot@2; ExplosiveBee@3,,,0,,,,,0x0000E1C4,,WF-005
79a53dd581d4d0841d3dba3fd01f10e49941c5aef283405a13b839bf117a9831,LEVEL_06,6,Medical Outpost Omega,0x0000E5D0,0x091482D0,0x0000E6CC,252,entrée JAL/prologue précédente → entrée forte suivante,confirmed_by_previous_corpus_heuristic,c433fb62553f43aa247249c01d88a1e4be80155cfc662ad06fe48aeb43c27d78,2,9,63,3,12,1,21,2,0,1,,TMRobotHeadC@1; BustyNurse@2; MedicBot@2; HeavyTorso01@3,,,0,,,,2.38e-07; 1,0x0000E1C4; 0x0019718C,,WF-013
04dfbfd0e8658f0836f0e5363b70ea615481b1beeaceecab7571875f452a1101,LEVEL_06,6,Medical Outpost Omega,0x00027688,0x09161388,0x000277E8,352,entrée JAL/prologue précédente → entrée forte suivante,confirmed_by_previous_corpus_heuristic,0f8c862140d79a4a7fef2461086ce14efeed3a144923beadddf29e62ef6960ba,3,2,88,4,17,4,23,6,0,1,,BustyNurse@2; HeavyTorso01@2; MedicBot@2; TMRobotHeadC@2,,,0,,,0.0333333351@0x0029FBA4; 0.150000006@0x0029FB9C; 1@0x0029FBA0,,0x0000E1C4; 0x001A6804,,WF-014
24a2ff0a1557a72e167a4c96b6f9c801d44d4cba5af921ba5669a4084a8edf49,LEVEL_06,6,Medical Outpost Omega,0x00046E34,0x09180B34,0x000471CC,920,entrée JAL/prologue précédente → entrée forte suivante,confirmed_by_previous_corpus_heuristic,5f8e71e3b828c450c1290be991bf4e8f9861675cc18d71918c8541237a5d8da5,1,10,230,6,70,8,80,13,0,1,,,,,0,,,,2.38e-07; 9.9659e-05; 0.000999451; 0.016967773; 0.099609375; 0.298828125; 1; 1.5703125; 3.109375,0x0000E1C4; 0x0000E244; 0x000EBF40; 0x000ED2C4; 0x001962BC,,WF-002
2f3e3c8d94815007925ad67e5ba4c86300ecf57cf262105869a43d99ee6ad1fb,LEVEL_06,6,Medical Outpost Omega,0x000471CC,0x09180ECC,0x00047BA8,2524,entrée JAL/prologue précédente → entrée forte suivante,confirmed_by_previous_corpus_heuristic,2e613bd354caaddaedd25cfa26060bf36515a4d5489ddea1fee3b574a0bab353,3,1,631,52,96,14,122,53,2,1,,,,,0,,,0.100000001@0x002A05E8; 1.5@0x002A05EC; 0.0799999982@0x0029FDB8; -0.00300000003@0x002A05B8,2.38e-07; 0.033203125; 0.125; 0.149414062; 0.19921875; 0.33203125; 0.3984375; 0.5; 0.6640625; 0.83203125; 1; 1.5,0x0000E1C4; 0x0002FB78; 0x00032DC8; 0x00032E18; 0x0003EE38; 0x00045CF4; 0x00046040; 0x0004616C; 0x000465A0; 0x00046690; 0x0004682C; 0x0004686C; 0x000468CC; 0x00046E34; 0x00058E6C; 0x00058FF0; 0x0005903C; 0x000594C8; 0x00065930; 0x00065E04; 0x00070650; 0x00139DA4; MOBY_SnapMobyAnim,,WF-001
a0c9f2348b17b34ae20cd986946e9986592765755ff8bc44e8d82a6df56c3b27,LEVEL_06,6,Medical Outpost Omega,0x0004B16C,0x09184E6C,0x0004C220,4276,entrée JAL/prologue précédente → entrée forte suivante,confirmed_by_previous_corpus_heuristic,48e46b3e9d50ce35b3533d2dc50861e1380ee0357bb998ea1783b05aa5bc21ac,1,1,1069,71,126,19,345,58,0,1,,,,,0,,,30.000597@0x002A0654; 0.200000003@0x002A0614; 0.400000006@0x002A0618; 0.800000012@0x002A061C; 0.100000001@0x002A0620; 0.200000003@0x002A0624; 0.400000006@0x002A0628; 0.0500000007@0x002A062C; 0@0x002A06EC; 1@0x002A0648; 0@0x002A06A8; 0.800000012@0x002A06D4; 0.75@0x002A06AC,2.38e-07; 0.00994873; 0.015625; 0.25; 0.3984375; 0.5; -1; 1,0x0000E0F8; 0x0000E15C; 0x0000E1C4; 0x0002DBF4; 0x00030774; 0x00031648; 0x00031674; 0x00032DC8; 0x00032E18; 0x00032E94; 0x0003E818; 0x0003F218; 0x00047BA8; 0x00047EBC; 0x00048E58; 0x000497C4; 0x000499E4; 0x00049BB4; 0x00049DA0; 0x00065930; 0x00065958; 0x000EE178; 0x00132648; 0x001326D0; 0x00133AEC; 0x00133B24; 0x0015B978; 0x001962BC; MOBY_BlendMobyAnim; ht_grindlock_switches,,WF-003
a50a4422a2a0366826d4c2c0aae73049d3e6d44c93e876dda92de2c52118f000,LEVEL_06,6,Medical Outpost Omega,0x0005355C,0x0918D25C,0x00053658,252,entrée JAL/prologue précédente → entrée forte suivante,confirmed_by_previous_corpus_heuristic,73382ebdcb0540f5efafe7f168a7aa6170ab0eaccb0f545a6a1caae7aa37d4bc,1,1,63,7,2,0,7,3,0,1,,,,,0,,,0.400000006@0x002A0A48; 0.300000012@0x002A0A4C; 0.100000001@0x002A0A50,1.5,0x0000E1C4; 0x00030C20; 0x000461F0; 0x0005307C; 0x00053808; 0x00053C18; 0x000A0CD4,,WF-004
8a86ad12960405935ae334206b60801183e4e8e77418955f63d6f096a15c82de,LEVEL_06,6,Medical Outpost Omega,0x00102CF8,0x0923C9F8,0x00102F14,540,entrée JAL/prologue précédente → entrée forte suivante,confirmed_by_previous_corpus_heuristic,b0f621e501fd3203f95868fc62daf2e9d372d41173ea2b415febeeb6e1e70d01,2,1,135,7,33,3,38,7,0,1,,AgentOfDoom@2,,,0,,,0.200000003@0x002BC904; 0@0x002B9CF0,2.38e-07; 1,0x0000E1C4; 0x00102060; 0x001045D4; 0x00105BA8; 0x0019718C,,WF-008
968668ccd5198515cf25c2815fcfb186538f5bdd3b910ae8321fe3dde32303e0,LEVEL_06,6,Medical Outpost Omega,0x00102F14,0x0923CC14,0x001031DC,712,entrée JAL/prologue précédente → entrée forte suivante,confirmed_by_previous_corpus_heuristic,a006da2b08c07e4c098a3602bca28eb61367bdae9690f8b73b0c0f1f3431dd8f,2,1,178,7,38,4,44,14,0,1,,AgentOfDoom@2,,,0,,,0.200000003@0x002BC904; 0@0x002B9CF0; 60@0x002BC7B0,2.38e-07; 1,0x0000E1C4; 0x00103B40; 0x001045D4; 0x00105BA8; 0x0019718C,,WF-009
b07e66b93323e492431512dbd5e2654d2c18c232cad02595682cefe1704d88b8,LEVEL_06,6,Medical Outpost Omega,0x001031DC,0x0923CEDC,0x001034F4,792,entrée JAL/prologue précédente → entrée forte suivante,confirmed_by_previous_corpus_heuristic,3bc0468732edd83226e6fc34d1ed2b502c87ccde1f864b6a04ed639f35e561e6,3,1,198,7,54,2,76,5,0,1,,AgentOfDoom@2,,,0,,,0.0199999996@0x002BC8F8; 0.76666671@0x002BC798; 0.200000003@0x002BC904; 0@0x002B9CF0; 0.214570001@0x002BC7A8; 0.5@0x002BC7A4,2.38e-07; 1,0x0000E1C4; 0x00018BF4; 0x00103B40; 0x001045D4; 0x0019718C,,WF-007
b17654bd924dce7abe0f266c545c41586d38f478330125bbd1dd2d5edeb62a1b,LEVEL_06,6,Medical Outpost Omega,0x00105BA8,0x0923F8A8,0x00106148,1440,entrée JAL/prologue précédente → entrée forte suivante,confirmed_by_previous_corpus_heuristic,faf55e94f4c82e84171361bdde35bc3dfcc50233326dbb2a4ba50c8cb5fdedb2,2,2,360,13,58,10,87,18,0,3,,AgentOfDoom@3,,,0,,,3@0x002BC79C; 0.0199999996@0x002BC8F8; 0.76666671@0x002BC798; 0.300000012@0x002BC7A0; 0.214570001@0x002BC7A8; 0.5@0x002BC7A4,0.099609375; 0.149414062; 1; 2; 3.140625; 8,0x0000E1C4; 0x00010254; 0x00018560; 0x00018BF4; 0x00067F8C; 0x00084BA8; 0x001035D8; 0x001961AC; 0x001962D4; 0x0019E768,,WF-010
0645f7b05606ef3a65fb05c30cb28b136525070194503caf482f455e63e6112b,LEVEL_06,6,Medical Outpost Omega,0x001394BC,0x092731BC,0x00139D00,2116,entrée JAL/prologue précédente → entrée forte suivante,confirmed_by_previous_corpus_heuristic,187281fb53184cdc76abfd31a66027291ac1e98f895f47d745589c17210fade8,2,0,529,15,48,7,83,46,2,1,HutDoor,HutDoor@0,,,0,,,0.100000001@0x002C1884,9.954e-06; 8,0x0000E1C4; 0x00015FF0; 0x00067450; 0x00067F8C; 0x0006C198; 0x00084AF8; 0x00084C48,,WF-016
c883dc2e5a188aa750faecaf76924f0984aa9e92e11aa1fad82001690edbb300,LEVEL_06,6,Medical Outpost Omega,0x00148788,0x09282488,0x00148938,432,entrée JAL/prologue précédente → entrée forte suivante,confirmed_by_previous_corpus_heuristic,60447b4f3cbb3f8d5d6a20bc7202e4b759a0faa49fc1e93aa54f9e3546e74d4d,4,0,108,7,21,0,40,2,0,1,,,,,0,,,0.200000003@0x002C3CBC,1,0x0000E1C4; 0x000EBDE4; 0x001963E8; 0x0019718C,,WF-034
cda1f243ed3cc3baced794eea6410c47c7b121cbcf47c828c979d88435d7b6b7,LEVEL_06,6,Medical Outpost Omega,0x00158268,0x09291F68,0x001586C8,1120,entrée JAL/prologue précédente → entrée forte suivante,confirmed_by_previous_corpus_heuristic,a162c180b97766c8e013c1cc4762de9583fee09029f080cc935289c33e2e9a99,1,1,280,10,54,4,110,10,0,2,,Polarizer@1,,,0,,,20@0x002C4E8C,2.38e-07; 0.099609375; 1,0x0000E1C4; 0x00018BF4; 0x000EC56C; 0x000EFFC0; 0x001574F4; 0x00157710; 0x0019718C,,WF-006
4f3d3c79217e7c044187dd74de1846b5567bcf0b2fc562ada0faa98f6b3aac18,LEVEL_06,6,Medical Outpost Omega,0x0017F788,0x092B9488,0x0017F994,524,entrée JAL/prologue précédente → entrée forte suivante,confirmed_by_previous_corpus_heuristic,15e3b3f74ee4e882fe744fb31ab81a740ea05f4f014255975c6da960df284c68,1,2,131,6,5,0,16,15,0,1,,MutantCow@2; MutantMadCow@2; AgentOfDoom@3,,,0,,,0.0111111123@0x002C7E80,,0x0000E1C4; 0x000ECBB8; 0x0017FA28; 0x0017FC70; 0x00180300; 0x00180B24,,WF-012
ef8ce773c105cac024df4f5419052a7e0f7839ec6fc98bfb101f0c2adf2ff27d,LEVEL_06,6,Medical Outpost Omega,0x0017FEDC,0x092B9BDC,0x001800C8,492,entrée JAL/prologue précédente → entrée forte suivante,confirmed_by_previous_corpus_heuristic,d7a1cb82119982cad7ad12afce039da3c738f35b40843bca7313974d08ef3619,2,2,123,4,46,2,31,3,0,1,,AgentOfDoom@3,,,0,,,,2.38e-07; 1,0x0000E1C4; 0x000ECBB8; 0x0019718C,,WF-011
0de1954f42fe210579d79a0be5f187d13dfc24a29256ecfea2cd306b3a6c1546,LEVEL_07,7,Challax,0x0000E4F4,0x091481F4,0x0000E584,144,entrée JAL/prologue précédente → entrée forte suivante,confirmed_by_previous_corpus_heuristic,b15c21ba77af087041f54499d4f786ae964384dc62d8535ce630d7b882836992,3,12,36,3,0,0,12,0,0,1,,RiotCar@1; DropshipC@2; FlyingCar@2; RatchetShipAnimation@2; ExplosiveBee@3; Lvl07TinyCar@3,,,0,,,,,0x0000E35C,,WF-005
82989a6c4eecfb1fd80f59b58fa5d389533ed73d0be2863bb998cf157d578327,LEVEL_07,7,Challax,0x0000E584,0x09148284,0x0000E5F8,116,entrée JAL/prologue précédente → entrée forte suivante,confirmed_by_previous_corpus_heuristic,fa568b0f45cbf737d1d8d93cf1ca9f0a6b3a7cd72e3d26ac80587f0a5757f1e9,2,1,29,2,0,0,8,0,0,1,,RiotCar@1,,,0,,,,,0x0000E35C,,WF-018
79a53dd581d4d0841d3dba3fd01f10e49941c5aef283405a13b839bf117a9831,LEVEL_07,7,Challax,0x0000E7DC,0x091484DC,0x0000E8D8,252,entrée JAL/prologue précédente → entrée forte suivante,confirmed_by_previous_corpus_heuristic,c433fb62553f43aa247249c01d88a1e4be80155cfc662ad06fe48aeb43c27d78,2,8,63,3,12,1,21,2,0,1,,RiotCar@1; ElectroSoldier02@2; ShockSoldier02@2; Sprout@2,,,0,,,,2.38e-07; 1,0x0000E35C; 0x001B65AC,,WF-013
752e0b48a9ee282ed55f66baedc8db0a8c289b5a6e9ca07a6da112cd10c178ec,LEVEL_07,7,Challax,0x0000E8D8,0x091485D8,0x0000EA70,408,entrée JAL/prologue précédente → entrée forte suivante,confirmed_by_previous_corpus_heuristic,72fbac12fb1d524883782ca430c6d1f8439ed1e5091a9b6a56deb597892c771a,2,1,102,4,23,3,29,6,0,1,,Sprout@2,,,0,,,-0.699999988@0x002B9FD8; 0.251327425@0x002B9FDC,2.38e-07; 0.00994873; 1,0x0000E35C; 0x000F6EE0; 0x001B65AC,,WF-020
80d909ccea185b2b92de4eaeda906b378de28efe8a0015d6d7c6ef3382388145,LEVEL_07,7,Challax,0x00010D1C,0x0914AA1C,0x00011050,820,entrée JAL/prologue précédente → entrée forte suivante,confirmed_by_previous_corpus_heuristic,010d5801cca080c4a5c039647d3f406a79ee8cecc1764cdcbfca9c50d52fd1f7,1,8,205,4,58,4,61,7,0,1,,DropshipC@1; FlyingCar@1; RiotCar@1; RatchetShipAnimation@2,,,0,,,0@0x002D9D78,2.38e-07; 9.9659e-05; 1,0x0000E35C; 0x0000E4F4; 0x0000F49C; 0x000F6F30,,WF-015
04dfbfd0e8658f0836f0e5363b70ea615481b1beeaceecab7571875f452a1101,LEVEL_07,7,Challax,0x00028BE8,0x091628E8,0x00028D48,352,entrée JAL/prologue précédente → entrée forte suivante,confirmed_by_previous_corpus_heuristic,0f8c862140d79a4a7fef2461086ce14efeed3a144923beadddf29e62ef6960ba,3,1,88,4,17,4,23,6,0,1,,ElectroSoldier02@2; ShockSoldier02@2,,,0,,,0.0333333351@0x002BF83C; 0.150000006@0x002BF834; 1@0x002BF838,,0x0000E35C; 0x001C5C24,,WF-014
99ba6f21bd2768eaf20675803240b2d25011eaf50751c8660e6d6c0e7df0b24e,LEVEL_07,7,Challax,0x0002AC48,0x09164948,0x0002B110,1224,entrée JAL/prologue précédente → entrée forte suivante,confirmed_by_previous_corpus_heuristic,350fe5cf581a42392a0e60a20cac15d02da2486e41c4f74400da1b5580420c00,3,4,306,14,54,8,93,20,0,1,,Sprout@1,,,0,,,0.0333333351@0x002BF87C; 1@0x002BF880; 0.400000006@0x002BF874,9.954e-06; 1,0x0000E35C; 0x0000E7DC; 0x0000F024; 0x0002A66C; 0x0002A9BC; 0x001B65AC; 0x001C5C24; NavUtil_AvoidTriggers,,WF-017
f8ea386972e1b50a30daf2f7db5ba41bb74d52f776f669f8474fee809046ab70,LEVEL_07,7,Challax,0x0002BD04,0x09165A04,0x0002C324,1568,entrée JAL/prologue précédente → entrée forte suivante,confirmed_by_previous_corpus_heuristic,7b7065aa8d59a5e664b826c3b8f0723006825873e1f39ffcd2beb90b561f2ba8,1,3,392,14,53,6,99,33,0,1,,Sprout@1,,,0,,,0.400000006@0x002BF89C,9.954e-06; -9.9659e-05; 9.9659e-05; 1,0x0000E35C; 0x0000E8D8; 0x0000F1D0; 0x0002B7E8; 0x0002B860; 0x0002B98C; 0x0002C324; 0x001B65AC; NavUtil_AvoidTriggers,,WF-022
24a2ff0a1557a72e167a4c96b6f9c801d44d4cba5af921ba5669a4084a8edf49,LEVEL_07,7,Challax,0x0004A4F8,0x091841F8,0x0004A890,920,entrée JAL/prologue précédente → entrée forte suivante,confirmed_by_previous_corpus_heuristic,5f8e71e3b828c450c1290be991bf4e8f9861675cc18d71918c8541237a5d8da5,1,10,230,6,70,8,80,13,0,1,,,,,0,,,,2.38e-07; 9.9659e-05; 0.000999451; 0.016967773; 0.099609375; 0.298828125; 1; 1.5703125; 3.109375,0x0000E35C; 0x0000E3DC; 0x000F67DC; 0x000F7B20; 0x001B56DC,,WF-002
2f3e3c8d94815007925ad67e5ba4c86300ecf57cf262105869a43d99ee6ad1fb,LEVEL_07,7,Challax,0x0004A890,0x09184590,0x0004B26C,2524,entrée JAL/prologue précédente → entrée forte suivante,confirmed_by_previous_corpus_heuristic,2e613bd354caaddaedd25cfa26060bf36515a4d5489ddea1fee3b574a0bab353,3,1,631,52,96,14,122,53,2,1,,,,,0,,,0.100000001@0x002C0280; 1.5@0x002C0284; 0.0799999982@0x002BFA50; -0.00300000003@0x002C0250,2.38e-07; 0.033203125; 0.125; 0.149414062; 0.19921875; 0.33203125; 0.3984375; 0.5; 0.6640625; 0.83203125; 1; 1.5,0x0000E35C; 0x00033198; 0x00036420; 0x00036470; 0x000424FC; 0x000493B8; 0x00049704; 0x00049830; 0x00049C64; 0x00049D54; 0x00049EF0; 0x00049F30; 0x00049F90; 0x0004A4F8; 0x0005C54C; 0x0005C6D0; 0x0005C71C; 0x0005CBA8; 0x0006C3D8; 0x0006C8AC; 0x00077CEC; 0x0014FCB0; MOBY_SnapMobyAnim,,WF-001
a0c9f2348b17b34ae20cd986946e9986592765755ff8bc44e8d82a6df56c3b27,LEVEL_07,7,Challax,0x0004E830,0x09188530,0x0004F8E4,4276,entrée JAL/prologue précédente → entrée forte suivante,confirmed_by_previous_corpus_heuristic,48e46b3e9d50ce35b3533d2dc50861e1380ee0357bb998ea1783b05aa5bc21ac,1,1,1069,71,126,19,345,58,0,1,,,,,0,,,30.000597@0x002C02EC; 0.200000003@0x002C02AC; 0.400000006@0x002C02B0; 0.800000012@0x002C02B4; 0.100000001@0x002C02B8; 0.200000003@0x002C02BC; 0.400000006@0x002C02C0; 0.0500000007@0x002C02C4; 0@0x002C0384; 1@0x002C02E0; 0@0x002C0340; 0.800000012@0x002C036C; 0.75@0x002C0344,2.38e-07; 0.00994873; 0.015625; 0.25; 0.3984375; 0.5; -1; 1,0x0000E290; 0x0000E2F4; 0x0000E35C; 0x0003107C; 0x00033D94; 0x00034C68; 0x00034C94; 0x00036420; 0x00036470; 0x000364EC; 0x00041EDC; 0x000428DC; 0x0004B26C; 0x0004B580; 0x0004C51C; 0x0004CE88; 0x0004D0A8; 0x0004D278; 0x0004D464; 0x0006C3D8; 0x0006C400; 0x000F8A64; 0x0014BE54; 0x0014BEDC; 0x0014D2F8; 0x0014D330; 0x001743A8; 0x001B56DC; MOBY_BlendMobyAnim; ht_grindlock_switches,,WF-003
a50a4422a2a0366826d4c2c0aae73049d3e6d44c93e876dda92de2c52118f000,LEVEL_07,7,Challax,0x00056C3C,0x0919093C,0x00056D38,252,entrée JAL/prologue précédente → entrée forte suivante,confirmed_by_previous_corpus_heuristic,73382ebdcb0540f5efafe7f168a7aa6170ab0eaccb0f545a6a1caae7aa37d4bc,1,1,63,7,2,0,7,3,0,1,,,,,0,,,0.400000006@0x002C06E0; 0.300000012@0x002C06E4; 0.100000001@0x002C06E8,1.5,0x0000E35C; 0x00034240; 0x000498B4; 0x0005675C; 0x00056EE8; 0x000572F8; 0x000A7920,,WF-004
8a86ad12960405935ae334206b60801183e4e8e77418955f63d6f096a15c82de,LEVEL_07,7,Challax,0x0010D248,0x09246F48,0x0010D464,540,entrée JAL/prologue précédente → entrée forte suivante,confirmed_by_previous_corpus_heuristic,b0f621e501fd3203f95868fc62daf2e9d372d41173ea2b415febeeb6e1e70d01,2,1,135,7,33,3,38,7,0,1,,AgentOfDoom@2,,,0,,,0.200000003@0x002DCA84; 0@0x002D9D78,2.38e-07; 1,0x0000E35C; 0x0010C5B0; 0x0010EB24; 0x001100F8; 0x001B65AC,,WF-008
968668ccd5198515cf25c2815fcfb186538f5bdd3b910ae8321fe3dde32303e0,LEVEL_07,7,Challax,0x0010D464,0x09247164,0x0010D72C,712,entrée JAL/prologue précédente → entrée forte suivante,confirmed_by_previous_corpus_heuristic,a006da2b08c07e4c098a3602bca28eb61367bdae9690f8b73b0c0f1f3431dd8f,2,1,178,7,38,4,44,14,0,1,,AgentOfDoom@2,,,0,,,0.200000003@0x002DCA84; 0@0x002D9D78; 60@0x002DC930,2.38e-07; 1,0x0000E35C; 0x0010E090; 0x0010EB24; 0x001100F8; 0x001B65AC,,WF-009
b07e66b93323e492431512dbd5e2654d2c18c232cad02595682cefe1704d88b8,LEVEL_07,7,Challax,0x0010D72C,0x0924742C,0x0010DA44,792,entrée JAL/prologue précédente → entrée forte suivante,confirmed_by_previous_corpus_heuristic,3bc0468732edd83226e6fc34d1ed2b502c87ccde1f864b6a04ed639f35e561e6,3,1,198,7,54,2,76,5,0,1,,AgentOfDoom@2,,,0,,,0.0199999996@0x002DCA78; 0.76666671@0x002DC918; 0.200000003@0x002DCA84; 0@0x002D9D78; 0.214570001@0x002DC928; 0.5@0x002DC924,2.38e-07; 1,0x0000E35C; 0x0001A044; 0x0010E090; 0x0010EB24; 0x001B65AC,,WF-007
b17654bd924dce7abe0f266c545c41586d38f478330125bbd1dd2d5edeb62a1b,LEVEL_07,7,Challax,0x001100F8,0x09249DF8,0x00110698,1440,entrée JAL/prologue précédente → entrée forte suivante,confirmed_by_previous_corpus_heuristic,faf55e94f4c82e84171361bdde35bc3dfcc50233326dbb2a4ba50c8cb5fdedb2,2,2,360,13,58,10,87,18,0,3,,AgentOfDoom@3,,,0,,,3@0x002DC91C; 0.0199999996@0x002DCA78; 0.76666671@0x002DC918; 0.300000012@0x002DC920; 0.214570001@0x002DC928; 0.5@0x002DC924,0.099609375; 0.149414062; 1; 2; 3.140625; 8,0x0000E35C; 0x00011050; 0x000199B0; 0x0001A044; 0x0006EC74; 0x0008C26C; 0x0010DB28; 0x001B55CC; 0x001B56F4; 0x001BDB88,,WF-010
29b75da10856def5ee975f63890eeac707d56562cf40b4416bd804588547d6dc,LEVEL_07,7,Challax,0x001302C0,0x09269FC0,0x00130B1C,2140,entrée JAL/prologue précédente → entrée forte suivante,confirmed_by_previous_corpus_heuristic,007a9f784e91d8376fe711e09bd0050fed8e9e887893062fe9591da4c1be23f3,1,1,535,18,137,15,79,54,0,1,,DropshipC@1,,,0,,,0.333333343@0x002E018C; 0.200000003@0x002B9FE8; 0@0x002D9D78; 0.75@0x002E01D0,2.38e-07; 9.9659e-05; 0.033203125; 0.5; 0.75; 0.99609375; 1; -2; 3; 8,0x0000E35C; 0x0006EC74; 0x0008C26C; 0x0012D750; 0x0012DF78; 0x0012E2C4; 0x0012E2F8; 0x0012E3DC; 0x0012E48C; 0x0012E4D8; 0x0012E918; 0x001C5C24,,WF-045
0545985b21e1f620c1938196351aed7a3c1a3a219a57d83a6413541f8e0a3caf,LEVEL_07,7,Challax,0x00130B1C,0x0926A81C,0x001311E8,1740,entrée JAL/prologue précédente → entrée forte suivante,confirmed_by_previous_corpus_heuristic,7cc77210f12518f98995ff7d3e7d6794997c90c7c48057b4a01093115dbb33fe,1,1,435,12,129,14,73,33,0,1,,DropshipC@1,,,0,,,0.333333343@0x002E018C; 0.200000003@0x002B9FE8; 0@0x002D9D78; 0.75@0x002E01D0,2.38e-07; 9.9659e-05; 0.033203125; 0.5; 0.99609375; 1; -2; 3; 8,0x0000E35C; 0x0006EC74; 0x0008C26C; 0x0012DF78; 0x0012E2C4; 0x0012E2F8; 0x0012E3DC; 0x0012E48C; 0x0012E4D8; 0x0012E918; 0x001C5C24,,WF-042
47a07056845b319021baf2d27ae7077582d0e12aab04b91820f7051b3573b54f,LEVEL_07,7,Challax,0x001311E8,0x0926AEE8,0x0013215C,3956,entrée JAL/prologue précédente → entrée forte suivante,confirmed_by_previous_corpus_heuristic,b0987d24514fc8ed4de1cfbe8a10b2deaebb6532831c0dee4bd6113fb228cf55,2,1,989,33,240,30,204,86,7,1,,DropshipC@1,,,0,,,1000@0x002E0190; 0@0x002D9D78; 0.333333343@0x002E018C; 0.200000003@0x002B9FE8; 0@0x002E01E4; 1@0x002E01FC; 2.5@0x002E0208; 26@0x002E01E8; 0.25@0x002E0200; 0.75@0x002E01D0; 0.100000001@0x002E0204; 0.0166666675@0x002E0214; 15@0x002E020C; 25.6720009@0x002E0210,2.38e-07; 9.9659e-05; 0.019897461; 0.033203125; 0.19921875; 0.5; 0.99609375; 1; 1.5; -2; 2; 3; 5; 8; 1000,0x0000E35C; 0x0000E4F4; 0x00014A58; 0x00014B54; 0x000221A0; 0x00066A10; 0x0006EC74; 0x0008C26C; 0x000A4274; 0x0012DC30; 0x0012DF78; 0x0012E2C4; 0x0012E530; 0x0012E670; 0x0012E6A4; 0x0012EE94; 0x00133E2C; MOBY_DestroyMoby,,WF-039
0645f7b05606ef3a65fb05c30cb28b136525070194503caf482f455e63e6112b,LEVEL_07,7,Challax,0x0014F3C8,0x092890C8,0x0014FC0C,2116,entrée JAL/prologue précédente → entrée forte suivante,confirmed_by_previous_corpus_heuristic,187281fb53184cdc76abfd31a66027291ac1e98f895f47d745589c17210fade8,2,0,529,15,48,7,83,46,2,1,HutDoor,HutDoor@0,,,0,,,0.100000001@0x002E2B5C,9.954e-06; 8,0x0000E35C; 0x00017440; 0x0006DEF8; 0x0006EC74; 0x000735F0; 0x0008C1BC; 0x0008C30C,,WF-016
676360ba37e8ae2da7c3a64676d1caab0c2d7184f881c4078e1dd5e576bb1f07,LEVEL_07,7,Challax,0x0015DAE8,0x092977E8,0x0015E730,3144,entrée JAL/prologue précédente → entrée forte suivante,confirmed_by_previous_corpus_heuristic,5ccf869c181b34cb8c8d0eea1db97547a14e1246b8672af4c00855b7fd272f05,1,0,786,24,120,5,155,59,6,2,Lvl07EleGlass,Lvl07EleGlass@0,,,0,,,0.5@0x002E4E94; -1@0x002E4EAC; 2@0x002E4EB8; 2@0x002E4EBC; -1.29999995@0x002E4E98; 2@0x002E4EA4; 4.69999981@0x002E4EA8; 0.0500000007@0x002E4EC0; 0.100000001@0x002E4EC4; 0@0x002E4EDC; 0.200000003@0x002E4ED4; 0@0x002E4ED8; 1@0x002E4EC8; 0.00300000003@0x002E4E90; 90.0017929@0x002E4ECC; 15.0002985@0x002E4ED0,0.033203125; 0.5; 1; 8,0x0000E35C; 0x0006DEF8; 0x0006EC74; 0x0008C26C; 0x0008C4E0; 0x000CB4DC; 0x000E98C4; 0x000F6DC8; 0x000F76D8; 0x000FA718; 0x0015DA60; 0x001BDB88; MOBY_DestroyMoby,,WF-052
52b17118958fe65bcd4a650bf54b20448b1b6fb3b00f902fa42465222b9ed269,LEVEL_07,7,Challax,0x00160EB4,0x0929ABB4,0x00161358,1188,entrée JAL/prologue précédente → entrée forte suivante,confirmed_by_previous_corpus_heuristic,e4bedf70ec339659693c1c4c97c287d944645f406ef66d917dae393cecbf6d0a,1,0,297,12,15,5,29,24,3,2,Lvl07Platform,Lvl07Platform@0,,,0,,,0.200000003@0x002E551C; 12@0x002E54A0; 52@0x002E54A4,9.954e-06; 1; 2; 8,0x0000E35C; 0x00031D6C; 0x0006EC74; 0x000735F0; 0x0008C1BC; 0x0008C30C; 0x0013BB40; MOBY_DestroyMoby,,WF-049
cda1f243ed3cc3baced794eea6410c47c7b121cbcf47c828c979d88435d7b6b7,LEVEL_07,7,Challax,0x0016FC30,0x092A9930,0x00170090,1120,entrée JAL/prologue précédente → entrée forte suivante,confirmed_by_previous_corpus_heuristic,a162c180b97766c8e013c1cc4762de9583fee09029f080cc935289c33e2e9a99,1,1,280,10,54,4,110,10,0,2,,Polarizer@1,,,0,,,20@0x002E6E64,2.38e-07; 0.099609375; 1,0x0000E35C; 0x0001A044; 0x000F6DC8; 0x000FA718; 0x0016EEBC; 0x0016F0D8; 0x001B65AC,,WF-006
3b907cd5cc656038144a6afcdafb360ea2f974f6c0162e3889eeb8e4aa74e891,LEVEL_07,7,Challax,0x00192ECC,0x092CCBCC,0x0019355C,1680,entrée JAL/prologue précédente → entrée forte suivante,confirmed_by_previous_corpus_heuristic,0f99911a5c033f2b70058ecdbc7dea582a6d278ee9ba83d31cb092c0785ab2b2,2,0,420,20,22,12,52,55,0,1,TriggeredDoor,TriggeredDoor@0,,,0,,,,8,0x000025E8; 0x0000E35C; 0x00022A98; 0x00022B0C; 0x00022B40; 0x0006DEF8; 0x0006EC74; 0x000735F0; 0x0008C26C; 0x0014D504; 0x00192B80; 0x00192DAC; MOBY_DestroyMoby,,WF-019
4f3d3c79217e7c044187dd74de1846b5567bcf0b2fc562ada0faa98f6b3aac18,LEVEL_07,7,Challax,0x0019B740,0x092D5440,0x0019B94C,524,entrée JAL/prologue précédente → entrée forte suivante,confirmed_by_previous_corpus_heuristic,15e3b3f74ee4e882fe744fb31ab81a740ea05f4f014255975c6da960df284c68,1,2,131,6,5,0,16,15,0,1,,MutantCow@2; MutantMadCow@2; AgentOfDoom@3,,,0,,,0.0111111123@0x002EA520,,0x0000E35C; 0x000F7414; 0x0019B9E0; 0x0019BC28; 0x0019C2B8; 0x0019CADC,,WF-012
ef8ce773c105cac024df4f5419052a7e0f7839ec6fc98bfb101f0c2adf2ff27d,LEVEL_07,7,Challax,0x0019BE94,0x092D5B94,0x0019C080,492,entrée JAL/prologue précédente → entrée forte suivante,confirmed_by_previous_corpus_heuristic,d7a1cb82119982cad7ad12afce039da3c738f35b40843bca7313974d08ef3619,2,2,123,4,46,2,31,3,0,1,,AgentOfDoom@3,,,0,,,,2.38e-07; 1,0x0000E35C; 0x000F7414; 0x001B65AC,,WF-011
0de1954f42fe210579d79a0be5f187d13dfc24a29256ecfea2cd306b3a6c1546,LEVEL_08,8,Dayni Moon,0x0000E550,0x09148250,0x0000E5E0,144,entrée JAL/prologue précédente → entrée forte suivante,confirmed_by_previous_corpus_heuristic,b15c21ba77af087041f54499d4f786ae964384dc62d8535ce630d7b882836992,3,7,36,3,0,0,12,0,0,1,,HeavyTorso01@2; RatchetShipAnimation@2; ExplosiveBee@3,,,0,,,,,0x0000E3B8,,WF-005
82989a6c4eecfb1fd80f59b58fa5d389533ed73d0be2863bb998cf157d578327,LEVEL_08,8,Dayni Moon,0x0000E5E0,0x091482E0,0x0000E654,116,entrée JAL/prologue précédente → entrée forte suivante,confirmed_by_previous_corpus_heuristic,fa568b0f45cbf737d1d8d93cf1ca9f0a6b3a7cd72e3d26ac80587f0a5757f1e9,2,2,29,2,0,0,8,0,0,1,,HappyRamVehicle@3,,,0,,,,,0x0000E3B8,,WF-018
79a53dd581d4d0841d3dba3fd01f10e49941c5aef283405a13b839bf117a9831,LEVEL_08,8,Dayni Moon,0x0000E838,0x09148538,0x0000E934,252,entrée JAL/prologue précédente → entrée forte suivante,confirmed_by_previous_corpus_heuristic,c433fb62553f43aa247249c01d88a1e4be80155cfc662ad06fe48aeb43c27d78,2,12,63,3,12,1,21,2,0,1,,FarmerBot@1; HappyRam@1; MonsterRam@1; VehicleMissile@1; ClankBotFlingerVehicle@2; EnemyBotFlingerVehicle@2; LunaCutscene@2; Sprout@2; HappyRamVehicle@3; HeavyTorso01@3,,,0,,,,2.38e-07; 1,0x0000E3B8; 0x001E428C,,WF-013
752e0b48a9ee282ed55f66baedc8db0a8c289b5a6e9ca07a6da112cd10c178ec,LEVEL_08,8,Dayni Moon,0x0000E934,0x09148634,0x0000EACC,408,entrée JAL/prologue précédente → entrée forte suivante,confirmed_by_previous_corpus_heuristic,72fbac12fb1d524883782ca430c6d1f8439ed1e5091a9b6a56deb597892c771a,2,1,102,4,23,3,29,6,0,1,,Sprout@2,,,0,,,-0.699999988@0x002E8ED8; 0.251327425@0x002E8EDC,2.38e-07; 0.00994873; 1,0x0000E3B8; 0x00100E6C; 0x001E428C,,WF-020
80d909ccea185b2b92de4eaeda906b378de28efe8a0015d6d7c6ef3382388145,LEVEL_08,8,Dayni Moon,0x00011138,0x0914AE38,0x0001146C,820,entrée JAL/prologue précédente → entrée forte suivante,confirmed_by_previous_corpus_heuristic,010d5801cca080c4a5c039647d3f406a79ee8cecc1764cdcbfca9c50d52fd1f7,1,3,205,4,58,4,61,7,0,1,,RatchetShipAnimation@2,,,0,,,0@0x00309060,2.38e-07; 9.9659e-05; 1,0x0000E3B8; 0x0000E550; 0x0000F8B8; 0x00100EBC,,WF-015
04dfbfd0e8658f0836f0e5363b70ea615481b1beeaceecab7571875f452a1101,LEVEL_08,8,Dayni Moon,0x0002932C,0x0916302C,0x0002948C,352,entrée JAL/prologue précédente → entrée forte suivante,confirmed_by_previous_corpus_heuristic,0f8c862140d79a4a7fef2461086ce14efeed3a144923beadddf29e62ef6960ba,3,2,88,4,17,4,23,6,0,1,,FarmerBot@2; HappyRam@2; HeavyTorso01@2; MonsterRam@2,,,0,,,0.0333333351@0x002EE754; 0.150000006@0x002EE74C; 1@0x002EE750,,0x0000E3B8; 0x001F3904,,WF-014
35d0f36a26b74dad46db02b1ada278665ea20e7bd849ac85d72c8646adb2672f,LEVEL_08,8,Dayni Moon,0x00029A44,0x09163744,0x00029ABC,120,entrée JAL/prologue précédente → entrée forte suivante,confirmed_by_previous_corpus_heuristic,67c60a2e3ff30459eca539ebe18d3388c8927545059fb8060562c143708d3c59,1,2,30,2,0,0,5,0,0,1,,MonsterRam@2; HappyRam@3,,,0,,,,,0x0000E3B8; 0x00029ABC,,WF-021
99ba6f21bd2768eaf20675803240b2d25011eaf50751c8660e6d6c0e7df0b24e,LEVEL_08,8,Dayni Moon,0x0002BBB4,0x091658B4,0x0002C07C,1224,entrée JAL/prologue précédente → entrée forte suivante,confirmed_by_previous_corpus_heuristic,350fe5cf581a42392a0e60a20cac15d02da2486e41c4f74400da1b5580420c00,3,4,306,14,54,8,93,20,0,1,,Sprout@1,,,0,,,0.0333333351@0x002EE79C; 1@0x002EE7A0; 0.400000006@0x002EE794,9.954e-06; 1,0x0000E3B8; 0x0000E838; 0x0000EF84; 0x0002B5D8; 0x0002B928; 0x001E428C; 0x001F3904; NavUtil_AvoidTriggers,,WF-017
f8ea386972e1b50a30daf2f7db5ba41bb74d52f776f669f8474fee809046ab70,LEVEL_08,8,Dayni Moon,0x0002CC70,0x09166970,0x0002D290,1568,entrée JAL/prologue précédente → entrée forte suivante,confirmed_by_previous_corpus_heuristic,7b7065aa8d59a5e664b826c3b8f0723006825873e1f39ffcd2beb90b561f2ba8,1,3,392,14,53,6,99,33,0,1,,Sprout@1,,,0,,,0.400000006@0x002EE7BC,9.954e-06; -9.9659e-05; 9.9659e-05; 1,0x0000E3B8; 0x0000E934; 0x0000F130; 0x0002C754; 0x0002C7CC; 0x0002C8F8; 0x0002D290; 0x001E428C; NavUtil_AvoidTriggers,,WF-022
115f00033622306dcf867e183c9f6642f2f63811e567592db1eae411468321d7,LEVEL_08,8,Dayni Moon,0x0002E998,0x09168698,0x0002EA14,124,entrée JAL/prologue précédente → entrée forte suivante,confirmed_by_previous_corpus_heuristic,69f79be3ab26f180fa729a66389a64a937f1e6a07631477a6369b33b656ef929,1,2,31,3,2,0,5,0,0,1,,ClankBotFlingerVehicle@2; ClankElectroTorso@2; ClankRamTorso@2; ClankSawTorso@2; ClankSpikeTorso@2; EnemyBotFlingerVehicle@2; EnemyElectroTorso@2; EnemyRamTorso@2; EnemySawTorso@2; FarmerVehicle@2; HappyRamVehicle@2; SmasherBot@2,,,0,,,,,0x0000E3B8; 0x00100D7C; 0x00104A24,,WF-029
fb5992a0070a91b0201d54bc93235211348c068f2727e605352e5b4579aeafc4,LEVEL_08,8,Dayni Moon,0x00030ABC,0x0916A7BC,0x00030DEC,816,entrée JAL/prologue précédente → entrée forte suivante,confirmed_by_previous_corpus_heuristic,b7a257376fd3de94d65909d4e379b426f5aa293c4a7953a7298f702a4a34ce05,2,1,204,6,50,5,75,11,0,1,,Microbot@2,,,0,,,0.100000001@0x002EEC3C; 0.0500000007@0x002EEC30; -0.195999995@0x002EEC40; 0@0x00309060; 0.330000013@0x002EEC44,2.38e-07; 0.019897461; 1,0x0000E3B8; 0x00100D54; 0x00104A24,,WF-023
24a2ff0a1557a72e167a4c96b6f9c801d44d4cba5af921ba5669a4084a8edf49,LEVEL_08,8,Dayni Moon,0x0004EFB8,0x09188CB8,0x0004F350,920,entrée JAL/prologue précédente → entrée forte suivante,confirmed_by_previous_corpus_heuristic,5f8e71e3b828c450c1290be991bf4e8f9861675cc18d71918c8541237a5d8da5,1,10,230,6,70,8,80,13,0,1,,,,,0,,,,2.38e-07; 9.9659e-05; 0.000999451; 0.016967773; 0.099609375; 0.298828125; 1; 1.5703125; 3.109375,0x0000E3B8; 0x0000E438; 0x00100768; 0x00101BD0; 0x001E33BC,,WF-002
2f3e3c8d94815007925ad67e5ba4c86300ecf57cf262105869a43d99ee6ad1fb,LEVEL_08,8,Dayni Moon,0x0004F350,0x09189050,0x0004FD2C,2524,entrée JAL/prologue précédente → entrée forte suivante,confirmed_by_previous_corpus_heuristic,2e613bd354caaddaedd25cfa26060bf36515a4d5489ddea1fee3b574a0bab353,3,1,631,52,96,14,122,53,2,1,,,,,0,,,0.100000001@0x002EF5F8; 1.5@0x002EF5FC; 0.0799999982@0x002EEDC8; -0.00300000003@0x002EF5C8,2.38e-07; 0.033203125; 0.125; 0.149414062; 0.19921875; 0.33203125; 0.3984375; 0.5; 0.6640625; 0.83203125; 1; 1.5,0x0000E3B8; 0x00037C58; 0x0003AEE0; 0x0003AF30; 0x00046FBC; 0x0004DE78; 0x0004E1C4; 0x0004E2F0; 0x0004E724; 0x0004E814; 0x0004E9B0; 0x0004E9F0; 0x0004EA50; 0x0004EFB8; 0x00061014; 0x00061198; 0x000611E4; 0x00061670; 0x00072238; 0x0007270C; 0x0007DE30; 0x00161ED4; MOBY_SnapMobyAnim,,WF-001
a0c9f2348b17b34ae20cd986946e9986592765755ff8bc44e8d82a6df56c3b27,LEVEL_08,8,Dayni Moon,0x000532F0,0x0918CFF0,0x000543A4,4276,entrée JAL/prologue précédente → entrée forte suivante,confirmed_by_previous_corpus_heuristic,48e46b3e9d50ce35b3533d2dc50861e1380ee0357bb998ea1783b05aa5bc21ac,1,1,1069,71,126,19,345,58,0,1,,,,,0,,,30.000597@0x002EF664; 0.200000003@0x002EF624; 0.400000006@0x002EF628; 0.800000012@0x002EF62C; 0.100000001@0x002EF630; 0.200000003@0x002EF634; 0.400000006@0x002EF638; 0.0500000007@0x002EF63C; 0@0x002EF6FC; 1@0x002EF658; 0@0x002EF6B8; 0.800000012@0x002EF6E4; 0.75@0x002EF6BC,2.38e-07; 0.00994873; 0.015625; 0.25; 0.3984375; 0.5; -1; 1,0x0000E2EC; 0x0000E350; 0x0000E3B8; 0x00035C48; 0x00038854; 0x00039728; 0x00039754; 0x0003AEE0; 0x0003AF30; 0x0003AFAC; 0x0004699C; 0x0004739C; 0x0004FD2C; 0x00050040; 0x00050FDC; 0x00051948; 0x00051B68; 0x00051D38; 0x00051F24; 0x00072238; 0x00072260; 0x00102BD0; 0x00159208; 0x00159290; 0x0015A6AC; 0x0015A6E4; 0x0018F63C; 0x001E33BC; MOBY_BlendMobyAnim; ht_grindlock_switches,,WF-003
a50a4422a2a0366826d4c2c0aae73049d3e6d44c93e876dda92de2c52118f000,LEVEL_08,8,Dayni Moon,0x0005B6E0,0x091953E0,0x0005B7DC,252,entrée JAL/prologue précédente → entrée forte suivante,confirmed_by_previous_corpus_heuristic,73382ebdcb0540f5efafe7f168a7aa6170ab0eaccb0f545a6a1caae7aa37d4bc,1,1,63,7,2,0,7,3,0,1,,,,,0,,,0.400000006@0x002EFA58; 0.300000012@0x002EFA5C; 0.100000001@0x002EFA60,1.5,0x0000E3B8; 0x00038D00; 0x0004E374; 0x0005B200; 0x0005B98C; 0x0005BD9C; 0x000AEECC,,WF-004
0ec0cef6f2f6ad0d0161843c3498fd6f948cf213a73f2e1085d897ff4317e3ab,LEVEL_08,8,Dayni Moon,0x000AAF58,0x091E4C58,0x000AB030,216,entrée JAL/prologue précédente → entrée forte suivante,confirmed_by_previous_corpus_heuristic,0278d32f4495a5056d6cdbf6395c2550b789077cd0b0ccc6363178ad2d388d72,2,8,54,3,9,0,8,2,0,1,,ClankElectroTorso@1; ClankRamTorso@1; ClankSawTorso@1; ClankSpikeTorso@1,,,0,,,0.00999999978@0x002FB228; 0.200000003@0x002FB22C,1,0x0000E3B8; 0x000AAF48,,WF-028
8a86ad12960405935ae334206b60801183e4e8e77418955f63d6f096a15c82de,LEVEL_08,8,Dayni Moon,0x00117650,0x09251350,0x0011786C,540,entrée JAL/prologue précédente → entrée forte suivante,confirmed_by_previous_corpus_heuristic,b0f621e501fd3203f95868fc62daf2e9d372d41173ea2b415febeeb6e1e70d01,2,1,135,7,33,3,38,7,0,1,,AgentOfDoom@2,,,0,,,0.200000003@0x0030BEFC; 0@0x00309060,2.38e-07; 1,0x0000E3B8; 0x001169B8; 0x00118F2C; 0x0011A500; 0x001E428C,,WF-008
968668ccd5198515cf25c2815fcfb186538f5bdd3b910ae8321fe3dde32303e0,LEVEL_08,8,Dayni Moon,0x0011786C,0x0925156C,0x00117B34,712,entrée JAL/prologue précédente → entrée forte suivante,confirmed_by_previous_corpus_heuristic,a006da2b08c07e4c098a3602bca28eb61367bdae9690f8b73b0c0f1f3431dd8f,2,1,178,7,38,4,44,14,0,1,,AgentOfDoom@2,,,0,,,0.200000003@0x0030BEFC; 0@0x00309060; 60@0x0030BDA8,2.38e-07; 1,0x0000E3B8; 0x00118498; 0x00118F2C; 0x0011A500; 0x001E428C,,WF-009
b07e66b93323e492431512dbd5e2654d2c18c232cad02595682cefe1704d88b8,LEVEL_08,8,Dayni Moon,0x00117B34,0x09251834,0x00117E4C,792,entrée JAL/prologue précédente → entrée forte suivante,confirmed_by_previous_corpus_heuristic,3bc0468732edd83226e6fc34d1ed2b502c87ccde1f864b6a04ed639f35e561e6,3,1,198,7,54,2,76,5,0,1,,AgentOfDoom@2,,,0,,,0.0199999996@0x0030BEF0; 0.76666671@0x0030BD90; 0.200000003@0x0030BEFC; 0@0x00309060; 0.214570001@0x0030BDA0; 0.5@0x0030BD9C,2.38e-07; 1,0x0000E3B8; 0x0001A4C0; 0x00118498; 0x00118F2C; 0x001E428C,,WF-007
b17654bd924dce7abe0f266c545c41586d38f478330125bbd1dd2d5edeb62a1b,LEVEL_08,8,Dayni Moon,0x0011A500,0x09254200,0x0011AAA0,1440,entrée JAL/prologue précédente → entrée forte suivante,confirmed_by_previous_corpus_heuristic,faf55e94f4c82e84171361bdde35bc3dfcc50233326dbb2a4ba50c8cb5fdedb2,2,2,360,13,58,10,87,18,0,3,,AgentOfDoom@3,,,0,,,3@0x0030BD94; 0.0199999996@0x0030BEF0; 0.76666671@0x0030BD90; 0.300000012@0x0030BD98; 0.214570001@0x0030BDA0; 0.5@0x0030BD9C,0.099609375; 0.149414062; 1; 2; 3.140625; 8,0x0000E3B8; 0x0001146C; 0x00019E2C; 0x0001A4C0; 0x00074AD4; 0x00092430; 0x00117F30; 0x001E32AC; 0x001E33D4; 0x001EB868,,WF-010
6b9db198095e448db820c826167fd6d487a30943fcc737a2dd10d6ccaf92d765,LEVEL_08,8,Dayni Moon,0x0012F220,0x09268F20,0x0012F608,1000,entrée JAL/prologue précédente → entrée forte suivante,confirmed_by_previous_corpus_heuristic,c245de3b15d3a2f856a6e236a4d69c5766acff6f228956038d3469b0dc13a7ad,1,1,250,11,79,7,74,17,0,1,,BotFlingerArm@1,,,0,,,0.200000003@0x0030DD98; 0.150000006@0x0030DDA0; 0@0x00309060; 0.300000012@0x0030DD9C,2.38e-07; 0.00994873; 0.149414062; 1,0x0000E3B8; 0x00072260; 0x0012F8A4; 0x0012F924; 0x0012F9C4; 0x001E428C; 0x001F3904; MOBY_BlendMobyAnim,,WF-026
6af8e220a397c04d359bbc2bbe9a89e9197b54387526b8c510a86ee3a1605bfe,LEVEL_08,8,Dayni Moon,0x0012F608,0x09269308,0x0012F860,600,entrée JAL/prologue précédente → entrée forte suivante,confirmed_by_previous_corpus_heuristic,4c3088b5c71f02488b7a604f658394f26bd42cb2ed2c2eda8b8e8932c483dcbf,1,2,150,6,39,5,56,8,0,1,,BotFlingerArm@1,,,0,,,0.200000003@0x0030DD98; 0.150000006@0x0030DDA0,0.00994873; 1,0x0000E3B8; 0x0012F8A4; 0x0012F924; 0x001E428C,,WF-025
ea3f82224684c190e1fff1449ff1e0cfc19ec2402c146c9ec00d7a22ff3363c3,LEVEL_08,8,Dayni Moon,0x0016D768,0x092A7468,0x0016DD54,1516,entrée JAL/prologue précédente → entrée forte suivante,confirmed_by_previous_corpus_heuristic,140242b06825119e4afeeb76921d07cfedce261b76a490eb6127fedadf231cde,2,0,379,8,23,6,36,47,4,3,Level08Door,Level08Door@0,,,0,,,0.100000001@0x00314F68; 0.5@0x00314F60; 7.75@0x00314F64,8,0x0000E3B8; 0x00074AD4; 0x0007960C; 0x00092430; MOBY_DestroyMoby,,WF-041
44b7277b3cb1b90bb38928c2373215bc6413cdfce1d31d151f5bf2ca21689b17,LEVEL_08,8,Dayni Moon,0x00171748,0x092AB448,0x00171C3C,1268,entrée JAL/prologue précédente → entrée forte suivante,confirmed_by_previous_corpus_heuristic,0586795e9dd0db432eebbf454202c7848b4813296b51ab99e6263155f71e5345,2,2,317,7,46,10,49,33,0,3,,LunaBoss@2,,,0,,,164.742004@0x00315530; 0.174532935@0x00315748; 0.0174532942@0x00315728; 0.0199999996@0x0031572C; 13@0x00315744; 0.0199999996@0x00315738; 32@0x00315560,0.98828125; 1; -3.140625; 3.140625; 6.28125; 8,0x0000E3B8; 0x0000E6E8; 0x00074AD4; 0x00092430; 0x001001B8; 0x001F3A40,,WF-038
6cb1cbc16e85f6bf9016760d852f70e5fc8b146116cd03cd6b4218291b2f1db9,LEVEL_08,8,Dayni Moon,0x00173114,0x092ACE14,0x00173470,860,entrée JAL/prologue précédente → entrée forte suivante,confirmed_by_previous_corpus_heuristic,09120727a894f3c767deac1150cec3f2b209bc936a8d6b6cae97d7df35fea1d3,1,1,215,12,15,4,50,10,1,1,,LunaBoss@2,,,0,,,4@0x00315630; 0.0599999987@0x00315634; 1.50000012@0x00315640; 0.75@0x00315654; 10@0x00315658; 60@0x00315644; 0@0x0031564C; 0.5@0x00315650; 0.899999976@0x00315648; 1@0x0031565C; 0.100000001@0x0031566C,-1; 1,0x00002610; 0x0000E3B8; 0x00017A88; 0x00022A9C; 0x00036028; 0x00073EC8; 0x000E3E98; 0x001BD17C; 0x001BD1B0; MOBY_RegisterDrawCallback,,WF-054
58f2bd5ffbf92ac1ca556acd08584b07135c2160af2270bff3e09b8ff74d1da8,LEVEL_08,8,Dayni Moon,0x00173764,0x092AD464,0x00173AD0,876,entrée JAL/prologue précédente → entrée forte suivante,confirmed_by_previous_corpus_heuristic,6cc948535d25d6b141db4ec75d51584b7fe902838fb34cb53557d9af558a72a7,2,1,219,14,40,7,52,15,0,1,,LunaBoss@1,,,0,,,0.0599999987@0x00315634; 0.900000036@0x00315684; 27@0x00315610; 0.150000006@0x00315578; 30@0x00315698; 0.166666672@0x0030EA30; 0@0x003156AC,9.954e-06; -1; 2,0x0000E3B8; 0x00072260; 0x0007CF94; 0x0007D154; 0x00135218; 0x00135244; 0x0016FE64; 0x00171570; 0x001741F8; 0x001BD470; 0x001BD490; MOBY_BlendMobyAnim,,WF-040
f1cc695fe649ce19b5cc47f5d02319aebc6fe39e30cb944077d7a1798d9d0b19,LEVEL_08,8,Dayni Moon,0x00173AD0,0x092AD7D0,0x001741F8,1832,entrée JAL/prologue précédente → entrée forte suivante,confirmed_by_previous_corpus_heuristic,615c6b7b4bf73383a1e6926ba8c2214023c7fb284c74329dac0f4aa514437b54,4,1,458,27,66,9,92,29,2,1,,LunaBoss@1,,,0,,,0.150000006@0x00315578; 0.99000001@0x003155B4; 2.5@0x003155B8; 0.0199999996@0x003155BC; 0.0399999991@0x003155CC; 164.742004@0x00315530; 13@0x00315744; 3@0x00315574; 0.970000029@0x003155D8; -5@0x003155E4; 5@0x003155F0,2.38e-07; 0.5; -1; 1; 8,0x00000E7C; 0x00002594; 0x00002B50; 0x00002C70; 0x00002CC8; 0x0000E3B8; 0x0000E6E8; 0x00022A9C; 0x00036028; 0x00071AEC; 0x00072260; 0x00074AD4; 0x00092430; 0x000AB5E0; 0x000F85A0; 0x001001B8; 0x00101788; 0x00102174; 0x0016FC78; 0x001741F8; 0x001E428C; MOBY_BlendMobyAnim; MOBY_RegisterDrawCallback,,WF-035
cda1f243ed3cc3baced794eea6410c47c7b121cbcf47c828c979d88435d7b6b7,LEVEL_08,8,Dayni Moon,0x0018C114,0x092C5E14,0x0018C574,1120,entrée JAL/prologue précédente → entrée forte suivante,confirmed_by_previous_corpus_heuristic,a162c180b97766c8e013c1cc4762de9583fee09029f080cc935289c33e2e9a99,1,1,280,10,54,4,110,10,0,2,,Polarizer@1,,,0,,,20@0x00317FDC,2.38e-07; 0.099609375; 1,0x0000E3B8; 0x0001A4C0; 0x00100D54; 0x00104A24; 0x0018B3A0; 0x0018B5BC; 0x001E428C,,WF-006
3b907cd5cc656038144a6afcdafb360ea2f974f6c0162e3889eeb8e4aa74e891,LEVEL_08,8,Dayni Moon,0x001B3938,0x092ED638,0x001B3FC8,1680,entrée JAL/prologue précédente → entrée forte suivante,confirmed_by_previous_corpus_heuristic,0f99911a5c033f2b70058ecdbc7dea582a6d278ee9ba83d31cb092c0785ab2b2,2,0,420,20,22,12,52,55,0,1,TriggeredDoor,TriggeredDoor@0,,,0,,,,8,0x00002610; 0x0000E3B8; 0x00022E48; 0x00022EBC; 0x00022EF0; 0x00073D58; 0x00074AD4; 0x0007960C; 0x00092430; 0x0015A8B8; 0x001B33F8; 0x001B3818; MOBY_DestroyMoby,,WF-019
4f3d3c79217e7c044187dd74de1846b5567bcf0b2fc562ada0faa98f6b3aac18,LEVEL_08,8,Dayni Moon,0x001C4DD8,0x092FEAD8,0x001C4FE4,524,entrée JAL/prologue précédente → entrée forte suivante,confirmed_by_previous_corpus_heuristic,15e3b3f74ee4e882fe744fb31ab81a740ea05f4f014255975c6da960df284c68,1,2,131,6,5,0,16,15,0,1,,MutantCow@2; MutantMadCow@2; AgentOfDoom@3,,,0,,,0.0111111123@0x0031C7C0,,0x0000E3B8; 0x001014C4; 0x001C5078; 0x001C52C0; 0x001C5950; 0x001C6174,,WF-012
ef8ce773c105cac024df4f5419052a7e0f7839ec6fc98bfb101f0c2adf2ff27d,LEVEL_08,8,Dayni Moon,0x001C552C,0x092FF22C,0x001C5718,492,entrée JAL/prologue précédente → entrée forte suivante,confirmed_by_previous_corpus_heuristic,d7a1cb82119982cad7ad12afce039da3c738f35b40843bca7313974d08ef3619,2,2,123,4,46,2,31,3,0,1,,AgentOfDoom@3,,,0,,,,2.38e-07; 1,0x0000E3B8; 0x001014C4; 0x001E428C,,WF-011
0de1954f42fe210579d79a0be5f187d13dfc24a29256ecfea2cd306b3a6c1546,LEVEL_09,9,Inside Clank,0x0000E4F4,0x091481F4,0x0000E584,144,entrée JAL/prologue précédente → entrée forte suivante,confirmed_by_previous_corpus_heuristic,b15c21ba77af087041f54499d4f786ae964384dc62d8535ce630d7b882836992,3,3,36,3,0,0,12,0,0,1,,ExplosiveBee@3,,,0,,,,,0x0000E35C,,WF-005
82989a6c4eecfb1fd80f59b58fa5d389533ed73d0be2863bb998cf157d578327,LEVEL_09,9,Inside Clank,0x0000E584,0x09148284,0x0000E5F8,116,entrée JAL/prologue précédente → entrée forte suivante,confirmed_by_previous_corpus_heuristic,fa568b0f45cbf737d1d8d93cf1ca9f0a6b3a7cd72e3d26ac80587f0a5757f1e9,2,2,29,2,0,0,8,0,0,1,,,,,0,,,,,0x0000E35C,,WF-018
79a53dd581d4d0841d3dba3fd01f10e49941c5aef283405a13b839bf117a9831,LEVEL_09,9,Inside Clank,0x0000E7DC,0x091484DC,0x0000E8D8,252,entrée JAL/prologue précédente → entrée forte suivante,confirmed_by_previous_corpus_heuristic,c433fb62553f43aa247249c01d88a1e4be80155cfc662ad06fe48aeb43c27d78,2,5,63,3,12,1,21,2,0,1,,ElectroSoldier01@2; NanoBot@2; ShockSoldier01@2,,,0,,,,2.38e-07; 1,0x0000E35C; 0x00192014,,WF-013
04dfbfd0e8658f0836f0e5363b70ea615481b1beeaceecab7571875f452a1101,LEVEL_09,9,Inside Clank,0x00027D78,0x09161A78,0x00027ED8,352,entrée JAL/prologue précédente → entrée forte suivante,confirmed_by_previous_corpus_heuristic,0f8c862140d79a4a7fef2461086ce14efeed3a144923beadddf29e62ef6960ba,3,1,88,4,17,4,23,6,0,1,,ElectroSoldier01@2; NanoBot@2; ShockSoldier01@3,,,0,,,0.0333333351@0x0029A424; 0.150000006@0x0029A41C; 1@0x0029A420,,0x0000E35C; 0x001A168C,,WF-014
24a2ff0a1557a72e167a4c96b6f9c801d44d4cba5af921ba5669a4084a8edf49,LEVEL_09,9,Inside Clank,0x00046A20,0x09180720,0x00046DB8,920,entrée JAL/prologue précédente → entrée forte suivante,confirmed_by_previous_corpus_heuristic,5f8e71e3b828c450c1290be991bf4e8f9861675cc18d71918c8541237a5d8da5,1,10,230,6,70,8,80,13,0,1,,,,,0,,,,2.38e-07; 9.9659e-05; 0.000999451; 0.016967773; 0.099609375; 0.298828125; 1; 1.5703125; 3.109375,0x0000E35C; 0x0000E3DC; 0x000EE360; 0x000EF6A4; 0x00191144,,WF-002
2f3e3c8d94815007925ad67e5ba4c86300ecf57cf262105869a43d99ee6ad1fb,LEVEL_09,9,Inside Clank,0x00046DB8,0x09180AB8,0x00047794,2524,entrée JAL/prologue précédente → entrée forte suivante,confirmed_by_previous_corpus_heuristic,2e613bd354caaddaedd25cfa26060bf36515a4d5489ddea1fee3b574a0bab353,3,1,631,52,96,14,122,53,2,1,,,,,0,,,0.100000001@0x0029AE60; 1.5@0x0029AE64; 0.0799999982@0x0029A630; -0.00300000003@0x0029AE30,2.38e-07; 0.033203125; 0.125; 0.149414062; 0.19921875; 0.33203125; 0.3984375; 0.5; 0.6640625; 0.83203125; 1; 1.5,0x0000E35C; 0x0002F6C0; 0x00032948; 0x00032998; 0x0003EA24; 0x000458E0; 0x00045C2C; 0x00045D58; 0x0004618C; 0x0004627C; 0x00046418; 0x00046458; 0x000464B8; 0x00046A20; 0x00058A58; 0x00058BDC; 0x00058C28; 0x000590B4; 0x000676D0; 0x00067BA4; 0x00072FB8; 0x00139DF8; MOBY_SnapMobyAnim,,WF-001
a0c9f2348b17b34ae20cd986946e9986592765755ff8bc44e8d82a6df56c3b27,LEVEL_09,9,Inside Clank,0x0004AD58,0x09184A58,0x0004BE0C,4276,entrée JAL/prologue précédente → entrée forte suivante,confirmed_by_previous_corpus_heuristic,48e46b3e9d50ce35b3533d2dc50861e1380ee0357bb998ea1783b05aa5bc21ac,1,1,1069,71,126,19,345,58,0,1,,,,,0,,,30.000597@0x0029AECC; 0.200000003@0x0029AE8C; 0.400000006@0x0029AE90; 0.800000012@0x0029AE94; 0.100000001@0x0029AE98; 0.200000003@0x0029AE9C; 0.400000006@0x0029AEA0; 0.0500000007@0x0029AEA4; 0@0x0029AF64; 1@0x0029AEC0; 0@0x0029AF20; 0.800000012@0x0029AF4C; 0.75@0x0029AF24,2.38e-07; 0.00994873; 0.015625; 0.25; 0.3984375; 0.5; -1; 1,0x0000E290; 0x0000E2F4; 0x0000E35C; 0x0002D73C; 0x000302BC; 0x00031190; 0x000311BC; 0x00032948; 0x00032998; 0x00032A14; 0x0003E404; 0x0003EE04; 0x00047794; 0x00047AA8; 0x00048A44; 0x000493B0; 0x000495D0; 0x000497A0; 0x0004998C; 0x000676D0; 0x000676F8; 0x000F0558; 0x00135AFC; 0x00135B84; 0x00136FA0; 0x00136FD8; 0x0015B070; 0x00191144; MOBY_BlendMobyAnim; ht_grindlock_switches,,WF-003
a50a4422a2a0366826d4c2c0aae73049d3e6d44c93e876dda92de2c52118f000,LEVEL_09,9,Inside Clank,0x00053148,0x0918CE48,0x00053244,252,entrée JAL/prologue précédente → entrée forte suivante,confirmed_by_previous_corpus_heuristic,73382ebdcb0540f5efafe7f168a7aa6170ab0eaccb0f545a6a1caae7aa37d4bc,1,1,63,7,2,0,7,3,0,1,,,,,0,,,0.400000006@0x0029B2C0; 0.300000012@0x0029B2C4; 0.100000001@0x0029B2C8,1.5,0x0000E35C; 0x00030768; 0x00045DDC; 0x00052C68; 0x000533F4; 0x00053804; 0x000A3130,,WF-004
8a86ad12960405935ae334206b60801183e4e8e77418955f63d6f096a15c82de,LEVEL_09,9,Inside Clank,0x00104CA0,0x0923E9A0,0x00104EBC,540,entrée JAL/prologue précédente → entrée forte suivante,confirmed_by_previous_corpus_heuristic,b0f621e501fd3203f95868fc62daf2e9d372d41173ea2b415febeeb6e1e70d01,2,1,135,7,33,3,38,7,0,1,,AgentOfDoom@2,,,0,,,0.200000003@0x002B71DC; 0@0x002B45A8,2.38e-07; 1,0x0000E35C; 0x00104008; 0x0010657C; 0x00107B50; 0x00192014,,WF-008
968668ccd5198515cf25c2815fcfb186538f5bdd3b910ae8321fe3dde32303e0,LEVEL_09,9,Inside Clank,0x00104EBC,0x0923EBBC,0x00105184,712,entrée JAL/prologue précédente → entrée forte suivante,confirmed_by_previous_corpus_heuristic,a006da2b08c07e4c098a3602bca28eb61367bdae9690f8b73b0c0f1f3431dd8f,2,1,178,7,38,4,44,14,0,1,,AgentOfDoom@2,,,0,,,0.200000003@0x002B71DC; 0@0x002B45A8; 60@0x002B7088,2.38e-07; 1,0x0000E35C; 0x00105AE8; 0x0010657C; 0x00107B50; 0x00192014,,WF-009
b07e66b93323e492431512dbd5e2654d2c18c232cad02595682cefe1704d88b8,LEVEL_09,9,Inside Clank,0x00105184,0x0923EE84,0x0010549C,792,entrée JAL/prologue précédente → entrée forte suivante,confirmed_by_previous_corpus_heuristic,3bc0468732edd83226e6fc34d1ed2b502c87ccde1f864b6a04ed639f35e561e6,3,1,198,7,54,2,76,5,0,1,,AgentOfDoom@2,,,0,,,0.0199999996@0x002B71D0; 0.76666671@0x002B7070; 0.200000003@0x002B71DC; 0@0x002B45A8; 0.214570001@0x002B7080; 0.5@0x002B707C,2.38e-07; 1,0x0000E35C; 0x00019454; 0x00105AE8; 0x0010657C; 0x00192014,,WF-007
b17654bd924dce7abe0f266c545c41586d38f478330125bbd1dd2d5edeb62a1b,LEVEL_09,9,Inside Clank,0x00107B50,0x09241850,0x001080F0,1440,entrée JAL/prologue précédente → entrée forte suivante,confirmed_by_previous_corpus_heuristic,faf55e94f4c82e84171361bdde35bc3dfcc50233326dbb2a4ba50c8cb5fdedb2,2,2,360,13,58,10,87,18,0,3,,AgentOfDoom@3,,,0,,,3@0x002B7074; 0.0199999996@0x002B71D0; 0.76666671@0x002B7070; 0.300000012@0x002B7078; 0.214570001@0x002B7080; 0.5@0x002B707C,0.099609375; 0.149414062; 1; 2; 3.140625; 8,0x0000E35C; 0x000109E0; 0x00018DC0; 0x00019454; 0x00069F40; 0x0008751C; 0x00105580; 0x00191034; 0x0019115C; 0x001995F0,,WF-010
0645f7b05606ef3a65fb05c30cb28b136525070194503caf482f455e63e6112b,LEVEL_09,9,Inside Clank,0x00139510,0x09273210,0x00139D54,2116,entrée JAL/prologue précédente → entrée forte suivante,confirmed_by_previous_corpus_heuristic,187281fb53184cdc76abfd31a66027291ac1e98f895f47d745589c17210fade8,2,0,529,15,48,7,83,46,2,1,HutDoor,HutDoor@0,,,0,,,0.100000001@0x002BBF84,9.954e-06; 8,0x0000E35C; 0x00016850; 0x000691F0; 0x00069F40; 0x0006E8BC; 0x0008746C; 0x000875BC,,WF-016
cda1f243ed3cc3baced794eea6410c47c7b121cbcf47c828c979d88435d7b6b7,LEVEL_09,9,Inside Clank,0x00155F5C,0x0928FC5C,0x001563BC,1120,entrée JAL/prologue précédente → entrée forte suivante,confirmed_by_previous_corpus_heuristic,a162c180b97766c8e013c1cc4762de9583fee09029f080cc935289c33e2e9a99,1,1,280,10,54,4,110,10,0,2,,Polarizer@1,,,0,,,20@0x002BF5EC,2.38e-07; 0.099609375; 1,0x0000E35C; 0x00019454; 0x000EE94C; 0x000F2178; 0x001551E8; 0x00155404; 0x00192014,,WF-006
4f3d3c79217e7c044187dd74de1846b5567bcf0b2fc562ada0faa98f6b3aac18,LEVEL_09,9,Inside Clank,0x001798FC,0x092B35FC,0x00179B08,524,entrée JAL/prologue précédente → entrée forte suivante,confirmed_by_previous_corpus_heuristic,15e3b3f74ee4e882fe744fb31ab81a740ea05f4f014255975c6da960df284c68,1,2,131,6,5,0,16,15,0,1,,MutantCow@2; MutantMadCow@2; AgentOfDoom@3,,,0,,,0.0111111123@0x002C23A0,,0x0000E35C; 0x000EEF98; 0x00179B9C; 0x00179DE4; 0x0017A474; 0x0017AC98,,WF-012
ef8ce773c105cac024df4f5419052a7e0f7839ec6fc98bfb101f0c2adf2ff27d,LEVEL_09,9,Inside Clank,0x0017A050,0x092B3D50,0x0017A23C,492,entrée JAL/prologue précédente → entrée forte suivante,confirmed_by_previous_corpus_heuristic,d7a1cb82119982cad7ad12afce039da3c738f35b40843bca7313974d08ef3619,2,2,123,4,46,2,31,3,0,1,,AgentOfDoom@3,,,0,,,,2.38e-07; 1,0x0000E35C; 0x000EEF98; 0x00192014,,WF-011
0de1954f42fe210579d79a0be5f187d13dfc24a29256ecfea2cd306b3a6c1546,LEVEL_10,10,Quadrona,0x0000E2F0,0x09147FF0,0x0000E380,144,entrée JAL/prologue précédente → entrée forte suivante,confirmed_by_previous_corpus_heuristic,b15c21ba77af087041f54499d4f786ae964384dc62d8535ce630d7b882836992,3,3,36,3,0,0,12,0,0,1,,ExplosiveBee@3,,,0,,,,,0x0000E0D8,,WF-005
82989a6c4eecfb1fd80f59b58fa5d389533ed73d0be2863bb998cf157d578327,LEVEL_10,10,Quadrona,0x0000E380,0x09148080,0x0000E3F4,116,entrée JAL/prologue précédente → entrée forte suivante,confirmed_by_previous_corpus_heuristic,fa568b0f45cbf737d1d8d93cf1ca9f0a6b3a7cd72e3d26ac80587f0a5757f1e9,2,3,29,2,0,0,8,0,0,1,,OttoChase@3; RatchetCloneBlaster@3; TrainingDummy@3,,,0,,,,,0x0000E0D8,,WF-018
79a53dd581d4d0841d3dba3fd01f10e49941c5aef283405a13b839bf117a9831,LEVEL_10,10,Quadrona,0x0000E5D8,0x091482D8,0x0000E6D4,252,entrée JAL/prologue précédente → entrée forte suivante,confirmed_by_previous_corpus_heuristic,c433fb62553f43aa247249c01d88a1e4be80155cfc662ad06fe48aeb43c27d78,2,12,63,3,12,1,21,2,0,1,,BustyNurse@2; EliteCloneSpeedy@2; OttoGiant@2; RatchetCloneBlaster@2; RatchetCloneWrench@2; EliteCloneMuscle@3,,,0,,,,2.38e-07; 1,0x0000E0D8; 0x001AD9CC,,WF-013
04dfbfd0e8658f0836f0e5363b70ea615481b1beeaceecab7571875f452a1101,LEVEL_10,10,Quadrona,0x00028ED8,0x09162BD8,0x00029038,352,entrée JAL/prologue précédente → entrée forte suivante,confirmed_by_previous_corpus_heuristic,0f8c862140d79a4a7fef2461086ce14efeed3a144923beadddf29e62ef6960ba,3,2,88,4,17,4,23,6,0,1,,BustyNurse@2; EliteCloneMuscle@3; EliteCloneSpeedy@3; Otto@3; OttoGiant@3; RatchetCloneBlaster@3; RatchetCloneWrench@3,,,0,,,0.0333333351@0x002B7724; 0.150000006@0x002B771C; 1@0x002B7720,,0x0000E0D8; 0x001BD044,,WF-014
35d0f36a26b74dad46db02b1ada278665ea20e7bd849ac85d72c8646adb2672f,LEVEL_10,10,Quadrona,0x000294EC,0x091631EC,0x00029564,120,entrée JAL/prologue précédente → entrée forte suivante,confirmed_by_previous_corpus_heuristic,67c60a2e3ff30459eca539ebe18d3388c8927545059fb8060562c143708d3c59,1,1,30,2,0,0,5,0,0,1,,RatchetCloneBlaster@2,,,0,,,,,0x0000E0D8; 0x00029564,,WF-021
e50e32e7117369f2524e1da89ff0e22c09d3f12a2ad4d55284c91af63497f884,LEVEL_10,10,Quadrona,0x0002AA28,0x09164728,0x0002AE0C,996,entrée JAL/prologue précédente → entrée forte suivante,confirmed_by_previous_corpus_heuristic,1f3f83b008d2539d968b1aee456d45a5341346c408a68627b42c084175cbd24a,1,6,249,10,33,7,67,30,0,1,,RatchetCloneBlaster@1; OttoGiant@2,,,0,,,0.150000006@0x002B771C; 0.200000003@0x002B7714,2.38e-07; 9.954e-06; 0.19921875; 1,0x0000E0D8; 0x0000E6D4; 0x0000EB8C; 0x00028D00; 0x0002A2B8; 0x0002A2DC; 0x00072244; 0x001AD9CC,,WF-059
24a2ff0a1557a72e167a4c96b6f9c801d44d4cba5af921ba5669a4084a8edf49,LEVEL_10,10,Quadrona,0x00048A88,0x09182788,0x00048E20,920,entrée JAL/prologue précédente → entrée forte suivante,confirmed_by_previous_corpus_heuristic,5f8e71e3b828c450c1290be991bf4e8f9861675cc18d71918c8541237a5d8da5,1,10,230,6,70,8,80,13,0,1,,,,,0,,,,2.38e-07; 9.9659e-05; 0.000999451; 0.016967773; 0.099609375; 0.298828125; 1; 1.5703125; 3.109375,0x0000E0D8; 0x0000E158; 0x000F27F8; 0x000F3B3C; 0x001ACAFC,,WF-002
2f3e3c8d94815007925ad67e5ba4c86300ecf57cf262105869a43d99ee6ad1fb,LEVEL_10,10,Quadrona,0x00048E20,0x09182B20,0x000497FC,2524,entrée JAL/prologue précédente → entrée forte suivante,confirmed_by_previous_corpus_heuristic,2e613bd354caaddaedd25cfa26060bf36515a4d5489ddea1fee3b574a0bab353,3,1,631,52,96,14,122,53,2,1,,,,,0,,,0.100000001@0x002B8168; 1.5@0x002B816C; 0.0799999982@0x002B7938; -0.00300000003@0x002B8138,2.38e-07; 0.033203125; 0.125; 0.149414062; 0.19921875; 0.33203125; 0.3984375; 0.5; 0.6640625; 0.83203125; 1; 1.5,0x0000E0D8; 0x00031790; 0x000349B0; 0x00034A00; 0x00040A8C; 0x00047948; 0x00047C94; 0x00047DC0; 0x000481F4; 0x000482E4; 0x00048480; 0x000484C0; 0x00048520; 0x00048A88; 0x0005AB28; 0x0005ACAC; 0x0005ACF8; 0x0005B184; 0x0006AD68; 0x0006B258; 0x000764B0; 0x00146470; MOBY_SnapMobyAnim,,WF-001
a0c9f2348b17b34ae20cd986946e9986592765755ff8bc44e8d82a6df56c3b27,LEVEL_10,10,Quadrona,0x0004CDC0,0x09186AC0,0x0004DE74,4276,entrée JAL/prologue précédente → entrée forte suivante,confirmed_by_previous_corpus_heuristic,48e46b3e9d50ce35b3533d2dc50861e1380ee0357bb998ea1783b05aa5bc21ac,1,1,1069,71,126,19,345,58,0,1,,,,,0,,,30.000597@0x002B81D4; 0.200000003@0x002B8194; 0.400000006@0x002B8198; 0.800000012@0x002B819C; 0.100000001@0x002B81A0; 0.200000003@0x002B81A4; 0.400000006@0x002B81A8; 0.0500000007@0x002B81AC; 0@0x002B826C; 1@0x002B81C8; 0@0x002B8228; 0.800000012@0x002B8254; 0.75@0x002B822C,2.38e-07; 0.00994873; 0.015625; 0.25; 0.3984375; 0.5; -1; 1,0x0000E00C; 0x0000E070; 0x0000E0D8; 0x0002F7E8; 0x0003238C; 0x00033260; 0x0003328C; 0x000349B0; 0x00034A00; 0x00034A7C; 0x0004046C; 0x00040E6C; 0x000497FC; 0x00049B10; 0x0004AAAC; 0x0004B418; 0x0004B638; 0x0004B808; 0x0004B9F4; 0x0006AD68; 0x0006AD90; 0x000F4A1C; 0x00141FC0; 0x00142048; 0x00143464; 0x0014349C; 0x0016CA20; 0x001ACAFC; MOBY_BlendMobyAnim; ht_grindlock_switches,,WF-003
a50a4422a2a0366826d4c2c0aae73049d3e6d44c93e876dda92de2c52118f000,LEVEL_10,10,Quadrona,0x00055218,0x0918EF18,0x00055314,252,entrée JAL/prologue précédente → entrée forte suivante,confirmed_by_previous_corpus_heuristic,73382ebdcb0540f5efafe7f168a7aa6170ab0eaccb0f545a6a1caae7aa37d4bc,1,1,63,7,2,0,7,3,0,1,,,,,0,,,0.400000006@0x002B85C8; 0.300000012@0x002B85CC; 0.100000001@0x002B85D0,1.5,0x0000E0D8; 0x00032838; 0x00047E44; 0x00054D38; 0x000554C4; 0x000558D4; 0x000A6958,,WF-004
8a86ad12960405935ae334206b60801183e4e8e77418955f63d6f096a15c82de,LEVEL_10,10,Quadrona,0x00109210,0x09242F10,0x0010942C,540,entrée JAL/prologue précédente → entrée forte suivante,confirmed_by_previous_corpus_heuristic,b0f621e501fd3203f95868fc62daf2e9d372d41173ea2b415febeeb6e1e70d01,2,1,135,7,33,3,38,7,0,1,,AgentOfDoom@2,,,0,,,0.200000003@0x002D45DC; 0@0x002D18E0,2.38e-07; 1,0x0000E0D8; 0x00108578; 0x0010AAEC; 0x0010C0C0; 0x001AD9CC,,WF-008
968668ccd5198515cf25c2815fcfb186538f5bdd3b910ae8321fe3dde32303e0,LEVEL_10,10,Quadrona,0x0010942C,0x0924312C,0x001096F4,712,entrée JAL/prologue précédente → entrée forte suivante,confirmed_by_previous_corpus_heuristic,a006da2b08c07e4c098a3602bca28eb61367bdae9690f8b73b0c0f1f3431dd8f,2,1,178,7,38,4,44,14,0,1,,AgentOfDoom@2,,,0,,,0.200000003@0x002D45DC; 0@0x002D18E0; 60@0x002D4488,2.38e-07; 1,0x0000E0D8; 0x0010A058; 0x0010AAEC; 0x0010C0C0; 0x001AD9CC,,WF-009
b07e66b93323e492431512dbd5e2654d2c18c232cad02595682cefe1704d88b8,LEVEL_10,10,Quadrona,0x001096F4,0x092433F4,0x00109A0C,792,entrée JAL/prologue précédente → entrée forte suivante,confirmed_by_previous_corpus_heuristic,3bc0468732edd83226e6fc34d1ed2b502c87ccde1f864b6a04ed639f35e561e6,3,1,198,7,54,2,76,5,0,1,,AgentOfDoom@2,,,0,,,0.0199999996@0x002D45D0; 0.76666671@0x002D4470; 0.200000003@0x002D45DC; 0@0x002D18E0; 0.214570001@0x002D4480; 0.5@0x002D447C,2.38e-07; 1,0x0000E0D8; 0x00019888; 0x0010A058; 0x0010AAEC; 0x001AD9CC,,WF-007
b17654bd924dce7abe0f266c545c41586d38f478330125bbd1dd2d5edeb62a1b,LEVEL_10,10,Quadrona,0x0010C0C0,0x09245DC0,0x0010C660,1440,entrée JAL/prologue précédente → entrée forte suivante,confirmed_by_previous_corpus_heuristic,faf55e94f4c82e84171361bdde35bc3dfcc50233326dbb2a4ba50c8cb5fdedb2,2,2,360,13,58,10,87,18,0,3,,AgentOfDoom@3,,,0,,,3@0x002D4474; 0.0199999996@0x002D45D0; 0.76666671@0x002D4470; 0.300000012@0x002D4478; 0.214570001@0x002D4480; 0.5@0x002D447C,0.099609375; 0.149414062; 1; 2; 3.140625; 8,0x0000E0D8; 0x00010A2C; 0x000191F4; 0x00019888; 0x0006D620; 0x0008AC68; 0x00109AF0; 0x001AC9EC; 0x001ACB14; 0x001B4FA8,,WF-010
0645f7b05606ef3a65fb05c30cb28b136525070194503caf482f455e63e6112b,LEVEL_10,10,Quadrona,0x00145B88,0x0927F888,0x001463CC,2116,entrée JAL/prologue précédente → entrée forte suivante,confirmed_by_previous_corpus_heuristic,187281fb53184cdc76abfd31a66027291ac1e98f895f47d745589c17210fade8,2,0,529,15,48,7,83,46,2,1,HutDoor,HutDoor@0,,,0,,,0.100000001@0x002D9D2C,9.954e-06; 8,0x0000E0D8; 0x00016AB8; 0x0006C8A4; 0x0006D620; 0x00071FF8; 0x0008ABB8; 0x0008AD08,,WF-016
cda1f243ed3cc3baced794eea6410c47c7b121cbcf47c828c979d88435d7b6b7,LEVEL_10,10,Quadrona,0x00167144,0x092A0E44,0x001675A4,1120,entrée JAL/prologue précédente → entrée forte suivante,confirmed_by_previous_corpus_heuristic,a162c180b97766c8e013c1cc4762de9583fee09029f080cc935289c33e2e9a99,1,1,280,10,54,4,110,10,0,2,,Polarizer@1,,,0,,,20@0x002DD704,2.38e-07; 0.099609375; 1,0x0000E0D8; 0x00019888; 0x000F2DE4; 0x000F66B8; 0x001663D0; 0x001665EC; 0x001AD9CC,,WF-006
3b907cd5cc656038144a6afcdafb360ea2f974f6c0162e3889eeb8e4aa74e891,LEVEL_10,10,Quadrona,0x0018A570,0x092C4270,0x0018AC00,1680,entrée JAL/prologue précédente → entrée forte suivante,confirmed_by_previous_corpus_heuristic,0f99911a5c033f2b70058ecdbc7dea582a6d278ee9ba83d31cb092c0785ab2b2,2,0,420,20,22,12,52,55,0,1,TriggeredDoor,TriggeredDoor@0,,,0,,,,8,0x00002370; 0x0000E0D8; 0x0002269C; 0x00022710; 0x00022744; 0x0006C8A4; 0x0006D620; 0x00071FF8; 0x0008AC68; 0x00143670; 0x0018A224; 0x0018A450; MOBY_DestroyMoby,,WF-019
4f3d3c79217e7c044187dd74de1846b5567bcf0b2fc562ada0faa98f6b3aac18,LEVEL_10,10,Quadrona,0x00193BB8,0x092CD8B8,0x00193DC4,524,entrée JAL/prologue précédente → entrée forte suivante,confirmed_by_previous_corpus_heuristic,15e3b3f74ee4e882fe744fb31ab81a740ea05f4f014255975c6da960df284c68,1,2,131,6,5,0,16,15,0,1,,MutantCow@2; MutantMadCow@2; AgentOfDoom@3,,,0,,,0.0111111123@0x002E0E48,,0x0000E0D8; 0x000F3430; 0x00193E58; 0x001940A0; 0x00194730; 0x00194F54,,WF-012
ef8ce773c105cac024df4f5419052a7e0f7839ec6fc98bfb101f0c2adf2ff27d,LEVEL_10,10,Quadrona,0x0019430C,0x092CE00C,0x001944F8,492,entrée JAL/prologue précédente → entrée forte suivante,confirmed_by_previous_corpus_heuristic,d7a1cb82119982cad7ad12afce039da3c738f35b40843bca7313974d08ef3619,2,2,123,4,46,2,31,3,0,1,,AgentOfDoom@3,,,0,,,,2.38e-07; 1,0x0000E0D8; 0x000F3430; 0x001AD9CC,,WF-011
24a2ff0a1557a72e167a4c96b6f9c801d44d4cba5af921ba5669a4084a8edf49,LEVEL_15,15,Giant Clank — niveau 4,0x0003C5CC,0x091762CC,0x0003C964,920,entrée JAL/prologue précédente → entrée forte suivante,confirmed_by_previous_corpus_heuristic,5f8e71e3b828c450c1290be991bf4e8f9861675cc18d71918c8541237a5d8da5,1,10,230,6,70,8,80,13,0,1,,,,,0,,,,2.38e-07; 9.9659e-05; 0.000999451; 0.016967773; 0.099609375; 0.298828125; 1; 1.5703125; 3.109375,0x0000D8E8; 0x0000D968; 0x000C7840; 0x000C8984; 0x001140C0,,WF-002
2f3e3c8d94815007925ad67e5ba4c86300ecf57cf262105869a43d99ee6ad1fb,LEVEL_15,15,Giant Clank — niveau 4,0x0003C964,0x09176664,0x0003D340,2524,entrée JAL/prologue précédente → entrée forte suivante,confirmed_by_previous_corpus_heuristic,2e613bd354caaddaedd25cfa26060bf36515a4d5489ddea1fee3b574a0bab353,3,1,631,52,96,14,122,53,2,1,,,,,0,,,0.100000001@0x0021B368; 1.5@0x0021B36C; 0.0799999982@0x0021AB98; -0.00300000003@0x0021B338,2.38e-07; 0.033203125; 0.125; 0.149414062; 0.19921875; 0.33203125; 0.3984375; 0.5; 0.6640625; 0.83203125; 1; 1.5,0x0000D8E8; 0x00028840; 0x0002B79C; 0x0002B7EC; 0x00034FB8; 0x0003B48C; 0x0003B7D8; 0x0003B904; 0x0003BD38; 0x0003BE28; 0x0003BFC4; 0x0003C004; 0x0003C064; 0x0003C5CC; 0x0004DF7C; 0x0004E100; 0x0004E14C; 0x0004E518; 0x00053940; 0x00053CAC; 0x0005E900; 0x000D4D20; MOBY_SnapMobyAnim,,WF-001
a0c9f2348b17b34ae20cd986946e9986592765755ff8bc44e8d82a6df56c3b27,LEVEL_15,15,Giant Clank — niveau 4,0x0004047C,0x0917A17C,0x00041530,4276,entrée JAL/prologue précédente → entrée forte suivante,confirmed_by_previous_corpus_heuristic,48e46b3e9d50ce35b3533d2dc50861e1380ee0357bb998ea1783b05aa5bc21ac,1,1,1069,71,126,19,345,58,0,1,,,,,0,,,30.000597@0x0021B3D4; 0.200000003@0x0021B394; 0.400000006@0x0021B398; 0.800000012@0x0021B39C; 0.100000001@0x0021B3A0; 0.200000003@0x0021B3A4; 0.400000006@0x0021B3A8; 0.0500000007@0x0021B3AC; 0@0x0021B46C; 1@0x0021B3C8; 0@0x0021B428; 0.800000012@0x0021B454; 0.75@0x0021B42C,2.38e-07; 0.00994873; 0.015625; 0.25; 0.3984375; 0.5; -1; 1,0x0000D81C; 0x0000D880; 0x0000D8E8; 0x00026CC8; 0x0002943C; 0x0002A310; 0x0002A33C; 0x0002B79C; 0x0002B7EC; 0x0002B868; 0x00034998; 0x00035398; 0x0003D340; 0x0003D654; 0x0003E5F0; 0x0003EF5C; 0x0003F17C; 0x0003F34C; 0x0003F538; 0x00053940; 0x00053968; 0x000C9648; 0x000D4CA0; 0x000D4CA8; 0x000D4CD0; 0x000D4CD8; 0x000D4D70; 0x001140C0; MOBY_BlendMobyAnim; ht_grindlock_switches,,WF-003
a50a4422a2a0366826d4c2c0aae73049d3e6d44c93e876dda92de2c52118f000,LEVEL_15,15,Giant Clank — niveau 4,0x000487BC,0x091824BC,0x000488B8,252,entrée JAL/prologue précédente → entrée forte suivante,confirmed_by_previous_corpus_heuristic,73382ebdcb0540f5efafe7f168a7aa6170ab0eaccb0f545a6a1caae7aa37d4bc,1,1,63,7,2,0,7,3,0,1,,,,,0,,,0.400000006@0x0021B7C8; 0.300000012@0x0021B7CC; 0.100000001@0x0021B7D0,1.5,0x0000D8E8; 0x000298E8; 0x0003B988; 0x000482DC; 0x00048A68; 0x00048E78; 0x0008C964,,WF-004
24a2ff0a1557a72e167a4c96b6f9c801d44d4cba5af921ba5669a4084a8edf49,LEVEL_21,21,Giant Clank — niveau 7,0x0003C5CC,0x091762CC,0x0003C964,920,entrée JAL/prologue précédente → entrée forte suivante,confirmed_by_previous_corpus_heuristic,5f8e71e3b828c450c1290be991bf4e8f9861675cc18d71918c8541237a5d8da5,1,10,230,6,70,8,80,13,0,1,,,,,0,,,,2.38e-07; 9.9659e-05; 0.000999451; 0.016967773; 0.099609375; 0.298828125; 1; 1.5703125; 3.109375,0x0000D8E8; 0x0000D968; 0x000C7840; 0x000C8984; 0x001140C0,,WF-002
2f3e3c8d94815007925ad67e5ba4c86300ecf57cf262105869a43d99ee6ad1fb,LEVEL_21,21,Giant Clank — niveau 7,0x0003C964,0x09176664,0x0003D340,2524,entrée JAL/prologue précédente → entrée forte suivante,confirmed_by_previous_corpus_heuristic,2e613bd354caaddaedd25cfa26060bf36515a4d5489ddea1fee3b574a0bab353,3,1,631,52,96,14,122,53,2,1,,,,,0,,,0.100000001@0x0021B368; 1.5@0x0021B36C; 0.0799999982@0x0021AB98; -0.00300000003@0x0021B338,2.38e-07; 0.033203125; 0.125; 0.149414062; 0.19921875; 0.33203125; 0.3984375; 0.5; 0.6640625; 0.83203125; 1; 1.5,0x0000D8E8; 0x00028840; 0x0002B79C; 0x0002B7EC; 0x00034FB8; 0x0003B48C; 0x0003B7D8; 0x0003B904; 0x0003BD38; 0x0003BE28; 0x0003BFC4; 0x0003C004; 0x0003C064; 0x0003C5CC; 0x0004DF7C; 0x0004E100; 0x0004E14C; 0x0004E518; 0x00053940; 0x00053CAC; 0x0005E900; 0x000D4D20; MOBY_SnapMobyAnim,,WF-001
a0c9f2348b17b34ae20cd986946e9986592765755ff8bc44e8d82a6df56c3b27,LEVEL_21,21,Giant Clank — niveau 7,0x0004047C,0x0917A17C,0x00041530,4276,entrée JAL/prologue précédente → entrée forte suivante,confirmed_by_previous_corpus_heuristic,48e46b3e9d50ce35b3533d2dc50861e1380ee0357bb998ea1783b05aa5bc21ac,1,1,1069,71,126,19,345,58,0,1,,,,,0,,,30.000597@0x0021B3D4; 0.200000003@0x0021B394; 0.400000006@0x0021B398; 0.800000012@0x0021B39C; 0.100000001@0x0021B3A0; 0.200000003@0x0021B3A4; 0.400000006@0x0021B3A8; 0.0500000007@0x0021B3AC; 0@0x0021B46C; 1@0x0021B3C8; 0@0x0021B428; 0.800000012@0x0021B454; 0.75@0x0021B42C,2.38e-07; 0.00994873; 0.015625; 0.25; 0.3984375; 0.5; -1; 1,0x0000D81C; 0x0000D880; 0x0000D8E8; 0x00026CC8; 0x0002943C; 0x0002A310; 0x0002A33C; 0x0002B79C; 0x0002B7EC; 0x0002B868; 0x00034998; 0x00035398; 0x0003D340; 0x0003D654; 0x0003E5F0; 0x0003EF5C; 0x0003F17C; 0x0003F34C; 0x0003F538; 0x00053940; 0x00053968; 0x000C9648; 0x000D4CA0; 0x000D4CA8; 0x000D4CD0; 0x000D4CD8; 0x000D4D70; 0x001140C0; MOBY_BlendMobyAnim; ht_grindlock_switches,,WF-003
a50a4422a2a0366826d4c2c0aae73049d3e6d44c93e876dda92de2c52118f000,LEVEL_21,21,Giant Clank — niveau 7,0x000487BC,0x091824BC,0x000488B8,252,entrée JAL/prologue précédente → entrée forte suivante,confirmed_by_previous_corpus_heuristic,73382ebdcb0540f5efafe7f168a7aa6170ab0eaccb0f545a6a1caae7aa37d4bc,1,1,63,7,2,0,7,3,0,1,,,,,0,,,0.400000006@0x0021B7C8; 0.300000012@0x0021B7CC; 0.100000001@0x0021B7D0,1.5,0x0000D8E8; 0x000298E8; 0x0003B988; 0x000482DC; 0x00048A68; 0x00048E78; 0x0008C964,,WF-004
0de1954f42fe210579d79a0be5f187d13dfc24a29256ecfea2cd306b3a6c1546,LEVEL_22,22,Airboard — niveau 3,0x0000DDA8,0x09147AA8,0x0000DE38,144,entrée JAL/prologue précédente → entrée forte suivante,confirmed_by_previous_corpus_heuristic,b15c21ba77af087041f54499d4f786ae964384dc62d8535ce630d7b882836992,3,2,36,3,0,0,12,0,0,1,,Skyboarder01@3,,,0,,,,,0x0000DB90,,WF-005
24a2ff0a1557a72e167a4c96b6f9c801d44d4cba5af921ba5669a4084a8edf49,LEVEL_22,22,Airboard — niveau 3,0x00040450,0x0917A150,0x000407E8,920,entrée JAL/prologue précédente → entrée forte suivante,confirmed_by_previous_corpus_heuristic,5f8e71e3b828c450c1290be991bf4e8f9861675cc18d71918c8541237a5d8da5,1,10,230,6,70,8,80,13,0,1,,,,,0,,,,2.38e-07; 9.9659e-05; 0.000999451; 0.016967773; 0.099609375; 0.298828125; 1; 1.5703125; 3.109375,0x0000DB90; 0x0000DC10; 0x000D7840; 0x000D8798; 0x0011A7FC,,WF-002
2f3e3c8d94815007925ad67e5ba4c86300ecf57cf262105869a43d99ee6ad1fb,LEVEL_22,22,Airboard — niveau 3,0x000407E8,0x0917A4E8,0x000411C4,2524,entrée JAL/prologue précédente → entrée forte suivante,confirmed_by_previous_corpus_heuristic,2e613bd354caaddaedd25cfa26060bf36515a4d5489ddea1fee3b574a0bab353,3,1,631,52,96,14,122,53,2,1,,,,,0,,,0.100000001@0x00222098; 1.5@0x0022209C; 0.0799999982@0x00221868; -0.00300000003@0x00222068,2.38e-07; 0.033203125; 0.125; 0.149414062; 0.19921875; 0.33203125; 0.3984375; 0.5; 0.6640625; 0.83203125; 1; 1.5,0x0000DB90; 0x000295BC; 0x0002C648; 0x0002C698; 0x00038454; 0x0003F310; 0x0003F65C; 0x0003F788; 0x0003FBBC; 0x0003FCAC; 0x0003FE48; 0x0003FE88; 0x0003FEE8; 0x00040450; 0x00052368; 0x000524EC; 0x00052538; 0x000529A0; 0x0005ECE4; 0x0005F050; 0x00068EE0; 0x00100234; MOBY_SnapMobyAnim,,WF-001
a0c9f2348b17b34ae20cd986946e9986592765755ff8bc44e8d82a6df56c3b27,LEVEL_22,22,Airboard — niveau 3,0x00044300,0x0917E000,0x000453B4,4276,entrée JAL/prologue précédente → entrée forte suivante,confirmed_by_previous_corpus_heuristic,48e46b3e9d50ce35b3533d2dc50861e1380ee0357bb998ea1783b05aa5bc21ac,1,1,1069,71,126,19,345,58,0,1,,,,,0,,,30.000597@0x00222104; 0.200000003@0x002220C4; 0.400000006@0x002220C8; 0.800000012@0x002220CC; 0.100000001@0x002220D0; 0.200000003@0x002220D4; 0.400000006@0x002220D8; 0.0500000007@0x002220DC; 0@0x0022219C; 1@0x002220F8; 0@0x00222158; 0.800000012@0x00222184; 0.75@0x0022215C,2.38e-07; 0.00994873; 0.015625; 0.25; 0.3984375; 0.5; -1; 1,0x0000DAC4; 0x0000DB28; 0x0000DB90; 0x0002781C; 0x0002A1B8; 0x0002B08C; 0x0002B0B8; 0x0002C648; 0x0002C698; 0x0002C714; 0x00037E34; 0x00038834; 0x000411C4; 0x000414D8; 0x00042474; 0x00042DE0; 0x00043000; 0x000431D0; 0x000433BC; 0x0005ECE4; 0x0005ED0C; 0x000D9074; 0x000E849C; 0x000E84A4; 0x000E84CC; 0x000E84D4; 0x0010707C; 0x0011A7FC; MOBY_BlendMobyAnim; ht_grindlock_switches,,WF-003
a50a4422a2a0366826d4c2c0aae73049d3e6d44c93e876dda92de2c52118f000,LEVEL_22,22,Airboard — niveau 3,0x0004CA58,0x09186758,0x0004CB54,252,entrée JAL/prologue précédente → entrée forte suivante,confirmed_by_previous_corpus_heuristic,73382ebdcb0540f5efafe7f168a7aa6170ab0eaccb0f545a6a1caae7aa37d4bc,1,1,63,7,2,0,7,3,0,1,,,,,0,,,0.400000006@0x002224F8; 0.300000012@0x002224FC; 0.100000001@0x00222500,1.5,0x0000DB90; 0x0002A664; 0x0003F80C; 0x0004C578; 0x0004CD04; 0x0004D114; 0x0009776C,,WF-004
cda1f243ed3cc3baced794eea6410c47c7b121cbcf47c828c979d88435d7b6b7,LEVEL_22,22,Airboard — niveau 3,0x00104614,0x0923E314,0x00104A74,1120,entrée JAL/prologue précédente → entrée forte suivante,confirmed_by_previous_corpus_heuristic,a162c180b97766c8e013c1cc4762de9583fee09029f080cc935289c33e2e9a99,1,1,280,10,54,4,110,10,0,2,,Polarizer@1,,,0,,,20@0x002404B4,2.38e-07; 0.099609375; 1,0x0000DB90; 0x0001671C; 0x000D7E20; 0x000DA178; 0x001038A0; 0x00103ABC; 0x0011B888,,WF-006
2c961f864eab9cbbc8f812799ed3dd9b2c8c46d60f6b6add12d96ae57252139c,LEVEL_22,22,Airboard — niveau 3,0x00108F50,0x09242C50,0x001092CC,892,entrée JAL/prologue précédente → entrée forte suivante,confirmed_by_previous_corpus_heuristic,073e63118b70b8d0cc58d2602614d0938ef5849a2e775d0b0c0fd0d16c7801d1,1,2,223,3,57,5,81,19,0,1,,Skyboarder01@2,,,0,,,0@0x0023B57C; 0.0888888985@0x002409B8; 0.0666666701@0x002409BC,2.38e-07; 9.954e-06; 0.049804688; 0.19921875; 1; 9984,0x0000DB90; 0x00108EC4; 0x0011B888,,WF-024
0de1954f42fe210579d79a0be5f187d13dfc24a29256ecfea2cd306b3a6c1546,LEVEL_23,23,Airboard — niveau 6,0x0000E3EC,0x091480EC,0x0000E47C,144,entrée JAL/prologue précédente → entrée forte suivante,confirmed_by_previous_corpus_heuristic,b15c21ba77af087041f54499d4f786ae964384dc62d8535ce630d7b882836992,3,8,36,3,0,0,12,0,0,1,,RatchetShipAnimation@2; ExplosiveBee@3; Skyboarder01@3,,,0,,,,,0x0000E1D4,,WF-005
80d909ccea185b2b92de4eaeda906b378de28efe8a0015d6d7c6ef3382388145,LEVEL_23,23,Airboard — niveau 6,0x0000FDBC,0x09149ABC,0x000100F0,820,entrée JAL/prologue précédente → entrée forte suivante,confirmed_by_previous_corpus_heuristic,010d5801cca080c4a5c039647d3f406a79ee8cecc1764cdcbfca9c50d52fd1f7,1,3,205,4,58,4,61,7,0,1,,RatchetShipAnimation@2,,,0,,,0@0x0029D3A0,2.38e-07; 9.9659e-05; 1,0x0000E1D4; 0x0000E3EC; 0x0000E9C0; 0x000E7C8C,,WF-015
24a2ff0a1557a72e167a4c96b6f9c801d44d4cba5af921ba5669a4084a8edf49,LEVEL_23,23,Airboard — niveau 6,0x00043694,0x0917D394,0x00043A2C,920,entrée JAL/prologue précédente → entrée forte suivante,confirmed_by_previous_corpus_heuristic,5f8e71e3b828c450c1290be991bf4e8f9861675cc18d71918c8541237a5d8da5,1,10,230,6,70,8,80,13,0,1,,,,,0,,,,2.38e-07; 9.9659e-05; 0.000999451; 0.016967773; 0.099609375; 0.298828125; 1; 1.5703125; 3.109375,0x0000E1D4; 0x0000E254; 0x000E74F8; 0x000E887C; 0x0017A9DC,,WF-002
2f3e3c8d94815007925ad67e5ba4c86300ecf57cf262105869a43d99ee6ad1fb,LEVEL_23,23,Airboard — niveau 6,0x00043A2C,0x0917D72C,0x00044408,2524,entrée JAL/prologue précédente → entrée forte suivante,confirmed_by_previous_corpus_heuristic,2e613bd354caaddaedd25cfa26060bf36515a4d5489ddea1fee3b574a0bab353,3,1,631,52,96,14,122,53,2,1,,,,,0,,,0.100000001@0x00283930; 1.5@0x00283934; 0.0799999982@0x00283100; -0.00300000003@0x00283900,2.38e-07; 0.033203125; 0.125; 0.149414062; 0.19921875; 0.33203125; 0.3984375; 0.5; 0.6640625; 0.83203125; 1; 1.5,0x0000E1D4; 0x0002C620; 0x0002F840; 0x0002F890; 0x0003B698; 0x00042554; 0x000428A0; 0x000429CC; 0x00042E00; 0x00042EF0; 0x0004308C; 0x000430CC; 0x0004312C; 0x00043694; 0x00055644; 0x000557C8; 0x00055814; 0x00055CA0; 0x00062CC0; 0x00063194; 0x0006D120; 0x00132DB4; MOBY_SnapMobyAnim,,WF-001
a0c9f2348b17b34ae20cd986946e9986592765755ff8bc44e8d82a6df56c3b27,LEVEL_23,23,Airboard — niveau 6,0x00047544,0x09181244,0x000485F8,4276,entrée JAL/prologue précédente → entrée forte suivante,confirmed_by_previous_corpus_heuristic,48e46b3e9d50ce35b3533d2dc50861e1380ee0357bb998ea1783b05aa5bc21ac,1,1,1069,71,126,19,345,58,0,1,,,,,0,,,30.000597@0x0028399C; 0.200000003@0x0028395C; 0.400000006@0x00283960; 0.800000012@0x00283964; 0.100000001@0x00283968; 0.200000003@0x0028396C; 0.400000006@0x00283970; 0.0500000007@0x00283974; 0@0x00283A34; 1@0x00283990; 0@0x002839F0; 0.800000012@0x00283A1C; 0.75@0x002839F4,2.38e-07; 0.00994873; 0.015625; 0.25; 0.3984375; 0.5; -1; 1,0x0000E108; 0x0000E16C; 0x0000E1D4; 0x0002A758; 0x0002D21C; 0x0002E0F0; 0x0002E11C; 0x0002F840; 0x0002F890; 0x0002F90C; 0x0003B078; 0x0003BA78; 0x00044408; 0x0004471C; 0x000456B8; 0x00046024; 0x00046244; 0x00046414; 0x00046600; 0x00062CC0; 0x00062CE8; 0x000E9880; 0x000FA224; 0x000FA22C; 0x000FA254; 0x000FA25C; 0x001475B4; 0x0017A9DC; MOBY_BlendMobyAnim; ht_grindlock_switches,,WF-003
a50a4422a2a0366826d4c2c0aae73049d3e6d44c93e876dda92de2c52118f000,LEVEL_23,23,Airboard — niveau 6,0x0004FD34,0x09189A34,0x0004FE30,252,entrée JAL/prologue précédente → entrée forte suivante,confirmed_by_previous_corpus_heuristic,73382ebdcb0540f5efafe7f168a7aa6170ab0eaccb0f545a6a1caae7aa37d4bc,1,1,63,7,2,0,7,3,0,1,,,,,0,,,0.400000006@0x00283D90; 0.300000012@0x00283D94; 0.100000001@0x00283D98,1.5,0x0000E1D4; 0x0002D6C8; 0x00042A50; 0x0004F854; 0x0004FFE0; 0x000503F0; 0x0009D030,,WF-004
8a86ad12960405935ae334206b60801183e4e8e77418955f63d6f096a15c82de,LEVEL_23,23,Airboard — niveau 6,0x000FEC20,0x09238920,0x000FEE3C,540,entrée JAL/prologue précédente → entrée forte suivante,confirmed_by_previous_corpus_heuristic,b0f621e501fd3203f95868fc62daf2e9d372d41173ea2b415febeeb6e1e70d01,2,1,135,7,33,3,38,7,0,1,,AgentOfDoom@2,,,0,,,0.200000003@0x0029FECC; 0@0x0029D3A0,2.38e-07; 1,0x0000E1D4; 0x000FDF88; 0x001004FC; 0x00101AD0; 0x0017BA68,,WF-008
968668ccd5198515cf25c2815fcfb186538f5bdd3b910ae8321fe3dde32303e0,LEVEL_23,23,Airboard — niveau 6,0x000FEE3C,0x09238B3C,0x000FF104,712,entrée JAL/prologue précédente → entrée forte suivante,confirmed_by_previous_corpus_heuristic,a006da2b08c07e4c098a3602bca28eb61367bdae9690f8b73b0c0f1f3431dd8f,2,1,178,7,38,4,44,14,0,1,,AgentOfDoom@2,,,0,,,0.200000003@0x0029FECC; 0@0x0029D3A0; 60@0x0029FD78,2.38e-07; 1,0x0000E1D4; 0x000FFA68; 0x001004FC; 0x00101AD0; 0x0017BA68,,WF-009
b07e66b93323e492431512dbd5e2654d2c18c232cad02595682cefe1704d88b8,LEVEL_23,23,Airboard — niveau 6,0x000FF104,0x09238E04,0x000FF41C,792,entrée JAL/prologue précédente → entrée forte suivante,confirmed_by_previous_corpus_heuristic,3bc0468732edd83226e6fc34d1ed2b502c87ccde1f864b6a04ed639f35e561e6,3,1,198,7,54,2,76,5,0,1,,AgentOfDoom@2,,,0,,,0.0199999996@0x0029FEC0; 0.76666671@0x0029FD60; 0.200000003@0x0029FECC; 0@0x0029D3A0; 0.214570001@0x0029FD70; 0.5@0x0029FD6C,2.38e-07; 1,0x0000E1D4; 0x00018824; 0x000FFA68; 0x001004FC; 0x0017BA68,,WF-007
b17654bd924dce7abe0f266c545c41586d38f478330125bbd1dd2d5edeb62a1b,LEVEL_23,23,Airboard — niveau 6,0x00101AD0,0x0923B7D0,0x00102070,1440,entrée JAL/prologue précédente → entrée forte suivante,confirmed_by_previous_corpus_heuristic,faf55e94f4c82e84171361bdde35bc3dfcc50233326dbb2a4ba50c8cb5fdedb2,2,2,360,13,58,10,87,18,0,3,,AgentOfDoom@3,,,0,,,3@0x0029FD64; 0.0199999996@0x0029FEC0; 0.76666671@0x0029FD60; 0.300000012@0x0029FD68; 0.214570001@0x0029FD70; 0.5@0x0029FD6C,0.099609375; 0.149414062; 1; 2; 3.140625; 8,0x0000E1D4; 0x000100F0; 0x00018190; 0x00018824; 0x00065248; 0x000812B0; 0x000FF500; 0x0017A8CC; 0x0017A9F4; 0x001834B0,,WF-010
cda1f243ed3cc3baced794eea6410c47c7b121cbcf47c828c979d88435d7b6b7,LEVEL_23,23,Airboard — niveau 6,0x00144B4C,0x0927E84C,0x00144FAC,1120,entrée JAL/prologue précédente → entrée forte suivante,confirmed_by_previous_corpus_heuristic,a162c180b97766c8e013c1cc4762de9583fee09029f080cc935289c33e2e9a99,1,1,280,10,54,4,110,10,0,2,,Polarizer@1,,,0,,,20@0x002A62D4,2.38e-07; 0.099609375; 1,0x0000E1D4; 0x00018824; 0x000E7B24; 0x000EB824; 0x00143DD8; 0x00143FF4; 0x0017BA68,,WF-006
2c961f864eab9cbbc8f812799ed3dd9b2c8c46d60f6b6add12d96ae57252139c,LEVEL_23,23,Airboard — niveau 6,0x00156A68,0x09290768,0x00156DE4,892,entrée JAL/prologue précédente → entrée forte suivante,confirmed_by_previous_corpus_heuristic,073e63118b70b8d0cc58d2602614d0938ef5849a2e775d0b0c0fd0d16c7801d1,1,2,223,3,57,5,81,19,0,1,,Skyboarder01@2,,,0,,,0@0x0029D374; 0.0888888985@0x002A7730; 0.0666666701@0x002A7734,2.38e-07; 9.954e-06; 0.049804688; 0.19921875; 1; 9984,0x0000E1D4; 0x001569DC; 0x0017BA68,,WF-024
4f3d3c79217e7c044187dd74de1846b5567bcf0b2fc562ada0faa98f6b3aac18,LEVEL_23,23,Airboard — niveau 6,0x00164AF4,0x0929E7F4,0x00164D00,524,entrée JAL/prologue précédente → entrée forte suivante,confirmed_by_previous_corpus_heuristic,15e3b3f74ee4e882fe744fb31ab81a740ea05f4f014255975c6da960df284c68,1,2,131,6,5,0,16,15,0,1,,MutantCow@2; MutantMadCow@2; AgentOfDoom@3,,,0,,,0.0111111123@0x002A8598,,0x0000E1D4; 0x000E8170; 0x00164D94; 0x00164FDC; 0x0016566C; 0x00165E90,,WF-012
ef8ce773c105cac024df4f5419052a7e0f7839ec6fc98bfb101f0c2adf2ff27d,LEVEL_23,23,Airboard — niveau 6,0x00165248,0x0929EF48,0x00165434,492,entrée JAL/prologue précédente → entrée forte suivante,confirmed_by_previous_corpus_heuristic,d7a1cb82119982cad7ad12afce039da3c738f35b40843bca7313974d08ef3619,2,2,123,4,46,2,31,3,0,1,,AgentOfDoom@3,,,0,,,,2.38e-07; 1,0x0000E1D4; 0x000E8170; 0x0017BA68,,WF-011
0de1954f42fe210579d79a0be5f187d13dfc24a29256ecfea2cd306b3a6c1546,LEVEL_24,24,HIG Treehouse,0x0000E00C,0x09147D0C,0x0000E09C,144,entrée JAL/prologue précédente → entrée forte suivante,confirmed_by_previous_corpus_heuristic,b15c21ba77af087041f54499d4f786ae964384dc62d8535ce630d7b882836992,3,7,36,3,0,0,12,0,0,1,,RatchetShipAnimation@2; ExplosiveBee@3,,,0,,,,,0x0000DE74,,WF-005
80d909ccea185b2b92de4eaeda906b378de28efe8a0015d6d7c6ef3382388145,LEVEL_24,24,HIG Treehouse,0x0000FCD0,0x091499D0,0x00010004,820,entrée JAL/prologue précédente → entrée forte suivante,confirmed_by_previous_corpus_heuristic,010d5801cca080c4a5c039647d3f406a79ee8cecc1764cdcbfca9c50d52fd1f7,1,3,205,4,58,4,61,7,0,1,,RatchetShipAnimation@2,,,0,,,0@0x00299B10,2.38e-07; 9.9659e-05; 1,0x0000DE74; 0x0000E00C; 0x0000E6C8; 0x000EB2E8,,WF-015
24a2ff0a1557a72e167a4c96b6f9c801d44d4cba5af921ba5669a4084a8edf49,LEVEL_24,24,HIG Treehouse,0x000434A0,0x0917D1A0,0x00043838,920,entrée JAL/prologue précédente → entrée forte suivante,confirmed_by_previous_corpus_heuristic,5f8e71e3b828c450c1290be991bf4e8f9861675cc18d71918c8541237a5d8da5,1,10,230,6,70,8,80,13,0,1,,,,,0,,,,2.38e-07; 9.9659e-05; 0.000999451; 0.016967773; 0.099609375; 0.298828125; 1; 1.5703125; 3.109375,0x0000DE74; 0x0000DEF4; 0x000EAB94; 0x000EBED8; 0x00177CB0,,WF-002
2f3e3c8d94815007925ad67e5ba4c86300ecf57cf262105869a43d99ee6ad1fb,LEVEL_24,24,HIG Treehouse,0x00043838,0x0917D538,0x00044214,2524,entrée JAL/prologue précédente → entrée forte suivante,confirmed_by_previous_corpus_heuristic,2e613bd354caaddaedd25cfa26060bf36515a4d5489ddea1fee3b574a0bab353,3,1,631,52,96,14,122,53,2,1,,,,,0,,,0.100000001@0x00280130; 1.5@0x00280134; 0.0799999982@0x0027F900; -0.00300000003@0x00280100,2.38e-07; 0.033203125; 0.125; 0.149414062; 0.19921875; 0.33203125; 0.3984375; 0.5; 0.6640625; 0.83203125; 1; 1.5,0x0000DE74; 0x0002C214; 0x0002F434; 0x0002F484; 0x0003B4A4; 0x00042360; 0x000426AC; 0x000427D8; 0x00042C0C; 0x00042CFC; 0x00042E98; 0x00042ED8; 0x00042F38; 0x000434A0; 0x000554D8; 0x0005565C; 0x000556A8; 0x00055B34; 0x0006521C; 0x000656F0; 0x0006F7A8; 0x0012C164; MOBY_SnapMobyAnim,,WF-001
a0c9f2348b17b34ae20cd986946e9986592765755ff8bc44e8d82a6df56c3b27,LEVEL_24,24,HIG Treehouse,0x000477D8,0x091814D8,0x0004888C,4276,entrée JAL/prologue précédente → entrée forte suivante,confirmed_by_previous_corpus_heuristic,48e46b3e9d50ce35b3533d2dc50861e1380ee0357bb998ea1783b05aa5bc21ac,1,1,1069,71,126,19,345,58,0,1,,,,,0,,,30.000597@0x0028019C; 0.200000003@0x0028015C; 0.400000006@0x00280160; 0.800000012@0x00280164; 0.100000001@0x00280168; 0.200000003@0x0028016C; 0.400000006@0x00280170; 0.0500000007@0x00280174; 0@0x00280234; 1@0x00280190; 0@0x002801F0; 0.800000012@0x0028021C; 0.75@0x002801F4,2.38e-07; 0.00994873; 0.015625; 0.25; 0.3984375; 0.5; -1; 1,0x0000DDA8; 0x0000DE0C; 0x0000DE74; 0x0002A308; 0x0002CE10; 0x0002DCE4; 0x0002DD10; 0x0002F434; 0x0002F484; 0x0002F500; 0x0003AE84; 0x0003B884; 0x00044214; 0x00044528; 0x000454C4; 0x00045E30; 0x00046050; 0x00046220; 0x0004640C; 0x0006521C; 0x00065244; 0x000ECE1C; 0x00128B00; 0x00128B88; 0x00129FA4; 0x00129FDC; 0x00143698; 0x00177CB0; MOBY_BlendMobyAnim; ht_grindlock_switches,,WF-003
a50a4422a2a0366826d4c2c0aae73049d3e6d44c93e876dda92de2c52118f000,LEVEL_24,24,HIG Treehouse,0x0004FBC8,0x091898C8,0x0004FCC4,252,entrée JAL/prologue précédente → entrée forte suivante,confirmed_by_previous_corpus_heuristic,73382ebdcb0540f5efafe7f168a7aa6170ab0eaccb0f545a6a1caae7aa37d4bc,1,1,63,7,2,0,7,3,0,1,,,,,0,,,0.400000006@0x00280590; 0.300000012@0x00280594; 0.100000001@0x00280598,1.5,0x0000DE74; 0x0002D2BC; 0x0004285C; 0x0004F6E8; 0x0004FE74; 0x00050284; 0x0009F694,,WF-004
8a86ad12960405935ae334206b60801183e4e8e77418955f63d6f096a15c82de,LEVEL_24,24,HIG Treehouse,0x0010150C,0x0923B20C,0x00101728,540,entrée JAL/prologue précédente → entrée forte suivante,confirmed_by_previous_corpus_heuristic,b0f621e501fd3203f95868fc62daf2e9d372d41173ea2b415febeeb6e1e70d01,2,1,135,7,33,3,38,7,0,1,,AgentOfDoom@2,,,0,,,0.200000003@0x0029C6C4; 0@0x00299B10,2.38e-07; 1,0x0000DE74; 0x00100874; 0x00102DE8; 0x001043BC; 0x00178B80,,WF-008
968668ccd5198515cf25c2815fcfb186538f5bdd3b910ae8321fe3dde32303e0,LEVEL_24,24,HIG Treehouse,0x00101728,0x0923B428,0x001019F0,712,entrée JAL/prologue précédente → entrée forte suivante,confirmed_by_previous_corpus_heuristic,a006da2b08c07e4c098a3602bca28eb61367bdae9690f8b73b0c0f1f3431dd8f,2,1,178,7,38,4,44,14,0,1,,AgentOfDoom@2,,,0,,,0.200000003@0x0029C6C4; 0@0x00299B10; 60@0x0029C570,2.38e-07; 1,0x0000DE74; 0x00102354; 0x00102DE8; 0x001043BC; 0x00178B80,,WF-009
b07e66b93323e492431512dbd5e2654d2c18c232cad02595682cefe1704d88b8,LEVEL_24,24,HIG Treehouse,0x001019F0,0x0923B6F0,0x00101D08,792,entrée JAL/prologue précédente → entrée forte suivante,confirmed_by_previous_corpus_heuristic,3bc0468732edd83226e6fc34d1ed2b502c87ccde1f864b6a04ed639f35e561e6,3,1,198,7,54,2,76,5,0,1,,AgentOfDoom@2,,,0,,,0.0199999996@0x0029C6B8; 0.76666671@0x0029C558; 0.200000003@0x0029C6C4; 0@0x00299B10; 0.214570001@0x0029C568; 0.5@0x0029C564,2.38e-07; 1,0x0000DE74; 0x00018444; 0x00102354; 0x00102DE8; 0x00178B80,,WF-007
b17654bd924dce7abe0f266c545c41586d38f478330125bbd1dd2d5edeb62a1b,LEVEL_24,24,HIG Treehouse,0x001043BC,0x0923E0BC,0x0010495C,1440,entrée JAL/prologue précédente → entrée forte suivante,confirmed_by_previous_corpus_heuristic,faf55e94f4c82e84171361bdde35bc3dfcc50233326dbb2a4ba50c8cb5fdedb2,2,2,360,13,58,10,87,18,0,3,,AgentOfDoom@3,,,0,,,3@0x0029C55C; 0.0199999996@0x0029C6B8; 0.76666671@0x0029C558; 0.300000012@0x0029C560; 0.214570001@0x0029C568; 0.5@0x0029C564,0.099609375; 0.149414062; 1; 2; 3.140625; 8,0x0000DE74; 0x00010004; 0x00017DB0; 0x00018444; 0x00067878; 0x00083AD4; 0x00101DEC; 0x00177BA0; 0x00177CC8; 0x0018015C,,WF-010
cda1f243ed3cc3baced794eea6410c47c7b121cbcf47c828c979d88435d7b6b7,LEVEL_24,24,HIG Treehouse,0x001430E0,0x0927CDE0,0x00143540,1120,entrée JAL/prologue précédente → entrée forte suivante,confirmed_by_previous_corpus_heuristic,a162c180b97766c8e013c1cc4762de9583fee09029f080cc935289c33e2e9a99,1,1,280,10,54,4,110,10,0,2,,Polarizer@1,,,0,,,20@0x002A2A94,2.38e-07; 0.099609375; 1,0x0000DE74; 0x00018444; 0x000EB180; 0x000EEA3C; 0x0014236C; 0x00142588; 0x00178B80,,WF-006
4f3d3c79217e7c044187dd74de1846b5567bcf0b2fc562ada0faa98f6b3aac18,LEVEL_24,24,HIG Treehouse,0x00162798,0x0929C498,0x001629A4,524,entrée JAL/prologue précédente → entrée forte suivante,confirmed_by_previous_corpus_heuristic,15e3b3f74ee4e882fe744fb31ab81a740ea05f4f014255975c6da960df284c68,1,2,131,6,5,0,16,15,0,1,,MutantCow@2; MutantMadCow@2; AgentOfDoom@3,,,0,,,0.0111111123@0x002A5238,,0x0000DE74; 0x000EB7CC; 0x00162A38; 0x00162C80; 0x00163310; 0x00163B34,,WF-012
ef8ce773c105cac024df4f5419052a7e0f7839ec6fc98bfb101f0c2adf2ff27d,LEVEL_24,24,HIG Treehouse,0x00162EEC,0x0929CBEC,0x001630D8,492,entrée JAL/prologue précédente → entrée forte suivante,confirmed_by_previous_corpus_heuristic,d7a1cb82119982cad7ad12afce039da3c738f35b40843bca7313974d08ef3619,2,2,123,4,46,2,31,3,0,1,,AgentOfDoom@3,,,0,,,,2.38e-07; 1,0x0000DE74; 0x000EB7CC; 0x00178B80,,WF-011
